<?xml version="1.0" encoding="UTF-8"?>
<gpx creator="StravaGPX" version="1.1" xmlns="http://www.topografix.com/GPX/1/1" xmlns:xsi="http://www.w3.org/2001/XMLSchema-instance" xsi:schemaLocation="http://www.topografix.com/GPX/1/1 http://www.topografix.com/GPX/1/1/gpx.xsd">
 <trk>
  <name>Morning Hike</name>
  <type>trail_running</type>
  <trkseg>
   <trkpt lat="-28.5033240" lon="-65.6571200">
    <ele>581.0</ele>
   </trkpt>
   <trkpt lat="-28.5033240" lon="-65.6571200">
    <ele>581.0</ele>
   </trkpt>
   <trkpt lat="-28.5033240" lon="-65.6571200">
    <ele>581.0</ele>
   </trkpt>
   <trkpt lat="-28.5032770" lon="-65.6568980">
    <ele>581.0</ele>
   </trkpt>
   <trkpt lat="-28.5032830" lon="-65.6568770">
    <ele>581.0</ele>
   </trkpt>
   <trkpt lat="-28.5032890" lon="-65.6568550">
    <ele>581.0</ele>
   </trkpt>
   <trkpt lat="-28.5032990" lon="-65.6568200">
    <ele>581.0</ele>
   </trkpt>
   <trkpt lat="-28.5033080" lon="-65.6567840">
    <ele>581.0</ele>
   </trkpt>
   <trkpt lat="-28.5033200" lon="-65.6567410">
    <ele>581.0</ele>
   </trkpt>
   <trkpt lat="-28.5033330" lon="-65.6566970">
    <ele>581.0</ele>
   </trkpt>
   <trkpt lat="-28.5033470" lon="-65.6566510">
    <ele>581.0</ele>
   </trkpt>
   <trkpt lat="-28.5033620" lon="-65.6566060">
    <ele>581.0</ele>
   </trkpt>
   <trkpt lat="-28.5033790" lon="-65.6565600">
    <ele>581.0</ele>
   </trkpt>
   <trkpt lat="-28.5033960" lon="-65.6565140">
    <ele>581.0</ele>
   </trkpt>
   <trkpt lat="-28.5034140" lon="-65.6564700">
    <ele>581.0</ele>
   </trkpt>
   <trkpt lat="-28.5034330" lon="-65.6564260">
    <ele>581.0</ele>
   </trkpt>
   <trkpt lat="-28.5034530" lon="-65.6563830">
    <ele>581.0</ele>
   </trkpt>
   <trkpt lat="-28.5034730" lon="-65.6563400">
    <ele>581.0</ele>
   </trkpt>
   <trkpt lat="-28.5034940" lon="-65.6562970">
    <ele>581.0</ele>
   </trkpt>
   <trkpt lat="-28.5035150" lon="-65.6562540">
    <ele>581.0</ele>
   </trkpt>
   <trkpt lat="-28.5035340" lon="-65.6562120">
    <ele>581.0</ele>
   </trkpt>
   <trkpt lat="-28.5035530" lon="-65.6561700">
    <ele>581.0</ele>
   </trkpt>
   <trkpt lat="-28.5035710" lon="-65.6561280">
    <ele>581.0</ele>
   </trkpt>
   <trkpt lat="-28.5035890" lon="-65.6560870">
    <ele>581.0</ele>
   </trkpt>
   <trkpt lat="-28.5036060" lon="-65.6560450">
    <ele>581.0</ele>
   </trkpt>
   <trkpt lat="-28.5036230" lon="-65.6560030">
    <ele>581.0</ele>
   </trkpt>
   <trkpt lat="-28.5036400" lon="-65.6559620">
    <ele>581.0</ele>
   </trkpt>
   <trkpt lat="-28.5036570" lon="-65.6559200">
    <ele>581.0</ele>
   </trkpt>
   <trkpt lat="-28.5036760" lon="-65.6558780">
    <ele>581.0</ele>
   </trkpt>
   <trkpt lat="-28.5036940" lon="-65.6558360">
    <ele>581.0</ele>
   </trkpt>
   <trkpt lat="-28.5037160" lon="-65.6557940">
    <ele>581.0</ele>
   </trkpt>
   <trkpt lat="-28.5037380" lon="-65.6557520">
    <ele>581.0</ele>
   </trkpt>
   <trkpt lat="-28.5037660" lon="-65.6557160">
    <ele>581.0</ele>
   </trkpt>
   <trkpt lat="-28.5037930" lon="-65.6556790">
    <ele>581.0</ele>
   </trkpt>
   <trkpt lat="-28.5038270" lon="-65.6556530">
    <ele>581.0</ele>
   </trkpt>
   <trkpt lat="-28.5038620" lon="-65.6556270">
    <ele>581.0</ele>
   </trkpt>
   <trkpt lat="-28.5039010" lon="-65.6556140">
    <ele>581.0</ele>
   </trkpt>
   <trkpt lat="-28.5039390" lon="-65.6556010">
    <ele>581.0</ele>
   </trkpt>
   <trkpt lat="-28.5039790" lon="-65.6555990">
    <ele>581.0</ele>
   </trkpt>
   <trkpt lat="-28.5040200" lon="-65.6555980">
    <ele>581.0</ele>
   </trkpt>
   <trkpt lat="-28.5040590" lon="-65.6556050">
    <ele>581.0</ele>
   </trkpt>
   <trkpt lat="-28.5040980" lon="-65.6556130">
    <ele>581.0</ele>
   </trkpt>
   <trkpt lat="-28.5041350" lon="-65.6556270">
    <ele>582.0</ele>
   </trkpt>
   <trkpt lat="-28.5041730" lon="-65.6556420">
    <ele>582.0</ele>
   </trkpt>
   <trkpt lat="-28.5042100" lon="-65.6556590">
    <ele>582.0</ele>
   </trkpt>
   <trkpt lat="-28.5042470" lon="-65.6556770">
    <ele>582.0</ele>
   </trkpt>
   <trkpt lat="-28.5042850" lon="-65.6556950">
    <ele>582.0</ele>
   </trkpt>
   <trkpt lat="-28.5043230" lon="-65.6557120">
    <ele>582.0</ele>
   </trkpt>
   <trkpt lat="-28.5043570" lon="-65.6557200">
    <ele>581.0</ele>
   </trkpt>
   <trkpt lat="-28.5043900" lon="-65.6557290">
    <ele>581.0</ele>
   </trkpt>
   <trkpt lat="-28.5044170" lon="-65.6557140">
    <ele>581.0</ele>
   </trkpt>
   <trkpt lat="-28.5044430" lon="-65.6557000">
    <ele>581.0</ele>
   </trkpt>
   <trkpt lat="-28.5044640" lon="-65.6556650">
    <ele>581.0</ele>
   </trkpt>
   <trkpt lat="-28.5044840" lon="-65.6556300">
    <ele>581.0</ele>
   </trkpt>
   <trkpt lat="-28.5045010" lon="-65.6555870">
    <ele>581.0</ele>
   </trkpt>
   <trkpt lat="-28.5045170" lon="-65.6555440">
    <ele>581.0</ele>
   </trkpt>
   <trkpt lat="-28.5045310" lon="-65.6555030">
    <ele>581.0</ele>
   </trkpt>
   <trkpt lat="-28.5045460" lon="-65.6554620">
    <ele>581.0</ele>
   </trkpt>
   <trkpt lat="-28.5045570" lon="-65.6554250">
    <ele>581.0</ele>
   </trkpt>
   <trkpt lat="-28.5045680" lon="-65.6553880">
    <ele>581.0</ele>
   </trkpt>
   <trkpt lat="-28.5045790" lon="-65.6553530">
    <ele>581.0</ele>
   </trkpt>
   <trkpt lat="-28.5045910" lon="-65.6553180">
    <ele>581.0</ele>
   </trkpt>
   <trkpt lat="-28.5046020" lon="-65.6552830">
    <ele>582.0</ele>
   </trkpt>
   <trkpt lat="-28.5046130" lon="-65.6552480">
    <ele>582.0</ele>
   </trkpt>
   <trkpt lat="-28.5046240" lon="-65.6552120">
    <ele>582.0</ele>
   </trkpt>
   <trkpt lat="-28.5046350" lon="-65.6551760">
    <ele>582.0</ele>
   </trkpt>
   <trkpt lat="-28.5046460" lon="-65.6551390">
    <ele>582.0</ele>
   </trkpt>
   <trkpt lat="-28.5046570" lon="-65.6551010">
    <ele>583.0</ele>
   </trkpt>
   <trkpt lat="-28.5046690" lon="-65.6550620">
    <ele>583.0</ele>
   </trkpt>
   <trkpt lat="-28.5046800" lon="-65.6550240">
    <ele>583.0</ele>
   </trkpt>
   <trkpt lat="-28.5046920" lon="-65.6549870">
    <ele>583.0</ele>
   </trkpt>
   <trkpt lat="-28.5047030" lon="-65.6549490">
    <ele>583.0</ele>
   </trkpt>
   <trkpt lat="-28.5047160" lon="-65.6549130">
    <ele>584.0</ele>
   </trkpt>
   <trkpt lat="-28.5047290" lon="-65.6548770">
    <ele>584.0</ele>
   </trkpt>
   <trkpt lat="-28.5047430" lon="-65.6548430">
    <ele>584.0</ele>
   </trkpt>
   <trkpt lat="-28.5047570" lon="-65.6548090">
    <ele>584.0</ele>
   </trkpt>
   <trkpt lat="-28.5047710" lon="-65.6547760">
    <ele>584.0</ele>
   </trkpt>
   <trkpt lat="-28.5047850" lon="-65.6547420">
    <ele>585.0</ele>
   </trkpt>
   <trkpt lat="-28.5047980" lon="-65.6547080">
    <ele>585.0</ele>
   </trkpt>
   <trkpt lat="-28.5048120" lon="-65.6546750">
    <ele>585.0</ele>
   </trkpt>
   <trkpt lat="-28.5048240" lon="-65.6546400">
    <ele>585.0</ele>
   </trkpt>
   <trkpt lat="-28.5048360" lon="-65.6546050">
    <ele>585.0</ele>
   </trkpt>
   <trkpt lat="-28.5048480" lon="-65.6545700">
    <ele>586.0</ele>
   </trkpt>
   <trkpt lat="-28.5048600" lon="-65.6545340">
    <ele>586.0</ele>
   </trkpt>
   <trkpt lat="-28.5048730" lon="-65.6544990">
    <ele>586.0</ele>
   </trkpt>
   <trkpt lat="-28.5048860" lon="-65.6544630">
    <ele>586.0</ele>
   </trkpt>
   <trkpt lat="-28.5048990" lon="-65.6544270">
    <ele>586.0</ele>
   </trkpt>
   <trkpt lat="-28.5049110" lon="-65.6543910">
    <ele>586.0</ele>
   </trkpt>
   <trkpt lat="-28.5049230" lon="-65.6543540">
    <ele>586.0</ele>
   </trkpt>
   <trkpt lat="-28.5049340" lon="-65.6543170">
    <ele>586.0</ele>
   </trkpt>
   <trkpt lat="-28.5049440" lon="-65.6542810">
    <ele>586.0</ele>
   </trkpt>
   <trkpt lat="-28.5049550" lon="-65.6542460">
    <ele>586.0</ele>
   </trkpt>
   <trkpt lat="-28.5049650" lon="-65.6542100">
    <ele>587.0</ele>
   </trkpt>
   <trkpt lat="-28.5049750" lon="-65.6541750">
    <ele>587.0</ele>
   </trkpt>
   <trkpt lat="-28.5049850" lon="-65.6541410">
    <ele>587.0</ele>
   </trkpt>
   <trkpt lat="-28.5049960" lon="-65.6541070">
    <ele>587.0</ele>
   </trkpt>
   <trkpt lat="-28.5050060" lon="-65.6540720">
    <ele>587.0</ele>
   </trkpt>
   <trkpt lat="-28.5050170" lon="-65.6540370">
    <ele>588.0</ele>
   </trkpt>
   <trkpt lat="-28.5050280" lon="-65.6540010">
    <ele>588.0</ele>
   </trkpt>
   <trkpt lat="-28.5050400" lon="-65.6539650">
    <ele>588.0</ele>
   </trkpt>
   <trkpt lat="-28.5050510" lon="-65.6539280">
    <ele>588.0</ele>
   </trkpt>
   <trkpt lat="-28.5050630" lon="-65.6538920">
    <ele>588.0</ele>
   </trkpt>
   <trkpt lat="-28.5050750" lon="-65.6538540">
    <ele>588.0</ele>
   </trkpt>
   <trkpt lat="-28.5050860" lon="-65.6538160">
    <ele>588.0</ele>
   </trkpt>
   <trkpt lat="-28.5050970" lon="-65.6537770">
    <ele>588.0</ele>
   </trkpt>
   <trkpt lat="-28.5051070" lon="-65.6537380">
    <ele>588.0</ele>
   </trkpt>
   <trkpt lat="-28.5051170" lon="-65.6536990">
    <ele>588.0</ele>
   </trkpt>
   <trkpt lat="-28.5051280" lon="-65.6536610">
    <ele>589.0</ele>
   </trkpt>
   <trkpt lat="-28.5051370" lon="-65.6536250">
    <ele>589.0</ele>
   </trkpt>
   <trkpt lat="-28.5051470" lon="-65.6535880">
    <ele>589.0</ele>
   </trkpt>
   <trkpt lat="-28.5051560" lon="-65.6535530">
    <ele>589.0</ele>
   </trkpt>
   <trkpt lat="-28.5051650" lon="-65.6535170">
    <ele>589.0</ele>
   </trkpt>
   <trkpt lat="-28.5051750" lon="-65.6534800">
    <ele>589.0</ele>
   </trkpt>
   <trkpt lat="-28.5051840" lon="-65.6534440">
    <ele>589.0</ele>
   </trkpt>
   <trkpt lat="-28.5051930" lon="-65.6534060">
    <ele>589.0</ele>
   </trkpt>
   <trkpt lat="-28.5052030" lon="-65.6533680">
    <ele>589.0</ele>
   </trkpt>
   <trkpt lat="-28.5052120" lon="-65.6533300">
    <ele>589.0</ele>
   </trkpt>
   <trkpt lat="-28.5052210" lon="-65.6532930">
    <ele>590.0</ele>
   </trkpt>
   <trkpt lat="-28.5052310" lon="-65.6532550">
    <ele>590.0</ele>
   </trkpt>
   <trkpt lat="-28.5052400" lon="-65.6532180">
    <ele>590.0</ele>
   </trkpt>
   <trkpt lat="-28.5052510" lon="-65.6531810">
    <ele>590.0</ele>
   </trkpt>
   <trkpt lat="-28.5052620" lon="-65.6531440">
    <ele>590.0</ele>
   </trkpt>
   <trkpt lat="-28.5052720" lon="-65.6531070">
    <ele>591.0</ele>
   </trkpt>
   <trkpt lat="-28.5052820" lon="-65.6530700">
    <ele>591.0</ele>
   </trkpt>
   <trkpt lat="-28.5052920" lon="-65.6530340">
    <ele>591.0</ele>
   </trkpt>
   <trkpt lat="-28.5053020" lon="-65.6529970">
    <ele>591.0</ele>
   </trkpt>
   <trkpt lat="-28.5053120" lon="-65.6529630">
    <ele>591.0</ele>
   </trkpt>
   <trkpt lat="-28.5053220" lon="-65.6529280">
    <ele>591.0</ele>
   </trkpt>
   <trkpt lat="-28.5053330" lon="-65.6528930">
    <ele>591.0</ele>
   </trkpt>
   <trkpt lat="-28.5053430" lon="-65.6528580">
    <ele>591.0</ele>
   </trkpt>
   <trkpt lat="-28.5053530" lon="-65.6528220">
    <ele>591.0</ele>
   </trkpt>
   <trkpt lat="-28.5053630" lon="-65.6527850">
    <ele>591.0</ele>
   </trkpt>
   <trkpt lat="-28.5053730" lon="-65.6527490">
    <ele>592.0</ele>
   </trkpt>
   <trkpt lat="-28.5053830" lon="-65.6527120">
    <ele>592.0</ele>
   </trkpt>
   <trkpt lat="-28.5053920" lon="-65.6526780">
    <ele>592.0</ele>
   </trkpt>
   <trkpt lat="-28.5054010" lon="-65.6526430">
    <ele>592.0</ele>
   </trkpt>
   <trkpt lat="-28.5054090" lon="-65.6526090">
    <ele>592.0</ele>
   </trkpt>
   <trkpt lat="-28.5054180" lon="-65.6525740">
    <ele>593.0</ele>
   </trkpt>
   <trkpt lat="-28.5054270" lon="-65.6525400">
    <ele>593.0</ele>
   </trkpt>
   <trkpt lat="-28.5054360" lon="-65.6525050">
    <ele>593.0</ele>
   </trkpt>
   <trkpt lat="-28.5054460" lon="-65.6524700">
    <ele>593.0</ele>
   </trkpt>
   <trkpt lat="-28.5054560" lon="-65.6524350">
    <ele>593.0</ele>
   </trkpt>
   <trkpt lat="-28.5054660" lon="-65.6523980">
    <ele>594.0</ele>
   </trkpt>
   <trkpt lat="-28.5054750" lon="-65.6523620">
    <ele>594.0</ele>
   </trkpt>
   <trkpt lat="-28.5054850" lon="-65.6523260">
    <ele>594.0</ele>
   </trkpt>
   <trkpt lat="-28.5054940" lon="-65.6522900">
    <ele>594.0</ele>
   </trkpt>
   <trkpt lat="-28.5055050" lon="-65.6522530">
    <ele>594.0</ele>
   </trkpt>
   <trkpt lat="-28.5055150" lon="-65.6522160">
    <ele>594.0</ele>
   </trkpt>
   <trkpt lat="-28.5055240" lon="-65.6521790">
    <ele>594.0</ele>
   </trkpt>
   <trkpt lat="-28.5055330" lon="-65.6521430">
    <ele>594.0</ele>
   </trkpt>
   <trkpt lat="-28.5055420" lon="-65.6521080">
    <ele>594.0</ele>
   </trkpt>
   <trkpt lat="-28.5055500" lon="-65.6520730">
    <ele>594.0</ele>
   </trkpt>
   <trkpt lat="-28.5055580" lon="-65.6520390">
    <ele>595.0</ele>
   </trkpt>
   <trkpt lat="-28.5055670" lon="-65.6520040">
    <ele>595.0</ele>
   </trkpt>
   <trkpt lat="-28.5055740" lon="-65.6519700">
    <ele>595.0</ele>
   </trkpt>
   <trkpt lat="-28.5055810" lon="-65.6519350">
    <ele>595.0</ele>
   </trkpt>
   <trkpt lat="-28.5055870" lon="-65.6519010">
    <ele>595.0</ele>
   </trkpt>
   <trkpt lat="-28.5055930" lon="-65.6518670">
    <ele>596.0</ele>
   </trkpt>
   <trkpt lat="-28.5055990" lon="-65.6518330">
    <ele>596.0</ele>
   </trkpt>
   <trkpt lat="-28.5056050" lon="-65.6517980">
    <ele>596.0</ele>
   </trkpt>
   <trkpt lat="-28.5056130" lon="-65.6517620">
    <ele>596.0</ele>
   </trkpt>
   <trkpt lat="-28.5056200" lon="-65.6517270">
    <ele>596.0</ele>
   </trkpt>
   <trkpt lat="-28.5056280" lon="-65.6516890">
    <ele>597.0</ele>
   </trkpt>
   <trkpt lat="-28.5056350" lon="-65.6516520">
    <ele>597.0</ele>
   </trkpt>
   <trkpt lat="-28.5056420" lon="-65.6516140">
    <ele>597.0</ele>
   </trkpt>
   <trkpt lat="-28.5056500" lon="-65.6515760">
    <ele>597.0</ele>
   </trkpt>
   <trkpt lat="-28.5056580" lon="-65.6515400">
    <ele>597.0</ele>
   </trkpt>
   <trkpt lat="-28.5056670" lon="-65.6515040">
    <ele>597.0</ele>
   </trkpt>
   <trkpt lat="-28.5056780" lon="-65.6514690">
    <ele>597.0</ele>
   </trkpt>
   <trkpt lat="-28.5056900" lon="-65.6514340">
    <ele>597.0</ele>
   </trkpt>
   <trkpt lat="-28.5057070" lon="-65.6514020">
    <ele>597.0</ele>
   </trkpt>
   <trkpt lat="-28.5057240" lon="-65.6513700">
    <ele>597.0</ele>
   </trkpt>
   <trkpt lat="-28.5057420" lon="-65.6513400">
    <ele>598.0</ele>
   </trkpt>
   <trkpt lat="-28.5057600" lon="-65.6513110">
    <ele>598.0</ele>
   </trkpt>
   <trkpt lat="-28.5057770" lon="-65.6512810">
    <ele>598.0</ele>
   </trkpt>
   <trkpt lat="-28.5057940" lon="-65.6512520">
    <ele>598.0</ele>
   </trkpt>
   <trkpt lat="-28.5058080" lon="-65.6512210">
    <ele>598.0</ele>
   </trkpt>
   <trkpt lat="-28.5058220" lon="-65.6511910">
    <ele>599.0</ele>
   </trkpt>
   <trkpt lat="-28.5058340" lon="-65.6511590">
    <ele>599.0</ele>
   </trkpt>
   <trkpt lat="-28.5058450" lon="-65.6511280">
    <ele>599.0</ele>
   </trkpt>
   <trkpt lat="-28.5058550" lon="-65.6510930">
    <ele>599.0</ele>
   </trkpt>
   <trkpt lat="-28.5058640" lon="-65.6510590">
    <ele>599.0</ele>
   </trkpt>
   <trkpt lat="-28.5058730" lon="-65.6510240">
    <ele>600.0</ele>
   </trkpt>
   <trkpt lat="-28.5058830" lon="-65.6509890">
    <ele>600.0</ele>
   </trkpt>
   <trkpt lat="-28.5058940" lon="-65.6509540">
    <ele>600.0</ele>
   </trkpt>
   <trkpt lat="-28.5059040" lon="-65.6509200">
    <ele>600.0</ele>
   </trkpt>
   <trkpt lat="-28.5059160" lon="-65.6508870">
    <ele>600.0</ele>
   </trkpt>
   <trkpt lat="-28.5059280" lon="-65.6508540">
    <ele>600.0</ele>
   </trkpt>
   <trkpt lat="-28.5059400" lon="-65.6508220">
    <ele>600.0</ele>
   </trkpt>
   <trkpt lat="-28.5059520" lon="-65.6507900">
    <ele>600.0</ele>
   </trkpt>
   <trkpt lat="-28.5059660" lon="-65.6507580">
    <ele>600.0</ele>
   </trkpt>
   <trkpt lat="-28.5059790" lon="-65.6507260">
    <ele>600.0</ele>
   </trkpt>
   <trkpt lat="-28.5059950" lon="-65.6506940">
    <ele>601.0</ele>
   </trkpt>
   <trkpt lat="-28.5060110" lon="-65.6506620">
    <ele>601.0</ele>
   </trkpt>
   <trkpt lat="-28.5060280" lon="-65.6506310">
    <ele>601.0</ele>
   </trkpt>
   <trkpt lat="-28.5060450" lon="-65.6505990">
    <ele>601.0</ele>
   </trkpt>
   <trkpt lat="-28.5060630" lon="-65.6505680">
    <ele>601.0</ele>
   </trkpt>
   <trkpt lat="-28.5060810" lon="-65.6505370">
    <ele>602.0</ele>
   </trkpt>
   <trkpt lat="-28.5060980" lon="-65.6505060">
    <ele>602.0</ele>
   </trkpt>
   <trkpt lat="-28.5061160" lon="-65.6504750">
    <ele>602.0</ele>
   </trkpt>
   <trkpt lat="-28.5061330" lon="-65.6504430">
    <ele>602.0</ele>
   </trkpt>
   <trkpt lat="-28.5061510" lon="-65.6504120">
    <ele>602.0</ele>
   </trkpt>
   <trkpt lat="-28.5061690" lon="-65.6503840">
    <ele>602.0</ele>
   </trkpt>
   <trkpt lat="-28.5061870" lon="-65.6503550">
    <ele>602.0</ele>
   </trkpt>
   <trkpt lat="-28.5062050" lon="-65.6503270">
    <ele>602.0</ele>
   </trkpt>
   <trkpt lat="-28.5062230" lon="-65.6502990">
    <ele>602.0</ele>
   </trkpt>
   <trkpt lat="-28.5062390" lon="-65.6502690">
    <ele>602.0</ele>
   </trkpt>
   <trkpt lat="-28.5062560" lon="-65.6502400">
    <ele>603.0</ele>
   </trkpt>
   <trkpt lat="-28.5062710" lon="-65.6502080">
    <ele>603.0</ele>
   </trkpt>
   <trkpt lat="-28.5062870" lon="-65.6501770">
    <ele>603.0</ele>
   </trkpt>
   <trkpt lat="-28.5063040" lon="-65.6501450">
    <ele>603.0</ele>
   </trkpt>
   <trkpt lat="-28.5063210" lon="-65.6501130">
    <ele>603.0</ele>
   </trkpt>
   <trkpt lat="-28.5063390" lon="-65.6500830">
    <ele>604.0</ele>
   </trkpt>
   <trkpt lat="-28.5063580" lon="-65.6500540">
    <ele>604.0</ele>
   </trkpt>
   <trkpt lat="-28.5063790" lon="-65.6500250">
    <ele>604.0</ele>
   </trkpt>
   <trkpt lat="-28.5063990" lon="-65.6499970">
    <ele>604.0</ele>
   </trkpt>
   <trkpt lat="-28.5064210" lon="-65.6499700">
    <ele>604.0</ele>
   </trkpt>
   <trkpt lat="-28.5064420" lon="-65.6499420">
    <ele>605.0</ele>
   </trkpt>
   <trkpt lat="-28.5064630" lon="-65.6499160">
    <ele>605.0</ele>
   </trkpt>
   <trkpt lat="-28.5064840" lon="-65.6498900">
    <ele>605.0</ele>
   </trkpt>
   <trkpt lat="-28.5065050" lon="-65.6498640">
    <ele>605.0</ele>
   </trkpt>
   <trkpt lat="-28.5065260" lon="-65.6498380">
    <ele>605.0</ele>
   </trkpt>
   <trkpt lat="-28.5065480" lon="-65.6498100">
    <ele>606.0</ele>
   </trkpt>
   <trkpt lat="-28.5065690" lon="-65.6497830">
    <ele>606.0</ele>
   </trkpt>
   <trkpt lat="-28.5065900" lon="-65.6497550">
    <ele>606.0</ele>
   </trkpt>
   <trkpt lat="-28.5066100" lon="-65.6497270">
    <ele>606.0</ele>
   </trkpt>
   <trkpt lat="-28.5066290" lon="-65.6496990">
    <ele>606.0</ele>
   </trkpt>
   <trkpt lat="-28.5066490" lon="-65.6496710">
    <ele>606.0</ele>
   </trkpt>
   <trkpt lat="-28.5066660" lon="-65.6496430">
    <ele>606.0</ele>
   </trkpt>
   <trkpt lat="-28.5066840" lon="-65.6496150">
    <ele>606.0</ele>
   </trkpt>
   <trkpt lat="-28.5067040" lon="-65.6495890">
    <ele>606.0</ele>
   </trkpt>
   <trkpt lat="-28.5067240" lon="-65.6495630">
    <ele>606.0</ele>
   </trkpt>
   <trkpt lat="-28.5067470" lon="-65.6495400">
    <ele>607.0</ele>
   </trkpt>
   <trkpt lat="-28.5067700" lon="-65.6495170">
    <ele>607.0</ele>
   </trkpt>
   <trkpt lat="-28.5067930" lon="-65.6494950">
    <ele>607.0</ele>
   </trkpt>
   <trkpt lat="-28.5068150" lon="-65.6494740">
    <ele>607.0</ele>
   </trkpt>
   <trkpt lat="-28.5068390" lon="-65.6494520">
    <ele>607.0</ele>
   </trkpt>
   <trkpt lat="-28.5068630" lon="-65.6494310">
    <ele>607.0</ele>
   </trkpt>
   <trkpt lat="-28.5068880" lon="-65.6494100">
    <ele>607.0</ele>
   </trkpt>
   <trkpt lat="-28.5069130" lon="-65.6493890">
    <ele>607.0</ele>
   </trkpt>
   <trkpt lat="-28.5069390" lon="-65.6493700">
    <ele>607.0</ele>
   </trkpt>
   <trkpt lat="-28.5069660" lon="-65.6493520">
    <ele>607.0</ele>
   </trkpt>
   <trkpt lat="-28.5069950" lon="-65.6493360">
    <ele>608.0</ele>
   </trkpt>
   <trkpt lat="-28.5070230" lon="-65.6493200">
    <ele>608.0</ele>
   </trkpt>
   <trkpt lat="-28.5070520" lon="-65.6493050">
    <ele>608.0</ele>
   </trkpt>
   <trkpt lat="-28.5070820" lon="-65.6492910">
    <ele>608.0</ele>
   </trkpt>
   <trkpt lat="-28.5071100" lon="-65.6492760">
    <ele>608.0</ele>
   </trkpt>
   <trkpt lat="-28.5071390" lon="-65.6492610">
    <ele>609.0</ele>
   </trkpt>
   <trkpt lat="-28.5071680" lon="-65.6492450">
    <ele>609.0</ele>
   </trkpt>
   <trkpt lat="-28.5071970" lon="-65.6492290">
    <ele>609.0</ele>
   </trkpt>
   <trkpt lat="-28.5072250" lon="-65.6492140">
    <ele>609.0</ele>
   </trkpt>
   <trkpt lat="-28.5072540" lon="-65.6491990">
    <ele>609.0</ele>
   </trkpt>
   <trkpt lat="-28.5072820" lon="-65.6491850">
    <ele>610.0</ele>
   </trkpt>
   <trkpt lat="-28.5073100" lon="-65.6491710">
    <ele>610.0</ele>
   </trkpt>
   <trkpt lat="-28.5073390" lon="-65.6491570">
    <ele>610.0</ele>
   </trkpt>
   <trkpt lat="-28.5073670" lon="-65.6491430">
    <ele>610.0</ele>
   </trkpt>
   <trkpt lat="-28.5073950" lon="-65.6491300">
    <ele>610.0</ele>
   </trkpt>
   <trkpt lat="-28.5074240" lon="-65.6491170">
    <ele>611.0</ele>
   </trkpt>
   <trkpt lat="-28.5074520" lon="-65.6491050">
    <ele>611.0</ele>
   </trkpt>
   <trkpt lat="-28.5074810" lon="-65.6490930">
    <ele>611.0</ele>
   </trkpt>
   <trkpt lat="-28.5075090" lon="-65.6490810">
    <ele>611.0</ele>
   </trkpt>
   <trkpt lat="-28.5075370" lon="-65.6490690">
    <ele>611.0</ele>
   </trkpt>
   <trkpt lat="-28.5075660" lon="-65.6490570">
    <ele>612.0</ele>
   </trkpt>
   <trkpt lat="-28.5075960" lon="-65.6490450">
    <ele>612.0</ele>
   </trkpt>
   <trkpt lat="-28.5076250" lon="-65.6490340">
    <ele>612.0</ele>
   </trkpt>
   <trkpt lat="-28.5076550" lon="-65.6490230">
    <ele>612.0</ele>
   </trkpt>
   <trkpt lat="-28.5076850" lon="-65.6490100">
    <ele>612.0</ele>
   </trkpt>
   <trkpt lat="-28.5077140" lon="-65.6489970">
    <ele>612.0</ele>
   </trkpt>
   <trkpt lat="-28.5077430" lon="-65.6489810">
    <ele>612.0</ele>
   </trkpt>
   <trkpt lat="-28.5077730" lon="-65.6489660">
    <ele>612.0</ele>
   </trkpt>
   <trkpt lat="-28.5078000" lon="-65.6489490">
    <ele>612.0</ele>
   </trkpt>
   <trkpt lat="-28.5078270" lon="-65.6489310">
    <ele>612.0</ele>
   </trkpt>
   <trkpt lat="-28.5078490" lon="-65.6489100">
    <ele>613.0</ele>
   </trkpt>
   <trkpt lat="-28.5078720" lon="-65.6488890">
    <ele>613.0</ele>
   </trkpt>
   <trkpt lat="-28.5078900" lon="-65.6488630">
    <ele>613.0</ele>
   </trkpt>
   <trkpt lat="-28.5079080" lon="-65.6488370">
    <ele>613.0</ele>
   </trkpt>
   <trkpt lat="-28.5079230" lon="-65.6488070">
    <ele>613.0</ele>
   </trkpt>
   <trkpt lat="-28.5079370" lon="-65.6487770">
    <ele>614.0</ele>
   </trkpt>
   <trkpt lat="-28.5079510" lon="-65.6487460">
    <ele>614.0</ele>
   </trkpt>
   <trkpt lat="-28.5079640" lon="-65.6487150">
    <ele>614.0</ele>
   </trkpt>
   <trkpt lat="-28.5079770" lon="-65.6486850">
    <ele>614.0</ele>
   </trkpt>
   <trkpt lat="-28.5079910" lon="-65.6486560">
    <ele>614.0</ele>
   </trkpt>
   <trkpt lat="-28.5080060" lon="-65.6486280">
    <ele>615.0</ele>
   </trkpt>
   <trkpt lat="-28.5080210" lon="-65.6486000">
    <ele>615.0</ele>
   </trkpt>
   <trkpt lat="-28.5080370" lon="-65.6485710">
    <ele>615.0</ele>
   </trkpt>
   <trkpt lat="-28.5080530" lon="-65.6485420">
    <ele>615.0</ele>
   </trkpt>
   <trkpt lat="-28.5080680" lon="-65.6485130">
    <ele>615.0</ele>
   </trkpt>
   <trkpt lat="-28.5080840" lon="-65.6484840">
    <ele>616.0</ele>
   </trkpt>
   <trkpt lat="-28.5080950" lon="-65.6484520">
    <ele>616.0</ele>
   </trkpt>
   <trkpt lat="-28.5081070" lon="-65.6484210">
    <ele>616.0</ele>
   </trkpt>
   <trkpt lat="-28.5081160" lon="-65.6483910">
    <ele>616.0</ele>
   </trkpt>
   <trkpt lat="-28.5081250" lon="-65.6483600">
    <ele>616.0</ele>
   </trkpt>
   <trkpt lat="-28.5081300" lon="-65.6483310">
    <ele>617.0</ele>
   </trkpt>
   <trkpt lat="-28.5081340" lon="-65.6483020">
    <ele>617.0</ele>
   </trkpt>
   <trkpt lat="-28.5081380" lon="-65.6482740">
    <ele>617.0</ele>
   </trkpt>
   <trkpt lat="-28.5081430" lon="-65.6482470">
    <ele>617.0</ele>
   </trkpt>
   <trkpt lat="-28.5081500" lon="-65.6482220">
    <ele>617.0</ele>
   </trkpt>
   <trkpt lat="-28.5081580" lon="-65.6481970">
    <ele>617.0</ele>
   </trkpt>
   <trkpt lat="-28.5081650" lon="-65.6481690">
    <ele>617.0</ele>
   </trkpt>
   <trkpt lat="-28.5081710" lon="-65.6481410">
    <ele>617.0</ele>
   </trkpt>
   <trkpt lat="-28.5081760" lon="-65.6481080">
    <ele>617.0</ele>
   </trkpt>
   <trkpt lat="-28.5081800" lon="-65.6480760">
    <ele>617.0</ele>
   </trkpt>
   <trkpt lat="-28.5081850" lon="-65.6480430">
    <ele>618.0</ele>
   </trkpt>
   <trkpt lat="-28.5081890" lon="-65.6480090">
    <ele>618.0</ele>
   </trkpt>
   <trkpt lat="-28.5081950" lon="-65.6479770">
    <ele>618.0</ele>
   </trkpt>
   <trkpt lat="-28.5082020" lon="-65.6479440">
    <ele>618.0</ele>
   </trkpt>
   <trkpt lat="-28.5082060" lon="-65.6479120">
    <ele>618.0</ele>
   </trkpt>
   <trkpt lat="-28.5082110" lon="-65.6478800">
    <ele>619.0</ele>
   </trkpt>
   <trkpt lat="-28.5082120" lon="-65.6478490">
    <ele>619.0</ele>
   </trkpt>
   <trkpt lat="-28.5082130" lon="-65.6478180">
    <ele>619.0</ele>
   </trkpt>
   <trkpt lat="-28.5082090" lon="-65.6477860">
    <ele>619.0</ele>
   </trkpt>
   <trkpt lat="-28.5082060" lon="-65.6477550">
    <ele>619.0</ele>
   </trkpt>
   <trkpt lat="-28.5081990" lon="-65.6477220">
    <ele>619.0</ele>
   </trkpt>
   <trkpt lat="-28.5081930" lon="-65.6476900">
    <ele>619.0</ele>
   </trkpt>
   <trkpt lat="-28.5081870" lon="-65.6476570">
    <ele>619.0</ele>
   </trkpt>
   <trkpt lat="-28.5081820" lon="-65.6476240">
    <ele>619.0</ele>
   </trkpt>
   <trkpt lat="-28.5081740" lon="-65.6475920">
    <ele>619.0</ele>
   </trkpt>
   <trkpt lat="-28.5081660" lon="-65.6475610">
    <ele>620.0</ele>
   </trkpt>
   <trkpt lat="-28.5081520" lon="-65.6475330">
    <ele>620.0</ele>
   </trkpt>
   <trkpt lat="-28.5081390" lon="-65.6475050">
    <ele>620.0</ele>
   </trkpt>
   <trkpt lat="-28.5081250" lon="-65.6474800">
    <ele>620.0</ele>
   </trkpt>
   <trkpt lat="-28.5081110" lon="-65.6474550">
    <ele>620.0</ele>
   </trkpt>
   <trkpt lat="-28.5081030" lon="-65.6474280">
    <ele>620.0</ele>
   </trkpt>
   <trkpt lat="-28.5080950" lon="-65.6474020">
    <ele>620.0</ele>
   </trkpt>
   <trkpt lat="-28.5080900" lon="-65.6473740">
    <ele>620.0</ele>
   </trkpt>
   <trkpt lat="-28.5080850" lon="-65.6473460">
    <ele>620.0</ele>
   </trkpt>
   <trkpt lat="-28.5080800" lon="-65.6473180">
    <ele>620.0</ele>
   </trkpt>
   <trkpt lat="-28.5080750" lon="-65.6472900">
    <ele>621.0</ele>
   </trkpt>
   <trkpt lat="-28.5080690" lon="-65.6472600">
    <ele>621.0</ele>
   </trkpt>
   <trkpt lat="-28.5080620" lon="-65.6472310">
    <ele>621.0</ele>
   </trkpt>
   <trkpt lat="-28.5080570" lon="-65.6472020">
    <ele>622.0</ele>
   </trkpt>
   <trkpt lat="-28.5080520" lon="-65.6471730">
    <ele>622.0</ele>
   </trkpt>
   <trkpt lat="-28.5080490" lon="-65.6471440">
    <ele>623.0</ele>
   </trkpt>
   <trkpt lat="-28.5080470" lon="-65.6471150">
    <ele>623.0</ele>
   </trkpt>
   <trkpt lat="-28.5080500" lon="-65.6470860">
    <ele>623.0</ele>
   </trkpt>
   <trkpt lat="-28.5080530" lon="-65.6470570">
    <ele>623.0</ele>
   </trkpt>
   <trkpt lat="-28.5080600" lon="-65.6470270">
    <ele>623.0</ele>
   </trkpt>
   <trkpt lat="-28.5080670" lon="-65.6469970">
    <ele>623.0</ele>
   </trkpt>
   <trkpt lat="-28.5080770" lon="-65.6469650">
    <ele>623.0</ele>
   </trkpt>
   <trkpt lat="-28.5080880" lon="-65.6469330">
    <ele>623.0</ele>
   </trkpt>
   <trkpt lat="-28.5081030" lon="-65.6469020">
    <ele>623.0</ele>
   </trkpt>
   <trkpt lat="-28.5081180" lon="-65.6468720">
    <ele>623.0</ele>
   </trkpt>
   <trkpt lat="-28.5081350" lon="-65.6468440">
    <ele>624.0</ele>
   </trkpt>
   <trkpt lat="-28.5081520" lon="-65.6468160">
    <ele>624.0</ele>
   </trkpt>
   <trkpt lat="-28.5081660" lon="-65.6467880">
    <ele>624.0</ele>
   </trkpt>
   <trkpt lat="-28.5081790" lon="-65.6467610">
    <ele>624.0</ele>
   </trkpt>
   <trkpt lat="-28.5081920" lon="-65.6467360">
    <ele>624.0</ele>
   </trkpt>
   <trkpt lat="-28.5082050" lon="-65.6467100">
    <ele>625.0</ele>
   </trkpt>
   <trkpt lat="-28.5082190" lon="-65.6466870">
    <ele>625.0</ele>
   </trkpt>
   <trkpt lat="-28.5082330" lon="-65.6466640">
    <ele>625.0</ele>
   </trkpt>
   <trkpt lat="-28.5082490" lon="-65.6466410">
    <ele>625.0</ele>
   </trkpt>
   <trkpt lat="-28.5082650" lon="-65.6466170">
    <ele>625.0</ele>
   </trkpt>
   <trkpt lat="-28.5082810" lon="-65.6465920">
    <ele>626.0</ele>
   </trkpt>
   <trkpt lat="-28.5082970" lon="-65.6465670">
    <ele>626.0</ele>
   </trkpt>
   <trkpt lat="-28.5083110" lon="-65.6465410">
    <ele>626.0</ele>
   </trkpt>
   <trkpt lat="-28.5083250" lon="-65.6465150">
    <ele>626.0</ele>
   </trkpt>
   <trkpt lat="-28.5083360" lon="-65.6464870">
    <ele>626.0</ele>
   </trkpt>
   <trkpt lat="-28.5083470" lon="-65.6464590">
    <ele>627.0</ele>
   </trkpt>
   <trkpt lat="-28.5083590" lon="-65.6464310">
    <ele>627.0</ele>
   </trkpt>
   <trkpt lat="-28.5083710" lon="-65.6464030">
    <ele>627.0</ele>
   </trkpt>
   <trkpt lat="-28.5083850" lon="-65.6463760">
    <ele>627.0</ele>
   </trkpt>
   <trkpt lat="-28.5083990" lon="-65.6463480">
    <ele>627.0</ele>
   </trkpt>
   <trkpt lat="-28.5084140" lon="-65.6463200">
    <ele>628.0</ele>
   </trkpt>
   <trkpt lat="-28.5084290" lon="-65.6462920">
    <ele>628.0</ele>
   </trkpt>
   <trkpt lat="-28.5084450" lon="-65.6462650">
    <ele>628.0</ele>
   </trkpt>
   <trkpt lat="-28.5084600" lon="-65.6462370">
    <ele>628.0</ele>
   </trkpt>
   <trkpt lat="-28.5084680" lon="-65.6462110">
    <ele>628.0</ele>
   </trkpt>
   <trkpt lat="-28.5084760" lon="-65.6461840">
    <ele>628.0</ele>
   </trkpt>
   <trkpt lat="-28.5084800" lon="-65.6461580">
    <ele>628.0</ele>
   </trkpt>
   <trkpt lat="-28.5084840" lon="-65.6461320">
    <ele>628.0</ele>
   </trkpt>
   <trkpt lat="-28.5084870" lon="-65.6461050">
    <ele>628.0</ele>
   </trkpt>
   <trkpt lat="-28.5084900" lon="-65.6460780">
    <ele>628.0</ele>
   </trkpt>
   <trkpt lat="-28.5084930" lon="-65.6460520">
    <ele>629.0</ele>
   </trkpt>
   <trkpt lat="-28.5084950" lon="-65.6460260">
    <ele>629.0</ele>
   </trkpt>
   <trkpt lat="-28.5084970" lon="-65.6460000">
    <ele>629.0</ele>
   </trkpt>
   <trkpt lat="-28.5084990" lon="-65.6459740">
    <ele>630.0</ele>
   </trkpt>
   <trkpt lat="-28.5084980" lon="-65.6459480">
    <ele>630.0</ele>
   </trkpt>
   <trkpt lat="-28.5084970" lon="-65.6459220">
    <ele>631.0</ele>
   </trkpt>
   <trkpt lat="-28.5084960" lon="-65.6458920">
    <ele>631.0</ele>
   </trkpt>
   <trkpt lat="-28.5084950" lon="-65.6458630">
    <ele>631.0</ele>
   </trkpt>
   <trkpt lat="-28.5084940" lon="-65.6458350">
    <ele>631.0</ele>
   </trkpt>
   <trkpt lat="-28.5084930" lon="-65.6458070">
    <ele>631.0</ele>
   </trkpt>
   <trkpt lat="-28.5084890" lon="-65.6457800">
    <ele>632.0</ele>
   </trkpt>
   <trkpt lat="-28.5084850" lon="-65.6457530">
    <ele>632.0</ele>
   </trkpt>
   <trkpt lat="-28.5084790" lon="-65.6457260">
    <ele>632.0</ele>
   </trkpt>
   <trkpt lat="-28.5084720" lon="-65.6456990">
    <ele>632.0</ele>
   </trkpt>
   <trkpt lat="-28.5084650" lon="-65.6456740">
    <ele>632.0</ele>
   </trkpt>
   <trkpt lat="-28.5084590" lon="-65.6456490">
    <ele>633.0</ele>
   </trkpt>
   <trkpt lat="-28.5084530" lon="-65.6456240">
    <ele>633.0</ele>
   </trkpt>
   <trkpt lat="-28.5084480" lon="-65.6455980">
    <ele>633.0</ele>
   </trkpt>
   <trkpt lat="-28.5084450" lon="-65.6455730">
    <ele>633.0</ele>
   </trkpt>
   <trkpt lat="-28.5084430" lon="-65.6455470">
    <ele>633.0</ele>
   </trkpt>
   <trkpt lat="-28.5084410" lon="-65.6455210">
    <ele>634.0</ele>
   </trkpt>
   <trkpt lat="-28.5084400" lon="-65.6454950">
    <ele>634.0</ele>
   </trkpt>
   <trkpt lat="-28.5084360" lon="-65.6454670">
    <ele>634.0</ele>
   </trkpt>
   <trkpt lat="-28.5084320" lon="-65.6454400">
    <ele>634.0</ele>
   </trkpt>
   <trkpt lat="-28.5084240" lon="-65.6454120">
    <ele>634.0</ele>
   </trkpt>
   <trkpt lat="-28.5084170" lon="-65.6453850">
    <ele>635.0</ele>
   </trkpt>
   <trkpt lat="-28.5084090" lon="-65.6453570">
    <ele>635.0</ele>
   </trkpt>
   <trkpt lat="-28.5084020" lon="-65.6453290">
    <ele>635.0</ele>
   </trkpt>
   <trkpt lat="-28.5083980" lon="-65.6453000">
    <ele>635.0</ele>
   </trkpt>
   <trkpt lat="-28.5083940" lon="-65.6452710">
    <ele>635.0</ele>
   </trkpt>
   <trkpt lat="-28.5083930" lon="-65.6452430">
    <ele>636.0</ele>
   </trkpt>
   <trkpt lat="-28.5083920" lon="-65.6452140">
    <ele>636.0</ele>
   </trkpt>
   <trkpt lat="-28.5083900" lon="-65.6451850">
    <ele>636.0</ele>
   </trkpt>
   <trkpt lat="-28.5083890" lon="-65.6451550">
    <ele>636.0</ele>
   </trkpt>
   <trkpt lat="-28.5083840" lon="-65.6451260">
    <ele>636.0</ele>
   </trkpt>
   <trkpt lat="-28.5083790" lon="-65.6450960">
    <ele>637.0</ele>
   </trkpt>
   <trkpt lat="-28.5083680" lon="-65.6450680">
    <ele>637.0</ele>
   </trkpt>
   <trkpt lat="-28.5083570" lon="-65.6450400">
    <ele>637.0</ele>
   </trkpt>
   <trkpt lat="-28.5083410" lon="-65.6450140">
    <ele>637.0</ele>
   </trkpt>
   <trkpt lat="-28.5083250" lon="-65.6449880">
    <ele>637.0</ele>
   </trkpt>
   <trkpt lat="-28.5083080" lon="-65.6449620">
    <ele>638.0</ele>
   </trkpt>
   <trkpt lat="-28.5082920" lon="-65.6449370">
    <ele>638.0</ele>
   </trkpt>
   <trkpt lat="-28.5082790" lon="-65.6449130">
    <ele>638.0</ele>
   </trkpt>
   <trkpt lat="-28.5082660" lon="-65.6448880">
    <ele>638.0</ele>
   </trkpt>
   <trkpt lat="-28.5082570" lon="-65.6448640">
    <ele>638.0</ele>
   </trkpt>
   <trkpt lat="-28.5082470" lon="-65.6448400">
    <ele>639.0</ele>
   </trkpt>
   <trkpt lat="-28.5082380" lon="-65.6448150">
    <ele>639.0</ele>
   </trkpt>
   <trkpt lat="-28.5082300" lon="-65.6447900">
    <ele>639.0</ele>
   </trkpt>
   <trkpt lat="-28.5082220" lon="-65.6447630">
    <ele>639.0</ele>
   </trkpt>
   <trkpt lat="-28.5082130" lon="-65.6447350">
    <ele>639.0</ele>
   </trkpt>
   <trkpt lat="-28.5082040" lon="-65.6447080">
    <ele>639.0</ele>
   </trkpt>
   <trkpt lat="-28.5081960" lon="-65.6446800">
    <ele>639.0</ele>
   </trkpt>
   <trkpt lat="-28.5081870" lon="-65.6446520">
    <ele>639.0</ele>
   </trkpt>
   <trkpt lat="-28.5081780" lon="-65.6446240">
    <ele>639.0</ele>
   </trkpt>
   <trkpt lat="-28.5081710" lon="-65.6445950">
    <ele>639.0</ele>
   </trkpt>
   <trkpt lat="-28.5081640" lon="-65.6445660">
    <ele>640.0</ele>
   </trkpt>
   <trkpt lat="-28.5081620" lon="-65.6445370">
    <ele>640.0</ele>
   </trkpt>
   <trkpt lat="-28.5081600" lon="-65.6445080">
    <ele>640.0</ele>
   </trkpt>
   <trkpt lat="-28.5081550" lon="-65.6444820">
    <ele>640.0</ele>
   </trkpt>
   <trkpt lat="-28.5081500" lon="-65.6444570">
    <ele>640.0</ele>
   </trkpt>
   <trkpt lat="-28.5081380" lon="-65.6444360">
    <ele>641.0</ele>
   </trkpt>
   <trkpt lat="-28.5081260" lon="-65.6444160">
    <ele>641.0</ele>
   </trkpt>
   <trkpt lat="-28.5081130" lon="-65.6443980">
    <ele>641.0</ele>
   </trkpt>
   <trkpt lat="-28.5081000" lon="-65.6443790">
    <ele>642.0</ele>
   </trkpt>
   <trkpt lat="-28.5080890" lon="-65.6443590">
    <ele>642.0</ele>
   </trkpt>
   <trkpt lat="-28.5080780" lon="-65.6443380">
    <ele>643.0</ele>
   </trkpt>
   <trkpt lat="-28.5080700" lon="-65.6443150">
    <ele>643.0</ele>
   </trkpt>
   <trkpt lat="-28.5080620" lon="-65.6442930">
    <ele>643.0</ele>
   </trkpt>
   <trkpt lat="-28.5080570" lon="-65.6442670">
    <ele>643.0</ele>
   </trkpt>
   <trkpt lat="-28.5080530" lon="-65.6442410">
    <ele>643.0</ele>
   </trkpt>
   <trkpt lat="-28.5080520" lon="-65.6442130">
    <ele>644.0</ele>
   </trkpt>
   <trkpt lat="-28.5080520" lon="-65.6441860">
    <ele>644.0</ele>
   </trkpt>
   <trkpt lat="-28.5080520" lon="-65.6441570">
    <ele>644.0</ele>
   </trkpt>
   <trkpt lat="-28.5080520" lon="-65.6441280">
    <ele>644.0</ele>
   </trkpt>
   <trkpt lat="-28.5080530" lon="-65.6441000">
    <ele>644.0</ele>
   </trkpt>
   <trkpt lat="-28.5080540" lon="-65.6440720">
    <ele>645.0</ele>
   </trkpt>
   <trkpt lat="-28.5080600" lon="-65.6440450">
    <ele>645.0</ele>
   </trkpt>
   <trkpt lat="-28.5080660" lon="-65.6440190">
    <ele>645.0</ele>
   </trkpt>
   <trkpt lat="-28.5080790" lon="-65.6439970">
    <ele>645.0</ele>
   </trkpt>
   <trkpt lat="-28.5080930" lon="-65.6439740">
    <ele>645.0</ele>
   </trkpt>
   <trkpt lat="-28.5081100" lon="-65.6439550">
    <ele>646.0</ele>
   </trkpt>
   <trkpt lat="-28.5081270" lon="-65.6439360">
    <ele>646.0</ele>
   </trkpt>
   <trkpt lat="-28.5081450" lon="-65.6439180">
    <ele>646.0</ele>
   </trkpt>
   <trkpt lat="-28.5081640" lon="-65.6439010">
    <ele>646.0</ele>
   </trkpt>
   <trkpt lat="-28.5081840" lon="-65.6438860">
    <ele>646.0</ele>
   </trkpt>
   <trkpt lat="-28.5082040" lon="-65.6438710">
    <ele>647.0</ele>
   </trkpt>
   <trkpt lat="-28.5082250" lon="-65.6438580">
    <ele>647.0</ele>
   </trkpt>
   <trkpt lat="-28.5082470" lon="-65.6438440">
    <ele>647.0</ele>
   </trkpt>
   <trkpt lat="-28.5082690" lon="-65.6438270">
    <ele>647.0</ele>
   </trkpt>
   <trkpt lat="-28.5082910" lon="-65.6438100">
    <ele>647.0</ele>
   </trkpt>
   <trkpt lat="-28.5083140" lon="-65.6437950">
    <ele>648.0</ele>
   </trkpt>
   <trkpt lat="-28.5083360" lon="-65.6437790">
    <ele>648.0</ele>
   </trkpt>
   <trkpt lat="-28.5083580" lon="-65.6437680">
    <ele>648.0</ele>
   </trkpt>
   <trkpt lat="-28.5083800" lon="-65.6437570">
    <ele>648.0</ele>
   </trkpt>
   <trkpt lat="-28.5084020" lon="-65.6437510">
    <ele>648.0</ele>
   </trkpt>
   <trkpt lat="-28.5084240" lon="-65.6437450">
    <ele>649.0</ele>
   </trkpt>
   <trkpt lat="-28.5084470" lon="-65.6437480">
    <ele>649.0</ele>
   </trkpt>
   <trkpt lat="-28.5084700" lon="-65.6437510">
    <ele>649.0</ele>
   </trkpt>
   <trkpt lat="-28.5084930" lon="-65.6437600">
    <ele>649.0</ele>
   </trkpt>
   <trkpt lat="-28.5085160" lon="-65.6437690">
    <ele>649.0</ele>
   </trkpt>
   <trkpt lat="-28.5085390" lon="-65.6437790">
    <ele>650.0</ele>
   </trkpt>
   <trkpt lat="-28.5085620" lon="-65.6437890">
    <ele>650.0</ele>
   </trkpt>
   <trkpt lat="-28.5085830" lon="-65.6437950">
    <ele>650.0</ele>
   </trkpt>
   <trkpt lat="-28.5086030" lon="-65.6438010">
    <ele>651.0</ele>
   </trkpt>
   <trkpt lat="-28.5086230" lon="-65.6437990">
    <ele>651.0</ele>
   </trkpt>
   <trkpt lat="-28.5086430" lon="-65.6437980">
    <ele>652.0</ele>
   </trkpt>
   <trkpt lat="-28.5086650" lon="-65.6437890">
    <ele>652.0</ele>
   </trkpt>
   <trkpt lat="-28.5086860" lon="-65.6437810">
    <ele>652.0</ele>
   </trkpt>
   <trkpt lat="-28.5087080" lon="-65.6437690">
    <ele>652.0</ele>
   </trkpt>
   <trkpt lat="-28.5087290" lon="-65.6437570">
    <ele>652.0</ele>
   </trkpt>
   <trkpt lat="-28.5087500" lon="-65.6437440">
    <ele>653.0</ele>
   </trkpt>
   <trkpt lat="-28.5087700" lon="-65.6437300">
    <ele>653.0</ele>
   </trkpt>
   <trkpt lat="-28.5087890" lon="-65.6437190">
    <ele>653.0</ele>
   </trkpt>
   <trkpt lat="-28.5088080" lon="-65.6437070">
    <ele>653.0</ele>
   </trkpt>
   <trkpt lat="-28.5088280" lon="-65.6436990">
    <ele>653.0</ele>
   </trkpt>
   <trkpt lat="-28.5088470" lon="-65.6436920">
    <ele>654.0</ele>
   </trkpt>
   <trkpt lat="-28.5088670" lon="-65.6436870">
    <ele>654.0</ele>
   </trkpt>
   <trkpt lat="-28.5088870" lon="-65.6436820">
    <ele>654.0</ele>
   </trkpt>
   <trkpt lat="-28.5089080" lon="-65.6436730">
    <ele>655.0</ele>
   </trkpt>
   <trkpt lat="-28.5089300" lon="-65.6436640">
    <ele>655.0</ele>
   </trkpt>
   <trkpt lat="-28.5089510" lon="-65.6436520">
    <ele>656.0</ele>
   </trkpt>
   <trkpt lat="-28.5089730" lon="-65.6436390">
    <ele>656.0</ele>
   </trkpt>
   <trkpt lat="-28.5089940" lon="-65.6436250">
    <ele>656.0</ele>
   </trkpt>
   <trkpt lat="-28.5090150" lon="-65.6436110">
    <ele>656.0</ele>
   </trkpt>
   <trkpt lat="-28.5090360" lon="-65.6435940">
    <ele>656.0</ele>
   </trkpt>
   <trkpt lat="-28.5090560" lon="-65.6435770">
    <ele>657.0</ele>
   </trkpt>
   <trkpt lat="-28.5090750" lon="-65.6435560">
    <ele>657.0</ele>
   </trkpt>
   <trkpt lat="-28.5090930" lon="-65.6435350">
    <ele>657.0</ele>
   </trkpt>
   <trkpt lat="-28.5091110" lon="-65.6435120">
    <ele>657.0</ele>
   </trkpt>
   <trkpt lat="-28.5091290" lon="-65.6434890">
    <ele>657.0</ele>
   </trkpt>
   <trkpt lat="-28.5091430" lon="-65.6434660">
    <ele>658.0</ele>
   </trkpt>
   <trkpt lat="-28.5091580" lon="-65.6434430">
    <ele>658.0</ele>
   </trkpt>
   <trkpt lat="-28.5091660" lon="-65.6434170">
    <ele>658.0</ele>
   </trkpt>
   <trkpt lat="-28.5091740" lon="-65.6433910">
    <ele>658.0</ele>
   </trkpt>
   <trkpt lat="-28.5091830" lon="-65.6433660">
    <ele>658.0</ele>
   </trkpt>
   <trkpt lat="-28.5091920" lon="-65.6433410">
    <ele>659.0</ele>
   </trkpt>
   <trkpt lat="-28.5092070" lon="-65.6433230">
    <ele>659.0</ele>
   </trkpt>
   <trkpt lat="-28.5092230" lon="-65.6433050">
    <ele>659.0</ele>
   </trkpt>
   <trkpt lat="-28.5092420" lon="-65.6432900">
    <ele>660.0</ele>
   </trkpt>
   <trkpt lat="-28.5092620" lon="-65.6432750">
    <ele>660.0</ele>
   </trkpt>
   <trkpt lat="-28.5092810" lon="-65.6432600">
    <ele>661.0</ele>
   </trkpt>
   <trkpt lat="-28.5092990" lon="-65.6432440">
    <ele>661.0</ele>
   </trkpt>
   <trkpt lat="-28.5093180" lon="-65.6432300">
    <ele>661.0</ele>
   </trkpt>
   <trkpt lat="-28.5093370" lon="-65.6432160">
    <ele>661.0</ele>
   </trkpt>
   <trkpt lat="-28.5093560" lon="-65.6432040">
    <ele>661.0</ele>
   </trkpt>
   <trkpt lat="-28.5093750" lon="-65.6431910">
    <ele>662.0</ele>
   </trkpt>
   <trkpt lat="-28.5093950" lon="-65.6431800">
    <ele>662.0</ele>
   </trkpt>
   <trkpt lat="-28.5094150" lon="-65.6431690">
    <ele>662.0</ele>
   </trkpt>
   <trkpt lat="-28.5094360" lon="-65.6431610">
    <ele>663.0</ele>
   </trkpt>
   <trkpt lat="-28.5094560" lon="-65.6431520">
    <ele>663.0</ele>
   </trkpt>
   <trkpt lat="-28.5094750" lon="-65.6431450">
    <ele>664.0</ele>
   </trkpt>
   <trkpt lat="-28.5094950" lon="-65.6431370">
    <ele>664.0</ele>
   </trkpt>
   <trkpt lat="-28.5095130" lon="-65.6431290">
    <ele>664.0</ele>
   </trkpt>
   <trkpt lat="-28.5095320" lon="-65.6431210">
    <ele>664.0</ele>
   </trkpt>
   <trkpt lat="-28.5095510" lon="-65.6431130">
    <ele>664.0</ele>
   </trkpt>
   <trkpt lat="-28.5095710" lon="-65.6431050">
    <ele>665.0</ele>
   </trkpt>
   <trkpt lat="-28.5095910" lon="-65.6430960">
    <ele>665.0</ele>
   </trkpt>
   <trkpt lat="-28.5096110" lon="-65.6430870">
    <ele>665.0</ele>
   </trkpt>
   <trkpt lat="-28.5096350" lon="-65.6430740">
    <ele>665.0</ele>
   </trkpt>
   <trkpt lat="-28.5096590" lon="-65.6430620">
    <ele>665.0</ele>
   </trkpt>
   <trkpt lat="-28.5096800" lon="-65.6430460">
    <ele>666.0</ele>
   </trkpt>
   <trkpt lat="-28.5097020" lon="-65.6430300">
    <ele>666.0</ele>
   </trkpt>
   <trkpt lat="-28.5097140" lon="-65.6430110">
    <ele>666.0</ele>
   </trkpt>
   <trkpt lat="-28.5097270" lon="-65.6429920">
    <ele>667.0</ele>
   </trkpt>
   <trkpt lat="-28.5097290" lon="-65.6429710">
    <ele>667.0</ele>
   </trkpt>
   <trkpt lat="-28.5097310" lon="-65.6429510">
    <ele>668.0</ele>
   </trkpt>
   <trkpt lat="-28.5097270" lon="-65.6429260">
    <ele>668.0</ele>
   </trkpt>
   <trkpt lat="-28.5097220" lon="-65.6429020">
    <ele>668.0</ele>
   </trkpt>
   <trkpt lat="-28.5097200" lon="-65.6428760">
    <ele>668.0</ele>
   </trkpt>
   <trkpt lat="-28.5097180" lon="-65.6428490">
    <ele>668.0</ele>
   </trkpt>
   <trkpt lat="-28.5097200" lon="-65.6428240">
    <ele>669.0</ele>
   </trkpt>
   <trkpt lat="-28.5097220" lon="-65.6427980">
    <ele>669.0</ele>
   </trkpt>
   <trkpt lat="-28.5097260" lon="-65.6427740">
    <ele>669.0</ele>
   </trkpt>
   <trkpt lat="-28.5097300" lon="-65.6427500">
    <ele>670.0</ele>
   </trkpt>
   <trkpt lat="-28.5097370" lon="-65.6427280">
    <ele>670.0</ele>
   </trkpt>
   <trkpt lat="-28.5097440" lon="-65.6427060">
    <ele>671.0</ele>
   </trkpt>
   <trkpt lat="-28.5097510" lon="-65.6426830">
    <ele>671.0</ele>
   </trkpt>
   <trkpt lat="-28.5097580" lon="-65.6426600">
    <ele>671.0</ele>
   </trkpt>
   <trkpt lat="-28.5097650" lon="-65.6426350">
    <ele>671.0</ele>
   </trkpt>
   <trkpt lat="-28.5097730" lon="-65.6426100">
    <ele>671.0</ele>
   </trkpt>
   <trkpt lat="-28.5097790" lon="-65.6425850">
    <ele>672.0</ele>
   </trkpt>
   <trkpt lat="-28.5097860" lon="-65.6425590">
    <ele>672.0</ele>
   </trkpt>
   <trkpt lat="-28.5097850" lon="-65.6425330">
    <ele>672.0</ele>
   </trkpt>
   <trkpt lat="-28.5097850" lon="-65.6425070">
    <ele>672.0</ele>
   </trkpt>
   <trkpt lat="-28.5097800" lon="-65.6424810">
    <ele>672.0</ele>
   </trkpt>
   <trkpt lat="-28.5097760" lon="-65.6424560">
    <ele>673.0</ele>
   </trkpt>
   <trkpt lat="-28.5097710" lon="-65.6424320">
    <ele>673.0</ele>
   </trkpt>
   <trkpt lat="-28.5097670" lon="-65.6424080">
    <ele>673.0</ele>
   </trkpt>
   <trkpt lat="-28.5097650" lon="-65.6423860">
    <ele>673.0</ele>
   </trkpt>
   <trkpt lat="-28.5097640" lon="-65.6423630">
    <ele>673.0</ele>
   </trkpt>
   <trkpt lat="-28.5097640" lon="-65.6423410">
    <ele>674.0</ele>
   </trkpt>
   <trkpt lat="-28.5097640" lon="-65.6423190">
    <ele>674.0</ele>
   </trkpt>
   <trkpt lat="-28.5097670" lon="-65.6422970">
    <ele>674.0</ele>
   </trkpt>
   <trkpt lat="-28.5097700" lon="-65.6422760">
    <ele>674.0</ele>
   </trkpt>
   <trkpt lat="-28.5097730" lon="-65.6422550">
    <ele>674.0</ele>
   </trkpt>
   <trkpt lat="-28.5097770" lon="-65.6422350">
    <ele>675.0</ele>
   </trkpt>
   <trkpt lat="-28.5097820" lon="-65.6422140">
    <ele>675.0</ele>
   </trkpt>
   <trkpt lat="-28.5097880" lon="-65.6421940">
    <ele>675.0</ele>
   </trkpt>
   <trkpt lat="-28.5097960" lon="-65.6421730">
    <ele>675.0</ele>
   </trkpt>
   <trkpt lat="-28.5098040" lon="-65.6421520">
    <ele>675.0</ele>
   </trkpt>
   <trkpt lat="-28.5098110" lon="-65.6421290">
    <ele>676.0</ele>
   </trkpt>
   <trkpt lat="-28.5098180" lon="-65.6421060">
    <ele>676.0</ele>
   </trkpt>
   <trkpt lat="-28.5098200" lon="-65.6420810">
    <ele>676.0</ele>
   </trkpt>
   <trkpt lat="-28.5098230" lon="-65.6420560">
    <ele>676.0</ele>
   </trkpt>
   <trkpt lat="-28.5098210" lon="-65.6420340">
    <ele>676.0</ele>
   </trkpt>
   <trkpt lat="-28.5098180" lon="-65.6420120">
    <ele>677.0</ele>
   </trkpt>
   <trkpt lat="-28.5098130" lon="-65.6419880">
    <ele>677.0</ele>
   </trkpt>
   <trkpt lat="-28.5098070" lon="-65.6419650">
    <ele>677.0</ele>
   </trkpt>
   <trkpt lat="-28.5098080" lon="-65.6419410">
    <ele>677.0</ele>
   </trkpt>
   <trkpt lat="-28.5098090" lon="-65.6419170">
    <ele>677.0</ele>
   </trkpt>
   <trkpt lat="-28.5098150" lon="-65.6418930">
    <ele>678.0</ele>
   </trkpt>
   <trkpt lat="-28.5098210" lon="-65.6418680">
    <ele>678.0</ele>
   </trkpt>
   <trkpt lat="-28.5098310" lon="-65.6418470">
    <ele>678.0</ele>
   </trkpt>
   <trkpt lat="-28.5098400" lon="-65.6418260">
    <ele>679.0</ele>
   </trkpt>
   <trkpt lat="-28.5098470" lon="-65.6418070">
    <ele>679.0</ele>
   </trkpt>
   <trkpt lat="-28.5098540" lon="-65.6417870">
    <ele>680.0</ele>
   </trkpt>
   <trkpt lat="-28.5098600" lon="-65.6417650">
    <ele>680.0</ele>
   </trkpt>
   <trkpt lat="-28.5098660" lon="-65.6417430">
    <ele>680.0</ele>
   </trkpt>
   <trkpt lat="-28.5098700" lon="-65.6417200">
    <ele>680.0</ele>
   </trkpt>
   <trkpt lat="-28.5098750" lon="-65.6416970">
    <ele>680.0</ele>
   </trkpt>
   <trkpt lat="-28.5098770" lon="-65.6416740">
    <ele>681.0</ele>
   </trkpt>
   <trkpt lat="-28.5098790" lon="-65.6416520">
    <ele>681.0</ele>
   </trkpt>
   <trkpt lat="-28.5098770" lon="-65.6416320">
    <ele>681.0</ele>
   </trkpt>
   <trkpt lat="-28.5098750" lon="-65.6416110">
    <ele>681.0</ele>
   </trkpt>
   <trkpt lat="-28.5098720" lon="-65.6415920">
    <ele>681.0</ele>
   </trkpt>
   <trkpt lat="-28.5098680" lon="-65.6415740">
    <ele>682.0</ele>
   </trkpt>
   <trkpt lat="-28.5098660" lon="-65.6415550">
    <ele>682.0</ele>
   </trkpt>
   <trkpt lat="-28.5098630" lon="-65.6415360">
    <ele>682.0</ele>
   </trkpt>
   <trkpt lat="-28.5098620" lon="-65.6415160">
    <ele>682.0</ele>
   </trkpt>
   <trkpt lat="-28.5098600" lon="-65.6414970">
    <ele>682.0</ele>
   </trkpt>
   <trkpt lat="-28.5098550" lon="-65.6414800">
    <ele>683.0</ele>
   </trkpt>
   <trkpt lat="-28.5098500" lon="-65.6414640">
    <ele>683.0</ele>
   </trkpt>
   <trkpt lat="-28.5098420" lon="-65.6414520">
    <ele>683.0</ele>
   </trkpt>
   <trkpt lat="-28.5098340" lon="-65.6414410">
    <ele>683.0</ele>
   </trkpt>
   <trkpt lat="-28.5098260" lon="-65.6414320">
    <ele>683.0</ele>
   </trkpt>
   <trkpt lat="-28.5098180" lon="-65.6414230">
    <ele>684.0</ele>
   </trkpt>
   <trkpt lat="-28.5098090" lon="-65.6414130">
    <ele>684.0</ele>
   </trkpt>
   <trkpt lat="-28.5098000" lon="-65.6414030">
    <ele>684.0</ele>
   </trkpt>
   <trkpt lat="-28.5097950" lon="-65.6413870">
    <ele>685.0</ele>
   </trkpt>
   <trkpt lat="-28.5097900" lon="-65.6413710">
    <ele>685.0</ele>
   </trkpt>
   <trkpt lat="-28.5097940" lon="-65.6413530">
    <ele>686.0</ele>
   </trkpt>
   <trkpt lat="-28.5097990" lon="-65.6413350">
    <ele>686.0</ele>
   </trkpt>
   <trkpt lat="-28.5098030" lon="-65.6413150">
    <ele>686.0</ele>
   </trkpt>
   <trkpt lat="-28.5098070" lon="-65.6412960">
    <ele>686.0</ele>
   </trkpt>
   <trkpt lat="-28.5098040" lon="-65.6412750">
    <ele>686.0</ele>
   </trkpt>
   <trkpt lat="-28.5098010" lon="-65.6412550">
    <ele>687.0</ele>
   </trkpt>
   <trkpt lat="-28.5097930" lon="-65.6412320">
    <ele>687.0</ele>
   </trkpt>
   <trkpt lat="-28.5097840" lon="-65.6412100">
    <ele>687.0</ele>
   </trkpt>
   <trkpt lat="-28.5097740" lon="-65.6411870">
    <ele>687.0</ele>
   </trkpt>
   <trkpt lat="-28.5097630" lon="-65.6411630">
    <ele>687.0</ele>
   </trkpt>
   <trkpt lat="-28.5097530" lon="-65.6411400">
    <ele>688.0</ele>
   </trkpt>
   <trkpt lat="-28.5097440" lon="-65.6411170">
    <ele>688.0</ele>
   </trkpt>
   <trkpt lat="-28.5097330" lon="-65.6410930">
    <ele>688.0</ele>
   </trkpt>
   <trkpt lat="-28.5097230" lon="-65.6410680">
    <ele>688.0</ele>
   </trkpt>
   <trkpt lat="-28.5097100" lon="-65.6410460">
    <ele>688.0</ele>
   </trkpt>
   <trkpt lat="-28.5096980" lon="-65.6410240">
    <ele>688.0</ele>
   </trkpt>
   <trkpt lat="-28.5096850" lon="-65.6410020">
    <ele>688.0</ele>
   </trkpt>
   <trkpt lat="-28.5096720" lon="-65.6409810">
    <ele>688.0</ele>
   </trkpt>
   <trkpt lat="-28.5096610" lon="-65.6409600">
    <ele>688.0</ele>
   </trkpt>
   <trkpt lat="-28.5096510" lon="-65.6409380">
    <ele>688.0</ele>
   </trkpt>
   <trkpt lat="-28.5096450" lon="-65.6409180">
    <ele>689.0</ele>
   </trkpt>
   <trkpt lat="-28.5096390" lon="-65.6408970">
    <ele>689.0</ele>
   </trkpt>
   <trkpt lat="-28.5096350" lon="-65.6408760">
    <ele>689.0</ele>
   </trkpt>
   <trkpt lat="-28.5096320" lon="-65.6408550">
    <ele>690.0</ele>
   </trkpt>
   <trkpt lat="-28.5096310" lon="-65.6408330">
    <ele>690.0</ele>
   </trkpt>
   <trkpt lat="-28.5096290" lon="-65.6408110">
    <ele>691.0</ele>
   </trkpt>
   <trkpt lat="-28.5096250" lon="-65.6407900">
    <ele>691.0</ele>
   </trkpt>
   <trkpt lat="-28.5096220" lon="-65.6407690">
    <ele>691.0</ele>
   </trkpt>
   <trkpt lat="-28.5096130" lon="-65.6407490">
    <ele>691.0</ele>
   </trkpt>
   <trkpt lat="-28.5096040" lon="-65.6407290">
    <ele>691.0</ele>
   </trkpt>
   <trkpt lat="-28.5095910" lon="-65.6407090">
    <ele>692.0</ele>
   </trkpt>
   <trkpt lat="-28.5095790" lon="-65.6406890">
    <ele>692.0</ele>
   </trkpt>
   <trkpt lat="-28.5095670" lon="-65.6406660">
    <ele>692.0</ele>
   </trkpt>
   <trkpt lat="-28.5095540" lon="-65.6406430">
    <ele>692.0</ele>
   </trkpt>
   <trkpt lat="-28.5095450" lon="-65.6406180">
    <ele>692.0</ele>
   </trkpt>
   <trkpt lat="-28.5095370" lon="-65.6405940">
    <ele>693.0</ele>
   </trkpt>
   <trkpt lat="-28.5095290" lon="-65.6405700">
    <ele>693.0</ele>
   </trkpt>
   <trkpt lat="-28.5095220" lon="-65.6405470">
    <ele>693.0</ele>
   </trkpt>
   <trkpt lat="-28.5095110" lon="-65.6405270">
    <ele>693.0</ele>
   </trkpt>
   <trkpt lat="-28.5094990" lon="-65.6405080">
    <ele>693.0</ele>
   </trkpt>
   <trkpt lat="-28.5094820" lon="-65.6404940">
    <ele>694.0</ele>
   </trkpt>
   <trkpt lat="-28.5094650" lon="-65.6404800">
    <ele>694.0</ele>
   </trkpt>
   <trkpt lat="-28.5094440" lon="-65.6404690">
    <ele>694.0</ele>
   </trkpt>
   <trkpt lat="-28.5094230" lon="-65.6404580">
    <ele>694.0</ele>
   </trkpt>
   <trkpt lat="-28.5094020" lon="-65.6404470">
    <ele>694.0</ele>
   </trkpt>
   <trkpt lat="-28.5093810" lon="-65.6404350">
    <ele>695.0</ele>
   </trkpt>
   <trkpt lat="-28.5093600" lon="-65.6404220">
    <ele>695.0</ele>
   </trkpt>
   <trkpt lat="-28.5093400" lon="-65.6404100">
    <ele>695.0</ele>
   </trkpt>
   <trkpt lat="-28.5093190" lon="-65.6403980">
    <ele>695.0</ele>
   </trkpt>
   <trkpt lat="-28.5092990" lon="-65.6403860">
    <ele>695.0</ele>
   </trkpt>
   <trkpt lat="-28.5092800" lon="-65.6403710">
    <ele>695.0</ele>
   </trkpt>
   <trkpt lat="-28.5092620" lon="-65.6403570">
    <ele>695.0</ele>
   </trkpt>
   <trkpt lat="-28.5092480" lon="-65.6403370">
    <ele>695.0</ele>
   </trkpt>
   <trkpt lat="-28.5092350" lon="-65.6403170">
    <ele>695.0</ele>
   </trkpt>
   <trkpt lat="-28.5092290" lon="-65.6402930">
    <ele>695.0</ele>
   </trkpt>
   <trkpt lat="-28.5092230" lon="-65.6402690">
    <ele>696.0</ele>
   </trkpt>
   <trkpt lat="-28.5092210" lon="-65.6402430">
    <ele>696.0</ele>
   </trkpt>
   <trkpt lat="-28.5092180" lon="-65.6402180">
    <ele>696.0</ele>
   </trkpt>
   <trkpt lat="-28.5092140" lon="-65.6401940">
    <ele>696.0</ele>
   </trkpt>
   <trkpt lat="-28.5092090" lon="-65.6401710">
    <ele>696.0</ele>
   </trkpt>
   <trkpt lat="-28.5091990" lon="-65.6401520">
    <ele>697.0</ele>
   </trkpt>
   <trkpt lat="-28.5091890" lon="-65.6401320">
    <ele>697.0</ele>
   </trkpt>
   <trkpt lat="-28.5091740" lon="-65.6401160">
    <ele>697.0</ele>
   </trkpt>
   <trkpt lat="-28.5091590" lon="-65.6401000">
    <ele>698.0</ele>
   </trkpt>
   <trkpt lat="-28.5091420" lon="-65.6400850">
    <ele>698.0</ele>
   </trkpt>
   <trkpt lat="-28.5091240" lon="-65.6400700">
    <ele>699.0</ele>
   </trkpt>
   <trkpt lat="-28.5091070" lon="-65.6400560">
    <ele>699.0</ele>
   </trkpt>
   <trkpt lat="-28.5090890" lon="-65.6400420">
    <ele>699.0</ele>
   </trkpt>
   <trkpt lat="-28.5090790" lon="-65.6400360">
    <ele>699.0</ele>
   </trkpt>
   <trkpt lat="-28.5090690" lon="-65.6400300">
    <ele>699.0</ele>
   </trkpt>
   <trkpt lat="-28.5090590" lon="-65.6400240">
    <ele>699.0</ele>
   </trkpt>
   <trkpt lat="-28.5090470" lon="-65.6400210">
    <ele>699.0</ele>
   </trkpt>
   <trkpt lat="-28.5090360" lon="-65.6400180">
    <ele>699.0</ele>
   </trkpt>
   <trkpt lat="-28.5090200" lon="-65.6400150">
    <ele>699.0</ele>
   </trkpt>
   <trkpt lat="-28.5090030" lon="-65.6400120">
    <ele>699.0</ele>
   </trkpt>
   <trkpt lat="-28.5089820" lon="-65.6400070">
    <ele>700.0</ele>
   </trkpt>
   <trkpt lat="-28.5089600" lon="-65.6400030">
    <ele>700.0</ele>
   </trkpt>
   <trkpt lat="-28.5089350" lon="-65.6399950">
    <ele>700.0</ele>
   </trkpt>
   <trkpt lat="-28.5089110" lon="-65.6399870">
    <ele>700.0</ele>
   </trkpt>
   <trkpt lat="-28.5088850" lon="-65.6399790">
    <ele>700.0</ele>
   </trkpt>
   <trkpt lat="-28.5088600" lon="-65.6399710">
    <ele>700.0</ele>
   </trkpt>
   <trkpt lat="-28.5088360" lon="-65.6399640">
    <ele>700.0</ele>
   </trkpt>
   <trkpt lat="-28.5088120" lon="-65.6399580">
    <ele>700.0</ele>
   </trkpt>
   <trkpt lat="-28.5087910" lon="-65.6399460">
    <ele>700.0</ele>
   </trkpt>
   <trkpt lat="-28.5087710" lon="-65.6399350">
    <ele>700.0</ele>
   </trkpt>
   <trkpt lat="-28.5087530" lon="-65.6399240">
    <ele>701.0</ele>
   </trkpt>
   <trkpt lat="-28.5087360" lon="-65.6399120">
    <ele>701.0</ele>
   </trkpt>
   <trkpt lat="-28.5087210" lon="-65.6398980">
    <ele>701.0</ele>
   </trkpt>
   <trkpt lat="-28.5087050" lon="-65.6398850">
    <ele>702.0</ele>
   </trkpt>
   <trkpt lat="-28.5086930" lon="-65.6398670">
    <ele>702.0</ele>
   </trkpt>
   <trkpt lat="-28.5086820" lon="-65.6398500">
    <ele>703.0</ele>
   </trkpt>
   <trkpt lat="-28.5086730" lon="-65.6398310">
    <ele>703.0</ele>
   </trkpt>
   <trkpt lat="-28.5086640" lon="-65.6398130">
    <ele>703.0</ele>
   </trkpt>
   <trkpt lat="-28.5086560" lon="-65.6397940">
    <ele>703.0</ele>
   </trkpt>
   <trkpt lat="-28.5086490" lon="-65.6397760">
    <ele>703.0</ele>
   </trkpt>
   <trkpt lat="-28.5086420" lon="-65.6397590">
    <ele>704.0</ele>
   </trkpt>
   <trkpt lat="-28.5086350" lon="-65.6397410">
    <ele>704.0</ele>
   </trkpt>
   <trkpt lat="-28.5086240" lon="-65.6397250">
    <ele>704.0</ele>
   </trkpt>
   <trkpt lat="-28.5086140" lon="-65.6397080">
    <ele>705.0</ele>
   </trkpt>
   <trkpt lat="-28.5086020" lon="-65.6396890">
    <ele>705.0</ele>
   </trkpt>
   <trkpt lat="-28.5085900" lon="-65.6396700">
    <ele>706.0</ele>
   </trkpt>
   <trkpt lat="-28.5085780" lon="-65.6396480">
    <ele>706.0</ele>
   </trkpt>
   <trkpt lat="-28.5085660" lon="-65.6396270">
    <ele>706.0</ele>
   </trkpt>
   <trkpt lat="-28.5085550" lon="-65.6396050">
    <ele>706.0</ele>
   </trkpt>
   <trkpt lat="-28.5085430" lon="-65.6395820">
    <ele>706.0</ele>
   </trkpt>
   <trkpt lat="-28.5085320" lon="-65.6395600">
    <ele>707.0</ele>
   </trkpt>
   <trkpt lat="-28.5085210" lon="-65.6395380">
    <ele>707.0</ele>
   </trkpt>
   <trkpt lat="-28.5085100" lon="-65.6395190">
    <ele>707.0</ele>
   </trkpt>
   <trkpt lat="-28.5084990" lon="-65.6394990">
    <ele>708.0</ele>
   </trkpt>
   <trkpt lat="-28.5084870" lon="-65.6394850">
    <ele>708.0</ele>
   </trkpt>
   <trkpt lat="-28.5084750" lon="-65.6394710">
    <ele>709.0</ele>
   </trkpt>
   <trkpt lat="-28.5084620" lon="-65.6394600">
    <ele>709.0</ele>
   </trkpt>
   <trkpt lat="-28.5084490" lon="-65.6394500">
    <ele>709.0</ele>
   </trkpt>
   <trkpt lat="-28.5084350" lon="-65.6394390">
    <ele>709.0</ele>
   </trkpt>
   <trkpt lat="-28.5084210" lon="-65.6394280">
    <ele>709.0</ele>
   </trkpt>
   <trkpt lat="-28.5084060" lon="-65.6394150">
    <ele>710.0</ele>
   </trkpt>
   <trkpt lat="-28.5083920" lon="-65.6394030">
    <ele>710.0</ele>
   </trkpt>
   <trkpt lat="-28.5083770" lon="-65.6393880">
    <ele>710.0</ele>
   </trkpt>
   <trkpt lat="-28.5083620" lon="-65.6393740">
    <ele>711.0</ele>
   </trkpt>
   <trkpt lat="-28.5083470" lon="-65.6393580">
    <ele>711.0</ele>
   </trkpt>
   <trkpt lat="-28.5083330" lon="-65.6393420">
    <ele>712.0</ele>
   </trkpt>
   <trkpt lat="-28.5083170" lon="-65.6393270">
    <ele>712.0</ele>
   </trkpt>
   <trkpt lat="-28.5083010" lon="-65.6393110">
    <ele>712.0</ele>
   </trkpt>
   <trkpt lat="-28.5082860" lon="-65.6392940">
    <ele>712.0</ele>
   </trkpt>
   <trkpt lat="-28.5082710" lon="-65.6392770">
    <ele>712.0</ele>
   </trkpt>
   <trkpt lat="-28.5082570" lon="-65.6392590">
    <ele>713.0</ele>
   </trkpt>
   <trkpt lat="-28.5082430" lon="-65.6392400">
    <ele>713.0</ele>
   </trkpt>
   <trkpt lat="-28.5082290" lon="-65.6392180">
    <ele>713.0</ele>
   </trkpt>
   <trkpt lat="-28.5082160" lon="-65.6391970">
    <ele>713.0</ele>
   </trkpt>
   <trkpt lat="-28.5082010" lon="-65.6391750">
    <ele>713.0</ele>
   </trkpt>
   <trkpt lat="-28.5081870" lon="-65.6391540">
    <ele>714.0</ele>
   </trkpt>
   <trkpt lat="-28.5081700" lon="-65.6391370">
    <ele>714.0</ele>
   </trkpt>
   <trkpt lat="-28.5081540" lon="-65.6391210">
    <ele>714.0</ele>
   </trkpt>
   <trkpt lat="-28.5081340" lon="-65.6391120">
    <ele>714.0</ele>
   </trkpt>
   <trkpt lat="-28.5081140" lon="-65.6391030">
    <ele>714.0</ele>
   </trkpt>
   <trkpt lat="-28.5080930" lon="-65.6391000">
    <ele>715.0</ele>
   </trkpt>
   <trkpt lat="-28.5080710" lon="-65.6390970">
    <ele>715.0</ele>
   </trkpt>
   <trkpt lat="-28.5080500" lon="-65.6390950">
    <ele>715.0</ele>
   </trkpt>
   <trkpt lat="-28.5080290" lon="-65.6390930">
    <ele>715.0</ele>
   </trkpt>
   <trkpt lat="-28.5080080" lon="-65.6390890">
    <ele>715.0</ele>
   </trkpt>
   <trkpt lat="-28.5079860" lon="-65.6390860">
    <ele>716.0</ele>
   </trkpt>
   <trkpt lat="-28.5079640" lon="-65.6390830">
    <ele>716.0</ele>
   </trkpt>
   <trkpt lat="-28.5079430" lon="-65.6390810">
    <ele>716.0</ele>
   </trkpt>
   <trkpt lat="-28.5079230" lon="-65.6390780">
    <ele>716.0</ele>
   </trkpt>
   <trkpt lat="-28.5079030" lon="-65.6390760">
    <ele>716.0</ele>
   </trkpt>
   <trkpt lat="-28.5078860" lon="-65.6390730">
    <ele>717.0</ele>
   </trkpt>
   <trkpt lat="-28.5078690" lon="-65.6390710">
    <ele>717.0</ele>
   </trkpt>
   <trkpt lat="-28.5078520" lon="-65.6390690">
    <ele>717.0</ele>
   </trkpt>
   <trkpt lat="-28.5078360" lon="-65.6390670">
    <ele>718.0</ele>
   </trkpt>
   <trkpt lat="-28.5078180" lon="-65.6390600">
    <ele>718.0</ele>
   </trkpt>
   <trkpt lat="-28.5078010" lon="-65.6390530">
    <ele>719.0</ele>
   </trkpt>
   <trkpt lat="-28.5077850" lon="-65.6390400">
    <ele>719.0</ele>
   </trkpt>
   <trkpt lat="-28.5077690" lon="-65.6390280">
    <ele>719.0</ele>
   </trkpt>
   <trkpt lat="-28.5077550" lon="-65.6390130">
    <ele>719.0</ele>
   </trkpt>
   <trkpt lat="-28.5077400" lon="-65.6389990">
    <ele>719.0</ele>
   </trkpt>
   <trkpt lat="-28.5077250" lon="-65.6389860">
    <ele>720.0</ele>
   </trkpt>
   <trkpt lat="-28.5077090" lon="-65.6389730">
    <ele>720.0</ele>
   </trkpt>
   <trkpt lat="-28.5076910" lon="-65.6389640">
    <ele>720.0</ele>
   </trkpt>
   <trkpt lat="-28.5076720" lon="-65.6389550">
    <ele>720.0</ele>
   </trkpt>
   <trkpt lat="-28.5076520" lon="-65.6389520">
    <ele>720.0</ele>
   </trkpt>
   <trkpt lat="-28.5076320" lon="-65.6389490">
    <ele>721.0</ele>
   </trkpt>
   <trkpt lat="-28.5076140" lon="-65.6389500">
    <ele>721.0</ele>
   </trkpt>
   <trkpt lat="-28.5075960" lon="-65.6389510">
    <ele>721.0</ele>
   </trkpt>
   <trkpt lat="-28.5075790" lon="-65.6389540">
    <ele>722.0</ele>
   </trkpt>
   <trkpt lat="-28.5075610" lon="-65.6389560">
    <ele>722.0</ele>
   </trkpt>
   <trkpt lat="-28.5075440" lon="-65.6389590">
    <ele>723.0</ele>
   </trkpt>
   <trkpt lat="-28.5075260" lon="-65.6389620">
    <ele>723.0</ele>
   </trkpt>
   <trkpt lat="-28.5075090" lon="-65.6389650">
    <ele>723.0</ele>
   </trkpt>
   <trkpt lat="-28.5074910" lon="-65.6389680">
    <ele>723.0</ele>
   </trkpt>
   <trkpt lat="-28.5074730" lon="-65.6389680">
    <ele>723.0</ele>
   </trkpt>
   <trkpt lat="-28.5074560" lon="-65.6389680">
    <ele>724.0</ele>
   </trkpt>
   <trkpt lat="-28.5074410" lon="-65.6389600">
    <ele>724.0</ele>
   </trkpt>
   <trkpt lat="-28.5074270" lon="-65.6389520">
    <ele>724.0</ele>
   </trkpt>
   <trkpt lat="-28.5074150" lon="-65.6389390">
    <ele>725.0</ele>
   </trkpt>
   <trkpt lat="-28.5074040" lon="-65.6389270">
    <ele>725.0</ele>
   </trkpt>
   <trkpt lat="-28.5073910" lon="-65.6389140">
    <ele>726.0</ele>
   </trkpt>
   <trkpt lat="-28.5073780" lon="-65.6389010">
    <ele>726.0</ele>
   </trkpt>
   <trkpt lat="-28.5073640" lon="-65.6388860">
    <ele>726.0</ele>
   </trkpt>
   <trkpt lat="-28.5073490" lon="-65.6388720">
    <ele>726.0</ele>
   </trkpt>
   <trkpt lat="-28.5073330" lon="-65.6388560">
    <ele>726.0</ele>
   </trkpt>
   <trkpt lat="-28.5073180" lon="-65.6388400">
    <ele>727.0</ele>
   </trkpt>
   <trkpt lat="-28.5073010" lon="-65.6388240">
    <ele>727.0</ele>
   </trkpt>
   <trkpt lat="-28.5072850" lon="-65.6388080">
    <ele>727.0</ele>
   </trkpt>
   <trkpt lat="-28.5072690" lon="-65.6387910">
    <ele>727.0</ele>
   </trkpt>
   <trkpt lat="-28.5072520" lon="-65.6387730">
    <ele>727.0</ele>
   </trkpt>
   <trkpt lat="-28.5072360" lon="-65.6387550">
    <ele>728.0</ele>
   </trkpt>
   <trkpt lat="-28.5072190" lon="-65.6387370">
    <ele>728.0</ele>
   </trkpt>
   <trkpt lat="-28.5072030" lon="-65.6387200">
    <ele>728.0</ele>
   </trkpt>
   <trkpt lat="-28.5071860" lon="-65.6387030">
    <ele>728.0</ele>
   </trkpt>
   <trkpt lat="-28.5071670" lon="-65.6386910">
    <ele>728.0</ele>
   </trkpt>
   <trkpt lat="-28.5071490" lon="-65.6386790">
    <ele>729.0</ele>
   </trkpt>
   <trkpt lat="-28.5071280" lon="-65.6386700">
    <ele>729.0</ele>
   </trkpt>
   <trkpt lat="-28.5071070" lon="-65.6386610">
    <ele>729.0</ele>
   </trkpt>
   <trkpt lat="-28.5070860" lon="-65.6386510">
    <ele>730.0</ele>
   </trkpt>
   <trkpt lat="-28.5070650" lon="-65.6386420">
    <ele>730.0</ele>
   </trkpt>
   <trkpt lat="-28.5070430" lon="-65.6386340">
    <ele>731.0</ele>
   </trkpt>
   <trkpt lat="-28.5070210" lon="-65.6386260">
    <ele>731.0</ele>
   </trkpt>
   <trkpt lat="-28.5070010" lon="-65.6386190">
    <ele>731.0</ele>
   </trkpt>
   <trkpt lat="-28.5069800" lon="-65.6386120">
    <ele>731.0</ele>
   </trkpt>
   <trkpt lat="-28.5069620" lon="-65.6386040">
    <ele>731.0</ele>
   </trkpt>
   <trkpt lat="-28.5069440" lon="-65.6385960">
    <ele>732.0</ele>
   </trkpt>
   <trkpt lat="-28.5069250" lon="-65.6385860">
    <ele>732.0</ele>
   </trkpt>
   <trkpt lat="-28.5069070" lon="-65.6385770">
    <ele>732.0</ele>
   </trkpt>
   <trkpt lat="-28.5068890" lon="-65.6385680">
    <ele>732.0</ele>
   </trkpt>
   <trkpt lat="-28.5068700" lon="-65.6385580">
    <ele>732.0</ele>
   </trkpt>
   <trkpt lat="-28.5068520" lon="-65.6385490">
    <ele>733.0</ele>
   </trkpt>
   <trkpt lat="-28.5068340" lon="-65.6385390">
    <ele>733.0</ele>
   </trkpt>
   <trkpt lat="-28.5068170" lon="-65.6385270">
    <ele>733.0</ele>
   </trkpt>
   <trkpt lat="-28.5067990" lon="-65.6385140">
    <ele>733.0</ele>
   </trkpt>
   <trkpt lat="-28.5067840" lon="-65.6384970">
    <ele>733.0</ele>
   </trkpt>
   <trkpt lat="-28.5067690" lon="-65.6384810">
    <ele>734.0</ele>
   </trkpt>
   <trkpt lat="-28.5067600" lon="-65.6384590">
    <ele>734.0</ele>
   </trkpt>
   <trkpt lat="-28.5067510" lon="-65.6384380">
    <ele>734.0</ele>
   </trkpt>
   <trkpt lat="-28.5067500" lon="-65.6384140">
    <ele>734.0</ele>
   </trkpt>
   <trkpt lat="-28.5067490" lon="-65.6383910">
    <ele>734.0</ele>
   </trkpt>
   <trkpt lat="-28.5067560" lon="-65.6383680">
    <ele>735.0</ele>
   </trkpt>
   <trkpt lat="-28.5067630" lon="-65.6383450">
    <ele>735.0</ele>
   </trkpt>
   <trkpt lat="-28.5067680" lon="-65.6383230">
    <ele>735.0</ele>
   </trkpt>
   <trkpt lat="-28.5067740" lon="-65.6383010">
    <ele>736.0</ele>
   </trkpt>
   <trkpt lat="-28.5067740" lon="-65.6382780">
    <ele>736.0</ele>
   </trkpt>
   <trkpt lat="-28.5067730" lon="-65.6382550">
    <ele>737.0</ele>
   </trkpt>
   <trkpt lat="-28.5067690" lon="-65.6382330">
    <ele>737.0</ele>
   </trkpt>
   <trkpt lat="-28.5067660" lon="-65.6382110">
    <ele>737.0</ele>
   </trkpt>
   <trkpt lat="-28.5067620" lon="-65.6381880">
    <ele>737.0</ele>
   </trkpt>
   <trkpt lat="-28.5067590" lon="-65.6381660">
    <ele>737.0</ele>
   </trkpt>
   <trkpt lat="-28.5067610" lon="-65.6381450">
    <ele>738.0</ele>
   </trkpt>
   <trkpt lat="-28.5067630" lon="-65.6381230">
    <ele>738.0</ele>
   </trkpt>
   <trkpt lat="-28.5067700" lon="-65.6381030">
    <ele>738.0</ele>
   </trkpt>
   <trkpt lat="-28.5067770" lon="-65.6380840">
    <ele>738.0</ele>
   </trkpt>
   <trkpt lat="-28.5067870" lon="-65.6380670">
    <ele>738.0</ele>
   </trkpt>
   <trkpt lat="-28.5067980" lon="-65.6380500">
    <ele>739.0</ele>
   </trkpt>
   <trkpt lat="-28.5068100" lon="-65.6380340">
    <ele>739.0</ele>
   </trkpt>
   <trkpt lat="-28.5068220" lon="-65.6380190">
    <ele>739.0</ele>
   </trkpt>
   <trkpt lat="-28.5068320" lon="-65.6380020">
    <ele>740.0</ele>
   </trkpt>
   <trkpt lat="-28.5068420" lon="-65.6379860">
    <ele>740.0</ele>
   </trkpt>
   <trkpt lat="-28.5068500" lon="-65.6379700">
    <ele>741.0</ele>
   </trkpt>
   <trkpt lat="-28.5068580" lon="-65.6379540">
    <ele>741.0</ele>
   </trkpt>
   <trkpt lat="-28.5068660" lon="-65.6379400">
    <ele>741.0</ele>
   </trkpt>
   <trkpt lat="-28.5068740" lon="-65.6379260">
    <ele>741.0</ele>
   </trkpt>
   <trkpt lat="-28.5068830" lon="-65.6379170">
    <ele>741.0</ele>
   </trkpt>
   <trkpt lat="-28.5068920" lon="-65.6379070">
    <ele>742.0</ele>
   </trkpt>
   <trkpt lat="-28.5069000" lon="-65.6379000">
    <ele>742.0</ele>
   </trkpt>
   <trkpt lat="-28.5069080" lon="-65.6378930">
    <ele>742.0</ele>
   </trkpt>
   <trkpt lat="-28.5069170" lon="-65.6378860">
    <ele>742.0</ele>
   </trkpt>
   <trkpt lat="-28.5069260" lon="-65.6378800">
    <ele>742.0</ele>
   </trkpt>
   <trkpt lat="-28.5069320" lon="-65.6378740">
    <ele>743.0</ele>
   </trkpt>
   <trkpt lat="-28.5069390" lon="-65.6378670">
    <ele>743.0</ele>
   </trkpt>
   <trkpt lat="-28.5069420" lon="-65.6378570">
    <ele>743.0</ele>
   </trkpt>
   <trkpt lat="-28.5069450" lon="-65.6378460">
    <ele>744.0</ele>
   </trkpt>
   <trkpt lat="-28.5069480" lon="-65.6378330">
    <ele>744.0</ele>
   </trkpt>
   <trkpt lat="-28.5069500" lon="-65.6378200">
    <ele>745.0</ele>
   </trkpt>
   <trkpt lat="-28.5069530" lon="-65.6378070">
    <ele>745.0</ele>
   </trkpt>
   <trkpt lat="-28.5069560" lon="-65.6377930">
    <ele>745.0</ele>
   </trkpt>
   <trkpt lat="-28.5069570" lon="-65.6377810">
    <ele>745.0</ele>
   </trkpt>
   <trkpt lat="-28.5069590" lon="-65.6377700">
    <ele>745.0</ele>
   </trkpt>
   <trkpt lat="-28.5069570" lon="-65.6377590">
    <ele>746.0</ele>
   </trkpt>
   <trkpt lat="-28.5069550" lon="-65.6377490">
    <ele>746.0</ele>
   </trkpt>
   <trkpt lat="-28.5069490" lon="-65.6377420">
    <ele>746.0</ele>
   </trkpt>
   <trkpt lat="-28.5069440" lon="-65.6377350">
    <ele>746.0</ele>
   </trkpt>
   <trkpt lat="-28.5069340" lon="-65.6377350">
    <ele>746.0</ele>
   </trkpt>
   <trkpt lat="-28.5069240" lon="-65.6377340">
    <ele>747.0</ele>
   </trkpt>
   <trkpt lat="-28.5069120" lon="-65.6377380">
    <ele>747.0</ele>
   </trkpt>
   <trkpt lat="-28.5068990" lon="-65.6377410">
    <ele>747.0</ele>
   </trkpt>
   <trkpt lat="-28.5068870" lon="-65.6377420">
    <ele>747.0</ele>
   </trkpt>
   <trkpt lat="-28.5068750" lon="-65.6377420">
    <ele>747.0</ele>
   </trkpt>
   <trkpt lat="-28.5068690" lon="-65.6377330">
    <ele>748.0</ele>
   </trkpt>
   <trkpt lat="-28.5068630" lon="-65.6377250">
    <ele>748.0</ele>
   </trkpt>
   <trkpt lat="-28.5068630" lon="-65.6377100">
    <ele>748.0</ele>
   </trkpt>
   <trkpt lat="-28.5068630" lon="-65.6376960">
    <ele>749.0</ele>
   </trkpt>
   <trkpt lat="-28.5068700" lon="-65.6376810">
    <ele>749.0</ele>
   </trkpt>
   <trkpt lat="-28.5068770" lon="-65.6376670">
    <ele>750.0</ele>
   </trkpt>
   <trkpt lat="-28.5068880" lon="-65.6376540">
    <ele>750.0</ele>
   </trkpt>
   <trkpt lat="-28.5068990" lon="-65.6376410">
    <ele>750.0</ele>
   </trkpt>
   <trkpt lat="-28.5069100" lon="-65.6376300">
    <ele>750.0</ele>
   </trkpt>
   <trkpt lat="-28.5069220" lon="-65.6376200">
    <ele>750.0</ele>
   </trkpt>
   <trkpt lat="-28.5069310" lon="-65.6376090">
    <ele>751.0</ele>
   </trkpt>
   <trkpt lat="-28.5069390" lon="-65.6375990">
    <ele>751.0</ele>
   </trkpt>
   <trkpt lat="-28.5069420" lon="-65.6375880">
    <ele>751.0</ele>
   </trkpt>
   <trkpt lat="-28.5069450" lon="-65.6375770">
    <ele>752.0</ele>
   </trkpt>
   <trkpt lat="-28.5069430" lon="-65.6375660">
    <ele>752.0</ele>
   </trkpt>
   <trkpt lat="-28.5069420" lon="-65.6375550">
    <ele>753.0</ele>
   </trkpt>
   <trkpt lat="-28.5069400" lon="-65.6375430">
    <ele>753.0</ele>
   </trkpt>
   <trkpt lat="-28.5069380" lon="-65.6375310">
    <ele>753.0</ele>
   </trkpt>
   <trkpt lat="-28.5069400" lon="-65.6375170">
    <ele>753.0</ele>
   </trkpt>
   <trkpt lat="-28.5069420" lon="-65.6375040">
    <ele>753.0</ele>
   </trkpt>
   <trkpt lat="-28.5069480" lon="-65.6374910">
    <ele>754.0</ele>
   </trkpt>
   <trkpt lat="-28.5069540" lon="-65.6374780">
    <ele>754.0</ele>
   </trkpt>
   <trkpt lat="-28.5069590" lon="-65.6374650">
    <ele>754.0</ele>
   </trkpt>
   <trkpt lat="-28.5069650" lon="-65.6374530">
    <ele>755.0</ele>
   </trkpt>
   <trkpt lat="-28.5069690" lon="-65.6374390">
    <ele>755.0</ele>
   </trkpt>
   <trkpt lat="-28.5069740" lon="-65.6374260">
    <ele>756.0</ele>
   </trkpt>
   <trkpt lat="-28.5069770" lon="-65.6374130">
    <ele>756.0</ele>
   </trkpt>
   <trkpt lat="-28.5069800" lon="-65.6374000">
    <ele>756.0</ele>
   </trkpt>
   <trkpt lat="-28.5069820" lon="-65.6373880">
    <ele>756.0</ele>
   </trkpt>
   <trkpt lat="-28.5069840" lon="-65.6373760">
    <ele>756.0</ele>
   </trkpt>
   <trkpt lat="-28.5069840" lon="-65.6373650">
    <ele>757.0</ele>
   </trkpt>
   <trkpt lat="-28.5069830" lon="-65.6373540">
    <ele>757.0</ele>
   </trkpt>
   <trkpt lat="-28.5069790" lon="-65.6373460">
    <ele>757.0</ele>
   </trkpt>
   <trkpt lat="-28.5069740" lon="-65.6373380">
    <ele>758.0</ele>
   </trkpt>
   <trkpt lat="-28.5069640" lon="-65.6373350">
    <ele>758.0</ele>
   </trkpt>
   <trkpt lat="-28.5069540" lon="-65.6373320">
    <ele>759.0</ele>
   </trkpt>
   <trkpt lat="-28.5069420" lon="-65.6373310">
    <ele>759.0</ele>
   </trkpt>
   <trkpt lat="-28.5069290" lon="-65.6373290">
    <ele>759.0</ele>
   </trkpt>
   <trkpt lat="-28.5069180" lon="-65.6373230">
    <ele>759.0</ele>
   </trkpt>
   <trkpt lat="-28.5069070" lon="-65.6373180">
    <ele>759.0</ele>
   </trkpt>
   <trkpt lat="-28.5069000" lon="-65.6373070">
    <ele>760.0</ele>
   </trkpt>
   <trkpt lat="-28.5068920" lon="-65.6372970">
    <ele>760.0</ele>
   </trkpt>
   <trkpt lat="-28.5068860" lon="-65.6372870">
    <ele>760.0</ele>
   </trkpt>
   <trkpt lat="-28.5068800" lon="-65.6372770">
    <ele>760.0</ele>
   </trkpt>
   <trkpt lat="-28.5068740" lon="-65.6372660">
    <ele>760.0</ele>
   </trkpt>
   <trkpt lat="-28.5068670" lon="-65.6372550">
    <ele>761.0</ele>
   </trkpt>
   <trkpt lat="-28.5068640" lon="-65.6372410">
    <ele>761.0</ele>
   </trkpt>
   <trkpt lat="-28.5068600" lon="-65.6372280">
    <ele>761.0</ele>
   </trkpt>
   <trkpt lat="-28.5068630" lon="-65.6372140">
    <ele>762.0</ele>
   </trkpt>
   <trkpt lat="-28.5068660" lon="-65.6371990">
    <ele>762.0</ele>
   </trkpt>
   <trkpt lat="-28.5068730" lon="-65.6371850">
    <ele>763.0</ele>
   </trkpt>
   <trkpt lat="-28.5068800" lon="-65.6371710">
    <ele>763.0</ele>
   </trkpt>
   <trkpt lat="-28.5068870" lon="-65.6371580">
    <ele>763.0</ele>
   </trkpt>
   <trkpt lat="-28.5068940" lon="-65.6371440">
    <ele>763.0</ele>
   </trkpt>
   <trkpt lat="-28.5069010" lon="-65.6371320">
    <ele>763.0</ele>
   </trkpt>
   <trkpt lat="-28.5069070" lon="-65.6371200">
    <ele>764.0</ele>
   </trkpt>
   <trkpt lat="-28.5069170" lon="-65.6371100">
    <ele>764.0</ele>
   </trkpt>
   <trkpt lat="-28.5069260" lon="-65.6371010">
    <ele>764.0</ele>
   </trkpt>
   <trkpt lat="-28.5069380" lon="-65.6370960">
    <ele>764.0</ele>
   </trkpt>
   <trkpt lat="-28.5069510" lon="-65.6370900">
    <ele>764.0</ele>
   </trkpt>
   <trkpt lat="-28.5069650" lon="-65.6370840">
    <ele>765.0</ele>
   </trkpt>
   <trkpt lat="-28.5069800" lon="-65.6370770">
    <ele>765.0</ele>
   </trkpt>
   <trkpt lat="-28.5069950" lon="-65.6370690">
    <ele>765.0</ele>
   </trkpt>
   <trkpt lat="-28.5070100" lon="-65.6370600">
    <ele>766.0</ele>
   </trkpt>
   <trkpt lat="-28.5070270" lon="-65.6370510">
    <ele>766.0</ele>
   </trkpt>
   <trkpt lat="-28.5070440" lon="-65.6370420">
    <ele>767.0</ele>
   </trkpt>
   <trkpt lat="-28.5070620" lon="-65.6370330">
    <ele>767.0</ele>
   </trkpt>
   <trkpt lat="-28.5070800" lon="-65.6370230">
    <ele>767.0</ele>
   </trkpt>
   <trkpt lat="-28.5070980" lon="-65.6370120">
    <ele>767.0</ele>
   </trkpt>
   <trkpt lat="-28.5071160" lon="-65.6370020">
    <ele>767.0</ele>
   </trkpt>
   <trkpt lat="-28.5071350" lon="-65.6369920">
    <ele>768.0</ele>
   </trkpt>
   <trkpt lat="-28.5071540" lon="-65.6369830">
    <ele>768.0</ele>
   </trkpt>
   <trkpt lat="-28.5071740" lon="-65.6369760">
    <ele>768.0</ele>
   </trkpt>
   <trkpt lat="-28.5071940" lon="-65.6369690">
    <ele>768.0</ele>
   </trkpt>
   <trkpt lat="-28.5072140" lon="-65.6369650">
    <ele>768.0</ele>
   </trkpt>
   <trkpt lat="-28.5072350" lon="-65.6369620">
    <ele>769.0</ele>
   </trkpt>
   <trkpt lat="-28.5072550" lon="-65.6369620">
    <ele>769.0</ele>
   </trkpt>
   <trkpt lat="-28.5072760" lon="-65.6369630">
    <ele>769.0</ele>
   </trkpt>
   <trkpt lat="-28.5072970" lon="-65.6369650">
    <ele>769.0</ele>
   </trkpt>
   <trkpt lat="-28.5073180" lon="-65.6369680">
    <ele>769.0</ele>
   </trkpt>
   <trkpt lat="-28.5073380" lon="-65.6369680">
    <ele>770.0</ele>
   </trkpt>
   <trkpt lat="-28.5073580" lon="-65.6369690">
    <ele>770.0</ele>
   </trkpt>
   <trkpt lat="-28.5073770" lon="-65.6369680">
    <ele>770.0</ele>
   </trkpt>
   <trkpt lat="-28.5073960" lon="-65.6369670">
    <ele>771.0</ele>
   </trkpt>
   <trkpt lat="-28.5074120" lon="-65.6369680">
    <ele>771.0</ele>
   </trkpt>
   <trkpt lat="-28.5074280" lon="-65.6369690">
    <ele>772.0</ele>
   </trkpt>
   <trkpt lat="-28.5074410" lon="-65.6369730">
    <ele>772.0</ele>
   </trkpt>
   <trkpt lat="-28.5074550" lon="-65.6369760">
    <ele>772.0</ele>
   </trkpt>
   <trkpt lat="-28.5074670" lon="-65.6369820">
    <ele>772.0</ele>
   </trkpt>
   <trkpt lat="-28.5074800" lon="-65.6369870">
    <ele>772.0</ele>
   </trkpt>
   <trkpt lat="-28.5074910" lon="-65.6369950">
    <ele>773.0</ele>
   </trkpt>
   <trkpt lat="-28.5075020" lon="-65.6370020">
    <ele>773.0</ele>
   </trkpt>
   <trkpt lat="-28.5075130" lon="-65.6370070">
    <ele>773.0</ele>
   </trkpt>
   <trkpt lat="-28.5075240" lon="-65.6370130">
    <ele>773.0</ele>
   </trkpt>
   <trkpt lat="-28.5075350" lon="-65.6370150">
    <ele>773.0</ele>
   </trkpt>
   <trkpt lat="-28.5075470" lon="-65.6370170">
    <ele>774.0</ele>
   </trkpt>
   <trkpt lat="-28.5075580" lon="-65.6370180">
    <ele>774.0</ele>
   </trkpt>
   <trkpt lat="-28.5075700" lon="-65.6370180">
    <ele>774.0</ele>
   </trkpt>
   <trkpt lat="-28.5075820" lon="-65.6370160">
    <ele>774.0</ele>
   </trkpt>
   <trkpt lat="-28.5075940" lon="-65.6370140">
    <ele>774.0</ele>
   </trkpt>
   <trkpt lat="-28.5076050" lon="-65.6370130">
    <ele>775.0</ele>
   </trkpt>
   <trkpt lat="-28.5076170" lon="-65.6370120">
    <ele>775.0</ele>
   </trkpt>
   <trkpt lat="-28.5076280" lon="-65.6370110">
    <ele>775.0</ele>
   </trkpt>
   <trkpt lat="-28.5076390" lon="-65.6370110">
    <ele>776.0</ele>
   </trkpt>
   <trkpt lat="-28.5076480" lon="-65.6370090">
    <ele>776.0</ele>
   </trkpt>
   <trkpt lat="-28.5076580" lon="-65.6370070">
    <ele>777.0</ele>
   </trkpt>
   <trkpt lat="-28.5076670" lon="-65.6370010">
    <ele>777.0</ele>
   </trkpt>
   <trkpt lat="-28.5076750" lon="-65.6369950">
    <ele>777.0</ele>
   </trkpt>
   <trkpt lat="-28.5076850" lon="-65.6369860">
    <ele>777.0</ele>
   </trkpt>
   <trkpt lat="-28.5076940" lon="-65.6369760">
    <ele>777.0</ele>
   </trkpt>
   <trkpt lat="-28.5077030" lon="-65.6369680">
    <ele>778.0</ele>
   </trkpt>
   <trkpt lat="-28.5077120" lon="-65.6369600">
    <ele>778.0</ele>
   </trkpt>
   <trkpt lat="-28.5077230" lon="-65.6369530">
    <ele>778.0</ele>
   </trkpt>
   <trkpt lat="-28.5077330" lon="-65.6369460">
    <ele>779.0</ele>
   </trkpt>
   <trkpt lat="-28.5077440" lon="-65.6369400">
    <ele>779.0</ele>
   </trkpt>
   <trkpt lat="-28.5077550" lon="-65.6369340">
    <ele>780.0</ele>
   </trkpt>
   <trkpt lat="-28.5077630" lon="-65.6369270">
    <ele>780.0</ele>
   </trkpt>
   <trkpt lat="-28.5077710" lon="-65.6369200">
    <ele>780.0</ele>
   </trkpt>
   <trkpt lat="-28.5077780" lon="-65.6369120">
    <ele>780.0</ele>
   </trkpt>
   <trkpt lat="-28.5077850" lon="-65.6369030">
    <ele>780.0</ele>
   </trkpt>
   <trkpt lat="-28.5077910" lon="-65.6368950">
    <ele>781.0</ele>
   </trkpt>
   <trkpt lat="-28.5077970" lon="-65.6368870">
    <ele>781.0</ele>
   </trkpt>
   <trkpt lat="-28.5078050" lon="-65.6368810">
    <ele>781.0</ele>
   </trkpt>
   <trkpt lat="-28.5078120" lon="-65.6368750">
    <ele>782.0</ele>
   </trkpt>
   <trkpt lat="-28.5078210" lon="-65.6368760">
    <ele>782.0</ele>
   </trkpt>
   <trkpt lat="-28.5078290" lon="-65.6368780">
    <ele>783.0</ele>
   </trkpt>
   <trkpt lat="-28.5078350" lon="-65.6368890">
    <ele>783.0</ele>
   </trkpt>
   <trkpt lat="-28.5078420" lon="-65.6369000">
    <ele>783.0</ele>
   </trkpt>
   <trkpt lat="-28.5078440" lon="-65.6369160">
    <ele>783.0</ele>
   </trkpt>
   <trkpt lat="-28.5078470" lon="-65.6369320">
    <ele>783.0</ele>
   </trkpt>
   <trkpt lat="-28.5078490" lon="-65.6369480">
    <ele>784.0</ele>
   </trkpt>
   <trkpt lat="-28.5078520" lon="-65.6369640">
    <ele>784.0</ele>
   </trkpt>
   <trkpt lat="-28.5078590" lon="-65.6369760">
    <ele>784.0</ele>
   </trkpt>
   <trkpt lat="-28.5078670" lon="-65.6369890">
    <ele>784.0</ele>
   </trkpt>
   <trkpt lat="-28.5078790" lon="-65.6369940">
    <ele>784.0</ele>
   </trkpt>
   <trkpt lat="-28.5078910" lon="-65.6369990">
    <ele>785.0</ele>
   </trkpt>
   <trkpt lat="-28.5079030" lon="-65.6369980">
    <ele>785.0</ele>
   </trkpt>
   <trkpt lat="-28.5079150" lon="-65.6369970">
    <ele>785.0</ele>
   </trkpt>
   <trkpt lat="-28.5079250" lon="-65.6369980">
    <ele>786.0</ele>
   </trkpt>
   <trkpt lat="-28.5079360" lon="-65.6370000">
    <ele>786.0</ele>
   </trkpt>
   <trkpt lat="-28.5079410" lon="-65.6370080">
    <ele>787.0</ele>
   </trkpt>
   <trkpt lat="-28.5079470" lon="-65.6370160">
    <ele>787.0</ele>
   </trkpt>
   <trkpt lat="-28.5079490" lon="-65.6370290">
    <ele>787.0</ele>
   </trkpt>
   <trkpt lat="-28.5079520" lon="-65.6370420">
    <ele>787.0</ele>
   </trkpt>
   <trkpt lat="-28.5079540" lon="-65.6370570">
    <ele>787.0</ele>
   </trkpt>
   <trkpt lat="-28.5079560" lon="-65.6370710">
    <ele>788.0</ele>
   </trkpt>
   <trkpt lat="-28.5079600" lon="-65.6370850">
    <ele>788.0</ele>
   </trkpt>
   <trkpt lat="-28.5079650" lon="-65.6370980">
    <ele>788.0</ele>
   </trkpt>
   <trkpt lat="-28.5079690" lon="-65.6371110">
    <ele>788.0</ele>
   </trkpt>
   <trkpt lat="-28.5079730" lon="-65.6371230">
    <ele>788.0</ele>
   </trkpt>
   <trkpt lat="-28.5079780" lon="-65.6371340">
    <ele>789.0</ele>
   </trkpt>
   <trkpt lat="-28.5079830" lon="-65.6371450">
    <ele>789.0</ele>
   </trkpt>
   <trkpt lat="-28.5079900" lon="-65.6371510">
    <ele>789.0</ele>
   </trkpt>
   <trkpt lat="-28.5079980" lon="-65.6371570">
    <ele>790.0</ele>
   </trkpt>
   <trkpt lat="-28.5080080" lon="-65.6371540">
    <ele>790.0</ele>
   </trkpt>
   <trkpt lat="-28.5080180" lon="-65.6371510">
    <ele>791.0</ele>
   </trkpt>
   <trkpt lat="-28.5080280" lon="-65.6371420">
    <ele>791.0</ele>
   </trkpt>
   <trkpt lat="-28.5080380" lon="-65.6371330">
    <ele>791.0</ele>
   </trkpt>
   <trkpt lat="-28.5080450" lon="-65.6371200">
    <ele>791.0</ele>
   </trkpt>
   <trkpt lat="-28.5080510" lon="-65.6371070">
    <ele>791.0</ele>
   </trkpt>
   <trkpt lat="-28.5080540" lon="-65.6370920">
    <ele>792.0</ele>
   </trkpt>
   <trkpt lat="-28.5080560" lon="-65.6370760">
    <ele>792.0</ele>
   </trkpt>
   <trkpt lat="-28.5080550" lon="-65.6370600">
    <ele>792.0</ele>
   </trkpt>
   <trkpt lat="-28.5080550" lon="-65.6370450">
    <ele>792.0</ele>
   </trkpt>
   <trkpt lat="-28.5080560" lon="-65.6370300">
    <ele>792.0</ele>
   </trkpt>
   <trkpt lat="-28.5080570" lon="-65.6370160">
    <ele>793.0</ele>
   </trkpt>
   <trkpt lat="-28.5080640" lon="-65.6370060">
    <ele>793.0</ele>
   </trkpt>
   <trkpt lat="-28.5080710" lon="-65.6369960">
    <ele>793.0</ele>
   </trkpt>
   <trkpt lat="-28.5080810" lon="-65.6369970">
    <ele>794.0</ele>
   </trkpt>
   <trkpt lat="-28.5080920" lon="-65.6369980">
    <ele>794.0</ele>
   </trkpt>
   <trkpt lat="-28.5081000" lon="-65.6370090">
    <ele>795.0</ele>
   </trkpt>
   <trkpt lat="-28.5081090" lon="-65.6370200">
    <ele>795.0</ele>
   </trkpt>
   <trkpt lat="-28.5081150" lon="-65.6370320">
    <ele>795.0</ele>
   </trkpt>
   <trkpt lat="-28.5081220" lon="-65.6370450">
    <ele>795.0</ele>
   </trkpt>
   <trkpt lat="-28.5081280" lon="-65.6370550">
    <ele>795.0</ele>
   </trkpt>
   <trkpt lat="-28.5081340" lon="-65.6370660">
    <ele>796.0</ele>
   </trkpt>
   <trkpt lat="-28.5081410" lon="-65.6370750">
    <ele>796.0</ele>
   </trkpt>
   <trkpt lat="-28.5081480" lon="-65.6370840">
    <ele>796.0</ele>
   </trkpt>
   <trkpt lat="-28.5081560" lon="-65.6370890">
    <ele>797.0</ele>
   </trkpt>
   <trkpt lat="-28.5081650" lon="-65.6370950">
    <ele>797.0</ele>
   </trkpt>
   <trkpt lat="-28.5081740" lon="-65.6370960">
    <ele>798.0</ele>
   </trkpt>
   <trkpt lat="-28.5081840" lon="-65.6370960">
    <ele>798.0</ele>
   </trkpt>
   <trkpt lat="-28.5081920" lon="-65.6370900">
    <ele>798.0</ele>
   </trkpt>
   <trkpt lat="-28.5082010" lon="-65.6370830">
    <ele>798.0</ele>
   </trkpt>
   <trkpt lat="-28.5082070" lon="-65.6370730">
    <ele>798.0</ele>
   </trkpt>
   <trkpt lat="-28.5082140" lon="-65.6370620">
    <ele>799.0</ele>
   </trkpt>
   <trkpt lat="-28.5082200" lon="-65.6370500">
    <ele>799.0</ele>
   </trkpt>
   <trkpt lat="-28.5082260" lon="-65.6370390">
    <ele>799.0</ele>
   </trkpt>
   <trkpt lat="-28.5082330" lon="-65.6370320">
    <ele>800.0</ele>
   </trkpt>
   <trkpt lat="-28.5082400" lon="-65.6370260">
    <ele>800.0</ele>
   </trkpt>
   <trkpt lat="-28.5082490" lon="-65.6370250">
    <ele>801.0</ele>
   </trkpt>
   <trkpt lat="-28.5082580" lon="-65.6370240">
    <ele>801.0</ele>
   </trkpt>
   <trkpt lat="-28.5082660" lon="-65.6370230">
    <ele>801.0</ele>
   </trkpt>
   <trkpt lat="-28.5082750" lon="-65.6370220">
    <ele>801.0</ele>
   </trkpt>
   <trkpt lat="-28.5082790" lon="-65.6370160">
    <ele>801.0</ele>
   </trkpt>
   <trkpt lat="-28.5082830" lon="-65.6370110">
    <ele>802.0</ele>
   </trkpt>
   <trkpt lat="-28.5082800" lon="-65.6370030">
    <ele>802.0</ele>
   </trkpt>
   <trkpt lat="-28.5082770" lon="-65.6369950">
    <ele>802.0</ele>
   </trkpt>
   <trkpt lat="-28.5082690" lon="-65.6369870">
    <ele>802.0</ele>
   </trkpt>
   <trkpt lat="-28.5082620" lon="-65.6369790">
    <ele>802.0</ele>
   </trkpt>
   <trkpt lat="-28.5082540" lon="-65.6369680">
    <ele>803.0</ele>
   </trkpt>
   <trkpt lat="-28.5082470" lon="-65.6369580">
    <ele>803.0</ele>
   </trkpt>
   <trkpt lat="-28.5082410" lon="-65.6369460">
    <ele>803.0</ele>
   </trkpt>
   <trkpt lat="-28.5082350" lon="-65.6369340">
    <ele>804.0</ele>
   </trkpt>
   <trkpt lat="-28.5082320" lon="-65.6369190">
    <ele>804.0</ele>
   </trkpt>
   <trkpt lat="-28.5082290" lon="-65.6369050">
    <ele>805.0</ele>
   </trkpt>
   <trkpt lat="-28.5082320" lon="-65.6368920">
    <ele>805.0</ele>
   </trkpt>
   <trkpt lat="-28.5082340" lon="-65.6368800">
    <ele>805.0</ele>
   </trkpt>
   <trkpt lat="-28.5082430" lon="-65.6368730">
    <ele>805.0</ele>
   </trkpt>
   <trkpt lat="-28.5082510" lon="-65.6368670">
    <ele>805.0</ele>
   </trkpt>
   <trkpt lat="-28.5082620" lon="-65.6368660">
    <ele>806.0</ele>
   </trkpt>
   <trkpt lat="-28.5082730" lon="-65.6368650">
    <ele>806.0</ele>
   </trkpt>
   <trkpt lat="-28.5082860" lon="-65.6368670">
    <ele>806.0</ele>
   </trkpt>
   <trkpt lat="-28.5082980" lon="-65.6368690">
    <ele>806.0</ele>
   </trkpt>
   <trkpt lat="-28.5083100" lon="-65.6368750">
    <ele>806.0</ele>
   </trkpt>
   <trkpt lat="-28.5083220" lon="-65.6368810">
    <ele>807.0</ele>
   </trkpt>
   <trkpt lat="-28.5083320" lon="-65.6368900">
    <ele>807.0</ele>
   </trkpt>
   <trkpt lat="-28.5083410" lon="-65.6369000">
    <ele>807.0</ele>
   </trkpt>
   <trkpt lat="-28.5083450" lon="-65.6369130">
    <ele>807.0</ele>
   </trkpt>
   <trkpt lat="-28.5083490" lon="-65.6369260">
    <ele>807.0</ele>
   </trkpt>
   <trkpt lat="-28.5083520" lon="-65.6369390">
    <ele>808.0</ele>
   </trkpt>
   <trkpt lat="-28.5083540" lon="-65.6369520">
    <ele>808.0</ele>
   </trkpt>
   <trkpt lat="-28.5083600" lon="-65.6369630">
    <ele>808.0</ele>
   </trkpt>
   <trkpt lat="-28.5083660" lon="-65.6369730">
    <ele>809.0</ele>
   </trkpt>
   <trkpt lat="-28.5083750" lon="-65.6369790">
    <ele>809.0</ele>
   </trkpt>
   <trkpt lat="-28.5083840" lon="-65.6369850">
    <ele>810.0</ele>
   </trkpt>
   <trkpt lat="-28.5083930" lon="-65.6369860">
    <ele>810.0</ele>
   </trkpt>
   <trkpt lat="-28.5084030" lon="-65.6369870">
    <ele>810.0</ele>
   </trkpt>
   <trkpt lat="-28.5084120" lon="-65.6369840">
    <ele>810.0</ele>
   </trkpt>
   <trkpt lat="-28.5084210" lon="-65.6369820">
    <ele>810.0</ele>
   </trkpt>
   <trkpt lat="-28.5084290" lon="-65.6369740">
    <ele>811.0</ele>
   </trkpt>
   <trkpt lat="-28.5084360" lon="-65.6369670">
    <ele>811.0</ele>
   </trkpt>
   <trkpt lat="-28.5084420" lon="-65.6369560">
    <ele>811.0</ele>
   </trkpt>
   <trkpt lat="-28.5084470" lon="-65.6369450">
    <ele>812.0</ele>
   </trkpt>
   <trkpt lat="-28.5084510" lon="-65.6369370">
    <ele>812.0</ele>
   </trkpt>
   <trkpt lat="-28.5084550" lon="-65.6369290">
    <ele>813.0</ele>
   </trkpt>
   <trkpt lat="-28.5084590" lon="-65.6369200">
    <ele>813.0</ele>
   </trkpt>
   <trkpt lat="-28.5084650" lon="-65.6369140">
    <ele>813.0</ele>
   </trkpt>
   <trkpt lat="-28.5084700" lon="-65.6369080">
    <ele>813.0</ele>
   </trkpt>
   <trkpt lat="-28.5084760" lon="-65.6369110">
    <ele>813.0</ele>
   </trkpt>
   <trkpt lat="-28.5084820" lon="-65.6369140">
    <ele>814.0</ele>
   </trkpt>
   <trkpt lat="-28.5084860" lon="-65.6369270">
    <ele>814.0</ele>
   </trkpt>
   <trkpt lat="-28.5084910" lon="-65.6369390">
    <ele>814.0</ele>
   </trkpt>
   <trkpt lat="-28.5084920" lon="-65.6369540">
    <ele>814.0</ele>
   </trkpt>
   <trkpt lat="-28.5084930" lon="-65.6369700">
    <ele>814.0</ele>
   </trkpt>
   <trkpt lat="-28.5084900" lon="-65.6369840">
    <ele>815.0</ele>
   </trkpt>
   <trkpt lat="-28.5084870" lon="-65.6369990">
    <ele>815.0</ele>
   </trkpt>
   <trkpt lat="-28.5084820" lon="-65.6370120">
    <ele>815.0</ele>
   </trkpt>
   <trkpt lat="-28.5084770" lon="-65.6370250">
    <ele>816.0</ele>
   </trkpt>
   <trkpt lat="-28.5084730" lon="-65.6370380">
    <ele>816.0</ele>
   </trkpt>
   <trkpt lat="-28.5084690" lon="-65.6370510">
    <ele>817.0</ele>
   </trkpt>
   <trkpt lat="-28.5084640" lon="-65.6370630">
    <ele>817.0</ele>
   </trkpt>
   <trkpt lat="-28.5084600" lon="-65.6370760">
    <ele>817.0</ele>
   </trkpt>
   <trkpt lat="-28.5084570" lon="-65.6370890">
    <ele>817.0</ele>
   </trkpt>
   <trkpt lat="-28.5084530" lon="-65.6371020">
    <ele>817.0</ele>
   </trkpt>
   <trkpt lat="-28.5084530" lon="-65.6371150">
    <ele>818.0</ele>
   </trkpt>
   <trkpt lat="-28.5084520" lon="-65.6371280">
    <ele>818.0</ele>
   </trkpt>
   <trkpt lat="-28.5084540" lon="-65.6371390">
    <ele>818.0</ele>
   </trkpt>
   <trkpt lat="-28.5084560" lon="-65.6371490">
    <ele>818.0</ele>
   </trkpt>
   <trkpt lat="-28.5084590" lon="-65.6371570">
    <ele>818.0</ele>
   </trkpt>
   <trkpt lat="-28.5084630" lon="-65.6371660">
    <ele>819.0</ele>
   </trkpt>
   <trkpt lat="-28.5084700" lon="-65.6371730">
    <ele>819.0</ele>
   </trkpt>
   <trkpt lat="-28.5084770" lon="-65.6371810">
    <ele>819.0</ele>
   </trkpt>
   <trkpt lat="-28.5084850" lon="-65.6371880">
    <ele>819.0</ele>
   </trkpt>
   <trkpt lat="-28.5084930" lon="-65.6371960">
    <ele>819.0</ele>
   </trkpt>
   <trkpt lat="-28.5085010" lon="-65.6372020">
    <ele>820.0</ele>
   </trkpt>
   <trkpt lat="-28.5085090" lon="-65.6372080">
    <ele>820.0</ele>
   </trkpt>
   <trkpt lat="-28.5085170" lon="-65.6372120">
    <ele>820.0</ele>
   </trkpt>
   <trkpt lat="-28.5085250" lon="-65.6372150">
    <ele>821.0</ele>
   </trkpt>
   <trkpt lat="-28.5085340" lon="-65.6372140">
    <ele>821.0</ele>
   </trkpt>
   <trkpt lat="-28.5085430" lon="-65.6372130">
    <ele>822.0</ele>
   </trkpt>
   <trkpt lat="-28.5085530" lon="-65.6372070">
    <ele>822.0</ele>
   </trkpt>
   <trkpt lat="-28.5085620" lon="-65.6372020">
    <ele>822.0</ele>
   </trkpt>
   <trkpt lat="-28.5085680" lon="-65.6371930">
    <ele>822.0</ele>
   </trkpt>
   <trkpt lat="-28.5085740" lon="-65.6371840">
    <ele>822.0</ele>
   </trkpt>
   <trkpt lat="-28.5085730" lon="-65.6371730">
    <ele>823.0</ele>
   </trkpt>
   <trkpt lat="-28.5085730" lon="-65.6371620">
    <ele>823.0</ele>
   </trkpt>
   <trkpt lat="-28.5085690" lon="-65.6371490">
    <ele>823.0</ele>
   </trkpt>
   <trkpt lat="-28.5085660" lon="-65.6371360">
    <ele>823.0</ele>
   </trkpt>
   <trkpt lat="-28.5085640" lon="-65.6371210">
    <ele>823.0</ele>
   </trkpt>
   <trkpt lat="-28.5085610" lon="-65.6371070">
    <ele>824.0</ele>
   </trkpt>
   <trkpt lat="-28.5085610" lon="-65.6370920">
    <ele>824.0</ele>
   </trkpt>
   <trkpt lat="-28.5085610" lon="-65.6370760">
    <ele>824.0</ele>
   </trkpt>
   <trkpt lat="-28.5085650" lon="-65.6370630">
    <ele>825.0</ele>
   </trkpt>
   <trkpt lat="-28.5085680" lon="-65.6370500">
    <ele>825.0</ele>
   </trkpt>
   <trkpt lat="-28.5085750" lon="-65.6370400">
    <ele>826.0</ele>
   </trkpt>
   <trkpt lat="-28.5085830" lon="-65.6370300">
    <ele>826.0</ele>
   </trkpt>
   <trkpt lat="-28.5085940" lon="-65.6370260">
    <ele>826.0</ele>
   </trkpt>
   <trkpt lat="-28.5086060" lon="-65.6370210">
    <ele>826.0</ele>
   </trkpt>
   <trkpt lat="-28.5086170" lon="-65.6370250">
    <ele>826.0</ele>
   </trkpt>
   <trkpt lat="-28.5086280" lon="-65.6370290">
    <ele>827.0</ele>
   </trkpt>
   <trkpt lat="-28.5086360" lon="-65.6370390">
    <ele>827.0</ele>
   </trkpt>
   <trkpt lat="-28.5086450" lon="-65.6370480">
    <ele>827.0</ele>
   </trkpt>
   <trkpt lat="-28.5086520" lon="-65.6370580">
    <ele>827.0</ele>
   </trkpt>
   <trkpt lat="-28.5086600" lon="-65.6370680">
    <ele>827.0</ele>
   </trkpt>
   <trkpt lat="-28.5086680" lon="-65.6370750">
    <ele>828.0</ele>
   </trkpt>
   <trkpt lat="-28.5086760" lon="-65.6370820">
    <ele>828.0</ele>
   </trkpt>
   <trkpt lat="-28.5086850" lon="-65.6370860">
    <ele>828.0</ele>
   </trkpt>
   <trkpt lat="-28.5086950" lon="-65.6370900">
    <ele>829.0</ele>
   </trkpt>
   <trkpt lat="-28.5087050" lon="-65.6370940">
    <ele>829.0</ele>
   </trkpt>
   <trkpt lat="-28.5087160" lon="-65.6370980">
    <ele>830.0</ele>
   </trkpt>
   <trkpt lat="-28.5087270" lon="-65.6371030">
    <ele>830.0</ele>
   </trkpt>
   <trkpt lat="-28.5087370" lon="-65.6371080">
    <ele>830.0</ele>
   </trkpt>
   <trkpt lat="-28.5087480" lon="-65.6371130">
    <ele>831.0</ele>
   </trkpt>
   <trkpt lat="-28.5087580" lon="-65.6371170">
    <ele>831.0</ele>
   </trkpt>
   <trkpt lat="-28.5087680" lon="-65.6371220">
    <ele>832.0</ele>
   </trkpt>
   <trkpt lat="-28.5087790" lon="-65.6371260">
    <ele>832.0</ele>
   </trkpt>
   <trkpt lat="-28.5087910" lon="-65.6371290">
    <ele>832.0</ele>
   </trkpt>
   <trkpt lat="-28.5088030" lon="-65.6371330">
    <ele>832.0</ele>
   </trkpt>
   <trkpt lat="-28.5088150" lon="-65.6371330">
    <ele>832.0</ele>
   </trkpt>
   <trkpt lat="-28.5088270" lon="-65.6371340">
    <ele>833.0</ele>
   </trkpt>
   <trkpt lat="-28.5088370" lon="-65.6371310">
    <ele>833.0</ele>
   </trkpt>
   <trkpt lat="-28.5088480" lon="-65.6371280">
    <ele>833.0</ele>
   </trkpt>
   <trkpt lat="-28.5088550" lon="-65.6371220">
    <ele>834.0</ele>
   </trkpt>
   <trkpt lat="-28.5088620" lon="-65.6371160">
    <ele>834.0</ele>
   </trkpt>
   <trkpt lat="-28.5088640" lon="-65.6371070">
    <ele>835.0</ele>
   </trkpt>
   <trkpt lat="-28.5088660" lon="-65.6370980">
    <ele>835.0</ele>
   </trkpt>
   <trkpt lat="-28.5088640" lon="-65.6370880">
    <ele>835.0</ele>
   </trkpt>
   <trkpt lat="-28.5088620" lon="-65.6370770">
    <ele>835.0</ele>
   </trkpt>
   <trkpt lat="-28.5088560" lon="-65.6370690">
    <ele>835.0</ele>
   </trkpt>
   <trkpt lat="-28.5088500" lon="-65.6370610">
    <ele>836.0</ele>
   </trkpt>
   <trkpt lat="-28.5088390" lon="-65.6370570">
    <ele>836.0</ele>
   </trkpt>
   <trkpt lat="-28.5088280" lon="-65.6370520">
    <ele>836.0</ele>
   </trkpt>
   <trkpt lat="-28.5088150" lon="-65.6370470">
    <ele>836.0</ele>
   </trkpt>
   <trkpt lat="-28.5088030" lon="-65.6370420">
    <ele>836.0</ele>
   </trkpt>
   <trkpt lat="-28.5087910" lon="-65.6370330">
    <ele>837.0</ele>
   </trkpt>
   <trkpt lat="-28.5087800" lon="-65.6370240">
    <ele>837.0</ele>
   </trkpt>
   <trkpt lat="-28.5087700" lon="-65.6370130">
    <ele>837.0</ele>
   </trkpt>
   <trkpt lat="-28.5087600" lon="-65.6370010">
    <ele>838.0</ele>
   </trkpt>
   <trkpt lat="-28.5087500" lon="-65.6369870">
    <ele>838.0</ele>
   </trkpt>
   <trkpt lat="-28.5087400" lon="-65.6369730">
    <ele>839.0</ele>
   </trkpt>
   <trkpt lat="-28.5087340" lon="-65.6369560">
    <ele>839.0</ele>
   </trkpt>
   <trkpt lat="-28.5087280" lon="-65.6369390">
    <ele>839.0</ele>
   </trkpt>
   <trkpt lat="-28.5087320" lon="-65.6369220">
    <ele>839.0</ele>
   </trkpt>
   <trkpt lat="-28.5087350" lon="-65.6369050">
    <ele>839.0</ele>
   </trkpt>
   <trkpt lat="-28.5087470" lon="-65.6368920">
    <ele>840.0</ele>
   </trkpt>
   <trkpt lat="-28.5087590" lon="-65.6368780">
    <ele>840.0</ele>
   </trkpt>
   <trkpt lat="-28.5087740" lon="-65.6368650">
    <ele>840.0</ele>
   </trkpt>
   <trkpt lat="-28.5087880" lon="-65.6368530">
    <ele>841.0</ele>
   </trkpt>
   <trkpt lat="-28.5088020" lon="-65.6368410">
    <ele>841.0</ele>
   </trkpt>
   <trkpt lat="-28.5088160" lon="-65.6368300">
    <ele>842.0</ele>
   </trkpt>
   <trkpt lat="-28.5088260" lon="-65.6368280">
    <ele>842.0</ele>
   </trkpt>
   <trkpt lat="-28.5088360" lon="-65.6368260">
    <ele>842.0</ele>
   </trkpt>
   <trkpt lat="-28.5088420" lon="-65.6368340">
    <ele>842.0</ele>
   </trkpt>
   <trkpt lat="-28.5088480" lon="-65.6368420">
    <ele>842.0</ele>
   </trkpt>
   <trkpt lat="-28.5088530" lon="-65.6368560">
    <ele>843.0</ele>
   </trkpt>
   <trkpt lat="-28.5088580" lon="-65.6368710">
    <ele>843.0</ele>
   </trkpt>
   <trkpt lat="-28.5088600" lon="-65.6368860">
    <ele>843.0</ele>
   </trkpt>
   <trkpt lat="-28.5088620" lon="-65.6369010">
    <ele>844.0</ele>
   </trkpt>
   <trkpt lat="-28.5088620" lon="-65.6369150">
    <ele>844.0</ele>
   </trkpt>
   <trkpt lat="-28.5088620" lon="-65.6369290">
    <ele>845.0</ele>
   </trkpt>
   <trkpt lat="-28.5088650" lon="-65.6369380">
    <ele>845.0</ele>
   </trkpt>
   <trkpt lat="-28.5088680" lon="-65.6369470">
    <ele>845.0</ele>
   </trkpt>
   <trkpt lat="-28.5088750" lon="-65.6369510">
    <ele>845.0</ele>
   </trkpt>
   <trkpt lat="-28.5088810" lon="-65.6369560">
    <ele>845.0</ele>
   </trkpt>
   <trkpt lat="-28.5088910" lon="-65.6369580">
    <ele>846.0</ele>
   </trkpt>
   <trkpt lat="-28.5089000" lon="-65.6369590">
    <ele>846.0</ele>
   </trkpt>
   <trkpt lat="-28.5089090" lon="-65.6369560">
    <ele>846.0</ele>
   </trkpt>
   <trkpt lat="-28.5089180" lon="-65.6369530">
    <ele>846.0</ele>
   </trkpt>
   <trkpt lat="-28.5089200" lon="-65.6369450">
    <ele>846.0</ele>
   </trkpt>
   <trkpt lat="-28.5089230" lon="-65.6369360">
    <ele>847.0</ele>
   </trkpt>
   <trkpt lat="-28.5089220" lon="-65.6369250">
    <ele>847.0</ele>
   </trkpt>
   <trkpt lat="-28.5089210" lon="-65.6369140">
    <ele>847.0</ele>
   </trkpt>
   <trkpt lat="-28.5089230" lon="-65.6369040">
    <ele>847.0</ele>
   </trkpt>
   <trkpt lat="-28.5089260" lon="-65.6368950">
    <ele>847.0</ele>
   </trkpt>
   <trkpt lat="-28.5089350" lon="-65.6368920">
    <ele>848.0</ele>
   </trkpt>
   <trkpt lat="-28.5089430" lon="-65.6368900">
    <ele>848.0</ele>
   </trkpt>
   <trkpt lat="-28.5089530" lon="-65.6368940">
    <ele>848.0</ele>
   </trkpt>
   <trkpt lat="-28.5089640" lon="-65.6368980">
    <ele>849.0</ele>
   </trkpt>
   <trkpt lat="-28.5089730" lon="-65.6369060">
    <ele>849.0</ele>
   </trkpt>
   <trkpt lat="-28.5089820" lon="-65.6369150">
    <ele>850.0</ele>
   </trkpt>
   <trkpt lat="-28.5089900" lon="-65.6369260">
    <ele>850.0</ele>
   </trkpt>
   <trkpt lat="-28.5089970" lon="-65.6369370">
    <ele>850.0</ele>
   </trkpt>
   <trkpt lat="-28.5090040" lon="-65.6369480">
    <ele>850.0</ele>
   </trkpt>
   <trkpt lat="-28.5090110" lon="-65.6369590">
    <ele>850.0</ele>
   </trkpt>
   <trkpt lat="-28.5090210" lon="-65.6369660">
    <ele>851.0</ele>
   </trkpt>
   <trkpt lat="-28.5090300" lon="-65.6369730">
    <ele>851.0</ele>
   </trkpt>
   <trkpt lat="-28.5090410" lon="-65.6369770">
    <ele>851.0</ele>
   </trkpt>
   <trkpt lat="-28.5090520" lon="-65.6369810">
    <ele>851.0</ele>
   </trkpt>
   <trkpt lat="-28.5090640" lon="-65.6369820">
    <ele>851.0</ele>
   </trkpt>
   <trkpt lat="-28.5090750" lon="-65.6369840">
    <ele>852.0</ele>
   </trkpt>
   <trkpt lat="-28.5090850" lon="-65.6369840">
    <ele>852.0</ele>
   </trkpt>
   <trkpt lat="-28.5090950" lon="-65.6369840">
    <ele>852.0</ele>
   </trkpt>
   <trkpt lat="-28.5091060" lon="-65.6369840">
    <ele>852.0</ele>
   </trkpt>
   <trkpt lat="-28.5091170" lon="-65.6369850">
    <ele>852.0</ele>
   </trkpt>
   <trkpt lat="-28.5091270" lon="-65.6369890">
    <ele>853.0</ele>
   </trkpt>
   <trkpt lat="-28.5091370" lon="-65.6369930">
    <ele>853.0</ele>
   </trkpt>
   <trkpt lat="-28.5091450" lon="-65.6370000">
    <ele>853.0</ele>
   </trkpt>
   <trkpt lat="-28.5091530" lon="-65.6370080">
    <ele>854.0</ele>
   </trkpt>
   <trkpt lat="-28.5091590" lon="-65.6370140">
    <ele>854.0</ele>
   </trkpt>
   <trkpt lat="-28.5091640" lon="-65.6370200">
    <ele>855.0</ele>
   </trkpt>
   <trkpt lat="-28.5091690" lon="-65.6370260">
    <ele>855.0</ele>
   </trkpt>
   <trkpt lat="-28.5091750" lon="-65.6370370">
    <ele>855.0</ele>
   </trkpt>
   <trkpt lat="-28.5091800" lon="-65.6370470">
    <ele>855.0</ele>
   </trkpt>
   <trkpt lat="-28.5091850" lon="-65.6370570">
    <ele>855.0</ele>
   </trkpt>
   <trkpt lat="-28.5091900" lon="-65.6370680">
    <ele>856.0</ele>
   </trkpt>
   <trkpt lat="-28.5091970" lon="-65.6370770">
    <ele>856.0</ele>
   </trkpt>
   <trkpt lat="-28.5092040" lon="-65.6370870">
    <ele>856.0</ele>
   </trkpt>
   <trkpt lat="-28.5092130" lon="-65.6370940">
    <ele>856.0</ele>
   </trkpt>
   <trkpt lat="-28.5092220" lon="-65.6371020">
    <ele>856.0</ele>
   </trkpt>
   <trkpt lat="-28.5092330" lon="-65.6371060">
    <ele>857.0</ele>
   </trkpt>
   <trkpt lat="-28.5092430" lon="-65.6371100">
    <ele>857.0</ele>
   </trkpt>
   <trkpt lat="-28.5092530" lon="-65.6371120">
    <ele>857.0</ele>
   </trkpt>
   <trkpt lat="-28.5092640" lon="-65.6371150">
    <ele>858.0</ele>
   </trkpt>
   <trkpt lat="-28.5092740" lon="-65.6371190">
    <ele>858.0</ele>
   </trkpt>
   <trkpt lat="-28.5092840" lon="-65.6371230">
    <ele>859.0</ele>
   </trkpt>
   <trkpt lat="-28.5092950" lon="-65.6371240">
    <ele>859.0</ele>
   </trkpt>
   <trkpt lat="-28.5093060" lon="-65.6371250">
    <ele>859.0</ele>
   </trkpt>
   <trkpt lat="-28.5093160" lon="-65.6371210">
    <ele>859.0</ele>
   </trkpt>
   <trkpt lat="-28.5093260" lon="-65.6371180">
    <ele>859.0</ele>
   </trkpt>
   <trkpt lat="-28.5093350" lon="-65.6371110">
    <ele>860.0</ele>
   </trkpt>
   <trkpt lat="-28.5093440" lon="-65.6371040">
    <ele>860.0</ele>
   </trkpt>
   <trkpt lat="-28.5093530" lon="-65.6371000">
    <ele>860.0</ele>
   </trkpt>
   <trkpt lat="-28.5093630" lon="-65.6370950">
    <ele>860.0</ele>
   </trkpt>
   <trkpt lat="-28.5093740" lon="-65.6370920">
    <ele>860.0</ele>
   </trkpt>
   <trkpt lat="-28.5093860" lon="-65.6370890">
    <ele>861.0</ele>
   </trkpt>
   <trkpt lat="-28.5093970" lon="-65.6370850">
    <ele>861.0</ele>
   </trkpt>
   <trkpt lat="-28.5094080" lon="-65.6370800">
    <ele>861.0</ele>
   </trkpt>
   <trkpt lat="-28.5094170" lon="-65.6370720">
    <ele>862.0</ele>
   </trkpt>
   <trkpt lat="-28.5094260" lon="-65.6370650">
    <ele>862.0</ele>
   </trkpt>
   <trkpt lat="-28.5094300" lon="-65.6370560">
    <ele>863.0</ele>
   </trkpt>
   <trkpt lat="-28.5094330" lon="-65.6370470">
    <ele>863.0</ele>
   </trkpt>
   <trkpt lat="-28.5094290" lon="-65.6370390">
    <ele>863.0</ele>
   </trkpt>
   <trkpt lat="-28.5094250" lon="-65.6370310">
    <ele>863.0</ele>
   </trkpt>
   <trkpt lat="-28.5094150" lon="-65.6370280">
    <ele>863.0</ele>
   </trkpt>
   <trkpt lat="-28.5094060" lon="-65.6370240">
    <ele>864.0</ele>
   </trkpt>
   <trkpt lat="-28.5093940" lon="-65.6370260">
    <ele>864.0</ele>
   </trkpt>
   <trkpt lat="-28.5093820" lon="-65.6370270">
    <ele>864.0</ele>
   </trkpt>
   <trkpt lat="-28.5093690" lon="-65.6370330">
    <ele>865.0</ele>
   </trkpt>
   <trkpt lat="-28.5093560" lon="-65.6370390">
    <ele>865.0</ele>
   </trkpt>
   <trkpt lat="-28.5093420" lon="-65.6370400">
    <ele>866.0</ele>
   </trkpt>
   <trkpt lat="-28.5093280" lon="-65.6370410">
    <ele>866.0</ele>
   </trkpt>
   <trkpt lat="-28.5093160" lon="-65.6370330">
    <ele>866.0</ele>
   </trkpt>
   <trkpt lat="-28.5093050" lon="-65.6370260">
    <ele>866.0</ele>
   </trkpt>
   <trkpt lat="-28.5092960" lon="-65.6370150">
    <ele>866.0</ele>
   </trkpt>
   <trkpt lat="-28.5092880" lon="-65.6370050">
    <ele>867.0</ele>
   </trkpt>
   <trkpt lat="-28.5092810" lon="-65.6369950">
    <ele>867.0</ele>
   </trkpt>
   <trkpt lat="-28.5092740" lon="-65.6369850">
    <ele>867.0</ele>
   </trkpt>
   <trkpt lat="-28.5092660" lon="-65.6369740">
    <ele>867.0</ele>
   </trkpt>
   <trkpt lat="-28.5092590" lon="-65.6369630">
    <ele>867.0</ele>
   </trkpt>
   <trkpt lat="-28.5092520" lon="-65.6369510">
    <ele>868.0</ele>
   </trkpt>
   <trkpt lat="-28.5092450" lon="-65.6369380">
    <ele>868.0</ele>
   </trkpt>
   <trkpt lat="-28.5092400" lon="-65.6369250">
    <ele>868.0</ele>
   </trkpt>
   <trkpt lat="-28.5092340" lon="-65.6369120">
    <ele>868.0</ele>
   </trkpt>
   <trkpt lat="-28.5092300" lon="-65.6368990">
    <ele>868.0</ele>
   </trkpt>
   <trkpt lat="-28.5092250" lon="-65.6368860">
    <ele>869.0</ele>
   </trkpt>
   <trkpt lat="-28.5092210" lon="-65.6368730">
    <ele>869.0</ele>
   </trkpt>
   <trkpt lat="-28.5092170" lon="-65.6368610">
    <ele>869.0</ele>
   </trkpt>
   <trkpt lat="-28.5092160" lon="-65.6368480">
    <ele>869.0</ele>
   </trkpt>
   <trkpt lat="-28.5092140" lon="-65.6368360">
    <ele>869.0</ele>
   </trkpt>
   <trkpt lat="-28.5092190" lon="-65.6368250">
    <ele>870.0</ele>
   </trkpt>
   <trkpt lat="-28.5092240" lon="-65.6368150">
    <ele>870.0</ele>
   </trkpt>
   <trkpt lat="-28.5092340" lon="-65.6368110">
    <ele>870.0</ele>
   </trkpt>
   <trkpt lat="-28.5092440" lon="-65.6368070">
    <ele>870.0</ele>
   </trkpt>
   <trkpt lat="-28.5092550" lon="-65.6368110">
    <ele>870.0</ele>
   </trkpt>
   <trkpt lat="-28.5092660" lon="-65.6368150">
    <ele>871.0</ele>
   </trkpt>
   <trkpt lat="-28.5092760" lon="-65.6368250">
    <ele>871.0</ele>
   </trkpt>
   <trkpt lat="-28.5092870" lon="-65.6368340">
    <ele>871.0</ele>
   </trkpt>
   <trkpt lat="-28.5092960" lon="-65.6368440">
    <ele>872.0</ele>
   </trkpt>
   <trkpt lat="-28.5093060" lon="-65.6368530">
    <ele>872.0</ele>
   </trkpt>
   <trkpt lat="-28.5093160" lon="-65.6368580">
    <ele>873.0</ele>
   </trkpt>
   <trkpt lat="-28.5093260" lon="-65.6368620">
    <ele>873.0</ele>
   </trkpt>
   <trkpt lat="-28.5093360" lon="-65.6368600">
    <ele>873.0</ele>
   </trkpt>
   <trkpt lat="-28.5093460" lon="-65.6368590">
    <ele>873.0</ele>
   </trkpt>
   <trkpt lat="-28.5093560" lon="-65.6368520">
    <ele>873.0</ele>
   </trkpt>
   <trkpt lat="-28.5093660" lon="-65.6368460">
    <ele>874.0</ele>
   </trkpt>
   <trkpt lat="-28.5093760" lon="-65.6368380">
    <ele>874.0</ele>
   </trkpt>
   <trkpt lat="-28.5093860" lon="-65.6368300">
    <ele>874.0</ele>
   </trkpt>
   <trkpt lat="-28.5093970" lon="-65.6368270">
    <ele>874.0</ele>
   </trkpt>
   <trkpt lat="-28.5094090" lon="-65.6368230">
    <ele>874.0</ele>
   </trkpt>
   <trkpt lat="-28.5094220" lon="-65.6368250">
    <ele>875.0</ele>
   </trkpt>
   <trkpt lat="-28.5094340" lon="-65.6368260">
    <ele>875.0</ele>
   </trkpt>
   <trkpt lat="-28.5094460" lon="-65.6368310">
    <ele>875.0</ele>
   </trkpt>
   <trkpt lat="-28.5094570" lon="-65.6368370">
    <ele>875.0</ele>
   </trkpt>
   <trkpt lat="-28.5094670" lon="-65.6368430">
    <ele>875.0</ele>
   </trkpt>
   <trkpt lat="-28.5094770" lon="-65.6368490">
    <ele>876.0</ele>
   </trkpt>
   <trkpt lat="-28.5094870" lon="-65.6368520">
    <ele>876.0</ele>
   </trkpt>
   <trkpt lat="-28.5094970" lon="-65.6368560">
    <ele>876.0</ele>
   </trkpt>
   <trkpt lat="-28.5095040" lon="-65.6368520">
    <ele>876.0</ele>
   </trkpt>
   <trkpt lat="-28.5095110" lon="-65.6368490">
    <ele>876.0</ele>
   </trkpt>
   <trkpt lat="-28.5095120" lon="-65.6368390">
    <ele>877.0</ele>
   </trkpt>
   <trkpt lat="-28.5095140" lon="-65.6368300">
    <ele>877.0</ele>
   </trkpt>
   <trkpt lat="-28.5095110" lon="-65.6368160">
    <ele>877.0</ele>
   </trkpt>
   <trkpt lat="-28.5095080" lon="-65.6368020">
    <ele>878.0</ele>
   </trkpt>
   <trkpt lat="-28.5094990" lon="-65.6367870">
    <ele>878.0</ele>
   </trkpt>
   <trkpt lat="-28.5094910" lon="-65.6367720">
    <ele>879.0</ele>
   </trkpt>
   <trkpt lat="-28.5094800" lon="-65.6367560">
    <ele>879.0</ele>
   </trkpt>
   <trkpt lat="-28.5094690" lon="-65.6367400">
    <ele>879.0</ele>
   </trkpt>
   <trkpt lat="-28.5094680" lon="-65.6367230">
    <ele>880.0</ele>
   </trkpt>
   <trkpt lat="-28.5094660" lon="-65.6367070">
    <ele>880.0</ele>
   </trkpt>
   <trkpt lat="-28.5094780" lon="-65.6366990">
    <ele>881.0</ele>
   </trkpt>
   <trkpt lat="-28.5094900" lon="-65.6366910">
    <ele>881.0</ele>
   </trkpt>
   <trkpt lat="-28.5095090" lon="-65.6366880">
    <ele>881.0</ele>
   </trkpt>
   <trkpt lat="-28.5095280" lon="-65.6366850">
    <ele>881.0</ele>
   </trkpt>
   <trkpt lat="-28.5095460" lon="-65.6366790">
    <ele>881.0</ele>
   </trkpt>
   <trkpt lat="-28.5095650" lon="-65.6366740">
    <ele>882.0</ele>
   </trkpt>
   <trkpt lat="-28.5095760" lon="-65.6366620">
    <ele>882.0</ele>
   </trkpt>
   <trkpt lat="-28.5095870" lon="-65.6366510">
    <ele>882.0</ele>
   </trkpt>
   <trkpt lat="-28.5095840" lon="-65.6366360">
    <ele>883.0</ele>
   </trkpt>
   <trkpt lat="-28.5095820" lon="-65.6366210">
    <ele>883.0</ele>
   </trkpt>
   <trkpt lat="-28.5095690" lon="-65.6366080">
    <ele>884.0</ele>
   </trkpt>
   <trkpt lat="-28.5095550" lon="-65.6365960">
    <ele>884.0</ele>
   </trkpt>
   <trkpt lat="-28.5095380" lon="-65.6365860">
    <ele>884.0</ele>
   </trkpt>
   <trkpt lat="-28.5095200" lon="-65.6365770">
    <ele>885.0</ele>
   </trkpt>
   <trkpt lat="-28.5095020" lon="-65.6365730">
    <ele>885.0</ele>
   </trkpt>
   <trkpt lat="-28.5094840" lon="-65.6365700">
    <ele>886.0</ele>
   </trkpt>
   <trkpt lat="-28.5094660" lon="-65.6365670">
    <ele>886.0</ele>
   </trkpt>
   <trkpt lat="-28.5094490" lon="-65.6365640">
    <ele>886.0</ele>
   </trkpt>
   <trkpt lat="-28.5094370" lon="-65.6365550">
    <ele>886.0</ele>
   </trkpt>
   <trkpt lat="-28.5094250" lon="-65.6365460">
    <ele>886.0</ele>
   </trkpt>
   <trkpt lat="-28.5094220" lon="-65.6365320">
    <ele>887.0</ele>
   </trkpt>
   <trkpt lat="-28.5094190" lon="-65.6365190">
    <ele>887.0</ele>
   </trkpt>
   <trkpt lat="-28.5094210" lon="-65.6365040">
    <ele>887.0</ele>
   </trkpt>
   <trkpt lat="-28.5094240" lon="-65.6364900">
    <ele>887.0</ele>
   </trkpt>
   <trkpt lat="-28.5094280" lon="-65.6364750">
    <ele>887.0</ele>
   </trkpt>
   <trkpt lat="-28.5094310" lon="-65.6364600">
    <ele>888.0</ele>
   </trkpt>
   <trkpt lat="-28.5094310" lon="-65.6364480">
    <ele>888.0</ele>
   </trkpt>
   <trkpt lat="-28.5094310" lon="-65.6364360">
    <ele>888.0</ele>
   </trkpt>
   <trkpt lat="-28.5094270" lon="-65.6364260">
    <ele>888.0</ele>
   </trkpt>
   <trkpt lat="-28.5094220" lon="-65.6364160">
    <ele>888.0</ele>
   </trkpt>
   <trkpt lat="-28.5094120" lon="-65.6364120">
    <ele>889.0</ele>
   </trkpt>
   <trkpt lat="-28.5094030" lon="-65.6364080">
    <ele>889.0</ele>
   </trkpt>
   <trkpt lat="-28.5093890" lon="-65.6364060">
    <ele>889.0</ele>
   </trkpt>
   <trkpt lat="-28.5093760" lon="-65.6364050">
    <ele>890.0</ele>
   </trkpt>
   <trkpt lat="-28.5093640" lon="-65.6364030">
    <ele>890.0</ele>
   </trkpt>
   <trkpt lat="-28.5093510" lon="-65.6364010">
    <ele>891.0</ele>
   </trkpt>
   <trkpt lat="-28.5093430" lon="-65.6363930">
    <ele>891.0</ele>
   </trkpt>
   <trkpt lat="-28.5093340" lon="-65.6363850">
    <ele>891.0</ele>
   </trkpt>
   <trkpt lat="-28.5093270" lon="-65.6363760">
    <ele>891.0</ele>
   </trkpt>
   <trkpt lat="-28.5093200" lon="-65.6363670">
    <ele>891.0</ele>
   </trkpt>
   <trkpt lat="-28.5093140" lon="-65.6363550">
    <ele>892.0</ele>
   </trkpt>
   <trkpt lat="-28.5093080" lon="-65.6363440">
    <ele>892.0</ele>
   </trkpt>
   <trkpt lat="-28.5093050" lon="-65.6363300">
    <ele>892.0</ele>
   </trkpt>
   <trkpt lat="-28.5093010" lon="-65.6363150">
    <ele>892.0</ele>
   </trkpt>
   <trkpt lat="-28.5093040" lon="-65.6363020">
    <ele>892.0</ele>
   </trkpt>
   <trkpt lat="-28.5093060" lon="-65.6362880">
    <ele>893.0</ele>
   </trkpt>
   <trkpt lat="-28.5093140" lon="-65.6362780">
    <ele>893.0</ele>
   </trkpt>
   <trkpt lat="-28.5093230" lon="-65.6362680">
    <ele>893.0</ele>
   </trkpt>
   <trkpt lat="-28.5093350" lon="-65.6362640">
    <ele>894.0</ele>
   </trkpt>
   <trkpt lat="-28.5093470" lon="-65.6362610">
    <ele>894.0</ele>
   </trkpt>
   <trkpt lat="-28.5093580" lon="-65.6362600">
    <ele>895.0</ele>
   </trkpt>
   <trkpt lat="-28.5093690" lon="-65.6362600">
    <ele>895.0</ele>
   </trkpt>
   <trkpt lat="-28.5093800" lon="-65.6362640">
    <ele>895.0</ele>
   </trkpt>
   <trkpt lat="-28.5093910" lon="-65.6362680">
    <ele>895.0</ele>
   </trkpt>
   <trkpt lat="-28.5094020" lon="-65.6362730">
    <ele>895.0</ele>
   </trkpt>
   <trkpt lat="-28.5094130" lon="-65.6362770">
    <ele>896.0</ele>
   </trkpt>
   <trkpt lat="-28.5094240" lon="-65.6362800">
    <ele>896.0</ele>
   </trkpt>
   <trkpt lat="-28.5094350" lon="-65.6362820">
    <ele>896.0</ele>
   </trkpt>
   <trkpt lat="-28.5094480" lon="-65.6362840">
    <ele>896.0</ele>
   </trkpt>
   <trkpt lat="-28.5094600" lon="-65.6362860">
    <ele>896.0</ele>
   </trkpt>
   <trkpt lat="-28.5094710" lon="-65.6362860">
    <ele>897.0</ele>
   </trkpt>
   <trkpt lat="-28.5094820" lon="-65.6362860">
    <ele>897.0</ele>
   </trkpt>
   <trkpt lat="-28.5094920" lon="-65.6362830">
    <ele>897.0</ele>
   </trkpt>
   <trkpt lat="-28.5095030" lon="-65.6362810">
    <ele>897.0</ele>
   </trkpt>
   <trkpt lat="-28.5095130" lon="-65.6362750">
    <ele>897.0</ele>
   </trkpt>
   <trkpt lat="-28.5095230" lon="-65.6362690">
    <ele>898.0</ele>
   </trkpt>
   <trkpt lat="-28.5095340" lon="-65.6362640">
    <ele>898.0</ele>
   </trkpt>
   <trkpt lat="-28.5095440" lon="-65.6362580">
    <ele>898.0</ele>
   </trkpt>
   <trkpt lat="-28.5095550" lon="-65.6362520">
    <ele>899.0</ele>
   </trkpt>
   <trkpt lat="-28.5095660" lon="-65.6362470">
    <ele>899.0</ele>
   </trkpt>
   <trkpt lat="-28.5095780" lon="-65.6362420">
    <ele>900.0</ele>
   </trkpt>
   <trkpt lat="-28.5095900" lon="-65.6362360">
    <ele>900.0</ele>
   </trkpt>
   <trkpt lat="-28.5096000" lon="-65.6362300">
    <ele>900.0</ele>
   </trkpt>
   <trkpt lat="-28.5096100" lon="-65.6362230">
    <ele>900.0</ele>
   </trkpt>
   <trkpt lat="-28.5096140" lon="-65.6362140">
    <ele>900.0</ele>
   </trkpt>
   <trkpt lat="-28.5096170" lon="-65.6362050">
    <ele>901.0</ele>
   </trkpt>
   <trkpt lat="-28.5096130" lon="-65.6361940">
    <ele>901.0</ele>
   </trkpt>
   <trkpt lat="-28.5096090" lon="-65.6361830">
    <ele>901.0</ele>
   </trkpt>
   <trkpt lat="-28.5095960" lon="-65.6361760">
    <ele>902.0</ele>
   </trkpt>
   <trkpt lat="-28.5095840" lon="-65.6361700">
    <ele>902.0</ele>
   </trkpt>
   <trkpt lat="-28.5095680" lon="-65.6361680">
    <ele>903.0</ele>
   </trkpt>
   <trkpt lat="-28.5095510" lon="-65.6361660">
    <ele>903.0</ele>
   </trkpt>
   <trkpt lat="-28.5095350" lon="-65.6361630">
    <ele>903.0</ele>
   </trkpt>
   <trkpt lat="-28.5095190" lon="-65.6361610">
    <ele>904.0</ele>
   </trkpt>
   <trkpt lat="-28.5095100" lon="-65.6361500">
    <ele>904.0</ele>
   </trkpt>
   <trkpt lat="-28.5095020" lon="-65.6361400">
    <ele>905.0</ele>
   </trkpt>
   <trkpt lat="-28.5095060" lon="-65.6361270">
    <ele>905.0</ele>
   </trkpt>
   <trkpt lat="-28.5095100" lon="-65.6361140">
    <ele>905.0</ele>
   </trkpt>
   <trkpt lat="-28.5095230" lon="-65.6361040">
    <ele>906.0</ele>
   </trkpt>
   <trkpt lat="-28.5095350" lon="-65.6360950">
    <ele>906.0</ele>
   </trkpt>
   <trkpt lat="-28.5095520" lon="-65.6360930">
    <ele>907.0</ele>
   </trkpt>
   <trkpt lat="-28.5095690" lon="-65.6360900">
    <ele>907.0</ele>
   </trkpt>
   <trkpt lat="-28.5095880" lon="-65.6360920">
    <ele>907.0</ele>
   </trkpt>
   <trkpt lat="-28.5096060" lon="-65.6360940">
    <ele>907.0</ele>
   </trkpt>
   <trkpt lat="-28.5096230" lon="-65.6360930">
    <ele>907.0</ele>
   </trkpt>
   <trkpt lat="-28.5096400" lon="-65.6360920">
    <ele>908.0</ele>
   </trkpt>
   <trkpt lat="-28.5096510" lon="-65.6360830">
    <ele>908.0</ele>
   </trkpt>
   <trkpt lat="-28.5096630" lon="-65.6360740">
    <ele>908.0</ele>
   </trkpt>
   <trkpt lat="-28.5096710" lon="-65.6360610">
    <ele>909.0</ele>
   </trkpt>
   <trkpt lat="-28.5096790" lon="-65.6360480">
    <ele>909.0</ele>
   </trkpt>
   <trkpt lat="-28.5096860" lon="-65.6360360">
    <ele>910.0</ele>
   </trkpt>
   <trkpt lat="-28.5096930" lon="-65.6360250">
    <ele>910.0</ele>
   </trkpt>
   <trkpt lat="-28.5096990" lon="-65.6360150">
    <ele>910.0</ele>
   </trkpt>
   <trkpt lat="-28.5097040" lon="-65.6360040">
    <ele>910.0</ele>
   </trkpt>
   <trkpt lat="-28.5097050" lon="-65.6359960">
    <ele>910.0</ele>
   </trkpt>
   <trkpt lat="-28.5097050" lon="-65.6359880">
    <ele>911.0</ele>
   </trkpt>
   <trkpt lat="-28.5096990" lon="-65.6359830">
    <ele>911.0</ele>
   </trkpt>
   <trkpt lat="-28.5096930" lon="-65.6359770">
    <ele>911.0</ele>
   </trkpt>
   <trkpt lat="-28.5096830" lon="-65.6359720">
    <ele>911.0</ele>
   </trkpt>
   <trkpt lat="-28.5096730" lon="-65.6359680">
    <ele>911.0</ele>
   </trkpt>
   <trkpt lat="-28.5096640" lon="-65.6359640">
    <ele>912.0</ele>
   </trkpt>
   <trkpt lat="-28.5096540" lon="-65.6359600">
    <ele>912.0</ele>
   </trkpt>
   <trkpt lat="-28.5096440" lon="-65.6359600">
    <ele>912.0</ele>
   </trkpt>
   <trkpt lat="-28.5096340" lon="-65.6359610">
    <ele>913.0</ele>
   </trkpt>
   <trkpt lat="-28.5096250" lon="-65.6359670">
    <ele>913.0</ele>
   </trkpt>
   <trkpt lat="-28.5096160" lon="-65.6359730">
    <ele>914.0</ele>
   </trkpt>
   <trkpt lat="-28.5096080" lon="-65.6359810">
    <ele>914.0</ele>
   </trkpt>
   <trkpt lat="-28.5096000" lon="-65.6359890">
    <ele>914.0</ele>
   </trkpt>
   <trkpt lat="-28.5095910" lon="-65.6359950">
    <ele>915.0</ele>
   </trkpt>
   <trkpt lat="-28.5095820" lon="-65.6360010">
    <ele>915.0</ele>
   </trkpt>
   <trkpt lat="-28.5095720" lon="-65.6360050">
    <ele>916.0</ele>
   </trkpt>
   <trkpt lat="-28.5095620" lon="-65.6360090">
    <ele>916.0</ele>
   </trkpt>
   <trkpt lat="-28.5095500" lon="-65.6360100">
    <ele>916.0</ele>
   </trkpt>
   <trkpt lat="-28.5095380" lon="-65.6360110">
    <ele>916.0</ele>
   </trkpt>
   <trkpt lat="-28.5095270" lon="-65.6360080">
    <ele>916.0</ele>
   </trkpt>
   <trkpt lat="-28.5095160" lon="-65.6360050">
    <ele>917.0</ele>
   </trkpt>
   <trkpt lat="-28.5095060" lon="-65.6359980">
    <ele>917.0</ele>
   </trkpt>
   <trkpt lat="-28.5094960" lon="-65.6359920">
    <ele>917.0</ele>
   </trkpt>
   <trkpt lat="-28.5094870" lon="-65.6359840">
    <ele>917.0</ele>
   </trkpt>
   <trkpt lat="-28.5094770" lon="-65.6359760">
    <ele>917.0</ele>
   </trkpt>
   <trkpt lat="-28.5094670" lon="-65.6359660">
    <ele>918.0</ele>
   </trkpt>
   <trkpt lat="-28.5094580" lon="-65.6359570">
    <ele>918.0</ele>
   </trkpt>
   <trkpt lat="-28.5094480" lon="-65.6359470">
    <ele>918.0</ele>
   </trkpt>
   <trkpt lat="-28.5094380" lon="-65.6359370">
    <ele>918.0</ele>
   </trkpt>
   <trkpt lat="-28.5094310" lon="-65.6359280">
    <ele>918.0</ele>
   </trkpt>
   <trkpt lat="-28.5094250" lon="-65.6359190">
    <ele>919.0</ele>
   </trkpt>
   <trkpt lat="-28.5094270" lon="-65.6359100">
    <ele>919.0</ele>
   </trkpt>
   <trkpt lat="-28.5094290" lon="-65.6359020">
    <ele>919.0</ele>
   </trkpt>
   <trkpt lat="-28.5094360" lon="-65.6358930">
    <ele>920.0</ele>
   </trkpt>
   <trkpt lat="-28.5094430" lon="-65.6358840">
    <ele>920.0</ele>
   </trkpt>
   <trkpt lat="-28.5094510" lon="-65.6358740">
    <ele>921.0</ele>
   </trkpt>
   <trkpt lat="-28.5094600" lon="-65.6358640">
    <ele>921.0</ele>
   </trkpt>
   <trkpt lat="-28.5094680" lon="-65.6358560">
    <ele>921.0</ele>
   </trkpt>
   <trkpt lat="-28.5094750" lon="-65.6358470">
    <ele>921.0</ele>
   </trkpt>
   <trkpt lat="-28.5094840" lon="-65.6358440">
    <ele>921.0</ele>
   </trkpt>
   <trkpt lat="-28.5094920" lon="-65.6358420">
    <ele>922.0</ele>
   </trkpt>
   <trkpt lat="-28.5095010" lon="-65.6358420">
    <ele>922.0</ele>
   </trkpt>
   <trkpt lat="-28.5095110" lon="-65.6358430">
    <ele>922.0</ele>
   </trkpt>
   <trkpt lat="-28.5095210" lon="-65.6358420">
    <ele>923.0</ele>
   </trkpt>
   <trkpt lat="-28.5095320" lon="-65.6358420">
    <ele>923.0</ele>
   </trkpt>
   <trkpt lat="-28.5095440" lon="-65.6358390">
    <ele>924.0</ele>
   </trkpt>
   <trkpt lat="-28.5095560" lon="-65.6358360">
    <ele>924.0</ele>
   </trkpt>
   <trkpt lat="-28.5095640" lon="-65.6358290">
    <ele>924.0</ele>
   </trkpt>
   <trkpt lat="-28.5095730" lon="-65.6358210">
    <ele>924.0</ele>
   </trkpt>
   <trkpt lat="-28.5095760" lon="-65.6358110">
    <ele>924.0</ele>
   </trkpt>
   <trkpt lat="-28.5095790" lon="-65.6358010">
    <ele>925.0</ele>
   </trkpt>
   <trkpt lat="-28.5095770" lon="-65.6357900">
    <ele>925.0</ele>
   </trkpt>
   <trkpt lat="-28.5095750" lon="-65.6357790">
    <ele>925.0</ele>
   </trkpt>
   <trkpt lat="-28.5095680" lon="-65.6357700">
    <ele>925.0</ele>
   </trkpt>
   <trkpt lat="-28.5095620" lon="-65.6357610">
    <ele>925.0</ele>
   </trkpt>
   <trkpt lat="-28.5095520" lon="-65.6357580">
    <ele>926.0</ele>
   </trkpt>
   <trkpt lat="-28.5095420" lon="-65.6357550">
    <ele>926.0</ele>
   </trkpt>
   <trkpt lat="-28.5095300" lon="-65.6357590">
    <ele>926.0</ele>
   </trkpt>
   <trkpt lat="-28.5095190" lon="-65.6357630">
    <ele>927.0</ele>
   </trkpt>
   <trkpt lat="-28.5095060" lon="-65.6357710">
    <ele>927.0</ele>
   </trkpt>
   <trkpt lat="-28.5094940" lon="-65.6357800">
    <ele>928.0</ele>
   </trkpt>
   <trkpt lat="-28.5094800" lon="-65.6357860">
    <ele>928.0</ele>
   </trkpt>
   <trkpt lat="-28.5094670" lon="-65.6357910">
    <ele>928.0</ele>
   </trkpt>
   <trkpt lat="-28.5094560" lon="-65.6357900">
    <ele>928.0</ele>
   </trkpt>
   <trkpt lat="-28.5094440" lon="-65.6357900">
    <ele>928.0</ele>
   </trkpt>
   <trkpt lat="-28.5094360" lon="-65.6357810">
    <ele>929.0</ele>
   </trkpt>
   <trkpt lat="-28.5094270" lon="-65.6357720">
    <ele>929.0</ele>
   </trkpt>
   <trkpt lat="-28.5094180" lon="-65.6357610">
    <ele>929.0</ele>
   </trkpt>
   <trkpt lat="-28.5094090" lon="-65.6357500">
    <ele>930.0</ele>
   </trkpt>
   <trkpt lat="-28.5094010" lon="-65.6357360">
    <ele>930.0</ele>
   </trkpt>
   <trkpt lat="-28.5093930" lon="-65.6357220">
    <ele>931.0</ele>
   </trkpt>
   <trkpt lat="-28.5093960" lon="-65.6357080">
    <ele>931.0</ele>
   </trkpt>
   <trkpt lat="-28.5093980" lon="-65.6356940">
    <ele>931.0</ele>
   </trkpt>
   <trkpt lat="-28.5094120" lon="-65.6356880">
    <ele>931.0</ele>
   </trkpt>
   <trkpt lat="-28.5094260" lon="-65.6356820">
    <ele>931.0</ele>
   </trkpt>
   <trkpt lat="-28.5094440" lon="-65.6356800">
    <ele>932.0</ele>
   </trkpt>
   <trkpt lat="-28.5094620" lon="-65.6356780">
    <ele>932.0</ele>
   </trkpt>
   <trkpt lat="-28.5094800" lon="-65.6356770">
    <ele>932.0</ele>
   </trkpt>
   <trkpt lat="-28.5094980" lon="-65.6356750">
    <ele>933.0</ele>
   </trkpt>
   <trkpt lat="-28.5095150" lon="-65.6356730">
    <ele>933.0</ele>
   </trkpt>
   <trkpt lat="-28.5095320" lon="-65.6356700">
    <ele>934.0</ele>
   </trkpt>
   <trkpt lat="-28.5095440" lon="-65.6356620">
    <ele>934.0</ele>
   </trkpt>
   <trkpt lat="-28.5095560" lon="-65.6356530">
    <ele>934.0</ele>
   </trkpt>
   <trkpt lat="-28.5095580" lon="-65.6356380">
    <ele>934.0</ele>
   </trkpt>
   <trkpt lat="-28.5095590" lon="-65.6356240">
    <ele>934.0</ele>
   </trkpt>
   <trkpt lat="-28.5095490" lon="-65.6356100">
    <ele>935.0</ele>
   </trkpt>
   <trkpt lat="-28.5095390" lon="-65.6355970">
    <ele>935.0</ele>
   </trkpt>
   <trkpt lat="-28.5095230" lon="-65.6355870">
    <ele>935.0</ele>
   </trkpt>
   <trkpt lat="-28.5095060" lon="-65.6355770">
    <ele>936.0</ele>
   </trkpt>
   <trkpt lat="-28.5094900" lon="-65.6355710">
    <ele>936.0</ele>
   </trkpt>
   <trkpt lat="-28.5094730" lon="-65.6355640">
    <ele>937.0</ele>
   </trkpt>
   <trkpt lat="-28.5094580" lon="-65.6355600">
    <ele>937.0</ele>
   </trkpt>
   <trkpt lat="-28.5094430" lon="-65.6355560">
    <ele>937.0</ele>
   </trkpt>
   <trkpt lat="-28.5094330" lon="-65.6355500">
    <ele>937.0</ele>
   </trkpt>
   <trkpt lat="-28.5094240" lon="-65.6355440">
    <ele>937.0</ele>
   </trkpt>
   <trkpt lat="-28.5094240" lon="-65.6355350">
    <ele>938.0</ele>
   </trkpt>
   <trkpt lat="-28.5094240" lon="-65.6355260">
    <ele>938.0</ele>
   </trkpt>
   <trkpt lat="-28.5094320" lon="-65.6355180">
    <ele>938.0</ele>
   </trkpt>
   <trkpt lat="-28.5094400" lon="-65.6355090">
    <ele>938.0</ele>
   </trkpt>
   <trkpt lat="-28.5094520" lon="-65.6355040">
    <ele>938.0</ele>
   </trkpt>
   <trkpt lat="-28.5094640" lon="-65.6355000">
    <ele>939.0</ele>
   </trkpt>
   <trkpt lat="-28.5094770" lon="-65.6354960">
    <ele>939.0</ele>
   </trkpt>
   <trkpt lat="-28.5094890" lon="-65.6354930">
    <ele>939.0</ele>
   </trkpt>
   <trkpt lat="-28.5095000" lon="-65.6354880">
    <ele>940.0</ele>
   </trkpt>
   <trkpt lat="-28.5095100" lon="-65.6354830">
    <ele>940.0</ele>
   </trkpt>
   <trkpt lat="-28.5095160" lon="-65.6354750">
    <ele>941.0</ele>
   </trkpt>
   <trkpt lat="-28.5095220" lon="-65.6354680">
    <ele>941.0</ele>
   </trkpt>
   <trkpt lat="-28.5095220" lon="-65.6354580">
    <ele>941.0</ele>
   </trkpt>
   <trkpt lat="-28.5095220" lon="-65.6354470">
    <ele>941.0</ele>
   </trkpt>
   <trkpt lat="-28.5095150" lon="-65.6354360">
    <ele>941.0</ele>
   </trkpt>
   <trkpt lat="-28.5095090" lon="-65.6354250">
    <ele>942.0</ele>
   </trkpt>
   <trkpt lat="-28.5095010" lon="-65.6354110">
    <ele>942.0</ele>
   </trkpt>
   <trkpt lat="-28.5094940" lon="-65.6353980">
    <ele>942.0</ele>
   </trkpt>
   <trkpt lat="-28.5094850" lon="-65.6353860">
    <ele>942.0</ele>
   </trkpt>
   <trkpt lat="-28.5094760" lon="-65.6353740">
    <ele>942.0</ele>
   </trkpt>
   <trkpt lat="-28.5094660" lon="-65.6353680">
    <ele>943.0</ele>
   </trkpt>
   <trkpt lat="-28.5094560" lon="-65.6353620">
    <ele>943.0</ele>
   </trkpt>
   <trkpt lat="-28.5094450" lon="-65.6353620">
    <ele>943.0</ele>
   </trkpt>
   <trkpt lat="-28.5094340" lon="-65.6353630">
    <ele>943.0</ele>
   </trkpt>
   <trkpt lat="-28.5094240" lon="-65.6353690">
    <ele>943.0</ele>
   </trkpt>
   <trkpt lat="-28.5094150" lon="-65.6353760">
    <ele>944.0</ele>
   </trkpt>
   <trkpt lat="-28.5094070" lon="-65.6353860">
    <ele>944.0</ele>
   </trkpt>
   <trkpt lat="-28.5094000" lon="-65.6353970">
    <ele>944.0</ele>
   </trkpt>
   <trkpt lat="-28.5093910" lon="-65.6354040">
    <ele>945.0</ele>
   </trkpt>
   <trkpt lat="-28.5093820" lon="-65.6354120">
    <ele>945.0</ele>
   </trkpt>
   <trkpt lat="-28.5093710" lon="-65.6354130">
    <ele>946.0</ele>
   </trkpt>
   <trkpt lat="-28.5093610" lon="-65.6354130">
    <ele>946.0</ele>
   </trkpt>
   <trkpt lat="-28.5093500" lon="-65.6354090">
    <ele>946.0</ele>
   </trkpt>
   <trkpt lat="-28.5093390" lon="-65.6354040">
    <ele>946.0</ele>
   </trkpt>
   <trkpt lat="-28.5093260" lon="-65.6353970">
    <ele>946.0</ele>
   </trkpt>
   <trkpt lat="-28.5093140" lon="-65.6353910">
    <ele>947.0</ele>
   </trkpt>
   <trkpt lat="-28.5093030" lon="-65.6353850">
    <ele>947.0</ele>
   </trkpt>
   <trkpt lat="-28.5092910" lon="-65.6353790">
    <ele>947.0</ele>
   </trkpt>
   <trkpt lat="-28.5092800" lon="-65.6353720">
    <ele>948.0</ele>
   </trkpt>
   <trkpt lat="-28.5092690" lon="-65.6353650">
    <ele>948.0</ele>
   </trkpt>
   <trkpt lat="-28.5092610" lon="-65.6353560">
    <ele>949.0</ele>
   </trkpt>
   <trkpt lat="-28.5092530" lon="-65.6353460">
    <ele>949.0</ele>
   </trkpt>
   <trkpt lat="-28.5092470" lon="-65.6353350">
    <ele>949.0</ele>
   </trkpt>
   <trkpt lat="-28.5092420" lon="-65.6353230">
    <ele>949.0</ele>
   </trkpt>
   <trkpt lat="-28.5092410" lon="-65.6353110">
    <ele>949.0</ele>
   </trkpt>
   <trkpt lat="-28.5092400" lon="-65.6352990">
    <ele>950.0</ele>
   </trkpt>
   <trkpt lat="-28.5092450" lon="-65.6352900">
    <ele>950.0</ele>
   </trkpt>
   <trkpt lat="-28.5092510" lon="-65.6352800">
    <ele>950.0</ele>
   </trkpt>
   <trkpt lat="-28.5092630" lon="-65.6352750">
    <ele>950.0</ele>
   </trkpt>
   <trkpt lat="-28.5092760" lon="-65.6352700">
    <ele>950.0</ele>
   </trkpt>
   <trkpt lat="-28.5092910" lon="-65.6352670">
    <ele>951.0</ele>
   </trkpt>
   <trkpt lat="-28.5093060" lon="-65.6352640">
    <ele>951.0</ele>
   </trkpt>
   <trkpt lat="-28.5093200" lon="-65.6352640">
    <ele>951.0</ele>
   </trkpt>
   <trkpt lat="-28.5093350" lon="-65.6352640">
    <ele>951.0</ele>
   </trkpt>
   <trkpt lat="-28.5093490" lon="-65.6352670">
    <ele>951.0</ele>
   </trkpt>
   <trkpt lat="-28.5093630" lon="-65.6352710">
    <ele>952.0</ele>
   </trkpt>
   <trkpt lat="-28.5093750" lon="-65.6352730">
    <ele>952.0</ele>
   </trkpt>
   <trkpt lat="-28.5093880" lon="-65.6352750">
    <ele>952.0</ele>
   </trkpt>
   <trkpt lat="-28.5093950" lon="-65.6352700">
    <ele>952.0</ele>
   </trkpt>
   <trkpt lat="-28.5094020" lon="-65.6352660">
    <ele>952.0</ele>
   </trkpt>
   <trkpt lat="-28.5094060" lon="-65.6352540">
    <ele>953.0</ele>
   </trkpt>
   <trkpt lat="-28.5094100" lon="-65.6352430">
    <ele>953.0</ele>
   </trkpt>
   <trkpt lat="-28.5094130" lon="-65.6352290">
    <ele>953.0</ele>
   </trkpt>
   <trkpt lat="-28.5094160" lon="-65.6352150">
    <ele>954.0</ele>
   </trkpt>
   <trkpt lat="-28.5094200" lon="-65.6352000">
    <ele>954.0</ele>
   </trkpt>
   <trkpt lat="-28.5094240" lon="-65.6351860">
    <ele>955.0</ele>
   </trkpt>
   <trkpt lat="-28.5094270" lon="-65.6351720">
    <ele>955.0</ele>
   </trkpt>
   <trkpt lat="-28.5094300" lon="-65.6351590">
    <ele>955.0</ele>
   </trkpt>
   <trkpt lat="-28.5094290" lon="-65.6351470">
    <ele>955.0</ele>
   </trkpt>
   <trkpt lat="-28.5094270" lon="-65.6351340">
    <ele>955.0</ele>
   </trkpt>
   <trkpt lat="-28.5094200" lon="-65.6351260">
    <ele>956.0</ele>
   </trkpt>
   <trkpt lat="-28.5094130" lon="-65.6351170">
    <ele>956.0</ele>
   </trkpt>
   <trkpt lat="-28.5094010" lon="-65.6351100">
    <ele>956.0</ele>
   </trkpt>
   <trkpt lat="-28.5093890" lon="-65.6351040">
    <ele>957.0</ele>
   </trkpt>
   <trkpt lat="-28.5093770" lon="-65.6350950">
    <ele>957.0</ele>
   </trkpt>
   <trkpt lat="-28.5093650" lon="-65.6350860">
    <ele>958.0</ele>
   </trkpt>
   <trkpt lat="-28.5093510" lon="-65.6350780">
    <ele>958.0</ele>
   </trkpt>
   <trkpt lat="-28.5093380" lon="-65.6350700">
    <ele>958.0</ele>
   </trkpt>
   <trkpt lat="-28.5093260" lon="-65.6350720">
    <ele>959.0</ele>
   </trkpt>
   <trkpt lat="-28.5093130" lon="-65.6350740">
    <ele>959.0</ele>
   </trkpt>
   <trkpt lat="-28.5093000" lon="-65.6350810">
    <ele>960.0</ele>
   </trkpt>
   <trkpt lat="-28.5092880" lon="-65.6350880">
    <ele>960.0</ele>
   </trkpt>
   <trkpt lat="-28.5092740" lon="-65.6350920">
    <ele>960.0</ele>
   </trkpt>
   <trkpt lat="-28.5092600" lon="-65.6350960">
    <ele>961.0</ele>
   </trkpt>
   <trkpt lat="-28.5092460" lon="-65.6350900">
    <ele>961.0</ele>
   </trkpt>
   <trkpt lat="-28.5092320" lon="-65.6350840">
    <ele>962.0</ele>
   </trkpt>
   <trkpt lat="-28.5092210" lon="-65.6350710">
    <ele>962.0</ele>
   </trkpt>
   <trkpt lat="-28.5092090" lon="-65.6350570">
    <ele>962.0</ele>
   </trkpt>
   <trkpt lat="-28.5092030" lon="-65.6350400">
    <ele>962.0</ele>
   </trkpt>
   <trkpt lat="-28.5091960" lon="-65.6350230">
    <ele>962.0</ele>
   </trkpt>
   <trkpt lat="-28.5091940" lon="-65.6350040">
    <ele>963.0</ele>
   </trkpt>
   <trkpt lat="-28.5091930" lon="-65.6349860">
    <ele>963.0</ele>
   </trkpt>
   <trkpt lat="-28.5092010" lon="-65.6349690">
    <ele>963.0</ele>
   </trkpt>
   <trkpt lat="-28.5092080" lon="-65.6349510">
    <ele>964.0</ele>
   </trkpt>
   <trkpt lat="-28.5092240" lon="-65.6349420">
    <ele>964.0</ele>
   </trkpt>
   <trkpt lat="-28.5092390" lon="-65.6349330">
    <ele>965.0</ele>
   </trkpt>
   <trkpt lat="-28.5092560" lon="-65.6349310">
    <ele>965.0</ele>
   </trkpt>
   <trkpt lat="-28.5092730" lon="-65.6349290">
    <ele>965.0</ele>
   </trkpt>
   <trkpt lat="-28.5092900" lon="-65.6349280">
    <ele>966.0</ele>
   </trkpt>
   <trkpt lat="-28.5093070" lon="-65.6349280">
    <ele>966.0</ele>
   </trkpt>
   <trkpt lat="-28.5093170" lon="-65.6349230">
    <ele>967.0</ele>
   </trkpt>
   <trkpt lat="-28.5093280" lon="-65.6349190">
    <ele>967.0</ele>
   </trkpt>
   <trkpt lat="-28.5093280" lon="-65.6349110">
    <ele>967.0</ele>
   </trkpt>
   <trkpt lat="-28.5093280" lon="-65.6349040">
    <ele>967.0</ele>
   </trkpt>
   <trkpt lat="-28.5093210" lon="-65.6348950">
    <ele>967.0</ele>
   </trkpt>
   <trkpt lat="-28.5093130" lon="-65.6348850">
    <ele>968.0</ele>
   </trkpt>
   <trkpt lat="-28.5093050" lon="-65.6348730">
    <ele>968.0</ele>
   </trkpt>
   <trkpt lat="-28.5092970" lon="-65.6348620">
    <ele>968.0</ele>
   </trkpt>
   <trkpt lat="-28.5092920" lon="-65.6348480">
    <ele>968.0</ele>
   </trkpt>
   <trkpt lat="-28.5092870" lon="-65.6348340">
    <ele>968.0</ele>
   </trkpt>
   <trkpt lat="-28.5092890" lon="-65.6348210">
    <ele>969.0</ele>
   </trkpt>
   <trkpt lat="-28.5092910" lon="-65.6348080">
    <ele>969.0</ele>
   </trkpt>
   <trkpt lat="-28.5093000" lon="-65.6348020">
    <ele>969.0</ele>
   </trkpt>
   <trkpt lat="-28.5093080" lon="-65.6347950">
    <ele>969.0</ele>
   </trkpt>
   <trkpt lat="-28.5093200" lon="-65.6347940">
    <ele>969.0</ele>
   </trkpt>
   <trkpt lat="-28.5093320" lon="-65.6347930">
    <ele>970.0</ele>
   </trkpt>
   <trkpt lat="-28.5093430" lon="-65.6347910">
    <ele>970.0</ele>
   </trkpt>
   <trkpt lat="-28.5093540" lon="-65.6347900">
    <ele>970.0</ele>
   </trkpt>
   <trkpt lat="-28.5093640" lon="-65.6347850">
    <ele>971.0</ele>
   </trkpt>
   <trkpt lat="-28.5093730" lon="-65.6347790">
    <ele>971.0</ele>
   </trkpt>
   <trkpt lat="-28.5093770" lon="-65.6347710">
    <ele>972.0</ele>
   </trkpt>
   <trkpt lat="-28.5093820" lon="-65.6347620">
    <ele>972.0</ele>
   </trkpt>
   <trkpt lat="-28.5093820" lon="-65.6347500">
    <ele>972.0</ele>
   </trkpt>
   <trkpt lat="-28.5093820" lon="-65.6347370">
    <ele>972.0</ele>
   </trkpt>
   <trkpt lat="-28.5093780" lon="-65.6347260">
    <ele>972.0</ele>
   </trkpt>
   <trkpt lat="-28.5093750" lon="-65.6347140">
    <ele>973.0</ele>
   </trkpt>
   <trkpt lat="-28.5093700" lon="-65.6347030">
    <ele>973.0</ele>
   </trkpt>
   <trkpt lat="-28.5093660" lon="-65.6346920">
    <ele>973.0</ele>
   </trkpt>
   <trkpt lat="-28.5093620" lon="-65.6346800">
    <ele>973.0</ele>
   </trkpt>
   <trkpt lat="-28.5093580" lon="-65.6346680">
    <ele>973.0</ele>
   </trkpt>
   <trkpt lat="-28.5093550" lon="-65.6346540">
    <ele>974.0</ele>
   </trkpt>
   <trkpt lat="-28.5093520" lon="-65.6346410">
    <ele>974.0</ele>
   </trkpt>
   <trkpt lat="-28.5093500" lon="-65.6346270">
    <ele>974.0</ele>
   </trkpt>
   <trkpt lat="-28.5093470" lon="-65.6346140">
    <ele>974.0</ele>
   </trkpt>
   <trkpt lat="-28.5093460" lon="-65.6346010">
    <ele>974.0</ele>
   </trkpt>
   <trkpt lat="-28.5093460" lon="-65.6345880">
    <ele>975.0</ele>
   </trkpt>
   <trkpt lat="-28.5093450" lon="-65.6345750">
    <ele>975.0</ele>
   </trkpt>
   <trkpt lat="-28.5093450" lon="-65.6345620">
    <ele>975.0</ele>
   </trkpt>
   <trkpt lat="-28.5093430" lon="-65.6345500">
    <ele>976.0</ele>
   </trkpt>
   <trkpt lat="-28.5093410" lon="-65.6345390">
    <ele>976.0</ele>
   </trkpt>
   <trkpt lat="-28.5093360" lon="-65.6345310">
    <ele>977.0</ele>
   </trkpt>
   <trkpt lat="-28.5093300" lon="-65.6345240">
    <ele>977.0</ele>
   </trkpt>
   <trkpt lat="-28.5093200" lon="-65.6345210">
    <ele>977.0</ele>
   </trkpt>
   <trkpt lat="-28.5093110" lon="-65.6345190">
    <ele>977.0</ele>
   </trkpt>
   <trkpt lat="-28.5093010" lon="-65.6345230">
    <ele>977.0</ele>
   </trkpt>
   <trkpt lat="-28.5092910" lon="-65.6345280">
    <ele>978.0</ele>
   </trkpt>
   <trkpt lat="-28.5092830" lon="-65.6345380">
    <ele>978.0</ele>
   </trkpt>
   <trkpt lat="-28.5092750" lon="-65.6345470">
    <ele>978.0</ele>
   </trkpt>
   <trkpt lat="-28.5092700" lon="-65.6345580">
    <ele>978.0</ele>
   </trkpt>
   <trkpt lat="-28.5092640" lon="-65.6345690">
    <ele>978.0</ele>
   </trkpt>
   <trkpt lat="-28.5092570" lon="-65.6345780">
    <ele>979.0</ele>
   </trkpt>
   <trkpt lat="-28.5092500" lon="-65.6345860">
    <ele>979.0</ele>
   </trkpt>
   <trkpt lat="-28.5092410" lon="-65.6345890">
    <ele>979.0</ele>
   </trkpt>
   <trkpt lat="-28.5092330" lon="-65.6345920">
    <ele>980.0</ele>
   </trkpt>
   <trkpt lat="-28.5092230" lon="-65.6345890">
    <ele>980.0</ele>
   </trkpt>
   <trkpt lat="-28.5092130" lon="-65.6345870">
    <ele>981.0</ele>
   </trkpt>
   <trkpt lat="-28.5092010" lon="-65.6345800">
    <ele>981.0</ele>
   </trkpt>
   <trkpt lat="-28.5091890" lon="-65.6345730">
    <ele>981.0</ele>
   </trkpt>
   <trkpt lat="-28.5091760" lon="-65.6345620">
    <ele>981.0</ele>
   </trkpt>
   <trkpt lat="-28.5091640" lon="-65.6345500">
    <ele>981.0</ele>
   </trkpt>
   <trkpt lat="-28.5091520" lon="-65.6345360">
    <ele>982.0</ele>
   </trkpt>
   <trkpt lat="-28.5091390" lon="-65.6345220">
    <ele>982.0</ele>
   </trkpt>
   <trkpt lat="-28.5091290" lon="-65.6345060">
    <ele>982.0</ele>
   </trkpt>
   <trkpt lat="-28.5091190" lon="-65.6344910">
    <ele>983.0</ele>
   </trkpt>
   <trkpt lat="-28.5091120" lon="-65.6344740">
    <ele>983.0</ele>
   </trkpt>
   <trkpt lat="-28.5091060" lon="-65.6344570">
    <ele>984.0</ele>
   </trkpt>
   <trkpt lat="-28.5091040" lon="-65.6344410">
    <ele>984.0</ele>
   </trkpt>
   <trkpt lat="-28.5091020" lon="-65.6344250">
    <ele>984.0</ele>
   </trkpt>
   <trkpt lat="-28.5091020" lon="-65.6344110">
    <ele>985.0</ele>
   </trkpt>
   <trkpt lat="-28.5091030" lon="-65.6343970">
    <ele>985.0</ele>
   </trkpt>
   <trkpt lat="-28.5091090" lon="-65.6343850">
    <ele>986.0</ele>
   </trkpt>
   <trkpt lat="-28.5091150" lon="-65.6343730">
    <ele>986.0</ele>
   </trkpt>
   <trkpt lat="-28.5091250" lon="-65.6343650">
    <ele>986.0</ele>
   </trkpt>
   <trkpt lat="-28.5091350" lon="-65.6343570">
    <ele>986.0</ele>
   </trkpt>
   <trkpt lat="-28.5091450" lon="-65.6343530">
    <ele>986.0</ele>
   </trkpt>
   <trkpt lat="-28.5091560" lon="-65.6343490">
    <ele>987.0</ele>
   </trkpt>
   <trkpt lat="-28.5091660" lon="-65.6343460">
    <ele>987.0</ele>
   </trkpt>
   <trkpt lat="-28.5091760" lon="-65.6343430">
    <ele>987.0</ele>
   </trkpt>
   <trkpt lat="-28.5091870" lon="-65.6343410">
    <ele>987.0</ele>
   </trkpt>
   <trkpt lat="-28.5091970" lon="-65.6343400">
    <ele>987.0</ele>
   </trkpt>
   <trkpt lat="-28.5092080" lon="-65.6343420">
    <ele>988.0</ele>
   </trkpt>
   <trkpt lat="-28.5092190" lon="-65.6343440">
    <ele>988.0</ele>
   </trkpt>
   <trkpt lat="-28.5092300" lon="-65.6343460">
    <ele>988.0</ele>
   </trkpt>
   <trkpt lat="-28.5092410" lon="-65.6343480">
    <ele>989.0</ele>
   </trkpt>
   <trkpt lat="-28.5092510" lon="-65.6343450">
    <ele>989.0</ele>
   </trkpt>
   <trkpt lat="-28.5092610" lon="-65.6343420">
    <ele>990.0</ele>
   </trkpt>
   <trkpt lat="-28.5092690" lon="-65.6343340">
    <ele>990.0</ele>
   </trkpt>
   <trkpt lat="-28.5092770" lon="-65.6343260">
    <ele>990.0</ele>
   </trkpt>
   <trkpt lat="-28.5092800" lon="-65.6343150">
    <ele>990.0</ele>
   </trkpt>
   <trkpt lat="-28.5092840" lon="-65.6343040">
    <ele>990.0</ele>
   </trkpt>
   <trkpt lat="-28.5092820" lon="-65.6342930">
    <ele>991.0</ele>
   </trkpt>
   <trkpt lat="-28.5092800" lon="-65.6342820">
    <ele>991.0</ele>
   </trkpt>
   <trkpt lat="-28.5092730" lon="-65.6342760">
    <ele>991.0</ele>
   </trkpt>
   <trkpt lat="-28.5092670" lon="-65.6342700">
    <ele>991.0</ele>
   </trkpt>
   <trkpt lat="-28.5092540" lon="-65.6342690">
    <ele>991.0</ele>
   </trkpt>
   <trkpt lat="-28.5092420" lon="-65.6342690">
    <ele>992.0</ele>
   </trkpt>
   <trkpt lat="-28.5092260" lon="-65.6342710">
    <ele>992.0</ele>
   </trkpt>
   <trkpt lat="-28.5092100" lon="-65.6342730">
    <ele>992.0</ele>
   </trkpt>
   <trkpt lat="-28.5091930" lon="-65.6342740">
    <ele>993.0</ele>
   </trkpt>
   <trkpt lat="-28.5091760" lon="-65.6342750">
    <ele>993.0</ele>
   </trkpt>
   <trkpt lat="-28.5091620" lon="-65.6342680">
    <ele>994.0</ele>
   </trkpt>
   <trkpt lat="-28.5091470" lon="-65.6342610">
    <ele>994.0</ele>
   </trkpt>
   <trkpt lat="-28.5091390" lon="-65.6342480">
    <ele>994.0</ele>
   </trkpt>
   <trkpt lat="-28.5091300" lon="-65.6342340">
    <ele>995.0</ele>
   </trkpt>
   <trkpt lat="-28.5091240" lon="-65.6342180">
    <ele>995.0</ele>
   </trkpt>
   <trkpt lat="-28.5091170" lon="-65.6342020">
    <ele>996.0</ele>
   </trkpt>
   <trkpt lat="-28.5091100" lon="-65.6341850">
    <ele>996.0</ele>
   </trkpt>
   <trkpt lat="-28.5091030" lon="-65.6341690">
    <ele>996.0</ele>
   </trkpt>
   <trkpt lat="-28.5091000" lon="-65.6341540">
    <ele>997.0</ele>
   </trkpt>
   <trkpt lat="-28.5090970" lon="-65.6341400">
    <ele>997.0</ele>
   </trkpt>
   <trkpt lat="-28.5091000" lon="-65.6341280">
    <ele>998.0</ele>
   </trkpt>
   <trkpt lat="-28.5091020" lon="-65.6341160">
    <ele>998.0</ele>
   </trkpt>
   <trkpt lat="-28.5091090" lon="-65.6341060">
    <ele>998.0</ele>
   </trkpt>
   <trkpt lat="-28.5091150" lon="-65.6340960">
    <ele>998.0</ele>
   </trkpt>
   <trkpt lat="-28.5091230" lon="-65.6340860">
    <ele>998.0</ele>
   </trkpt>
   <trkpt lat="-28.5091310" lon="-65.6340760">
    <ele>999.0</ele>
   </trkpt>
   <trkpt lat="-28.5091380" lon="-65.6340670">
    <ele>999.0</ele>
   </trkpt>
   <trkpt lat="-28.5091460" lon="-65.6340580">
    <ele>999.0</ele>
   </trkpt>
   <trkpt lat="-28.5091540" lon="-65.6340490">
    <ele>999.0</ele>
   </trkpt>
   <trkpt lat="-28.5091630" lon="-65.6340400">
    <ele>999.0</ele>
   </trkpt>
   <trkpt lat="-28.5091710" lon="-65.6340330">
    <ele>1000.0</ele>
   </trkpt>
   <trkpt lat="-28.5091800" lon="-65.6340260">
    <ele>1000.0</ele>
   </trkpt>
   <trkpt lat="-28.5091880" lon="-65.6340190">
    <ele>1000.0</ele>
   </trkpt>
   <trkpt lat="-28.5091960" lon="-65.6340130">
    <ele>1000.0</ele>
   </trkpt>
   <trkpt lat="-28.5092010" lon="-65.6340050">
    <ele>1000.0</ele>
   </trkpt>
   <trkpt lat="-28.5092070" lon="-65.6339970">
    <ele>1001.0</ele>
   </trkpt>
   <trkpt lat="-28.5092090" lon="-65.6339870">
    <ele>1001.0</ele>
   </trkpt>
   <trkpt lat="-28.5092120" lon="-65.6339760">
    <ele>1001.0</ele>
   </trkpt>
   <trkpt lat="-28.5092110" lon="-65.6339630">
    <ele>1001.0</ele>
   </trkpt>
   <trkpt lat="-28.5092100" lon="-65.6339510">
    <ele>1001.0</ele>
   </trkpt>
   <trkpt lat="-28.5092090" lon="-65.6339380">
    <ele>1002.0</ele>
   </trkpt>
   <trkpt lat="-28.5092080" lon="-65.6339250">
    <ele>1002.0</ele>
   </trkpt>
   <trkpt lat="-28.5092100" lon="-65.6339130">
    <ele>1002.0</ele>
   </trkpt>
   <trkpt lat="-28.5092110" lon="-65.6339000">
    <ele>1003.0</ele>
   </trkpt>
   <trkpt lat="-28.5092150" lon="-65.6338870">
    <ele>1003.0</ele>
   </trkpt>
   <trkpt lat="-28.5092190" lon="-65.6338740">
    <ele>1004.0</ele>
   </trkpt>
   <trkpt lat="-28.5092210" lon="-65.6338620">
    <ele>1004.0</ele>
   </trkpt>
   <trkpt lat="-28.5092230" lon="-65.6338490">
    <ele>1004.0</ele>
   </trkpt>
   <trkpt lat="-28.5092190" lon="-65.6338400">
    <ele>1004.0</ele>
   </trkpt>
   <trkpt lat="-28.5092140" lon="-65.6338320">
    <ele>1004.0</ele>
   </trkpt>
   <trkpt lat="-28.5092030" lon="-65.6338280">
    <ele>1005.0</ele>
   </trkpt>
   <trkpt lat="-28.5091930" lon="-65.6338250">
    <ele>1005.0</ele>
   </trkpt>
   <trkpt lat="-28.5091780" lon="-65.6338240">
    <ele>1005.0</ele>
   </trkpt>
   <trkpt lat="-28.5091630" lon="-65.6338230">
    <ele>1006.0</ele>
   </trkpt>
   <trkpt lat="-28.5091470" lon="-65.6338260">
    <ele>1006.0</ele>
   </trkpt>
   <trkpt lat="-28.5091310" lon="-65.6338290">
    <ele>1007.0</ele>
   </trkpt>
   <trkpt lat="-28.5091150" lon="-65.6338320">
    <ele>1007.0</ele>
   </trkpt>
   <trkpt lat="-28.5090990" lon="-65.6338360">
    <ele>1007.0</ele>
   </trkpt>
   <trkpt lat="-28.5090830" lon="-65.6338330">
    <ele>1007.0</ele>
   </trkpt>
   <trkpt lat="-28.5090680" lon="-65.6338310">
    <ele>1007.0</ele>
   </trkpt>
   <trkpt lat="-28.5090590" lon="-65.6338180">
    <ele>1008.0</ele>
   </trkpt>
   <trkpt lat="-28.5090490" lon="-65.6338060">
    <ele>1008.0</ele>
   </trkpt>
   <trkpt lat="-28.5090510" lon="-65.6337880">
    <ele>1008.0</ele>
   </trkpt>
   <trkpt lat="-28.5090530" lon="-65.6337710">
    <ele>1009.0</ele>
   </trkpt>
   <trkpt lat="-28.5090630" lon="-65.6337560">
    <ele>1009.0</ele>
   </trkpt>
   <trkpt lat="-28.5090720" lon="-65.6337410">
    <ele>1010.0</ele>
   </trkpt>
   <trkpt lat="-28.5090790" lon="-65.6337290">
    <ele>1010.0</ele>
   </trkpt>
   <trkpt lat="-28.5090860" lon="-65.6337170">
    <ele>1010.0</ele>
   </trkpt>
   <trkpt lat="-28.5090850" lon="-65.6337080">
    <ele>1010.0</ele>
   </trkpt>
   <trkpt lat="-28.5090830" lon="-65.6336980">
    <ele>1010.0</ele>
   </trkpt>
   <trkpt lat="-28.5090760" lon="-65.6336930">
    <ele>1011.0</ele>
   </trkpt>
   <trkpt lat="-28.5090680" lon="-65.6336880">
    <ele>1011.0</ele>
   </trkpt>
   <trkpt lat="-28.5090580" lon="-65.6336890">
    <ele>1011.0</ele>
   </trkpt>
   <trkpt lat="-28.5090480" lon="-65.6336900">
    <ele>1012.0</ele>
   </trkpt>
   <trkpt lat="-28.5090370" lon="-65.6336940">
    <ele>1012.0</ele>
   </trkpt>
   <trkpt lat="-28.5090260" lon="-65.6336980">
    <ele>1013.0</ele>
   </trkpt>
   <trkpt lat="-28.5090150" lon="-65.6337010">
    <ele>1013.0</ele>
   </trkpt>
   <trkpt lat="-28.5090040" lon="-65.6337050">
    <ele>1013.0</ele>
   </trkpt>
   <trkpt lat="-28.5089930" lon="-65.6337020">
    <ele>1013.0</ele>
   </trkpt>
   <trkpt lat="-28.5089810" lon="-65.6337000">
    <ele>1013.0</ele>
   </trkpt>
   <trkpt lat="-28.5089710" lon="-65.6336920">
    <ele>1014.0</ele>
   </trkpt>
   <trkpt lat="-28.5089620" lon="-65.6336840">
    <ele>1014.0</ele>
   </trkpt>
   <trkpt lat="-28.5089560" lon="-65.6336720">
    <ele>1014.0</ele>
   </trkpt>
   <trkpt lat="-28.5089510" lon="-65.6336590">
    <ele>1014.0</ele>
   </trkpt>
   <trkpt lat="-28.5089510" lon="-65.6336460">
    <ele>1014.0</ele>
   </trkpt>
   <trkpt lat="-28.5089510" lon="-65.6336330">
    <ele>1015.0</ele>
   </trkpt>
   <trkpt lat="-28.5089550" lon="-65.6336210">
    <ele>1015.0</ele>
   </trkpt>
   <trkpt lat="-28.5089600" lon="-65.6336090">
    <ele>1015.0</ele>
   </trkpt>
   <trkpt lat="-28.5089690" lon="-65.6336010">
    <ele>1015.0</ele>
   </trkpt>
   <trkpt lat="-28.5089790" lon="-65.6335930">
    <ele>1015.0</ele>
   </trkpt>
   <trkpt lat="-28.5089900" lon="-65.6335910">
    <ele>1016.0</ele>
   </trkpt>
   <trkpt lat="-28.5090020" lon="-65.6335880">
    <ele>1016.0</ele>
   </trkpt>
   <trkpt lat="-28.5090150" lon="-65.6335880">
    <ele>1016.0</ele>
   </trkpt>
   <trkpt lat="-28.5090290" lon="-65.6335880">
    <ele>1016.0</ele>
   </trkpt>
   <trkpt lat="-28.5090420" lon="-65.6335880">
    <ele>1016.0</ele>
   </trkpt>
   <trkpt lat="-28.5090540" lon="-65.6335880">
    <ele>1017.0</ele>
   </trkpt>
   <trkpt lat="-28.5090670" lon="-65.6335860">
    <ele>1017.0</ele>
   </trkpt>
   <trkpt lat="-28.5090790" lon="-65.6335830">
    <ele>1017.0</ele>
   </trkpt>
   <trkpt lat="-28.5090880" lon="-65.6335760">
    <ele>1017.0</ele>
   </trkpt>
   <trkpt lat="-28.5090960" lon="-65.6335680">
    <ele>1017.0</ele>
   </trkpt>
   <trkpt lat="-28.5090940" lon="-65.6335590">
    <ele>1018.0</ele>
   </trkpt>
   <trkpt lat="-28.5090920" lon="-65.6335490">
    <ele>1018.0</ele>
   </trkpt>
   <trkpt lat="-28.5090790" lon="-65.6335410">
    <ele>1018.0</ele>
   </trkpt>
   <trkpt lat="-28.5090670" lon="-65.6335330">
    <ele>1019.0</ele>
   </trkpt>
   <trkpt lat="-28.5090540" lon="-65.6335240">
    <ele>1019.0</ele>
   </trkpt>
   <trkpt lat="-28.5090410" lon="-65.6335150">
    <ele>1020.0</ele>
   </trkpt>
   <trkpt lat="-28.5090370" lon="-65.6335010">
    <ele>1020.0</ele>
   </trkpt>
   <trkpt lat="-28.5090340" lon="-65.6334870">
    <ele>1020.0</ele>
   </trkpt>
   <trkpt lat="-28.5090370" lon="-65.6334710">
    <ele>1020.0</ele>
   </trkpt>
   <trkpt lat="-28.5090400" lon="-65.6334540">
    <ele>1020.0</ele>
   </trkpt>
   <trkpt lat="-28.5090390" lon="-65.6334370">
    <ele>1021.0</ele>
   </trkpt>
   <trkpt lat="-28.5090380" lon="-65.6334200">
    <ele>1021.0</ele>
   </trkpt>
   <trkpt lat="-28.5090350" lon="-65.6334020">
    <ele>1021.0</ele>
   </trkpt>
   <trkpt lat="-28.5090320" lon="-65.6333840">
    <ele>1022.0</ele>
   </trkpt>
   <trkpt lat="-28.5090360" lon="-65.6333700">
    <ele>1022.0</ele>
   </trkpt>
   <trkpt lat="-28.5090410" lon="-65.6333550">
    <ele>1023.0</ele>
   </trkpt>
   <trkpt lat="-28.5090510" lon="-65.6333520">
    <ele>1023.0</ele>
   </trkpt>
   <trkpt lat="-28.5090620" lon="-65.6333500">
    <ele>1023.0</ele>
   </trkpt>
   <trkpt lat="-28.5090760" lon="-65.6333550">
    <ele>1023.0</ele>
   </trkpt>
   <trkpt lat="-28.5090900" lon="-65.6333590">
    <ele>1023.0</ele>
   </trkpt>
   <trkpt lat="-28.5091000" lon="-65.6333590">
    <ele>1024.0</ele>
   </trkpt>
   <trkpt lat="-28.5091100" lon="-65.6333590">
    <ele>1024.0</ele>
   </trkpt>
   <trkpt lat="-28.5091180" lon="-65.6333540">
    <ele>1024.0</ele>
   </trkpt>
   <trkpt lat="-28.5091250" lon="-65.6333480">
    <ele>1025.0</ele>
   </trkpt>
   <trkpt lat="-28.5091330" lon="-65.6333410">
    <ele>1025.0</ele>
   </trkpt>
   <trkpt lat="-28.5091410" lon="-65.6333330">
    <ele>1026.0</ele>
   </trkpt>
   <trkpt lat="-28.5091480" lon="-65.6333250">
    <ele>1026.0</ele>
   </trkpt>
   <trkpt lat="-28.5091550" lon="-65.6333170">
    <ele>1026.0</ele>
   </trkpt>
   <trkpt lat="-28.5091610" lon="-65.6333080">
    <ele>1026.0</ele>
   </trkpt>
   <trkpt lat="-28.5091670" lon="-65.6332980">
    <ele>1026.0</ele>
   </trkpt>
   <trkpt lat="-28.5091700" lon="-65.6332880">
    <ele>1027.0</ele>
   </trkpt>
   <trkpt lat="-28.5091730" lon="-65.6332780">
    <ele>1027.0</ele>
   </trkpt>
   <trkpt lat="-28.5091690" lon="-65.6332690">
    <ele>1027.0</ele>
   </trkpt>
   <trkpt lat="-28.5091650" lon="-65.6332610">
    <ele>1027.0</ele>
   </trkpt>
   <trkpt lat="-28.5091570" lon="-65.6332570">
    <ele>1027.0</ele>
   </trkpt>
   <trkpt lat="-28.5091480" lon="-65.6332530">
    <ele>1028.0</ele>
   </trkpt>
   <trkpt lat="-28.5091380" lon="-65.6332520">
    <ele>1028.0</ele>
   </trkpt>
   <trkpt lat="-28.5091270" lon="-65.6332500">
    <ele>1028.0</ele>
   </trkpt>
   <trkpt lat="-28.5091160" lon="-65.6332490">
    <ele>1028.0</ele>
   </trkpt>
   <trkpt lat="-28.5091050" lon="-65.6332480">
    <ele>1028.0</ele>
   </trkpt>
   <trkpt lat="-28.5090930" lon="-65.6332450">
    <ele>1029.0</ele>
   </trkpt>
   <trkpt lat="-28.5090820" lon="-65.6332410">
    <ele>1029.0</ele>
   </trkpt>
   <trkpt lat="-28.5090720" lon="-65.6332350">
    <ele>1029.0</ele>
   </trkpt>
   <trkpt lat="-28.5090620" lon="-65.6332300">
    <ele>1030.0</ele>
   </trkpt>
   <trkpt lat="-28.5090530" lon="-65.6332210">
    <ele>1030.0</ele>
   </trkpt>
   <trkpt lat="-28.5090450" lon="-65.6332120">
    <ele>1031.0</ele>
   </trkpt>
   <trkpt lat="-28.5090380" lon="-65.6331990">
    <ele>1031.0</ele>
   </trkpt>
   <trkpt lat="-28.5090310" lon="-65.6331860">
    <ele>1031.0</ele>
   </trkpt>
   <trkpt lat="-28.5090270" lon="-65.6331690">
    <ele>1031.0</ele>
   </trkpt>
   <trkpt lat="-28.5090230" lon="-65.6331520">
    <ele>1031.0</ele>
   </trkpt>
   <trkpt lat="-28.5090250" lon="-65.6331330">
    <ele>1032.0</ele>
   </trkpt>
   <trkpt lat="-28.5090270" lon="-65.6331140">
    <ele>1032.0</ele>
   </trkpt>
   <trkpt lat="-28.5090350" lon="-65.6330970">
    <ele>1032.0</ele>
   </trkpt>
   <trkpt lat="-28.5090430" lon="-65.6330800">
    <ele>1033.0</ele>
   </trkpt>
   <trkpt lat="-28.5090570" lon="-65.6330740">
    <ele>1033.0</ele>
   </trkpt>
   <trkpt lat="-28.5090710" lon="-65.6330670">
    <ele>1034.0</ele>
   </trkpt>
   <trkpt lat="-28.5090860" lon="-65.6330730">
    <ele>1034.0</ele>
   </trkpt>
   <trkpt lat="-28.5091010" lon="-65.6330800">
    <ele>1034.0</ele>
   </trkpt>
   <trkpt lat="-28.5091160" lon="-65.6330900">
    <ele>1034.0</ele>
   </trkpt>
   <trkpt lat="-28.5091310" lon="-65.6331000">
    <ele>1034.0</ele>
   </trkpt>
   <trkpt lat="-28.5091470" lon="-65.6331040">
    <ele>1035.0</ele>
   </trkpt>
   <trkpt lat="-28.5091630" lon="-65.6331080">
    <ele>1035.0</ele>
   </trkpt>
   <trkpt lat="-28.5091760" lon="-65.6331030">
    <ele>1035.0</ele>
   </trkpt>
   <trkpt lat="-28.5091880" lon="-65.6330990">
    <ele>1036.0</ele>
   </trkpt>
   <trkpt lat="-28.5091940" lon="-65.6330890">
    <ele>1036.0</ele>
   </trkpt>
   <trkpt lat="-28.5092000" lon="-65.6330790">
    <ele>1037.0</ele>
   </trkpt>
   <trkpt lat="-28.5092010" lon="-65.6330670">
    <ele>1037.0</ele>
   </trkpt>
   <trkpt lat="-28.5092010" lon="-65.6330540">
    <ele>1037.0</ele>
   </trkpt>
   <trkpt lat="-28.5091960" lon="-65.6330420">
    <ele>1037.0</ele>
   </trkpt>
   <trkpt lat="-28.5091910" lon="-65.6330310">
    <ele>1037.0</ele>
   </trkpt>
   <trkpt lat="-28.5091850" lon="-65.6330210">
    <ele>1038.0</ele>
   </trkpt>
   <trkpt lat="-28.5091800" lon="-65.6330110">
    <ele>1038.0</ele>
   </trkpt>
   <trkpt lat="-28.5091740" lon="-65.6330020">
    <ele>1038.0</ele>
   </trkpt>
   <trkpt lat="-28.5091690" lon="-65.6329920">
    <ele>1038.0</ele>
   </trkpt>
   <trkpt lat="-28.5091630" lon="-65.6329830">
    <ele>1038.0</ele>
   </trkpt>
   <trkpt lat="-28.5091570" lon="-65.6329740">
    <ele>1039.0</ele>
   </trkpt>
   <trkpt lat="-28.5091500" lon="-65.6329660">
    <ele>1039.0</ele>
   </trkpt>
   <trkpt lat="-28.5091430" lon="-65.6329570">
    <ele>1039.0</ele>
   </trkpt>
   <trkpt lat="-28.5091390" lon="-65.6329470">
    <ele>1039.0</ele>
   </trkpt>
   <trkpt lat="-28.5091360" lon="-65.6329380">
    <ele>1039.0</ele>
   </trkpt>
   <trkpt lat="-28.5091370" lon="-65.6329270">
    <ele>1040.0</ele>
   </trkpt>
   <trkpt lat="-28.5091380" lon="-65.6329170">
    <ele>1040.0</ele>
   </trkpt>
   <trkpt lat="-28.5091430" lon="-65.6329060">
    <ele>1040.0</ele>
   </trkpt>
   <trkpt lat="-28.5091480" lon="-65.6328950">
    <ele>1040.0</ele>
   </trkpt>
   <trkpt lat="-28.5091530" lon="-65.6328840">
    <ele>1040.0</ele>
   </trkpt>
   <trkpt lat="-28.5091580" lon="-65.6328740">
    <ele>1041.0</ele>
   </trkpt>
   <trkpt lat="-28.5091640" lon="-65.6328620">
    <ele>1041.0</ele>
   </trkpt>
   <trkpt lat="-28.5091690" lon="-65.6328510">
    <ele>1041.0</ele>
   </trkpt>
   <trkpt lat="-28.5091730" lon="-65.6328390">
    <ele>1041.0</ele>
   </trkpt>
   <trkpt lat="-28.5091780" lon="-65.6328280">
    <ele>1041.0</ele>
   </trkpt>
   <trkpt lat="-28.5091820" lon="-65.6328170">
    <ele>1042.0</ele>
   </trkpt>
   <trkpt lat="-28.5091870" lon="-65.6328070">
    <ele>1042.0</ele>
   </trkpt>
   <trkpt lat="-28.5091900" lon="-65.6327970">
    <ele>1042.0</ele>
   </trkpt>
   <trkpt lat="-28.5091930" lon="-65.6327870">
    <ele>1043.0</ele>
   </trkpt>
   <trkpt lat="-28.5091940" lon="-65.6327780">
    <ele>1043.0</ele>
   </trkpt>
   <trkpt lat="-28.5091950" lon="-65.6327690">
    <ele>1044.0</ele>
   </trkpt>
   <trkpt lat="-28.5091950" lon="-65.6327590">
    <ele>1044.0</ele>
   </trkpt>
   <trkpt lat="-28.5091950" lon="-65.6327500">
    <ele>1044.0</ele>
   </trkpt>
   <trkpt lat="-28.5091960" lon="-65.6327410">
    <ele>1045.0</ele>
   </trkpt>
   <trkpt lat="-28.5091970" lon="-65.6327320">
    <ele>1045.0</ele>
   </trkpt>
   <trkpt lat="-28.5092000" lon="-65.6327220">
    <ele>1046.0</ele>
   </trkpt>
   <trkpt lat="-28.5092030" lon="-65.6327130">
    <ele>1046.0</ele>
   </trkpt>
   <trkpt lat="-28.5092070" lon="-65.6327020">
    <ele>1046.0</ele>
   </trkpt>
   <trkpt lat="-28.5092110" lon="-65.6326920">
    <ele>1047.0</ele>
   </trkpt>
   <trkpt lat="-28.5092150" lon="-65.6326810">
    <ele>1047.0</ele>
   </trkpt>
   <trkpt lat="-28.5092180" lon="-65.6326700">
    <ele>1048.0</ele>
   </trkpt>
   <trkpt lat="-28.5092230" lon="-65.6326600">
    <ele>1048.0</ele>
   </trkpt>
   <trkpt lat="-28.5092280" lon="-65.6326500">
    <ele>1048.0</ele>
   </trkpt>
   <trkpt lat="-28.5092330" lon="-65.6326420">
    <ele>1048.0</ele>
   </trkpt>
   <trkpt lat="-28.5092380" lon="-65.6326340">
    <ele>1048.0</ele>
   </trkpt>
   <trkpt lat="-28.5092410" lon="-65.6326250">
    <ele>1049.0</ele>
   </trkpt>
   <trkpt lat="-28.5092440" lon="-65.6326170">
    <ele>1049.0</ele>
   </trkpt>
   <trkpt lat="-28.5092450" lon="-65.6326050">
    <ele>1049.0</ele>
   </trkpt>
   <trkpt lat="-28.5092460" lon="-65.6325940">
    <ele>1050.0</ele>
   </trkpt>
   <trkpt lat="-28.5092460" lon="-65.6325810">
    <ele>1050.0</ele>
   </trkpt>
   <trkpt lat="-28.5092460" lon="-65.6325680">
    <ele>1051.0</ele>
   </trkpt>
   <trkpt lat="-28.5092460" lon="-65.6325540">
    <ele>1051.0</ele>
   </trkpt>
   <trkpt lat="-28.5092460" lon="-65.6325410">
    <ele>1051.0</ele>
   </trkpt>
   <trkpt lat="-28.5092460" lon="-65.6325280">
    <ele>1051.0</ele>
   </trkpt>
   <trkpt lat="-28.5092460" lon="-65.6325150">
    <ele>1051.0</ele>
   </trkpt>
   <trkpt lat="-28.5092490" lon="-65.6325030">
    <ele>1052.0</ele>
   </trkpt>
   <trkpt lat="-28.5092510" lon="-65.6324900">
    <ele>1052.0</ele>
   </trkpt>
   <trkpt lat="-28.5092560" lon="-65.6324770">
    <ele>1052.0</ele>
   </trkpt>
   <trkpt lat="-28.5092610" lon="-65.6324650">
    <ele>1052.0</ele>
   </trkpt>
   <trkpt lat="-28.5092680" lon="-65.6324550">
    <ele>1052.0</ele>
   </trkpt>
   <trkpt lat="-28.5092750" lon="-65.6324440">
    <ele>1053.0</ele>
   </trkpt>
   <trkpt lat="-28.5092840" lon="-65.6324420">
    <ele>1053.0</ele>
   </trkpt>
   <trkpt lat="-28.5092920" lon="-65.6324390">
    <ele>1053.0</ele>
   </trkpt>
   <trkpt lat="-28.5092990" lon="-65.6324460">
    <ele>1054.0</ele>
   </trkpt>
   <trkpt lat="-28.5093060" lon="-65.6324520">
    <ele>1054.0</ele>
   </trkpt>
   <trkpt lat="-28.5093100" lon="-65.6324640">
    <ele>1055.0</ele>
   </trkpt>
   <trkpt lat="-28.5093150" lon="-65.6324770">
    <ele>1055.0</ele>
   </trkpt>
   <trkpt lat="-28.5093190" lon="-65.6324900">
    <ele>1055.0</ele>
   </trkpt>
   <trkpt lat="-28.5093230" lon="-65.6325040">
    <ele>1055.0</ele>
   </trkpt>
   <trkpt lat="-28.5093260" lon="-65.6325180">
    <ele>1055.0</ele>
   </trkpt>
   <trkpt lat="-28.5093300" lon="-65.6325330">
    <ele>1056.0</ele>
   </trkpt>
   <trkpt lat="-28.5093320" lon="-65.6325490">
    <ele>1056.0</ele>
   </trkpt>
   <trkpt lat="-28.5093340" lon="-65.6325660">
    <ele>1056.0</ele>
   </trkpt>
   <trkpt lat="-28.5093320" lon="-65.6325820">
    <ele>1056.0</ele>
   </trkpt>
   <trkpt lat="-28.5093310" lon="-65.6325980">
    <ele>1056.0</ele>
   </trkpt>
   <trkpt lat="-28.5093280" lon="-65.6326140">
    <ele>1057.0</ele>
   </trkpt>
   <trkpt lat="-28.5093250" lon="-65.6326310">
    <ele>1057.0</ele>
   </trkpt>
   <trkpt lat="-28.5093260" lon="-65.6326470">
    <ele>1057.0</ele>
   </trkpt>
   <trkpt lat="-28.5093260" lon="-65.6326640">
    <ele>1058.0</ele>
   </trkpt>
   <trkpt lat="-28.5093320" lon="-65.6326800">
    <ele>1058.0</ele>
   </trkpt>
   <trkpt lat="-28.5093370" lon="-65.6326960">
    <ele>1059.0</ele>
   </trkpt>
   <trkpt lat="-28.5093470" lon="-65.6327100">
    <ele>1059.0</ele>
   </trkpt>
   <trkpt lat="-28.5093570" lon="-65.6327240">
    <ele>1059.0</ele>
   </trkpt>
   <trkpt lat="-28.5093710" lon="-65.6327300">
    <ele>1060.0</ele>
   </trkpt>
   <trkpt lat="-28.5093850" lon="-65.6327370">
    <ele>1060.0</ele>
   </trkpt>
   <trkpt lat="-28.5094020" lon="-65.6327360">
    <ele>1061.0</ele>
   </trkpt>
   <trkpt lat="-28.5094180" lon="-65.6327360">
    <ele>1061.0</ele>
   </trkpt>
   <trkpt lat="-28.5094370" lon="-65.6327330">
    <ele>1061.0</ele>
   </trkpt>
   <trkpt lat="-28.5094560" lon="-65.6327310">
    <ele>1062.0</ele>
   </trkpt>
   <trkpt lat="-28.5094750" lon="-65.6327290">
    <ele>1062.0</ele>
   </trkpt>
   <trkpt lat="-28.5094940" lon="-65.6327280">
    <ele>1063.0</ele>
   </trkpt>
   <trkpt lat="-28.5095100" lon="-65.6327240">
    <ele>1063.0</ele>
   </trkpt>
   <trkpt lat="-28.5095270" lon="-65.6327210">
    <ele>1063.0</ele>
   </trkpt>
   <trkpt lat="-28.5095370" lon="-65.6327140">
    <ele>1063.0</ele>
   </trkpt>
   <trkpt lat="-28.5095480" lon="-65.6327080">
    <ele>1063.0</ele>
   </trkpt>
   <trkpt lat="-28.5095540" lon="-65.6326980">
    <ele>1064.0</ele>
   </trkpt>
   <trkpt lat="-28.5095590" lon="-65.6326890">
    <ele>1064.0</ele>
   </trkpt>
   <trkpt lat="-28.5095600" lon="-65.6326770">
    <ele>1064.0</ele>
   </trkpt>
   <trkpt lat="-28.5095610" lon="-65.6326650">
    <ele>1064.0</ele>
   </trkpt>
   <trkpt lat="-28.5095590" lon="-65.6326510">
    <ele>1064.0</ele>
   </trkpt>
   <trkpt lat="-28.5095580" lon="-65.6326370">
    <ele>1065.0</ele>
   </trkpt>
   <trkpt lat="-28.5095570" lon="-65.6326220">
    <ele>1065.0</ele>
   </trkpt>
   <trkpt lat="-28.5095560" lon="-65.6326060">
    <ele>1065.0</ele>
   </trkpt>
   <trkpt lat="-28.5095570" lon="-65.6325890">
    <ele>1065.0</ele>
   </trkpt>
   <trkpt lat="-28.5095580" lon="-65.6325710">
    <ele>1065.0</ele>
   </trkpt>
   <trkpt lat="-28.5095600" lon="-65.6325530">
    <ele>1066.0</ele>
   </trkpt>
   <trkpt lat="-28.5095610" lon="-65.6325340">
    <ele>1066.0</ele>
   </trkpt>
   <trkpt lat="-28.5095650" lon="-65.6325160">
    <ele>1066.0</ele>
   </trkpt>
   <trkpt lat="-28.5095690" lon="-65.6324980">
    <ele>1066.0</ele>
   </trkpt>
   <trkpt lat="-28.5095760" lon="-65.6324830">
    <ele>1066.0</ele>
   </trkpt>
   <trkpt lat="-28.5095840" lon="-65.6324680">
    <ele>1067.0</ele>
   </trkpt>
   <trkpt lat="-28.5095920" lon="-65.6324540">
    <ele>1067.0</ele>
   </trkpt>
   <trkpt lat="-28.5096010" lon="-65.6324400">
    <ele>1067.0</ele>
   </trkpt>
   <trkpt lat="-28.5096110" lon="-65.6324270">
    <ele>1068.0</ele>
   </trkpt>
   <trkpt lat="-28.5096210" lon="-65.6324140">
    <ele>1068.0</ele>
   </trkpt>
   <trkpt lat="-28.5096280" lon="-65.6323990">
    <ele>1069.0</ele>
   </trkpt>
   <trkpt lat="-28.5096350" lon="-65.6323840">
    <ele>1069.0</ele>
   </trkpt>
   <trkpt lat="-28.5096340" lon="-65.6323680">
    <ele>1069.0</ele>
   </trkpt>
   <trkpt lat="-28.5096330" lon="-65.6323520">
    <ele>1070.0</ele>
   </trkpt>
   <trkpt lat="-28.5096250" lon="-65.6323400">
    <ele>1070.0</ele>
   </trkpt>
   <trkpt lat="-28.5096160" lon="-65.6323270">
    <ele>1071.0</ele>
   </trkpt>
   <trkpt lat="-28.5096060" lon="-65.6323160">
    <ele>1071.0</ele>
   </trkpt>
   <trkpt lat="-28.5095960" lon="-65.6323050">
    <ele>1071.0</ele>
   </trkpt>
   <trkpt lat="-28.5095880" lon="-65.6322940">
    <ele>1071.0</ele>
   </trkpt>
   <trkpt lat="-28.5095810" lon="-65.6322840">
    <ele>1071.0</ele>
   </trkpt>
   <trkpt lat="-28.5095750" lon="-65.6322720">
    <ele>1072.0</ele>
   </trkpt>
   <trkpt lat="-28.5095690" lon="-65.6322610">
    <ele>1072.0</ele>
   </trkpt>
   <trkpt lat="-28.5095650" lon="-65.6322490">
    <ele>1072.0</ele>
   </trkpt>
   <trkpt lat="-28.5095620" lon="-65.6322360">
    <ele>1072.0</ele>
   </trkpt>
   <trkpt lat="-28.5095620" lon="-65.6322240">
    <ele>1072.0</ele>
   </trkpt>
   <trkpt lat="-28.5095630" lon="-65.6322110">
    <ele>1073.0</ele>
   </trkpt>
   <trkpt lat="-28.5095650" lon="-65.6321970">
    <ele>1073.0</ele>
   </trkpt>
   <trkpt lat="-28.5095680" lon="-65.6321840">
    <ele>1073.0</ele>
   </trkpt>
   <trkpt lat="-28.5095710" lon="-65.6321690">
    <ele>1073.0</ele>
   </trkpt>
   <trkpt lat="-28.5095730" lon="-65.6321540">
    <ele>1073.0</ele>
   </trkpt>
   <trkpt lat="-28.5095760" lon="-65.6321410">
    <ele>1074.0</ele>
   </trkpt>
   <trkpt lat="-28.5095780" lon="-65.6321270">
    <ele>1074.0</ele>
   </trkpt>
   <trkpt lat="-28.5095790" lon="-65.6321160">
    <ele>1074.0</ele>
   </trkpt>
   <trkpt lat="-28.5095810" lon="-65.6321040">
    <ele>1075.0</ele>
   </trkpt>
   <trkpt lat="-28.5095830" lon="-65.6320930">
    <ele>1075.0</ele>
   </trkpt>
   <trkpt lat="-28.5095850" lon="-65.6320830">
    <ele>1076.0</ele>
   </trkpt>
   <trkpt lat="-28.5095870" lon="-65.6320730">
    <ele>1076.0</ele>
   </trkpt>
   <trkpt lat="-28.5095890" lon="-65.6320630">
    <ele>1076.0</ele>
   </trkpt>
   <trkpt lat="-28.5095900" lon="-65.6320540">
    <ele>1076.0</ele>
   </trkpt>
   <trkpt lat="-28.5095920" lon="-65.6320450">
    <ele>1076.0</ele>
   </trkpt>
   <trkpt lat="-28.5095960" lon="-65.6320380">
    <ele>1077.0</ele>
   </trkpt>
   <trkpt lat="-28.5096000" lon="-65.6320310">
    <ele>1077.0</ele>
   </trkpt>
   <trkpt lat="-28.5096080" lon="-65.6320290">
    <ele>1077.0</ele>
   </trkpt>
   <trkpt lat="-28.5096160" lon="-65.6320260">
    <ele>1078.0</ele>
   </trkpt>
   <trkpt lat="-28.5096260" lon="-65.6320260">
    <ele>1078.0</ele>
   </trkpt>
   <trkpt lat="-28.5096350" lon="-65.6320260">
    <ele>1079.0</ele>
   </trkpt>
   <trkpt lat="-28.5096470" lon="-65.6320270">
    <ele>1079.0</ele>
   </trkpt>
   <trkpt lat="-28.5096590" lon="-65.6320280">
    <ele>1079.0</ele>
   </trkpt>
   <trkpt lat="-28.5096700" lon="-65.6320280">
    <ele>1079.0</ele>
   </trkpt>
   <trkpt lat="-28.5096820" lon="-65.6320270">
    <ele>1079.0</ele>
   </trkpt>
   <trkpt lat="-28.5096920" lon="-65.6320240">
    <ele>1080.0</ele>
   </trkpt>
   <trkpt lat="-28.5097030" lon="-65.6320220">
    <ele>1080.0</ele>
   </trkpt>
   <trkpt lat="-28.5097080" lon="-65.6320160">
    <ele>1080.0</ele>
   </trkpt>
   <trkpt lat="-28.5097140" lon="-65.6320100">
    <ele>1081.0</ele>
   </trkpt>
   <trkpt lat="-28.5097110" lon="-65.6320040">
    <ele>1081.0</ele>
   </trkpt>
   <trkpt lat="-28.5097080" lon="-65.6319980">
    <ele>1082.0</ele>
   </trkpt>
   <trkpt lat="-28.5096990" lon="-65.6319940">
    <ele>1082.0</ele>
   </trkpt>
   <trkpt lat="-28.5096900" lon="-65.6319910">
    <ele>1082.0</ele>
   </trkpt>
   <trkpt lat="-28.5096800" lon="-65.6319890">
    <ele>1082.0</ele>
   </trkpt>
   <trkpt lat="-28.5096690" lon="-65.6319870">
    <ele>1082.0</ele>
   </trkpt>
   <trkpt lat="-28.5096590" lon="-65.6319830">
    <ele>1083.0</ele>
   </trkpt>
   <trkpt lat="-28.5096480" lon="-65.6319780">
    <ele>1083.0</ele>
   </trkpt>
   <trkpt lat="-28.5096390" lon="-65.6319710">
    <ele>1083.0</ele>
   </trkpt>
   <trkpt lat="-28.5096290" lon="-65.6319630">
    <ele>1083.0</ele>
   </trkpt>
   <trkpt lat="-28.5096210" lon="-65.6319550">
    <ele>1083.0</ele>
   </trkpt>
   <trkpt lat="-28.5096130" lon="-65.6319460">
    <ele>1084.0</ele>
   </trkpt>
   <trkpt lat="-28.5096060" lon="-65.6319370">
    <ele>1084.0</ele>
   </trkpt>
   <trkpt lat="-28.5095980" lon="-65.6319280">
    <ele>1084.0</ele>
   </trkpt>
   <trkpt lat="-28.5095900" lon="-65.6319200">
    <ele>1085.0</ele>
   </trkpt>
   <trkpt lat="-28.5095810" lon="-65.6319120">
    <ele>1085.0</ele>
   </trkpt>
   <trkpt lat="-28.5095720" lon="-65.6319030">
    <ele>1086.0</ele>
   </trkpt>
   <trkpt lat="-28.5095640" lon="-65.6318950">
    <ele>1086.0</ele>
   </trkpt>
   <trkpt lat="-28.5095560" lon="-65.6318860">
    <ele>1086.0</ele>
   </trkpt>
   <trkpt lat="-28.5095490" lon="-65.6318770">
    <ele>1086.0</ele>
   </trkpt>
   <trkpt lat="-28.5095440" lon="-65.6318670">
    <ele>1086.0</ele>
   </trkpt>
   <trkpt lat="-28.5095380" lon="-65.6318570">
    <ele>1087.0</ele>
   </trkpt>
   <trkpt lat="-28.5095390" lon="-65.6318460">
    <ele>1087.0</ele>
   </trkpt>
   <trkpt lat="-28.5095390" lon="-65.6318360">
    <ele>1087.0</ele>
   </trkpt>
   <trkpt lat="-28.5095480" lon="-65.6318280">
    <ele>1088.0</ele>
   </trkpt>
   <trkpt lat="-28.5095580" lon="-65.6318200">
    <ele>1088.0</ele>
   </trkpt>
   <trkpt lat="-28.5095710" lon="-65.6318150">
    <ele>1089.0</ele>
   </trkpt>
   <trkpt lat="-28.5095850" lon="-65.6318110">
    <ele>1089.0</ele>
   </trkpt>
   <trkpt lat="-28.5096000" lon="-65.6318070">
    <ele>1089.0</ele>
   </trkpt>
   <trkpt lat="-28.5096150" lon="-65.6318040">
    <ele>1090.0</ele>
   </trkpt>
   <trkpt lat="-28.5096280" lon="-65.6318030">
    <ele>1090.0</ele>
   </trkpt>
   <trkpt lat="-28.5096410" lon="-65.6318030">
    <ele>1091.0</ele>
   </trkpt>
   <trkpt lat="-28.5096510" lon="-65.6318020">
    <ele>1091.0</ele>
   </trkpt>
   <trkpt lat="-28.5096610" lon="-65.6318020">
    <ele>1091.0</ele>
   </trkpt>
   <trkpt lat="-28.5096680" lon="-65.6317980">
    <ele>1091.0</ele>
   </trkpt>
   <trkpt lat="-28.5096760" lon="-65.6317930">
    <ele>1091.0</ele>
   </trkpt>
   <trkpt lat="-28.5096810" lon="-65.6317850">
    <ele>1092.0</ele>
   </trkpt>
   <trkpt lat="-28.5096870" lon="-65.6317770">
    <ele>1092.0</ele>
   </trkpt>
   <trkpt lat="-28.5096920" lon="-65.6317680">
    <ele>1092.0</ele>
   </trkpt>
   <trkpt lat="-28.5096970" lon="-65.6317590">
    <ele>1092.0</ele>
   </trkpt>
   <trkpt lat="-28.5097020" lon="-65.6317490">
    <ele>1092.0</ele>
   </trkpt>
   <trkpt lat="-28.5097080" lon="-65.6317380">
    <ele>1093.0</ele>
   </trkpt>
   <trkpt lat="-28.5097100" lon="-65.6317280">
    <ele>1093.0</ele>
   </trkpt>
   <trkpt lat="-28.5097130" lon="-65.6317180">
    <ele>1093.0</ele>
   </trkpt>
   <trkpt lat="-28.5097100" lon="-65.6317120">
    <ele>1093.0</ele>
   </trkpt>
   <trkpt lat="-28.5097080" lon="-65.6317060">
    <ele>1093.0</ele>
   </trkpt>
   <trkpt lat="-28.5097000" lon="-65.6317070">
    <ele>1094.0</ele>
   </trkpt>
   <trkpt lat="-28.5096910" lon="-65.6317080">
    <ele>1094.0</ele>
   </trkpt>
   <trkpt lat="-28.5096810" lon="-65.6317120">
    <ele>1094.0</ele>
   </trkpt>
   <trkpt lat="-28.5096700" lon="-65.6317160">
    <ele>1094.0</ele>
   </trkpt>
   <trkpt lat="-28.5096590" lon="-65.6317200">
    <ele>1094.0</ele>
   </trkpt>
   <trkpt lat="-28.5096490" lon="-65.6317240">
    <ele>1095.0</ele>
   </trkpt>
   <trkpt lat="-28.5096380" lon="-65.6317250">
    <ele>1095.0</ele>
   </trkpt>
   <trkpt lat="-28.5096270" lon="-65.6317270">
    <ele>1095.0</ele>
   </trkpt>
   <trkpt lat="-28.5096150" lon="-65.6317270">
    <ele>1096.0</ele>
   </trkpt>
   <trkpt lat="-28.5096030" lon="-65.6317280">
    <ele>1096.0</ele>
   </trkpt>
   <trkpt lat="-28.5095910" lon="-65.6317250">
    <ele>1097.0</ele>
   </trkpt>
   <trkpt lat="-28.5095790" lon="-65.6317230">
    <ele>1097.0</ele>
   </trkpt>
   <trkpt lat="-28.5095700" lon="-65.6317160">
    <ele>1097.0</ele>
   </trkpt>
   <trkpt lat="-28.5095610" lon="-65.6317100">
    <ele>1098.0</ele>
   </trkpt>
   <trkpt lat="-28.5095550" lon="-65.6317010">
    <ele>1098.0</ele>
   </trkpt>
   <trkpt lat="-28.5095490" lon="-65.6316920">
    <ele>1099.0</ele>
   </trkpt>
   <trkpt lat="-28.5095450" lon="-65.6316820">
    <ele>1099.0</ele>
   </trkpt>
   <trkpt lat="-28.5095400" lon="-65.6316710">
    <ele>1099.0</ele>
   </trkpt>
   <trkpt lat="-28.5095400" lon="-65.6316600">
    <ele>1099.0</ele>
   </trkpt>
   <trkpt lat="-28.5095400" lon="-65.6316490">
    <ele>1099.0</ele>
   </trkpt>
   <trkpt lat="-28.5095440" lon="-65.6316390">
    <ele>1100.0</ele>
   </trkpt>
   <trkpt lat="-28.5095480" lon="-65.6316280">
    <ele>1100.0</ele>
   </trkpt>
   <trkpt lat="-28.5095550" lon="-65.6316200">
    <ele>1100.0</ele>
   </trkpt>
   <trkpt lat="-28.5095620" lon="-65.6316120">
    <ele>1101.0</ele>
   </trkpt>
   <trkpt lat="-28.5095730" lon="-65.6316100">
    <ele>1101.0</ele>
   </trkpt>
   <trkpt lat="-28.5095830" lon="-65.6316070">
    <ele>1102.0</ele>
   </trkpt>
   <trkpt lat="-28.5095940" lon="-65.6316090">
    <ele>1102.0</ele>
   </trkpt>
   <trkpt lat="-28.5096060" lon="-65.6316110">
    <ele>1102.0</ele>
   </trkpt>
   <trkpt lat="-28.5096160" lon="-65.6316110">
    <ele>1102.0</ele>
   </trkpt>
   <trkpt lat="-28.5096260" lon="-65.6316110">
    <ele>1102.0</ele>
   </trkpt>
   <trkpt lat="-28.5096340" lon="-65.6316060">
    <ele>1103.0</ele>
   </trkpt>
   <trkpt lat="-28.5096410" lon="-65.6316010">
    <ele>1103.0</ele>
   </trkpt>
   <trkpt lat="-28.5096470" lon="-65.6315930">
    <ele>1103.0</ele>
   </trkpt>
   <trkpt lat="-28.5096530" lon="-65.6315850">
    <ele>1103.0</ele>
   </trkpt>
   <trkpt lat="-28.5096620" lon="-65.6315790">
    <ele>1103.0</ele>
   </trkpt>
   <trkpt lat="-28.5096700" lon="-65.6315720">
    <ele>1104.0</ele>
   </trkpt>
   <trkpt lat="-28.5096790" lon="-65.6315660">
    <ele>1104.0</ele>
   </trkpt>
   <trkpt lat="-28.5096880" lon="-65.6315600">
    <ele>1104.0</ele>
   </trkpt>
   <trkpt lat="-28.5096940" lon="-65.6315540">
    <ele>1105.0</ele>
   </trkpt>
   <trkpt lat="-28.5096990" lon="-65.6315470">
    <ele>1105.0</ele>
   </trkpt>
   <trkpt lat="-28.5096980" lon="-65.6315400">
    <ele>1106.0</ele>
   </trkpt>
   <trkpt lat="-28.5096970" lon="-65.6315330">
    <ele>1106.0</ele>
   </trkpt>
   <trkpt lat="-28.5096900" lon="-65.6315290">
    <ele>1106.0</ele>
   </trkpt>
   <trkpt lat="-28.5096830" lon="-65.6315250">
    <ele>1106.0</ele>
   </trkpt>
   <trkpt lat="-28.5096710" lon="-65.6315220">
    <ele>1106.0</ele>
   </trkpt>
   <trkpt lat="-28.5096600" lon="-65.6315190">
    <ele>1107.0</ele>
   </trkpt>
   <trkpt lat="-28.5096490" lon="-65.6315140">
    <ele>1107.0</ele>
   </trkpt>
   <trkpt lat="-28.5096380" lon="-65.6315100">
    <ele>1107.0</ele>
   </trkpt>
   <trkpt lat="-28.5096300" lon="-65.6315030">
    <ele>1107.0</ele>
   </trkpt>
   <trkpt lat="-28.5096220" lon="-65.6314960">
    <ele>1107.0</ele>
   </trkpt>
   <trkpt lat="-28.5096150" lon="-65.6314890">
    <ele>1108.0</ele>
   </trkpt>
   <trkpt lat="-28.5096080" lon="-65.6314820">
    <ele>1108.0</ele>
   </trkpt>
   <trkpt lat="-28.5096000" lon="-65.6314760">
    <ele>1108.0</ele>
   </trkpt>
   <trkpt lat="-28.5095930" lon="-65.6314710">
    <ele>1109.0</ele>
   </trkpt>
   <trkpt lat="-28.5095840" lon="-65.6314660">
    <ele>1109.0</ele>
   </trkpt>
   <trkpt lat="-28.5095760" lon="-65.6314620">
    <ele>1110.0</ele>
   </trkpt>
   <trkpt lat="-28.5095690" lon="-65.6314630">
    <ele>1110.0</ele>
   </trkpt>
   <trkpt lat="-28.5095610" lon="-65.6314640">
    <ele>1110.0</ele>
   </trkpt>
   <trkpt lat="-28.5095520" lon="-65.6314690">
    <ele>1111.0</ele>
   </trkpt>
   <trkpt lat="-28.5095440" lon="-65.6314740">
    <ele>1111.0</ele>
   </trkpt>
   <trkpt lat="-28.5095330" lon="-65.6314750">
    <ele>1112.0</ele>
   </trkpt>
   <trkpt lat="-28.5095230" lon="-65.6314770">
    <ele>1112.0</ele>
   </trkpt>
   <trkpt lat="-28.5095140" lon="-65.6314710">
    <ele>1112.0</ele>
   </trkpt>
   <trkpt lat="-28.5095050" lon="-65.6314640">
    <ele>1112.0</ele>
   </trkpt>
   <trkpt lat="-28.5095010" lon="-65.6314510">
    <ele>1112.0</ele>
   </trkpt>
   <trkpt lat="-28.5094970" lon="-65.6314380">
    <ele>1113.0</ele>
   </trkpt>
   <trkpt lat="-28.5094970" lon="-65.6314230">
    <ele>1113.0</ele>
   </trkpt>
   <trkpt lat="-28.5094970" lon="-65.6314090">
    <ele>1113.0</ele>
   </trkpt>
   <trkpt lat="-28.5095020" lon="-65.6313970">
    <ele>1113.0</ele>
   </trkpt>
   <trkpt lat="-28.5095060" lon="-65.6313860">
    <ele>1113.0</ele>
   </trkpt>
   <trkpt lat="-28.5095130" lon="-65.6313780">
    <ele>1114.0</ele>
   </trkpt>
   <trkpt lat="-28.5095200" lon="-65.6313700">
    <ele>1114.0</ele>
   </trkpt>
   <trkpt lat="-28.5095270" lon="-65.6313630">
    <ele>1114.0</ele>
   </trkpt>
   <trkpt lat="-28.5095340" lon="-65.6313560">
    <ele>1115.0</ele>
   </trkpt>
   <trkpt lat="-28.5095400" lon="-65.6313480">
    <ele>1115.0</ele>
   </trkpt>
   <trkpt lat="-28.5095450" lon="-65.6313400">
    <ele>1116.0</ele>
   </trkpt>
   <trkpt lat="-28.5095530" lon="-65.6313340">
    <ele>1116.0</ele>
   </trkpt>
   <trkpt lat="-28.5095600" lon="-65.6313280">
    <ele>1116.0</ele>
   </trkpt>
   <trkpt lat="-28.5095690" lon="-65.6313280">
    <ele>1116.0</ele>
   </trkpt>
   <trkpt lat="-28.5095770" lon="-65.6313280">
    <ele>1116.0</ele>
   </trkpt>
   <trkpt lat="-28.5095860" lon="-65.6313360">
    <ele>1117.0</ele>
   </trkpt>
   <trkpt lat="-28.5095940" lon="-65.6313430">
    <ele>1117.0</ele>
   </trkpt>
   <trkpt lat="-28.5096030" lon="-65.6313520">
    <ele>1117.0</ele>
   </trkpt>
   <trkpt lat="-28.5096120" lon="-65.6313610">
    <ele>1117.0</ele>
   </trkpt>
   <trkpt lat="-28.5096210" lon="-65.6313680">
    <ele>1117.0</ele>
   </trkpt>
   <trkpt lat="-28.5096300" lon="-65.6313750">
    <ele>1118.0</ele>
   </trkpt>
   <trkpt lat="-28.5096400" lon="-65.6313790">
    <ele>1118.0</ele>
   </trkpt>
   <trkpt lat="-28.5096500" lon="-65.6313840">
    <ele>1118.0</ele>
   </trkpt>
   <trkpt lat="-28.5096610" lon="-65.6313840">
    <ele>1119.0</ele>
   </trkpt>
   <trkpt lat="-28.5096730" lon="-65.6313830">
    <ele>1119.0</ele>
   </trkpt>
   <trkpt lat="-28.5096830" lon="-65.6313780">
    <ele>1120.0</ele>
   </trkpt>
   <trkpt lat="-28.5096930" lon="-65.6313730">
    <ele>1120.0</ele>
   </trkpt>
   <trkpt lat="-28.5096970" lon="-65.6313650">
    <ele>1120.0</ele>
   </trkpt>
   <trkpt lat="-28.5097010" lon="-65.6313570">
    <ele>1120.0</ele>
   </trkpt>
   <trkpt lat="-28.5096970" lon="-65.6313470">
    <ele>1120.0</ele>
   </trkpt>
   <trkpt lat="-28.5096930" lon="-65.6313370">
    <ele>1121.0</ele>
   </trkpt>
   <trkpt lat="-28.5096850" lon="-65.6313260">
    <ele>1121.0</ele>
   </trkpt>
   <trkpt lat="-28.5096770" lon="-65.6313160">
    <ele>1121.0</ele>
   </trkpt>
   <trkpt lat="-28.5096680" lon="-65.6313060">
    <ele>1121.0</ele>
   </trkpt>
   <trkpt lat="-28.5096600" lon="-65.6312960">
    <ele>1121.0</ele>
   </trkpt>
   <trkpt lat="-28.5096500" lon="-65.6312880">
    <ele>1122.0</ele>
   </trkpt>
   <trkpt lat="-28.5096410" lon="-65.6312800">
    <ele>1122.0</ele>
   </trkpt>
   <trkpt lat="-28.5096310" lon="-65.6312740">
    <ele>1122.0</ele>
   </trkpt>
   <trkpt lat="-28.5096220" lon="-65.6312670">
    <ele>1123.0</ele>
   </trkpt>
   <trkpt lat="-28.5096120" lon="-65.6312630">
    <ele>1123.0</ele>
   </trkpt>
   <trkpt lat="-28.5096030" lon="-65.6312600">
    <ele>1124.0</ele>
   </trkpt>
   <trkpt lat="-28.5095930" lon="-65.6312600">
    <ele>1124.0</ele>
   </trkpt>
   <trkpt lat="-28.5095830" lon="-65.6312610">
    <ele>1124.0</ele>
   </trkpt>
   <trkpt lat="-28.5095690" lon="-65.6312610">
    <ele>1124.0</ele>
   </trkpt>
   <trkpt lat="-28.5095550" lon="-65.6312600">
    <ele>1124.0</ele>
   </trkpt>
   <trkpt lat="-28.5095410" lon="-65.6312540">
    <ele>1125.0</ele>
   </trkpt>
   <trkpt lat="-28.5095260" lon="-65.6312480">
    <ele>1125.0</ele>
   </trkpt>
   <trkpt lat="-28.5095200" lon="-65.6312330">
    <ele>1125.0</ele>
   </trkpt>
   <trkpt lat="-28.5095140" lon="-65.6312190">
    <ele>1125.0</ele>
   </trkpt>
   <trkpt lat="-28.5095200" lon="-65.6312060">
    <ele>1125.0</ele>
   </trkpt>
   <trkpt lat="-28.5095260" lon="-65.6311940">
    <ele>1126.0</ele>
   </trkpt>
   <trkpt lat="-28.5095380" lon="-65.6311890">
    <ele>1126.0</ele>
   </trkpt>
   <trkpt lat="-28.5095490" lon="-65.6311840">
    <ele>1126.0</ele>
   </trkpt>
   <trkpt lat="-28.5095610" lon="-65.6311840">
    <ele>1127.0</ele>
   </trkpt>
   <trkpt lat="-28.5095730" lon="-65.6311850">
    <ele>1127.0</ele>
   </trkpt>
   <trkpt lat="-28.5095840" lon="-65.6311880">
    <ele>1128.0</ele>
   </trkpt>
   <trkpt lat="-28.5095940" lon="-65.6311910">
    <ele>1128.0</ele>
   </trkpt>
   <trkpt lat="-28.5096050" lon="-65.6311950">
    <ele>1128.0</ele>
   </trkpt>
   <trkpt lat="-28.5096170" lon="-65.6311990">
    <ele>1128.0</ele>
   </trkpt>
   <trkpt lat="-28.5096290" lon="-65.6312020">
    <ele>1128.0</ele>
   </trkpt>
   <trkpt lat="-28.5096410" lon="-65.6312050">
    <ele>1129.0</ele>
   </trkpt>
   <trkpt lat="-28.5096530" lon="-65.6312060">
    <ele>1129.0</ele>
   </trkpt>
   <trkpt lat="-28.5096640" lon="-65.6312080">
    <ele>1129.0</ele>
   </trkpt>
   <trkpt lat="-28.5096760" lon="-65.6312070">
    <ele>1129.0</ele>
   </trkpt>
   <trkpt lat="-28.5096880" lon="-65.6312060">
    <ele>1129.0</ele>
   </trkpt>
   <trkpt lat="-28.5096990" lon="-65.6312010">
    <ele>1130.0</ele>
   </trkpt>
   <trkpt lat="-28.5097100" lon="-65.6311950">
    <ele>1130.0</ele>
   </trkpt>
   <trkpt lat="-28.5097190" lon="-65.6311860">
    <ele>1130.0</ele>
   </trkpt>
   <trkpt lat="-28.5097280" lon="-65.6311760">
    <ele>1130.0</ele>
   </trkpt>
   <trkpt lat="-28.5097360" lon="-65.6311630">
    <ele>1130.0</ele>
   </trkpt>
   <trkpt lat="-28.5097440" lon="-65.6311500">
    <ele>1131.0</ele>
   </trkpt>
   <trkpt lat="-28.5097520" lon="-65.6311380">
    <ele>1131.0</ele>
   </trkpt>
   <trkpt lat="-28.5097590" lon="-65.6311260">
    <ele>1131.0</ele>
   </trkpt>
   <trkpt lat="-28.5097640" lon="-65.6311140">
    <ele>1131.0</ele>
   </trkpt>
   <trkpt lat="-28.5097700" lon="-65.6311030">
    <ele>1131.0</ele>
   </trkpt>
   <trkpt lat="-28.5097680" lon="-65.6310950">
    <ele>1132.0</ele>
   </trkpt>
   <trkpt lat="-28.5097660" lon="-65.6310870">
    <ele>1132.0</ele>
   </trkpt>
   <trkpt lat="-28.5097580" lon="-65.6310830">
    <ele>1132.0</ele>
   </trkpt>
   <trkpt lat="-28.5097500" lon="-65.6310800">
    <ele>1132.0</ele>
   </trkpt>
   <trkpt lat="-28.5097400" lon="-65.6310740">
    <ele>1132.0</ele>
   </trkpt>
   <trkpt lat="-28.5097310" lon="-65.6310680">
    <ele>1133.0</ele>
   </trkpt>
   <trkpt lat="-28.5097200" lon="-65.6310620">
    <ele>1133.0</ele>
   </trkpt>
   <trkpt lat="-28.5097100" lon="-65.6310550">
    <ele>1133.0</ele>
   </trkpt>
   <trkpt lat="-28.5096990" lon="-65.6310530">
    <ele>1134.0</ele>
   </trkpt>
   <trkpt lat="-28.5096880" lon="-65.6310500">
    <ele>1134.0</ele>
   </trkpt>
   <trkpt lat="-28.5096800" lon="-65.6310450">
    <ele>1135.0</ele>
   </trkpt>
   <trkpt lat="-28.5096730" lon="-65.6310390">
    <ele>1135.0</ele>
   </trkpt>
   <trkpt lat="-28.5096730" lon="-65.6310310">
    <ele>1135.0</ele>
   </trkpt>
   <trkpt lat="-28.5096730" lon="-65.6310230">
    <ele>1136.0</ele>
   </trkpt>
   <trkpt lat="-28.5096800" lon="-65.6310170">
    <ele>1136.0</ele>
   </trkpt>
   <trkpt lat="-28.5096870" lon="-65.6310110">
    <ele>1137.0</ele>
   </trkpt>
   <trkpt lat="-28.5096980" lon="-65.6310080">
    <ele>1137.0</ele>
   </trkpt>
   <trkpt lat="-28.5097090" lon="-65.6310060">
    <ele>1137.0</ele>
   </trkpt>
   <trkpt lat="-28.5097210" lon="-65.6310050">
    <ele>1138.0</ele>
   </trkpt>
   <trkpt lat="-28.5097330" lon="-65.6310040">
    <ele>1138.0</ele>
   </trkpt>
   <trkpt lat="-28.5097440" lon="-65.6310010">
    <ele>1139.0</ele>
   </trkpt>
   <trkpt lat="-28.5097550" lon="-65.6309990">
    <ele>1139.0</ele>
   </trkpt>
   <trkpt lat="-28.5097620" lon="-65.6309920">
    <ele>1139.0</ele>
   </trkpt>
   <trkpt lat="-28.5097690" lon="-65.6309860">
    <ele>1139.0</ele>
   </trkpt>
   <trkpt lat="-28.5097690" lon="-65.6309760">
    <ele>1139.0</ele>
   </trkpt>
   <trkpt lat="-28.5097700" lon="-65.6309670">
    <ele>1140.0</ele>
   </trkpt>
   <trkpt lat="-28.5097680" lon="-65.6309610">
    <ele>1140.0</ele>
   </trkpt>
   <trkpt lat="-28.5097670" lon="-65.6309550">
    <ele>1140.0</ele>
   </trkpt>
   <trkpt lat="-28.5097620" lon="-65.6309440">
    <ele>1141.0</ele>
   </trkpt>
   <trkpt lat="-28.5097560" lon="-65.6309330">
    <ele>1141.0</ele>
   </trkpt>
   <trkpt lat="-28.5097490" lon="-65.6309230">
    <ele>1142.0</ele>
   </trkpt>
   <trkpt lat="-28.5097410" lon="-65.6309130">
    <ele>1142.0</ele>
   </trkpt>
   <trkpt lat="-28.5097340" lon="-65.6309020">
    <ele>1142.0</ele>
   </trkpt>
   <trkpt lat="-28.5097280" lon="-65.6308920">
    <ele>1142.0</ele>
   </trkpt>
   <trkpt lat="-28.5097260" lon="-65.6308800">
    <ele>1142.0</ele>
   </trkpt>
   <trkpt lat="-28.5097250" lon="-65.6308680">
    <ele>1143.0</ele>
   </trkpt>
   <trkpt lat="-28.5097270" lon="-65.6308570">
    <ele>1143.0</ele>
   </trkpt>
   <trkpt lat="-28.5097280" lon="-65.6308450">
    <ele>1143.0</ele>
   </trkpt>
   <trkpt lat="-28.5097270" lon="-65.6308370">
    <ele>1143.0</ele>
   </trkpt>
   <trkpt lat="-28.5097250" lon="-65.6308290">
    <ele>1143.0</ele>
   </trkpt>
   <trkpt lat="-28.5097180" lon="-65.6308290">
    <ele>1144.0</ele>
   </trkpt>
   <trkpt lat="-28.5097110" lon="-65.6308290">
    <ele>1144.0</ele>
   </trkpt>
   <trkpt lat="-28.5097010" lon="-65.6308330">
    <ele>1144.0</ele>
   </trkpt>
   <trkpt lat="-28.5096910" lon="-65.6308380">
    <ele>1145.0</ele>
   </trkpt>
   <trkpt lat="-28.5096810" lon="-65.6308430">
    <ele>1145.0</ele>
   </trkpt>
   <trkpt lat="-28.5096700" lon="-65.6308480">
    <ele>1146.0</ele>
   </trkpt>
   <trkpt lat="-28.5096610" lon="-65.6308540">
    <ele>1146.0</ele>
   </trkpt>
   <trkpt lat="-28.5096520" lon="-65.6308590">
    <ele>1146.0</ele>
   </trkpt>
   <trkpt lat="-28.5096420" lon="-65.6308650">
    <ele>1146.0</ele>
   </trkpt>
   <trkpt lat="-28.5096310" lon="-65.6308700">
    <ele>1146.0</ele>
   </trkpt>
   <trkpt lat="-28.5096180" lon="-65.6308760">
    <ele>1147.0</ele>
   </trkpt>
   <trkpt lat="-28.5096050" lon="-65.6308810">
    <ele>1147.0</ele>
   </trkpt>
   <trkpt lat="-28.5095900" lon="-65.6308870">
    <ele>1147.0</ele>
   </trkpt>
   <trkpt lat="-28.5095740" lon="-65.6308920">
    <ele>1148.0</ele>
   </trkpt>
   <trkpt lat="-28.5095600" lon="-65.6308900">
    <ele>1148.0</ele>
   </trkpt>
   <trkpt lat="-28.5095450" lon="-65.6308880">
    <ele>1149.0</ele>
   </trkpt>
   <trkpt lat="-28.5095340" lon="-65.6308770">
    <ele>1149.0</ele>
   </trkpt>
   <trkpt lat="-28.5095230" lon="-65.6308670">
    <ele>1149.0</ele>
   </trkpt>
   <trkpt lat="-28.5095150" lon="-65.6308530">
    <ele>1150.0</ele>
   </trkpt>
   <trkpt lat="-28.5095070" lon="-65.6308390">
    <ele>1150.0</ele>
   </trkpt>
   <trkpt lat="-28.5095010" lon="-65.6308230">
    <ele>1151.0</ele>
   </trkpt>
   <trkpt lat="-28.5094950" lon="-65.6308080">
    <ele>1151.0</ele>
   </trkpt>
   <trkpt lat="-28.5094900" lon="-65.6307920">
    <ele>1151.0</ele>
   </trkpt>
   <trkpt lat="-28.5094850" lon="-65.6307770">
    <ele>1151.0</ele>
   </trkpt>
   <trkpt lat="-28.5094810" lon="-65.6307630">
    <ele>1151.0</ele>
   </trkpt>
   <trkpt lat="-28.5094770" lon="-65.6307490">
    <ele>1152.0</ele>
   </trkpt>
   <trkpt lat="-28.5094760" lon="-65.6307370">
    <ele>1152.0</ele>
   </trkpt>
   <trkpt lat="-28.5094750" lon="-65.6307260">
    <ele>1152.0</ele>
   </trkpt>
   <trkpt lat="-28.5094790" lon="-65.6307170">
    <ele>1152.0</ele>
   </trkpt>
   <trkpt lat="-28.5094820" lon="-65.6307090">
    <ele>1152.0</ele>
   </trkpt>
   <trkpt lat="-28.5094900" lon="-65.6307020">
    <ele>1153.0</ele>
   </trkpt>
   <trkpt lat="-28.5094980" lon="-65.6306950">
    <ele>1153.0</ele>
   </trkpt>
   <trkpt lat="-28.5095090" lon="-65.6306920">
    <ele>1153.0</ele>
   </trkpt>
   <trkpt lat="-28.5095190" lon="-65.6306900">
    <ele>1154.0</ele>
   </trkpt>
   <trkpt lat="-28.5095310" lon="-65.6306890">
    <ele>1154.0</ele>
   </trkpt>
   <trkpt lat="-28.5095430" lon="-65.6306890">
    <ele>1155.0</ele>
   </trkpt>
   <trkpt lat="-28.5095550" lon="-65.6306890">
    <ele>1155.0</ele>
   </trkpt>
   <trkpt lat="-28.5095670" lon="-65.6306880">
    <ele>1155.0</ele>
   </trkpt>
   <trkpt lat="-28.5095780" lon="-65.6306920">
    <ele>1155.0</ele>
   </trkpt>
   <trkpt lat="-28.5095890" lon="-65.6306950">
    <ele>1155.0</ele>
   </trkpt>
   <trkpt lat="-28.5096020" lon="-65.6307030">
    <ele>1156.0</ele>
   </trkpt>
   <trkpt lat="-28.5096150" lon="-65.6307110">
    <ele>1156.0</ele>
   </trkpt>
   <trkpt lat="-28.5096260" lon="-65.6307130">
    <ele>1156.0</ele>
   </trkpt>
   <trkpt lat="-28.5096370" lon="-65.6307150">
    <ele>1156.0</ele>
   </trkpt>
   <trkpt lat="-28.5096390" lon="-65.6307060">
    <ele>1156.0</ele>
   </trkpt>
   <trkpt lat="-28.5096420" lon="-65.6306980">
    <ele>1157.0</ele>
   </trkpt>
   <trkpt lat="-28.5096420" lon="-65.6306840">
    <ele>1157.0</ele>
   </trkpt>
   <trkpt lat="-28.5096420" lon="-65.6306710">
    <ele>1157.0</ele>
   </trkpt>
   <trkpt lat="-28.5096460" lon="-65.6306590">
    <ele>1158.0</ele>
   </trkpt>
   <trkpt lat="-28.5096490" lon="-65.6306460">
    <ele>1158.0</ele>
   </trkpt>
   <trkpt lat="-28.5096540" lon="-65.6306350">
    <ele>1159.0</ele>
   </trkpt>
   <trkpt lat="-28.5096590" lon="-65.6306240">
    <ele>1159.0</ele>
   </trkpt>
   <trkpt lat="-28.5096650" lon="-65.6306140">
    <ele>1159.0</ele>
   </trkpt>
   <trkpt lat="-28.5096700" lon="-65.6306040">
    <ele>1159.0</ele>
   </trkpt>
   <trkpt lat="-28.5096720" lon="-65.6305950">
    <ele>1159.0</ele>
   </trkpt>
   <trkpt lat="-28.5096730" lon="-65.6305860">
    <ele>1160.0</ele>
   </trkpt>
   <trkpt lat="-28.5096680" lon="-65.6305810">
    <ele>1160.0</ele>
   </trkpt>
   <trkpt lat="-28.5096630" lon="-65.6305760">
    <ele>1160.0</ele>
   </trkpt>
   <trkpt lat="-28.5096540" lon="-65.6305760">
    <ele>1160.0</ele>
   </trkpt>
   <trkpt lat="-28.5096450" lon="-65.6305750">
    <ele>1160.0</ele>
   </trkpt>
   <trkpt lat="-28.5096350" lon="-65.6305800">
    <ele>1161.0</ele>
   </trkpt>
   <trkpt lat="-28.5096250" lon="-65.6305840">
    <ele>1161.0</ele>
   </trkpt>
   <trkpt lat="-28.5096150" lon="-65.6305910">
    <ele>1161.0</ele>
   </trkpt>
   <trkpt lat="-28.5096060" lon="-65.6305970">
    <ele>1161.0</ele>
   </trkpt>
   <trkpt lat="-28.5095960" lon="-65.6306030">
    <ele>1161.0</ele>
   </trkpt>
   <trkpt lat="-28.5095870" lon="-65.6306090">
    <ele>1162.0</ele>
   </trkpt>
   <trkpt lat="-28.5095760" lon="-65.6306090">
    <ele>1162.0</ele>
   </trkpt>
   <trkpt lat="-28.5095660" lon="-65.6306090">
    <ele>1162.0</ele>
   </trkpt>
   <trkpt lat="-28.5095550" lon="-65.6306020">
    <ele>1162.0</ele>
   </trkpt>
   <trkpt lat="-28.5095430" lon="-65.6305950">
    <ele>1162.0</ele>
   </trkpt>
   <trkpt lat="-28.5095330" lon="-65.6305820">
    <ele>1163.0</ele>
   </trkpt>
   <trkpt lat="-28.5095230" lon="-65.6305680">
    <ele>1163.0</ele>
   </trkpt>
   <trkpt lat="-28.5095150" lon="-65.6305500">
    <ele>1163.0</ele>
   </trkpt>
   <trkpt lat="-28.5095070" lon="-65.6305330">
    <ele>1164.0</ele>
   </trkpt>
   <trkpt lat="-28.5095030" lon="-65.6305120">
    <ele>1164.0</ele>
   </trkpt>
   <trkpt lat="-28.5095000" lon="-65.6304920">
    <ele>1165.0</ele>
   </trkpt>
   <trkpt lat="-28.5095050" lon="-65.6304770">
    <ele>1165.0</ele>
   </trkpt>
   <trkpt lat="-28.5095100" lon="-65.6304630">
    <ele>1166.0</ele>
   </trkpt>
   <trkpt lat="-28.5095190" lon="-65.6304560">
    <ele>1166.0</ele>
   </trkpt>
   <trkpt lat="-28.5095290" lon="-65.6304480">
    <ele>1167.0</ele>
   </trkpt>
   <trkpt lat="-28.5095400" lon="-65.6304460">
    <ele>1168.0</ele>
   </trkpt>
   <trkpt lat="-28.5095510" lon="-65.6304430">
    <ele>1168.0</ele>
   </trkpt>
   <trkpt lat="-28.5095620" lon="-65.6304430">
    <ele>1168.0</ele>
   </trkpt>
   <trkpt lat="-28.5095730" lon="-65.6304430">
    <ele>1168.0</ele>
   </trkpt>
   <trkpt lat="-28.5095840" lon="-65.6304460">
    <ele>1168.0</ele>
   </trkpt>
   <trkpt lat="-28.5095960" lon="-65.6304480">
    <ele>1169.0</ele>
   </trkpt>
   <trkpt lat="-28.5096060" lon="-65.6304510">
    <ele>1169.0</ele>
   </trkpt>
   <trkpt lat="-28.5096160" lon="-65.6304540">
    <ele>1169.0</ele>
   </trkpt>
   <trkpt lat="-28.5096250" lon="-65.6304540">
    <ele>1169.0</ele>
   </trkpt>
   <trkpt lat="-28.5096350" lon="-65.6304540">
    <ele>1169.0</ele>
   </trkpt>
   <trkpt lat="-28.5096410" lon="-65.6304490">
    <ele>1170.0</ele>
   </trkpt>
   <trkpt lat="-28.5096480" lon="-65.6304440">
    <ele>1170.0</ele>
   </trkpt>
   <trkpt lat="-28.5096510" lon="-65.6304360">
    <ele>1170.0</ele>
   </trkpt>
   <trkpt lat="-28.5096540" lon="-65.6304270">
    <ele>1170.0</ele>
   </trkpt>
   <trkpt lat="-28.5096570" lon="-65.6304180">
    <ele>1170.0</ele>
   </trkpt>
   <trkpt lat="-28.5096600" lon="-65.6304080">
    <ele>1171.0</ele>
   </trkpt>
   <trkpt lat="-28.5096660" lon="-65.6303990">
    <ele>1171.0</ele>
   </trkpt>
   <trkpt lat="-28.5096720" lon="-65.6303900">
    <ele>1171.0</ele>
   </trkpt>
   <trkpt lat="-28.5096810" lon="-65.6303810">
    <ele>1171.0</ele>
   </trkpt>
   <trkpt lat="-28.5096890" lon="-65.6303710">
    <ele>1171.0</ele>
   </trkpt>
   <trkpt lat="-28.5096970" lon="-65.6303620">
    <ele>1172.0</ele>
   </trkpt>
   <trkpt lat="-28.5097040" lon="-65.6303530">
    <ele>1172.0</ele>
   </trkpt>
   <trkpt lat="-28.5097040" lon="-65.6303450">
    <ele>1172.0</ele>
   </trkpt>
   <trkpt lat="-28.5097040" lon="-65.6303370">
    <ele>1173.0</ele>
   </trkpt>
   <trkpt lat="-28.5096970" lon="-65.6303330">
    <ele>1173.0</ele>
   </trkpt>
   <trkpt lat="-28.5096910" lon="-65.6303280">
    <ele>1174.0</ele>
   </trkpt>
   <trkpt lat="-28.5096820" lon="-65.6303280">
    <ele>1174.0</ele>
   </trkpt>
   <trkpt lat="-28.5096730" lon="-65.6303280">
    <ele>1174.0</ele>
   </trkpt>
   <trkpt lat="-28.5096630" lon="-65.6303310">
    <ele>1174.0</ele>
   </trkpt>
   <trkpt lat="-28.5096540" lon="-65.6303340">
    <ele>1174.0</ele>
   </trkpt>
   <trkpt lat="-28.5096440" lon="-65.6303400">
    <ele>1175.0</ele>
   </trkpt>
   <trkpt lat="-28.5096350" lon="-65.6303460">
    <ele>1175.0</ele>
   </trkpt>
   <trkpt lat="-28.5096220" lon="-65.6303530">
    <ele>1175.0</ele>
   </trkpt>
   <trkpt lat="-28.5096090" lon="-65.6303590">
    <ele>1175.0</ele>
   </trkpt>
   <trkpt lat="-28.5095930" lon="-65.6303580">
    <ele>1175.0</ele>
   </trkpt>
   <trkpt lat="-28.5095770" lon="-65.6303570">
    <ele>1176.0</ele>
   </trkpt>
   <trkpt lat="-28.5095630" lon="-65.6303460">
    <ele>1176.0</ele>
   </trkpt>
   <trkpt lat="-28.5095490" lon="-65.6303360">
    <ele>1176.0</ele>
   </trkpt>
   <trkpt lat="-28.5095400" lon="-65.6303180">
    <ele>1177.0</ele>
   </trkpt>
   <trkpt lat="-28.5095310" lon="-65.6303000">
    <ele>1177.0</ele>
   </trkpt>
   <trkpt lat="-28.5095310" lon="-65.6302830">
    <ele>1178.0</ele>
   </trkpt>
   <trkpt lat="-28.5095310" lon="-65.6302670">
    <ele>1178.0</ele>
   </trkpt>
   <trkpt lat="-28.5095400" lon="-65.6302590">
    <ele>1178.0</ele>
   </trkpt>
   <trkpt lat="-28.5095490" lon="-65.6302510">
    <ele>1178.0</ele>
   </trkpt>
   <trkpt lat="-28.5095600" lon="-65.6302460">
    <ele>1178.0</ele>
   </trkpt>
   <trkpt lat="-28.5095720" lon="-65.6302420">
    <ele>1179.0</ele>
   </trkpt>
   <trkpt lat="-28.5095830" lon="-65.6302380">
    <ele>1179.0</ele>
   </trkpt>
   <trkpt lat="-28.5095950" lon="-65.6302350">
    <ele>1179.0</ele>
   </trkpt>
   <trkpt lat="-28.5096040" lon="-65.6302320">
    <ele>1179.0</ele>
   </trkpt>
   <trkpt lat="-28.5096130" lon="-65.6302280">
    <ele>1179.0</ele>
   </trkpt>
   <trkpt lat="-28.5096230" lon="-65.6302260">
    <ele>1180.0</ele>
   </trkpt>
   <trkpt lat="-28.5096320" lon="-65.6302250">
    <ele>1180.0</ele>
   </trkpt>
   <trkpt lat="-28.5096410" lon="-65.6302230">
    <ele>1180.0</ele>
   </trkpt>
   <trkpt lat="-28.5096510" lon="-65.6302220">
    <ele>1181.0</ele>
   </trkpt>
   <trkpt lat="-28.5096570" lon="-65.6302180">
    <ele>1181.0</ele>
   </trkpt>
   <trkpt lat="-28.5096640" lon="-65.6302140">
    <ele>1182.0</ele>
   </trkpt>
   <trkpt lat="-28.5096650" lon="-65.6302060">
    <ele>1182.0</ele>
   </trkpt>
   <trkpt lat="-28.5096670" lon="-65.6301980">
    <ele>1182.0</ele>
   </trkpt>
   <trkpt lat="-28.5096640" lon="-65.6301890">
    <ele>1182.0</ele>
   </trkpt>
   <trkpt lat="-28.5096610" lon="-65.6301790">
    <ele>1182.0</ele>
   </trkpt>
   <trkpt lat="-28.5096560" lon="-65.6301680">
    <ele>1183.0</ele>
   </trkpt>
   <trkpt lat="-28.5096520" lon="-65.6301570">
    <ele>1183.0</ele>
   </trkpt>
   <trkpt lat="-28.5096520" lon="-65.6301460">
    <ele>1183.0</ele>
   </trkpt>
   <trkpt lat="-28.5096520" lon="-65.6301360">
    <ele>1183.0</ele>
   </trkpt>
   <trkpt lat="-28.5096590" lon="-65.6301290">
    <ele>1183.0</ele>
   </trkpt>
   <trkpt lat="-28.5096660" lon="-65.6301210">
    <ele>1184.0</ele>
   </trkpt>
   <trkpt lat="-28.5096760" lon="-65.6301170">
    <ele>1184.0</ele>
   </trkpt>
   <trkpt lat="-28.5096870" lon="-65.6301130">
    <ele>1184.0</ele>
   </trkpt>
   <trkpt lat="-28.5096970" lon="-65.6301090">
    <ele>1184.0</ele>
   </trkpt>
   <trkpt lat="-28.5097060" lon="-65.6301050">
    <ele>1184.0</ele>
   </trkpt>
   <trkpt lat="-28.5097130" lon="-65.6300980">
    <ele>1185.0</ele>
   </trkpt>
   <trkpt lat="-28.5097190" lon="-65.6300900">
    <ele>1185.0</ele>
   </trkpt>
   <trkpt lat="-28.5097250" lon="-65.6300800">
    <ele>1185.0</ele>
   </trkpt>
   <trkpt lat="-28.5097300" lon="-65.6300690">
    <ele>1185.0</ele>
   </trkpt>
   <trkpt lat="-28.5097340" lon="-65.6300600">
    <ele>1185.0</ele>
   </trkpt>
   <trkpt lat="-28.5097380" lon="-65.6300520">
    <ele>1186.0</ele>
   </trkpt>
   <trkpt lat="-28.5097420" lon="-65.6300430">
    <ele>1186.0</ele>
   </trkpt>
   <trkpt lat="-28.5097480" lon="-65.6300310">
    <ele>1186.0</ele>
   </trkpt>
   <trkpt lat="-28.5097540" lon="-65.6300200">
    <ele>1186.0</ele>
   </trkpt>
   <trkpt lat="-28.5097560" lon="-65.6300100">
    <ele>1186.0</ele>
   </trkpt>
   <trkpt lat="-28.5097590" lon="-65.6300000">
    <ele>1187.0</ele>
   </trkpt>
   <trkpt lat="-28.5097600" lon="-65.6299890">
    <ele>1187.0</ele>
   </trkpt>
   <trkpt lat="-28.5097620" lon="-65.6299780">
    <ele>1187.0</ele>
   </trkpt>
   <trkpt lat="-28.5097630" lon="-65.6299660">
    <ele>1187.0</ele>
   </trkpt>
   <trkpt lat="-28.5097640" lon="-65.6299550">
    <ele>1187.0</ele>
   </trkpt>
   <trkpt lat="-28.5097620" lon="-65.6299440">
    <ele>1188.0</ele>
   </trkpt>
   <trkpt lat="-28.5097590" lon="-65.6299340">
    <ele>1188.0</ele>
   </trkpt>
   <trkpt lat="-28.5097530" lon="-65.6299300">
    <ele>1188.0</ele>
   </trkpt>
   <trkpt lat="-28.5097480" lon="-65.6299250">
    <ele>1188.0</ele>
   </trkpt>
   <trkpt lat="-28.5097380" lon="-65.6299250">
    <ele>1188.0</ele>
   </trkpt>
   <trkpt lat="-28.5097290" lon="-65.6299250">
    <ele>1189.0</ele>
   </trkpt>
   <trkpt lat="-28.5097180" lon="-65.6299250">
    <ele>1189.0</ele>
   </trkpt>
   <trkpt lat="-28.5097070" lon="-65.6299250">
    <ele>1189.0</ele>
   </trkpt>
   <trkpt lat="-28.5096950" lon="-65.6299280">
    <ele>1189.0</ele>
   </trkpt>
   <trkpt lat="-28.5096830" lon="-65.6299300">
    <ele>1189.0</ele>
   </trkpt>
   <trkpt lat="-28.5096760" lon="-65.6299390">
    <ele>1189.0</ele>
   </trkpt>
   <trkpt lat="-28.5096680" lon="-65.6299480">
    <ele>1189.0</ele>
   </trkpt>
   <trkpt lat="-28.5096650" lon="-65.6299600">
    <ele>1189.0</ele>
   </trkpt>
   <trkpt lat="-28.5096620" lon="-65.6299720">
    <ele>1189.0</ele>
   </trkpt>
   <trkpt lat="-28.5096590" lon="-65.6299830">
    <ele>1189.0</ele>
   </trkpt>
   <trkpt lat="-28.5096560" lon="-65.6299950">
    <ele>1190.0</ele>
   </trkpt>
   <trkpt lat="-28.5096480" lon="-65.6300050">
    <ele>1190.0</ele>
   </trkpt>
   <trkpt lat="-28.5096400" lon="-65.6300150">
    <ele>1190.0</ele>
   </trkpt>
   <trkpt lat="-28.5096280" lon="-65.6300230">
    <ele>1191.0</ele>
   </trkpt>
   <trkpt lat="-28.5096150" lon="-65.6300300">
    <ele>1191.0</ele>
   </trkpt>
   <trkpt lat="-28.5095990" lon="-65.6300300">
    <ele>1192.0</ele>
   </trkpt>
   <trkpt lat="-28.5095840" lon="-65.6300310">
    <ele>1192.0</ele>
   </trkpt>
   <trkpt lat="-28.5095710" lon="-65.6300210">
    <ele>1192.0</ele>
   </trkpt>
   <trkpt lat="-28.5095590" lon="-65.6300110">
    <ele>1193.0</ele>
   </trkpt>
   <trkpt lat="-28.5095500" lon="-65.6299970">
    <ele>1193.0</ele>
   </trkpt>
   <trkpt lat="-28.5095400" lon="-65.6299830">
    <ele>1194.0</ele>
   </trkpt>
   <trkpt lat="-28.5095310" lon="-65.6299670">
    <ele>1194.0</ele>
   </trkpt>
   <trkpt lat="-28.5095230" lon="-65.6299520">
    <ele>1194.0</ele>
   </trkpt>
   <trkpt lat="-28.5095200" lon="-65.6299350">
    <ele>1195.0</ele>
   </trkpt>
   <trkpt lat="-28.5095180" lon="-65.6299180">
    <ele>1195.0</ele>
   </trkpt>
   <trkpt lat="-28.5095260" lon="-65.6299050">
    <ele>1196.0</ele>
   </trkpt>
   <trkpt lat="-28.5095340" lon="-65.6298930">
    <ele>1196.0</ele>
   </trkpt>
   <trkpt lat="-28.5095500" lon="-65.6298880">
    <ele>1196.0</ele>
   </trkpt>
   <trkpt lat="-28.5095660" lon="-65.6298840">
    <ele>1197.0</ele>
   </trkpt>
   <trkpt lat="-28.5095810" lon="-65.6298800">
    <ele>1197.0</ele>
   </trkpt>
   <trkpt lat="-28.5095960" lon="-65.6298750">
    <ele>1198.0</ele>
   </trkpt>
   <trkpt lat="-28.5095980" lon="-65.6298670">
    <ele>1198.0</ele>
   </trkpt>
   <trkpt lat="-28.5095990" lon="-65.6298590">
    <ele>1198.0</ele>
   </trkpt>
   <trkpt lat="-28.5095900" lon="-65.6298490">
    <ele>1198.0</ele>
   </trkpt>
   <trkpt lat="-28.5095800" lon="-65.6298400">
    <ele>1198.0</ele>
   </trkpt>
   <trkpt lat="-28.5095670" lon="-65.6298320">
    <ele>1199.0</ele>
   </trkpt>
   <trkpt lat="-28.5095540" lon="-65.6298250">
    <ele>1199.0</ele>
   </trkpt>
   <trkpt lat="-28.5095400" lon="-65.6298180">
    <ele>1199.0</ele>
   </trkpt>
   <trkpt lat="-28.5095260" lon="-65.6298110">
    <ele>1200.0</ele>
   </trkpt>
   <trkpt lat="-28.5095130" lon="-65.6298040">
    <ele>1200.0</ele>
   </trkpt>
   <trkpt lat="-28.5095000" lon="-65.6297970">
    <ele>1201.0</ele>
   </trkpt>
   <trkpt lat="-28.5094880" lon="-65.6297900">
    <ele>1201.0</ele>
   </trkpt>
   <trkpt lat="-28.5094760" lon="-65.6297830">
    <ele>1201.0</ele>
   </trkpt>
   <trkpt lat="-28.5094680" lon="-65.6297730">
    <ele>1202.0</ele>
   </trkpt>
   <trkpt lat="-28.5094600" lon="-65.6297640">
    <ele>1202.0</ele>
   </trkpt>
   <trkpt lat="-28.5094610" lon="-65.6297520">
    <ele>1203.0</ele>
   </trkpt>
   <trkpt lat="-28.5094610" lon="-65.6297410">
    <ele>1203.0</ele>
   </trkpt>
   <trkpt lat="-28.5094690" lon="-65.6297310">
    <ele>1203.0</ele>
   </trkpt>
   <trkpt lat="-28.5094770" lon="-65.6297220">
    <ele>1203.0</ele>
   </trkpt>
   <trkpt lat="-28.5094870" lon="-65.6297130">
    <ele>1203.0</ele>
   </trkpt>
   <trkpt lat="-28.5094970" lon="-65.6297050">
    <ele>1204.0</ele>
   </trkpt>
   <trkpt lat="-28.5095060" lon="-65.6296960">
    <ele>1204.0</ele>
   </trkpt>
   <trkpt lat="-28.5095160" lon="-65.6296880">
    <ele>1204.0</ele>
   </trkpt>
   <trkpt lat="-28.5095240" lon="-65.6296790">
    <ele>1204.0</ele>
   </trkpt>
   <trkpt lat="-28.5095310" lon="-65.6296700">
    <ele>1204.0</ele>
   </trkpt>
   <trkpt lat="-28.5095350" lon="-65.6296610">
    <ele>1205.0</ele>
   </trkpt>
   <trkpt lat="-28.5095390" lon="-65.6296530">
    <ele>1205.0</ele>
   </trkpt>
   <trkpt lat="-28.5095370" lon="-65.6296440">
    <ele>1205.0</ele>
   </trkpt>
   <trkpt lat="-28.5095360" lon="-65.6296360">
    <ele>1205.0</ele>
   </trkpt>
   <trkpt lat="-28.5095300" lon="-65.6296260">
    <ele>1205.0</ele>
   </trkpt>
   <trkpt lat="-28.5095240" lon="-65.6296170">
    <ele>1206.0</ele>
   </trkpt>
   <trkpt lat="-28.5095170" lon="-65.6296060">
    <ele>1206.0</ele>
   </trkpt>
   <trkpt lat="-28.5095100" lon="-65.6295950">
    <ele>1206.0</ele>
   </trkpt>
   <trkpt lat="-28.5095050" lon="-65.6295810">
    <ele>1206.0</ele>
   </trkpt>
   <trkpt lat="-28.5095000" lon="-65.6295680">
    <ele>1206.0</ele>
   </trkpt>
   <trkpt lat="-28.5095010" lon="-65.6295550">
    <ele>1207.0</ele>
   </trkpt>
   <trkpt lat="-28.5095020" lon="-65.6295420">
    <ele>1207.0</ele>
   </trkpt>
   <trkpt lat="-28.5095090" lon="-65.6295320">
    <ele>1207.0</ele>
   </trkpt>
   <trkpt lat="-28.5095160" lon="-65.6295220">
    <ele>1208.0</ele>
   </trkpt>
   <trkpt lat="-28.5095260" lon="-65.6295170">
    <ele>1208.0</ele>
   </trkpt>
   <trkpt lat="-28.5095370" lon="-65.6295130">
    <ele>1209.0</ele>
   </trkpt>
   <trkpt lat="-28.5095490" lon="-65.6295130">
    <ele>1209.0</ele>
   </trkpt>
   <trkpt lat="-28.5095610" lon="-65.6295120">
    <ele>1209.0</ele>
   </trkpt>
   <trkpt lat="-28.5095710" lon="-65.6295090">
    <ele>1209.0</ele>
   </trkpt>
   <trkpt lat="-28.5095810" lon="-65.6295060">
    <ele>1209.0</ele>
   </trkpt>
   <trkpt lat="-28.5095890" lon="-65.6295000">
    <ele>1210.0</ele>
   </trkpt>
   <trkpt lat="-28.5095960" lon="-65.6294940">
    <ele>1210.0</ele>
   </trkpt>
   <trkpt lat="-28.5096030" lon="-65.6294860">
    <ele>1210.0</ele>
   </trkpt>
   <trkpt lat="-28.5096100" lon="-65.6294780">
    <ele>1210.0</ele>
   </trkpt>
   <trkpt lat="-28.5096190" lon="-65.6294700">
    <ele>1210.0</ele>
   </trkpt>
   <trkpt lat="-28.5096280" lon="-65.6294630">
    <ele>1211.0</ele>
   </trkpt>
   <trkpt lat="-28.5096390" lon="-65.6294580">
    <ele>1211.0</ele>
   </trkpt>
   <trkpt lat="-28.5096490" lon="-65.6294540">
    <ele>1211.0</ele>
   </trkpt>
   <trkpt lat="-28.5096600" lon="-65.6294500">
    <ele>1211.0</ele>
   </trkpt>
   <trkpt lat="-28.5096710" lon="-65.6294460">
    <ele>1211.0</ele>
   </trkpt>
   <trkpt lat="-28.5096820" lon="-65.6294410">
    <ele>1212.0</ele>
   </trkpt>
   <trkpt lat="-28.5096920" lon="-65.6294360">
    <ele>1212.0</ele>
   </trkpt>
   <trkpt lat="-28.5097040" lon="-65.6294330">
    <ele>1212.0</ele>
   </trkpt>
   <trkpt lat="-28.5097150" lon="-65.6294300">
    <ele>1212.0</ele>
   </trkpt>
   <trkpt lat="-28.5097260" lon="-65.6294280">
    <ele>1212.0</ele>
   </trkpt>
   <trkpt lat="-28.5097360" lon="-65.6294260">
    <ele>1213.0</ele>
   </trkpt>
   <trkpt lat="-28.5097460" lon="-65.6294230">
    <ele>1213.0</ele>
   </trkpt>
   <trkpt lat="-28.5097560" lon="-65.6294210">
    <ele>1213.0</ele>
   </trkpt>
   <trkpt lat="-28.5097650" lon="-65.6294140">
    <ele>1213.0</ele>
   </trkpt>
   <trkpt lat="-28.5097750" lon="-65.6294080">
    <ele>1213.0</ele>
   </trkpt>
   <trkpt lat="-28.5097840" lon="-65.6293980">
    <ele>1214.0</ele>
   </trkpt>
   <trkpt lat="-28.5097930" lon="-65.6293890">
    <ele>1214.0</ele>
   </trkpt>
   <trkpt lat="-28.5098030" lon="-65.6293760">
    <ele>1214.0</ele>
   </trkpt>
   <trkpt lat="-28.5098130" lon="-65.6293640">
    <ele>1215.0</ele>
   </trkpt>
   <trkpt lat="-28.5098220" lon="-65.6293520">
    <ele>1215.0</ele>
   </trkpt>
   <trkpt lat="-28.5098300" lon="-65.6293390">
    <ele>1216.0</ele>
   </trkpt>
   <trkpt lat="-28.5098380" lon="-65.6293270">
    <ele>1216.0</ele>
   </trkpt>
   <trkpt lat="-28.5098450" lon="-65.6293150">
    <ele>1216.0</ele>
   </trkpt>
   <trkpt lat="-28.5098510" lon="-65.6293030">
    <ele>1216.0</ele>
   </trkpt>
   <trkpt lat="-28.5098560" lon="-65.6292900">
    <ele>1216.0</ele>
   </trkpt>
   <trkpt lat="-28.5098620" lon="-65.6292750">
    <ele>1217.0</ele>
   </trkpt>
   <trkpt lat="-28.5098680" lon="-65.6292600">
    <ele>1217.0</ele>
   </trkpt>
   <trkpt lat="-28.5098750" lon="-65.6292430">
    <ele>1217.0</ele>
   </trkpt>
   <trkpt lat="-28.5098810" lon="-65.6292260">
    <ele>1218.0</ele>
   </trkpt>
   <trkpt lat="-28.5098930" lon="-65.6292130">
    <ele>1218.0</ele>
   </trkpt>
   <trkpt lat="-28.5099050" lon="-65.6292000">
    <ele>1219.0</ele>
   </trkpt>
   <trkpt lat="-28.5099230" lon="-65.6291970">
    <ele>1219.0</ele>
   </trkpt>
   <trkpt lat="-28.5099400" lon="-65.6291930">
    <ele>1219.0</ele>
   </trkpt>
   <trkpt lat="-28.5099610" lon="-65.6291940">
    <ele>1219.0</ele>
   </trkpt>
   <trkpt lat="-28.5099810" lon="-65.6291940">
    <ele>1219.0</ele>
   </trkpt>
   <trkpt lat="-28.5100020" lon="-65.6291930">
    <ele>1220.0</ele>
   </trkpt>
   <trkpt lat="-28.5100230" lon="-65.6291930">
    <ele>1220.0</ele>
   </trkpt>
   <trkpt lat="-28.5100450" lon="-65.6291900">
    <ele>1220.0</ele>
   </trkpt>
   <trkpt lat="-28.5100660" lon="-65.6291870">
    <ele>1220.0</ele>
   </trkpt>
   <trkpt lat="-28.5100880" lon="-65.6291810">
    <ele>1220.0</ele>
   </trkpt>
   <trkpt lat="-28.5101090" lon="-65.6291750">
    <ele>1221.0</ele>
   </trkpt>
   <trkpt lat="-28.5101290" lon="-65.6291680">
    <ele>1221.0</ele>
   </trkpt>
   <trkpt lat="-28.5101480" lon="-65.6291620">
    <ele>1221.0</ele>
   </trkpt>
   <trkpt lat="-28.5101680" lon="-65.6291590">
    <ele>1221.0</ele>
   </trkpt>
   <trkpt lat="-28.5101880" lon="-65.6291570">
    <ele>1221.0</ele>
   </trkpt>
   <trkpt lat="-28.5102050" lon="-65.6291630">
    <ele>1222.0</ele>
   </trkpt>
   <trkpt lat="-28.5102230" lon="-65.6291690">
    <ele>1222.0</ele>
   </trkpt>
   <trkpt lat="-28.5102400" lon="-65.6291800">
    <ele>1222.0</ele>
   </trkpt>
   <trkpt lat="-28.5102580" lon="-65.6291910">
    <ele>1222.0</ele>
   </trkpt>
   <trkpt lat="-28.5102770" lon="-65.6292000">
    <ele>1222.0</ele>
   </trkpt>
   <trkpt lat="-28.5102960" lon="-65.6292090">
    <ele>1223.0</ele>
   </trkpt>
   <trkpt lat="-28.5103160" lon="-65.6292150">
    <ele>1223.0</ele>
   </trkpt>
   <trkpt lat="-28.5103360" lon="-65.6292210">
    <ele>1223.0</ele>
   </trkpt>
   <trkpt lat="-28.5103580" lon="-65.6292200">
    <ele>1223.0</ele>
   </trkpt>
   <trkpt lat="-28.5103790" lon="-65.6292200">
    <ele>1223.0</ele>
   </trkpt>
   <trkpt lat="-28.5104010" lon="-65.6292150">
    <ele>1224.0</ele>
   </trkpt>
   <trkpt lat="-28.5104240" lon="-65.6292100">
    <ele>1224.0</ele>
   </trkpt>
   <trkpt lat="-28.5104460" lon="-65.6292030">
    <ele>1224.0</ele>
   </trkpt>
   <trkpt lat="-28.5104680" lon="-65.6291960">
    <ele>1225.0</ele>
   </trkpt>
   <trkpt lat="-28.5104880" lon="-65.6291890">
    <ele>1225.0</ele>
   </trkpt>
   <trkpt lat="-28.5105090" lon="-65.6291810">
    <ele>1226.0</ele>
   </trkpt>
   <trkpt lat="-28.5105280" lon="-65.6291750">
    <ele>1226.0</ele>
   </trkpt>
   <trkpt lat="-28.5105470" lon="-65.6291690">
    <ele>1226.0</ele>
   </trkpt>
   <trkpt lat="-28.5105650" lon="-65.6291630">
    <ele>1226.0</ele>
   </trkpt>
   <trkpt lat="-28.5105830" lon="-65.6291570">
    <ele>1226.0</ele>
   </trkpt>
   <trkpt lat="-28.5105980" lon="-65.6291480">
    <ele>1227.0</ele>
   </trkpt>
   <trkpt lat="-28.5106130" lon="-65.6291390">
    <ele>1227.0</ele>
   </trkpt>
   <trkpt lat="-28.5106260" lon="-65.6291280">
    <ele>1227.0</ele>
   </trkpt>
   <trkpt lat="-28.5106380" lon="-65.6291170">
    <ele>1227.0</ele>
   </trkpt>
   <trkpt lat="-28.5106500" lon="-65.6291080">
    <ele>1227.0</ele>
   </trkpt>
   <trkpt lat="-28.5106620" lon="-65.6291000">
    <ele>1228.0</ele>
   </trkpt>
   <trkpt lat="-28.5106740" lon="-65.6290950">
    <ele>1228.0</ele>
   </trkpt>
   <trkpt lat="-28.5106850" lon="-65.6290900">
    <ele>1228.0</ele>
   </trkpt>
   <trkpt lat="-28.5106950" lon="-65.6290860">
    <ele>1229.0</ele>
   </trkpt>
   <trkpt lat="-28.5107060" lon="-65.6290820">
    <ele>1229.0</ele>
   </trkpt>
   <trkpt lat="-28.5107160" lon="-65.6290800">
    <ele>1230.0</ele>
   </trkpt>
   <trkpt lat="-28.5107250" lon="-65.6290770">
    <ele>1230.0</ele>
   </trkpt>
   <trkpt lat="-28.5107350" lon="-65.6290760">
    <ele>1230.0</ele>
   </trkpt>
   <trkpt lat="-28.5107450" lon="-65.6290750">
    <ele>1230.0</ele>
   </trkpt>
   <trkpt lat="-28.5107530" lon="-65.6290770">
    <ele>1230.0</ele>
   </trkpt>
   <trkpt lat="-28.5107620" lon="-65.6290780">
    <ele>1231.0</ele>
   </trkpt>
   <trkpt lat="-28.5107720" lon="-65.6290820">
    <ele>1231.0</ele>
   </trkpt>
   <trkpt lat="-28.5107820" lon="-65.6290860">
    <ele>1231.0</ele>
   </trkpt>
   <trkpt lat="-28.5107940" lon="-65.6290900">
    <ele>1231.0</ele>
   </trkpt>
   <trkpt lat="-28.5108050" lon="-65.6290940">
    <ele>1231.0</ele>
   </trkpt>
   <trkpt lat="-28.5108160" lon="-65.6290960">
    <ele>1232.0</ele>
   </trkpt>
   <trkpt lat="-28.5108270" lon="-65.6290980">
    <ele>1232.0</ele>
   </trkpt>
   <trkpt lat="-28.5108380" lon="-65.6290960">
    <ele>1232.0</ele>
   </trkpt>
   <trkpt lat="-28.5108480" lon="-65.6290950">
    <ele>1232.0</ele>
   </trkpt>
   <trkpt lat="-28.5108590" lon="-65.6290920">
    <ele>1232.0</ele>
   </trkpt>
   <trkpt lat="-28.5108690" lon="-65.6290900">
    <ele>1233.0</ele>
   </trkpt>
   <trkpt lat="-28.5108810" lon="-65.6290880">
    <ele>1233.0</ele>
   </trkpt>
   <trkpt lat="-28.5108930" lon="-65.6290870">
    <ele>1233.0</ele>
   </trkpt>
   <trkpt lat="-28.5109060" lon="-65.6290860">
    <ele>1233.0</ele>
   </trkpt>
   <trkpt lat="-28.5109190" lon="-65.6290850">
    <ele>1233.0</ele>
   </trkpt>
   <trkpt lat="-28.5109310" lon="-65.6290830">
    <ele>1234.0</ele>
   </trkpt>
   <trkpt lat="-28.5109440" lon="-65.6290800">
    <ele>1234.0</ele>
   </trkpt>
   <trkpt lat="-28.5109540" lon="-65.6290770">
    <ele>1234.0</ele>
   </trkpt>
   <trkpt lat="-28.5109650" lon="-65.6290730">
    <ele>1234.0</ele>
   </trkpt>
   <trkpt lat="-28.5109750" lon="-65.6290710">
    <ele>1234.0</ele>
   </trkpt>
   <trkpt lat="-28.5109860" lon="-65.6290690">
    <ele>1235.0</ele>
   </trkpt>
   <trkpt lat="-28.5109980" lon="-65.6290690">
    <ele>1235.0</ele>
   </trkpt>
   <trkpt lat="-28.5110090" lon="-65.6290680">
    <ele>1235.0</ele>
   </trkpt>
   <trkpt lat="-28.5110220" lon="-65.6290700">
    <ele>1235.0</ele>
   </trkpt>
   <trkpt lat="-28.5110340" lon="-65.6290720">
    <ele>1235.0</ele>
   </trkpt>
   <trkpt lat="-28.5110450" lon="-65.6290760">
    <ele>1236.0</ele>
   </trkpt>
   <trkpt lat="-28.5110570" lon="-65.6290800">
    <ele>1236.0</ele>
   </trkpt>
   <trkpt lat="-28.5110670" lon="-65.6290830">
    <ele>1236.0</ele>
   </trkpt>
   <trkpt lat="-28.5110780" lon="-65.6290870">
    <ele>1236.0</ele>
   </trkpt>
   <trkpt lat="-28.5110860" lon="-65.6290870">
    <ele>1236.0</ele>
   </trkpt>
   <trkpt lat="-28.5110950" lon="-65.6290880">
    <ele>1237.0</ele>
   </trkpt>
   <trkpt lat="-28.5111030" lon="-65.6290860">
    <ele>1237.0</ele>
   </trkpt>
   <trkpt lat="-28.5111110" lon="-65.6290850">
    <ele>1237.0</ele>
   </trkpt>
   <trkpt lat="-28.5111190" lon="-65.6290810">
    <ele>1238.0</ele>
   </trkpt>
   <trkpt lat="-28.5111260" lon="-65.6290770">
    <ele>1238.0</ele>
   </trkpt>
   <trkpt lat="-28.5111330" lon="-65.6290680">
    <ele>1239.0</ele>
   </trkpt>
   <trkpt lat="-28.5111400" lon="-65.6290600">
    <ele>1239.0</ele>
   </trkpt>
   <trkpt lat="-28.5111460" lon="-65.6290490">
    <ele>1239.0</ele>
   </trkpt>
   <trkpt lat="-28.5111530" lon="-65.6290380">
    <ele>1239.0</ele>
   </trkpt>
   <trkpt lat="-28.5111540" lon="-65.6290260">
    <ele>1239.0</ele>
   </trkpt>
   <trkpt lat="-28.5111560" lon="-65.6290130">
    <ele>1240.0</ele>
   </trkpt>
   <trkpt lat="-28.5111530" lon="-65.6290010">
    <ele>1240.0</ele>
   </trkpt>
   <trkpt lat="-28.5111510" lon="-65.6289890">
    <ele>1240.0</ele>
   </trkpt>
   <trkpt lat="-28.5111500" lon="-65.6289770">
    <ele>1240.0</ele>
   </trkpt>
   <trkpt lat="-28.5111490" lon="-65.6289640">
    <ele>1240.0</ele>
   </trkpt>
   <trkpt lat="-28.5111510" lon="-65.6289500">
    <ele>1241.0</ele>
   </trkpt>
   <trkpt lat="-28.5111540" lon="-65.6289360">
    <ele>1241.0</ele>
   </trkpt>
   <trkpt lat="-28.5111550" lon="-65.6289200">
    <ele>1241.0</ele>
   </trkpt>
   <trkpt lat="-28.5111570" lon="-65.6289040">
    <ele>1241.0</ele>
   </trkpt>
   <trkpt lat="-28.5111570" lon="-65.6288860">
    <ele>1241.0</ele>
   </trkpt>
   <trkpt lat="-28.5111580" lon="-65.6288680">
    <ele>1242.0</ele>
   </trkpt>
   <trkpt lat="-28.5111590" lon="-65.6288500">
    <ele>1242.0</ele>
   </trkpt>
   <trkpt lat="-28.5111610" lon="-65.6288320">
    <ele>1242.0</ele>
   </trkpt>
   <trkpt lat="-28.5111630" lon="-65.6288150">
    <ele>1243.0</ele>
   </trkpt>
   <trkpt lat="-28.5111660" lon="-65.6287970">
    <ele>1243.0</ele>
   </trkpt>
   <trkpt lat="-28.5111650" lon="-65.6287810">
    <ele>1244.0</ele>
   </trkpt>
   <trkpt lat="-28.5111640" lon="-65.6287650">
    <ele>1244.0</ele>
   </trkpt>
   <trkpt lat="-28.5111590" lon="-65.6287510">
    <ele>1244.0</ele>
   </trkpt>
   <trkpt lat="-28.5111550" lon="-65.6287370">
    <ele>1245.0</ele>
   </trkpt>
   <trkpt lat="-28.5111490" lon="-65.6287260">
    <ele>1245.0</ele>
   </trkpt>
   <trkpt lat="-28.5111440" lon="-65.6287150">
    <ele>1246.0</ele>
   </trkpt>
   <trkpt lat="-28.5111400" lon="-65.6287040">
    <ele>1246.0</ele>
   </trkpt>
   <trkpt lat="-28.5111370" lon="-65.6286920">
    <ele>1246.0</ele>
   </trkpt>
   <trkpt lat="-28.5111370" lon="-65.6286800">
    <ele>1246.0</ele>
   </trkpt>
   <trkpt lat="-28.5111370" lon="-65.6286680">
    <ele>1246.0</ele>
   </trkpt>
   <trkpt lat="-28.5111370" lon="-65.6286550">
    <ele>1247.0</ele>
   </trkpt>
   <trkpt lat="-28.5111370" lon="-65.6286420">
    <ele>1247.0</ele>
   </trkpt>
   <trkpt lat="-28.5111380" lon="-65.6286290">
    <ele>1247.0</ele>
   </trkpt>
   <trkpt lat="-28.5111390" lon="-65.6286160">
    <ele>1248.0</ele>
   </trkpt>
   <trkpt lat="-28.5111400" lon="-65.6286040">
    <ele>1248.0</ele>
   </trkpt>
   <trkpt lat="-28.5111410" lon="-65.6285920">
    <ele>1249.0</ele>
   </trkpt>
   <trkpt lat="-28.5111430" lon="-65.6285820">
    <ele>1249.0</ele>
   </trkpt>
   <trkpt lat="-28.5111440" lon="-65.6285720">
    <ele>1249.0</ele>
   </trkpt>
   <trkpt lat="-28.5111510" lon="-65.6285650">
    <ele>1249.0</ele>
   </trkpt>
   <trkpt lat="-28.5111570" lon="-65.6285570">
    <ele>1249.0</ele>
   </trkpt>
   <trkpt lat="-28.5111670" lon="-65.6285540">
    <ele>1250.0</ele>
   </trkpt>
   <trkpt lat="-28.5111770" lon="-65.6285510">
    <ele>1250.0</ele>
   </trkpt>
   <trkpt lat="-28.5111870" lon="-65.6285490">
    <ele>1250.0</ele>
   </trkpt>
   <trkpt lat="-28.5111980" lon="-65.6285470">
    <ele>1251.0</ele>
   </trkpt>
   <trkpt lat="-28.5112080" lon="-65.6285460">
    <ele>1251.0</ele>
   </trkpt>
   <trkpt lat="-28.5112180" lon="-65.6285440">
    <ele>1252.0</ele>
   </trkpt>
   <trkpt lat="-28.5112280" lon="-65.6285410">
    <ele>1252.0</ele>
   </trkpt>
   <trkpt lat="-28.5112370" lon="-65.6285390">
    <ele>1252.0</ele>
   </trkpt>
   <trkpt lat="-28.5112470" lon="-65.6285370">
    <ele>1252.0</ele>
   </trkpt>
   <trkpt lat="-28.5112560" lon="-65.6285340">
    <ele>1252.0</ele>
   </trkpt>
   <trkpt lat="-28.5112670" lon="-65.6285350">
    <ele>1253.0</ele>
   </trkpt>
   <trkpt lat="-28.5112790" lon="-65.6285360">
    <ele>1253.0</ele>
   </trkpt>
   <trkpt lat="-28.5112910" lon="-65.6285350">
    <ele>1253.0</ele>
   </trkpt>
   <trkpt lat="-28.5113030" lon="-65.6285350">
    <ele>1253.0</ele>
   </trkpt>
   <trkpt lat="-28.5113140" lon="-65.6285290">
    <ele>1253.0</ele>
   </trkpt>
   <trkpt lat="-28.5113250" lon="-65.6285240">
    <ele>1254.0</ele>
   </trkpt>
   <trkpt lat="-28.5113310" lon="-65.6285150">
    <ele>1254.0</ele>
   </trkpt>
   <trkpt lat="-28.5113380" lon="-65.6285060">
    <ele>1254.0</ele>
   </trkpt>
   <trkpt lat="-28.5113400" lon="-65.6284950">
    <ele>1255.0</ele>
   </trkpt>
   <trkpt lat="-28.5113430" lon="-65.6284850">
    <ele>1255.0</ele>
   </trkpt>
   <trkpt lat="-28.5113400" lon="-65.6284740">
    <ele>1256.0</ele>
   </trkpt>
   <trkpt lat="-28.5113370" lon="-65.6284630">
    <ele>1256.0</ele>
   </trkpt>
   <trkpt lat="-28.5113340" lon="-65.6284530">
    <ele>1256.0</ele>
   </trkpt>
   <trkpt lat="-28.5113300" lon="-65.6284440">
    <ele>1256.0</ele>
   </trkpt>
   <trkpt lat="-28.5113290" lon="-65.6284330">
    <ele>1256.0</ele>
   </trkpt>
   <trkpt lat="-28.5113280" lon="-65.6284220">
    <ele>1257.0</ele>
   </trkpt>
   <trkpt lat="-28.5113300" lon="-65.6284110">
    <ele>1257.0</ele>
   </trkpt>
   <trkpt lat="-28.5113330" lon="-65.6284010">
    <ele>1257.0</ele>
   </trkpt>
   <trkpt lat="-28.5113410" lon="-65.6283950">
    <ele>1257.0</ele>
   </trkpt>
   <trkpt lat="-28.5113480" lon="-65.6283900">
    <ele>1257.0</ele>
   </trkpt>
   <trkpt lat="-28.5113590" lon="-65.6283890">
    <ele>1258.0</ele>
   </trkpt>
   <trkpt lat="-28.5113710" lon="-65.6283880">
    <ele>1258.0</ele>
   </trkpt>
   <trkpt lat="-28.5113820" lon="-65.6283920">
    <ele>1258.0</ele>
   </trkpt>
   <trkpt lat="-28.5113940" lon="-65.6283960">
    <ele>1258.0</ele>
   </trkpt>
   <trkpt lat="-28.5114050" lon="-65.6284020">
    <ele>1258.0</ele>
   </trkpt>
   <trkpt lat="-28.5114160" lon="-65.6284080">
    <ele>1259.0</ele>
   </trkpt>
   <trkpt lat="-28.5114270" lon="-65.6284090">
    <ele>1259.0</ele>
   </trkpt>
   <trkpt lat="-28.5114380" lon="-65.6284100">
    <ele>1259.0</ele>
   </trkpt>
   <trkpt lat="-28.5114480" lon="-65.6284020">
    <ele>1260.0</ele>
   </trkpt>
   <trkpt lat="-28.5114580" lon="-65.6283940">
    <ele>1260.0</ele>
   </trkpt>
   <trkpt lat="-28.5114660" lon="-65.6283800">
    <ele>1261.0</ele>
   </trkpt>
   <trkpt lat="-28.5114740" lon="-65.6283650">
    <ele>1261.0</ele>
   </trkpt>
   <trkpt lat="-28.5114790" lon="-65.6283490">
    <ele>1261.0</ele>
   </trkpt>
   <trkpt lat="-28.5114840" lon="-65.6283330">
    <ele>1261.0</ele>
   </trkpt>
   <trkpt lat="-28.5114910" lon="-65.6283180">
    <ele>1261.0</ele>
   </trkpt>
   <trkpt lat="-28.5114970" lon="-65.6283040">
    <ele>1262.0</ele>
   </trkpt>
   <trkpt lat="-28.5115060" lon="-65.6282930">
    <ele>1262.0</ele>
   </trkpt>
   <trkpt lat="-28.5115140" lon="-65.6282820">
    <ele>1262.0</ele>
   </trkpt>
   <trkpt lat="-28.5115250" lon="-65.6282730">
    <ele>1262.0</ele>
   </trkpt>
   <trkpt lat="-28.5115350" lon="-65.6282640">
    <ele>1262.0</ele>
   </trkpt>
   <trkpt lat="-28.5115450" lon="-65.6282580">
    <ele>1263.0</ele>
   </trkpt>
   <trkpt lat="-28.5115560" lon="-65.6282510">
    <ele>1263.0</ele>
   </trkpt>
   <trkpt lat="-28.5115660" lon="-65.6282440">
    <ele>1263.0</ele>
   </trkpt>
   <trkpt lat="-28.5115750" lon="-65.6282370">
    <ele>1263.0</ele>
   </trkpt>
   <trkpt lat="-28.5115830" lon="-65.6282300">
    <ele>1263.0</ele>
   </trkpt>
   <trkpt lat="-28.5115920" lon="-65.6282220">
    <ele>1264.0</ele>
   </trkpt>
   <trkpt lat="-28.5115990" lon="-65.6282140">
    <ele>1264.0</ele>
   </trkpt>
   <trkpt lat="-28.5116060" lon="-65.6282060">
    <ele>1264.0</ele>
   </trkpt>
   <trkpt lat="-28.5116110" lon="-65.6281950">
    <ele>1264.0</ele>
   </trkpt>
   <trkpt lat="-28.5116170" lon="-65.6281850">
    <ele>1264.0</ele>
   </trkpt>
   <trkpt lat="-28.5116240" lon="-65.6281740">
    <ele>1265.0</ele>
   </trkpt>
   <trkpt lat="-28.5116310" lon="-65.6281640">
    <ele>1265.0</ele>
   </trkpt>
   <trkpt lat="-28.5116400" lon="-65.6281540">
    <ele>1265.0</ele>
   </trkpt>
   <trkpt lat="-28.5116500" lon="-65.6281450">
    <ele>1265.0</ele>
   </trkpt>
   <trkpt lat="-28.5116610" lon="-65.6281360">
    <ele>1265.0</ele>
   </trkpt>
   <trkpt lat="-28.5116720" lon="-65.6281260">
    <ele>1266.0</ele>
   </trkpt>
   <trkpt lat="-28.5116800" lon="-65.6281140">
    <ele>1266.0</ele>
   </trkpt>
   <trkpt lat="-28.5116880" lon="-65.6281020">
    <ele>1266.0</ele>
   </trkpt>
   <trkpt lat="-28.5116950" lon="-65.6280870">
    <ele>1266.0</ele>
   </trkpt>
   <trkpt lat="-28.5117010" lon="-65.6280710">
    <ele>1266.0</ele>
   </trkpt>
   <trkpt lat="-28.5117050" lon="-65.6280530">
    <ele>1267.0</ele>
   </trkpt>
   <trkpt lat="-28.5117080" lon="-65.6280350">
    <ele>1267.0</ele>
   </trkpt>
   <trkpt lat="-28.5117020" lon="-65.6280190">
    <ele>1267.0</ele>
   </trkpt>
   <trkpt lat="-28.5116960" lon="-65.6280030">
    <ele>1268.0</ele>
   </trkpt>
   <trkpt lat="-28.5116830" lon="-65.6279870">
    <ele>1268.0</ele>
   </trkpt>
   <trkpt lat="-28.5116710" lon="-65.6279720">
    <ele>1269.0</ele>
   </trkpt>
   <trkpt lat="-28.5116670" lon="-65.6279540">
    <ele>1269.0</ele>
   </trkpt>
   <trkpt lat="-28.5116630" lon="-65.6279360">
    <ele>1269.0</ele>
   </trkpt>
   <trkpt lat="-28.5116700" lon="-65.6279200">
    <ele>1269.0</ele>
   </trkpt>
   <trkpt lat="-28.5116780" lon="-65.6279040">
    <ele>1269.0</ele>
   </trkpt>
   <trkpt lat="-28.5116880" lon="-65.6278910">
    <ele>1270.0</ele>
   </trkpt>
   <trkpt lat="-28.5116980" lon="-65.6278790">
    <ele>1270.0</ele>
   </trkpt>
   <trkpt lat="-28.5117030" lon="-65.6278680">
    <ele>1270.0</ele>
   </trkpt>
   <trkpt lat="-28.5117090" lon="-65.6278570">
    <ele>1271.0</ele>
   </trkpt>
   <trkpt lat="-28.5117110" lon="-65.6278460">
    <ele>1271.0</ele>
   </trkpt>
   <trkpt lat="-28.5117140" lon="-65.6278350">
    <ele>1272.0</ele>
   </trkpt>
   <trkpt lat="-28.5117160" lon="-65.6278240">
    <ele>1272.0</ele>
   </trkpt>
   <trkpt lat="-28.5117180" lon="-65.6278130">
    <ele>1272.0</ele>
   </trkpt>
   <trkpt lat="-28.5117210" lon="-65.6278020">
    <ele>1272.0</ele>
   </trkpt>
   <trkpt lat="-28.5117250" lon="-65.6277900">
    <ele>1272.0</ele>
   </trkpt>
   <trkpt lat="-28.5117290" lon="-65.6277790">
    <ele>1273.0</ele>
   </trkpt>
   <trkpt lat="-28.5117330" lon="-65.6277670">
    <ele>1273.0</ele>
   </trkpt>
   <trkpt lat="-28.5117380" lon="-65.6277560">
    <ele>1273.0</ele>
   </trkpt>
   <trkpt lat="-28.5117420" lon="-65.6277460">
    <ele>1273.0</ele>
   </trkpt>
   <trkpt lat="-28.5117500" lon="-65.6277370">
    <ele>1273.0</ele>
   </trkpt>
   <trkpt lat="-28.5117570" lon="-65.6277280">
    <ele>1274.0</ele>
   </trkpt>
   <trkpt lat="-28.5117660" lon="-65.6277200">
    <ele>1274.0</ele>
   </trkpt>
   <trkpt lat="-28.5117750" lon="-65.6277120">
    <ele>1274.0</ele>
   </trkpt>
   <trkpt lat="-28.5117820" lon="-65.6277030">
    <ele>1274.0</ele>
   </trkpt>
   <trkpt lat="-28.5117890" lon="-65.6276940">
    <ele>1274.0</ele>
   </trkpt>
   <trkpt lat="-28.5117930" lon="-65.6276840">
    <ele>1275.0</ele>
   </trkpt>
   <trkpt lat="-28.5117980" lon="-65.6276740">
    <ele>1275.0</ele>
   </trkpt>
   <trkpt lat="-28.5118010" lon="-65.6276620">
    <ele>1275.0</ele>
   </trkpt>
   <trkpt lat="-28.5118050" lon="-65.6276510">
    <ele>1275.0</ele>
   </trkpt>
   <trkpt lat="-28.5118100" lon="-65.6276400">
    <ele>1275.0</ele>
   </trkpt>
   <trkpt lat="-28.5118150" lon="-65.6276290">
    <ele>1276.0</ele>
   </trkpt>
   <trkpt lat="-28.5118230" lon="-65.6276190">
    <ele>1276.0</ele>
   </trkpt>
   <trkpt lat="-28.5118310" lon="-65.6276090">
    <ele>1276.0</ele>
   </trkpt>
   <trkpt lat="-28.5118380" lon="-65.6276010">
    <ele>1276.0</ele>
   </trkpt>
   <trkpt lat="-28.5118460" lon="-65.6275930">
    <ele>1276.0</ele>
   </trkpt>
   <trkpt lat="-28.5118520" lon="-65.6275840">
    <ele>1277.0</ele>
   </trkpt>
   <trkpt lat="-28.5118570" lon="-65.6275760">
    <ele>1277.0</ele>
   </trkpt>
   <trkpt lat="-28.5118610" lon="-65.6275670">
    <ele>1277.0</ele>
   </trkpt>
   <trkpt lat="-28.5118640" lon="-65.6275580">
    <ele>1278.0</ele>
   </trkpt>
   <trkpt lat="-28.5118670" lon="-65.6275470">
    <ele>1278.0</ele>
   </trkpt>
   <trkpt lat="-28.5118700" lon="-65.6275360">
    <ele>1279.0</ele>
   </trkpt>
   <trkpt lat="-28.5118730" lon="-65.6275230">
    <ele>1279.0</ele>
   </trkpt>
   <trkpt lat="-28.5118760" lon="-65.6275110">
    <ele>1279.0</ele>
   </trkpt>
   <trkpt lat="-28.5118770" lon="-65.6274990">
    <ele>1279.0</ele>
   </trkpt>
   <trkpt lat="-28.5118790" lon="-65.6274860">
    <ele>1279.0</ele>
   </trkpt>
   <trkpt lat="-28.5118810" lon="-65.6274740">
    <ele>1280.0</ele>
   </trkpt>
   <trkpt lat="-28.5118830" lon="-65.6274630">
    <ele>1280.0</ele>
   </trkpt>
   <trkpt lat="-28.5118880" lon="-65.6274520">
    <ele>1280.0</ele>
   </trkpt>
   <trkpt lat="-28.5118930" lon="-65.6274420">
    <ele>1280.0</ele>
   </trkpt>
   <trkpt lat="-28.5118980" lon="-65.6274310">
    <ele>1280.0</ele>
   </trkpt>
   <trkpt lat="-28.5119040" lon="-65.6274190">
    <ele>1281.0</ele>
   </trkpt>
   <trkpt lat="-28.5119080" lon="-65.6274070">
    <ele>1281.0</ele>
   </trkpt>
   <trkpt lat="-28.5119110" lon="-65.6273950">
    <ele>1281.0</ele>
   </trkpt>
   <trkpt lat="-28.5119130" lon="-65.6273820">
    <ele>1281.0</ele>
   </trkpt>
   <trkpt lat="-28.5119140" lon="-65.6273680">
    <ele>1281.0</ele>
   </trkpt>
   <trkpt lat="-28.5119150" lon="-65.6273540">
    <ele>1282.0</ele>
   </trkpt>
   <trkpt lat="-28.5119170" lon="-65.6273410">
    <ele>1282.0</ele>
   </trkpt>
   <trkpt lat="-28.5119200" lon="-65.6273270">
    <ele>1282.0</ele>
   </trkpt>
   <trkpt lat="-28.5119230" lon="-65.6273140">
    <ele>1283.0</ele>
   </trkpt>
   <trkpt lat="-28.5119270" lon="-65.6273010">
    <ele>1283.0</ele>
   </trkpt>
   <trkpt lat="-28.5119310" lon="-65.6272890">
    <ele>1284.0</ele>
   </trkpt>
   <trkpt lat="-28.5119340" lon="-65.6272780">
    <ele>1284.0</ele>
   </trkpt>
   <trkpt lat="-28.5119380" lon="-65.6272670">
    <ele>1284.0</ele>
   </trkpt>
   <trkpt lat="-28.5119370" lon="-65.6272560">
    <ele>1284.0</ele>
   </trkpt>
   <trkpt lat="-28.5119370" lon="-65.6272450">
    <ele>1284.0</ele>
   </trkpt>
   <trkpt lat="-28.5119330" lon="-65.6272330">
    <ele>1285.0</ele>
   </trkpt>
   <trkpt lat="-28.5119280" lon="-65.6272210">
    <ele>1285.0</ele>
   </trkpt>
   <trkpt lat="-28.5119240" lon="-65.6272080">
    <ele>1285.0</ele>
   </trkpt>
   <trkpt lat="-28.5119190" lon="-65.6271950">
    <ele>1286.0</ele>
   </trkpt>
   <trkpt lat="-28.5119180" lon="-65.6271820">
    <ele>1286.0</ele>
   </trkpt>
   <trkpt lat="-28.5119180" lon="-65.6271690">
    <ele>1287.0</ele>
   </trkpt>
   <trkpt lat="-28.5119210" lon="-65.6271560">
    <ele>1287.0</ele>
   </trkpt>
   <trkpt lat="-28.5119230" lon="-65.6271440">
    <ele>1287.0</ele>
   </trkpt>
   <trkpt lat="-28.5119240" lon="-65.6271300">
    <ele>1287.0</ele>
   </trkpt>
   <trkpt lat="-28.5119250" lon="-65.6271170">
    <ele>1287.0</ele>
   </trkpt>
   <trkpt lat="-28.5119220" lon="-65.6271050">
    <ele>1288.0</ele>
   </trkpt>
   <trkpt lat="-28.5119180" lon="-65.6270940">
    <ele>1288.0</ele>
   </trkpt>
   <trkpt lat="-28.5119110" lon="-65.6270860">
    <ele>1288.0</ele>
   </trkpt>
   <trkpt lat="-28.5119040" lon="-65.6270770">
    <ele>1289.0</ele>
   </trkpt>
   <trkpt lat="-28.5119000" lon="-65.6270680">
    <ele>1289.0</ele>
   </trkpt>
   <trkpt lat="-28.5118950" lon="-65.6270580">
    <ele>1290.0</ele>
   </trkpt>
   <trkpt lat="-28.5118970" lon="-65.6270480">
    <ele>1290.0</ele>
   </trkpt>
   <trkpt lat="-28.5119000" lon="-65.6270370">
    <ele>1290.0</ele>
   </trkpt>
   <trkpt lat="-28.5119050" lon="-65.6270260">
    <ele>1290.0</ele>
   </trkpt>
   <trkpt lat="-28.5119100" lon="-65.6270140">
    <ele>1290.0</ele>
   </trkpt>
   <trkpt lat="-28.5119160" lon="-65.6270030">
    <ele>1291.0</ele>
   </trkpt>
   <trkpt lat="-28.5119210" lon="-65.6269910">
    <ele>1291.0</ele>
   </trkpt>
   <trkpt lat="-28.5119250" lon="-65.6269800">
    <ele>1291.0</ele>
   </trkpt>
   <trkpt lat="-28.5119280" lon="-65.6269680">
    <ele>1291.0</ele>
   </trkpt>
   <trkpt lat="-28.5119310" lon="-65.6269570">
    <ele>1291.0</ele>
   </trkpt>
   <trkpt lat="-28.5119330" lon="-65.6269450">
    <ele>1292.0</ele>
   </trkpt>
   <trkpt lat="-28.5119340" lon="-65.6269340">
    <ele>1292.0</ele>
   </trkpt>
   <trkpt lat="-28.5119350" lon="-65.6269230">
    <ele>1292.0</ele>
   </trkpt>
   <trkpt lat="-28.5119370" lon="-65.6269120">
    <ele>1293.0</ele>
   </trkpt>
   <trkpt lat="-28.5119390" lon="-65.6269020">
    <ele>1293.0</ele>
   </trkpt>
   <trkpt lat="-28.5119460" lon="-65.6268910">
    <ele>1294.0</ele>
   </trkpt>
   <trkpt lat="-28.5119530" lon="-65.6268800">
    <ele>1294.0</ele>
   </trkpt>
   <trkpt lat="-28.5119620" lon="-65.6268690">
    <ele>1294.0</ele>
   </trkpt>
   <trkpt lat="-28.5119710" lon="-65.6268590">
    <ele>1294.0</ele>
   </trkpt>
   <trkpt lat="-28.5119820" lon="-65.6268530">
    <ele>1294.0</ele>
   </trkpt>
   <trkpt lat="-28.5119930" lon="-65.6268470">
    <ele>1295.0</ele>
   </trkpt>
   <trkpt lat="-28.5120030" lon="-65.6268480">
    <ele>1295.0</ele>
   </trkpt>
   <trkpt lat="-28.5120140" lon="-65.6268500">
    <ele>1295.0</ele>
   </trkpt>
   <trkpt lat="-28.5120210" lon="-65.6268590">
    <ele>1295.0</ele>
   </trkpt>
   <trkpt lat="-28.5120280" lon="-65.6268690">
    <ele>1295.0</ele>
   </trkpt>
   <trkpt lat="-28.5120300" lon="-65.6268840">
    <ele>1296.0</ele>
   </trkpt>
   <trkpt lat="-28.5120330" lon="-65.6268980">
    <ele>1296.0</ele>
   </trkpt>
   <trkpt lat="-28.5120330" lon="-65.6269140">
    <ele>1296.0</ele>
   </trkpt>
   <trkpt lat="-28.5120340" lon="-65.6269300">
    <ele>1296.0</ele>
   </trkpt>
   <trkpt lat="-28.5120330" lon="-65.6269450">
    <ele>1296.0</ele>
   </trkpt>
   <trkpt lat="-28.5120320" lon="-65.6269600">
    <ele>1297.0</ele>
   </trkpt>
   <trkpt lat="-28.5120300" lon="-65.6269740">
    <ele>1297.0</ele>
   </trkpt>
   <trkpt lat="-28.5120290" lon="-65.6269880">
    <ele>1297.0</ele>
   </trkpt>
   <trkpt lat="-28.5120300" lon="-65.6270000">
    <ele>1298.0</ele>
   </trkpt>
   <trkpt lat="-28.5120310" lon="-65.6270120">
    <ele>1298.0</ele>
   </trkpt>
   <trkpt lat="-28.5120340" lon="-65.6270220">
    <ele>1299.0</ele>
   </trkpt>
   <trkpt lat="-28.5120370" lon="-65.6270330">
    <ele>1299.0</ele>
   </trkpt>
   <trkpt lat="-28.5120430" lon="-65.6270440">
    <ele>1299.0</ele>
   </trkpt>
   <trkpt lat="-28.5120480" lon="-65.6270540">
    <ele>1299.0</ele>
   </trkpt>
   <trkpt lat="-28.5120540" lon="-65.6270650">
    <ele>1299.0</ele>
   </trkpt>
   <trkpt lat="-28.5120610" lon="-65.6270750">
    <ele>1300.0</ele>
   </trkpt>
   <trkpt lat="-28.5120660" lon="-65.6270870">
    <ele>1300.0</ele>
   </trkpt>
   <trkpt lat="-28.5120700" lon="-65.6270990">
    <ele>1300.0</ele>
   </trkpt>
   <trkpt lat="-28.5120730" lon="-65.6271120">
    <ele>1300.0</ele>
   </trkpt>
   <trkpt lat="-28.5120770" lon="-65.6271250">
    <ele>1300.0</ele>
   </trkpt>
   <trkpt lat="-28.5120780" lon="-65.6271380">
    <ele>1301.0</ele>
   </trkpt>
   <trkpt lat="-28.5120800" lon="-65.6271520">
    <ele>1301.0</ele>
   </trkpt>
   <trkpt lat="-28.5120850" lon="-65.6271620">
    <ele>1301.0</ele>
   </trkpt>
   <trkpt lat="-28.5120890" lon="-65.6271720">
    <ele>1302.0</ele>
   </trkpt>
   <trkpt lat="-28.5120980" lon="-65.6271760">
    <ele>1302.0</ele>
   </trkpt>
   <trkpt lat="-28.5121070" lon="-65.6271810">
    <ele>1303.0</ele>
   </trkpt>
   <trkpt lat="-28.5121190" lon="-65.6271830">
    <ele>1303.0</ele>
   </trkpt>
   <trkpt lat="-28.5121300" lon="-65.6271860">
    <ele>1303.0</ele>
   </trkpt>
   <trkpt lat="-28.5121420" lon="-65.6271900">
    <ele>1303.0</ele>
   </trkpt>
   <trkpt lat="-28.5121540" lon="-65.6271950">
    <ele>1303.0</ele>
   </trkpt>
   <trkpt lat="-28.5121650" lon="-65.6272000">
    <ele>1304.0</ele>
   </trkpt>
   <trkpt lat="-28.5121760" lon="-65.6272050">
    <ele>1304.0</ele>
   </trkpt>
   <trkpt lat="-28.5121860" lon="-65.6272070">
    <ele>1304.0</ele>
   </trkpt>
   <trkpt lat="-28.5121970" lon="-65.6272080">
    <ele>1304.0</ele>
   </trkpt>
   <trkpt lat="-28.5122020" lon="-65.6272030">
    <ele>1304.0</ele>
   </trkpt>
   <trkpt lat="-28.5122080" lon="-65.6271970">
    <ele>1305.0</ele>
   </trkpt>
   <trkpt lat="-28.5122060" lon="-65.6271880">
    <ele>1305.0</ele>
   </trkpt>
   <trkpt lat="-28.5122030" lon="-65.6271780">
    <ele>1305.0</ele>
   </trkpt>
   <trkpt lat="-28.5121980" lon="-65.6271660">
    <ele>1306.0</ele>
   </trkpt>
   <trkpt lat="-28.5121930" lon="-65.6271530">
    <ele>1306.0</ele>
   </trkpt>
   <trkpt lat="-28.5121890" lon="-65.6271390">
    <ele>1307.0</ele>
   </trkpt>
   <trkpt lat="-28.5121850" lon="-65.6271250">
    <ele>1307.0</ele>
   </trkpt>
   <trkpt lat="-28.5121880" lon="-65.6271120">
    <ele>1307.0</ele>
   </trkpt>
   <trkpt lat="-28.5121910" lon="-65.6270980">
    <ele>1307.0</ele>
   </trkpt>
   <trkpt lat="-28.5122010" lon="-65.6270860">
    <ele>1307.0</ele>
   </trkpt>
   <trkpt lat="-28.5122100" lon="-65.6270730">
    <ele>1308.0</ele>
   </trkpt>
   <trkpt lat="-28.5122200" lon="-65.6270600">
    <ele>1308.0</ele>
   </trkpt>
   <trkpt lat="-28.5122300" lon="-65.6270460">
    <ele>1308.0</ele>
   </trkpt>
   <trkpt lat="-28.5122390" lon="-65.6270330">
    <ele>1308.0</ele>
   </trkpt>
   <trkpt lat="-28.5122480" lon="-65.6270190">
    <ele>1308.0</ele>
   </trkpt>
   <trkpt lat="-28.5122570" lon="-65.6270060">
    <ele>1309.0</ele>
   </trkpt>
   <trkpt lat="-28.5122670" lon="-65.6269940">
    <ele>1309.0</ele>
   </trkpt>
   <trkpt lat="-28.5122760" lon="-65.6269810">
    <ele>1309.0</ele>
   </trkpt>
   <trkpt lat="-28.5122860" lon="-65.6269690">
    <ele>1310.0</ele>
   </trkpt>
   <trkpt lat="-28.5122940" lon="-65.6269550">
    <ele>1310.0</ele>
   </trkpt>
   <trkpt lat="-28.5123030" lon="-65.6269410">
    <ele>1311.0</ele>
   </trkpt>
   <trkpt lat="-28.5123110" lon="-65.6269260">
    <ele>1311.0</ele>
   </trkpt>
   <trkpt lat="-28.5123190" lon="-65.6269110">
    <ele>1311.0</ele>
   </trkpt>
   <trkpt lat="-28.5123280" lon="-65.6268970">
    <ele>1312.0</ele>
   </trkpt>
   <trkpt lat="-28.5123360" lon="-65.6268830">
    <ele>1312.0</ele>
   </trkpt>
   <trkpt lat="-28.5123470" lon="-65.6268740">
    <ele>1313.0</ele>
   </trkpt>
   <trkpt lat="-28.5123570" lon="-65.6268650">
    <ele>1313.0</ele>
   </trkpt>
   <trkpt lat="-28.5123700" lon="-65.6268660">
    <ele>1313.0</ele>
   </trkpt>
   <trkpt lat="-28.5123830" lon="-65.6268660">
    <ele>1314.0</ele>
   </trkpt>
   <trkpt lat="-28.5123960" lon="-65.6268750">
    <ele>1314.0</ele>
   </trkpt>
   <trkpt lat="-28.5124080" lon="-65.6268840">
    <ele>1315.0</ele>
   </trkpt>
   <trkpt lat="-28.5124210" lon="-65.6268880">
    <ele>1315.0</ele>
   </trkpt>
   <trkpt lat="-28.5124340" lon="-65.6268930">
    <ele>1315.0</ele>
   </trkpt>
   <trkpt lat="-28.5124430" lon="-65.6268860">
    <ele>1316.0</ele>
   </trkpt>
   <trkpt lat="-28.5124530" lon="-65.6268800">
    <ele>1316.0</ele>
   </trkpt>
   <trkpt lat="-28.5124580" lon="-65.6268640">
    <ele>1317.0</ele>
   </trkpt>
   <trkpt lat="-28.5124630" lon="-65.6268480">
    <ele>1317.0</ele>
   </trkpt>
   <trkpt lat="-28.5124610" lon="-65.6268300">
    <ele>1317.0</ele>
   </trkpt>
   <trkpt lat="-28.5124580" lon="-65.6268110">
    <ele>1318.0</ele>
   </trkpt>
   <trkpt lat="-28.5124490" lon="-65.6267920">
    <ele>1318.0</ele>
   </trkpt>
   <trkpt lat="-28.5124400" lon="-65.6267740">
    <ele>1319.0</ele>
   </trkpt>
   <trkpt lat="-28.5124310" lon="-65.6267560">
    <ele>1319.0</ele>
   </trkpt>
   <trkpt lat="-28.5124220" lon="-65.6267380">
    <ele>1319.0</ele>
   </trkpt>
   <trkpt lat="-28.5124210" lon="-65.6267210">
    <ele>1319.0</ele>
   </trkpt>
   <trkpt lat="-28.5124190" lon="-65.6267040">
    <ele>1319.0</ele>
   </trkpt>
   <trkpt lat="-28.5124230" lon="-65.6266870">
    <ele>1320.0</ele>
   </trkpt>
   <trkpt lat="-28.5124280" lon="-65.6266710">
    <ele>1320.0</ele>
   </trkpt>
   <trkpt lat="-28.5124370" lon="-65.6266560">
    <ele>1320.0</ele>
   </trkpt>
   <trkpt lat="-28.5124470" lon="-65.6266410">
    <ele>1321.0</ele>
   </trkpt>
   <trkpt lat="-28.5124610" lon="-65.6266310">
    <ele>1321.0</ele>
   </trkpt>
   <trkpt lat="-28.5124750" lon="-65.6266210">
    <ele>1322.0</ele>
   </trkpt>
   <trkpt lat="-28.5124880" lon="-65.6266180">
    <ele>1322.0</ele>
   </trkpt>
   <trkpt lat="-28.5125020" lon="-65.6266150">
    <ele>1322.0</ele>
   </trkpt>
   <trkpt lat="-28.5125150" lon="-65.6266160">
    <ele>1322.0</ele>
   </trkpt>
   <trkpt lat="-28.5125290" lon="-65.6266170">
    <ele>1322.0</ele>
   </trkpt>
   <trkpt lat="-28.5125410" lon="-65.6266220">
    <ele>1323.0</ele>
   </trkpt>
   <trkpt lat="-28.5125540" lon="-65.6266270">
    <ele>1323.0</ele>
   </trkpt>
   <trkpt lat="-28.5125630" lon="-65.6266380">
    <ele>1323.0</ele>
   </trkpt>
   <trkpt lat="-28.5125710" lon="-65.6266490">
    <ele>1323.0</ele>
   </trkpt>
   <trkpt lat="-28.5125740" lon="-65.6266630">
    <ele>1323.0</ele>
   </trkpt>
   <trkpt lat="-28.5125770" lon="-65.6266770">
    <ele>1324.0</ele>
   </trkpt>
   <trkpt lat="-28.5125760" lon="-65.6266920">
    <ele>1324.0</ele>
   </trkpt>
   <trkpt lat="-28.5125760" lon="-65.6267060">
    <ele>1324.0</ele>
   </trkpt>
   <trkpt lat="-28.5125770" lon="-65.6267180">
    <ele>1325.0</ele>
   </trkpt>
   <trkpt lat="-28.5125790" lon="-65.6267300">
    <ele>1325.0</ele>
   </trkpt>
   <trkpt lat="-28.5125840" lon="-65.6267390">
    <ele>1326.0</ele>
   </trkpt>
   <trkpt lat="-28.5125900" lon="-65.6267470">
    <ele>1326.0</ele>
   </trkpt>
   <trkpt lat="-28.5125980" lon="-65.6267490">
    <ele>1326.0</ele>
   </trkpt>
   <trkpt lat="-28.5126060" lon="-65.6267510">
    <ele>1326.0</ele>
   </trkpt>
   <trkpt lat="-28.5126120" lon="-65.6267440">
    <ele>1326.0</ele>
   </trkpt>
   <trkpt lat="-28.5126190" lon="-65.6267370">
    <ele>1327.0</ele>
   </trkpt>
   <trkpt lat="-28.5126260" lon="-65.6267270">
    <ele>1327.0</ele>
   </trkpt>
   <trkpt lat="-28.5126330" lon="-65.6267160">
    <ele>1327.0</ele>
   </trkpt>
   <trkpt lat="-28.5126430" lon="-65.6267080">
    <ele>1327.0</ele>
   </trkpt>
   <trkpt lat="-28.5126530" lon="-65.6267010">
    <ele>1327.0</ele>
   </trkpt>
   <trkpt lat="-28.5126640" lon="-65.6267020">
    <ele>1328.0</ele>
   </trkpt>
   <trkpt lat="-28.5126750" lon="-65.6267030">
    <ele>1328.0</ele>
   </trkpt>
   <trkpt lat="-28.5126830" lon="-65.6267130">
    <ele>1328.0</ele>
   </trkpt>
   <trkpt lat="-28.5126910" lon="-65.6267220">
    <ele>1328.0</ele>
   </trkpt>
   <trkpt lat="-28.5126990" lon="-65.6267320">
    <ele>1328.0</ele>
   </trkpt>
   <trkpt lat="-28.5127070" lon="-65.6267420">
    <ele>1329.0</ele>
   </trkpt>
   <trkpt lat="-28.5127200" lon="-65.6267480">
    <ele>1329.0</ele>
   </trkpt>
   <trkpt lat="-28.5127320" lon="-65.6267530">
    <ele>1329.0</ele>
   </trkpt>
   <trkpt lat="-28.5127480" lon="-65.6267540">
    <ele>1330.0</ele>
   </trkpt>
   <trkpt lat="-28.5127640" lon="-65.6267540">
    <ele>1330.0</ele>
   </trkpt>
   <trkpt lat="-28.5127780" lon="-65.6267460">
    <ele>1331.0</ele>
   </trkpt>
   <trkpt lat="-28.5127920" lon="-65.6267380">
    <ele>1331.0</ele>
   </trkpt>
   <trkpt lat="-28.5127960" lon="-65.6267240">
    <ele>1331.0</ele>
   </trkpt>
   <trkpt lat="-28.5128010" lon="-65.6267100">
    <ele>1332.0</ele>
   </trkpt>
   <trkpt lat="-28.5127960" lon="-65.6266940">
    <ele>1332.0</ele>
   </trkpt>
   <trkpt lat="-28.5127910" lon="-65.6266780">
    <ele>1333.0</ele>
   </trkpt>
   <trkpt lat="-28.5127820" lon="-65.6266620">
    <ele>1333.0</ele>
   </trkpt>
   <trkpt lat="-28.5127740" lon="-65.6266460">
    <ele>1333.0</ele>
   </trkpt>
   <trkpt lat="-28.5127670" lon="-65.6266310">
    <ele>1334.0</ele>
   </trkpt>
   <trkpt lat="-28.5127600" lon="-65.6266160">
    <ele>1334.0</ele>
   </trkpt>
   <trkpt lat="-28.5127550" lon="-65.6266020">
    <ele>1335.0</ele>
   </trkpt>
   <trkpt lat="-28.5127500" lon="-65.6265880">
    <ele>1335.0</ele>
   </trkpt>
   <trkpt lat="-28.5127480" lon="-65.6265760">
    <ele>1335.0</ele>
   </trkpt>
   <trkpt lat="-28.5127460" lon="-65.6265640">
    <ele>1335.0</ele>
   </trkpt>
   <trkpt lat="-28.5127490" lon="-65.6265520">
    <ele>1335.0</ele>
   </trkpt>
   <trkpt lat="-28.5127520" lon="-65.6265400">
    <ele>1336.0</ele>
   </trkpt>
   <trkpt lat="-28.5127590" lon="-65.6265290">
    <ele>1336.0</ele>
   </trkpt>
   <trkpt lat="-28.5127660" lon="-65.6265180">
    <ele>1336.0</ele>
   </trkpt>
   <trkpt lat="-28.5127740" lon="-65.6265080">
    <ele>1337.0</ele>
   </trkpt>
   <trkpt lat="-28.5127830" lon="-65.6264980">
    <ele>1337.0</ele>
   </trkpt>
   <trkpt lat="-28.5127920" lon="-65.6264900">
    <ele>1338.0</ele>
   </trkpt>
   <trkpt lat="-28.5128020" lon="-65.6264820">
    <ele>1338.0</ele>
   </trkpt>
   <trkpt lat="-28.5128130" lon="-65.6264770">
    <ele>1338.0</ele>
   </trkpt>
   <trkpt lat="-28.5128240" lon="-65.6264730">
    <ele>1338.0</ele>
   </trkpt>
   <trkpt lat="-28.5128330" lon="-65.6264740">
    <ele>1338.0</ele>
   </trkpt>
   <trkpt lat="-28.5128420" lon="-65.6264750">
    <ele>1339.0</ele>
   </trkpt>
   <trkpt lat="-28.5128470" lon="-65.6264830">
    <ele>1339.0</ele>
   </trkpt>
   <trkpt lat="-28.5128520" lon="-65.6264920">
    <ele>1339.0</ele>
   </trkpt>
   <trkpt lat="-28.5128550" lon="-65.6265030">
    <ele>1339.0</ele>
   </trkpt>
   <trkpt lat="-28.5128580" lon="-65.6265130">
    <ele>1339.0</ele>
   </trkpt>
   <trkpt lat="-28.5128620" lon="-65.6265240">
    <ele>1340.0</ele>
   </trkpt>
   <trkpt lat="-28.5128660" lon="-65.6265360">
    <ele>1340.0</ele>
   </trkpt>
   <trkpt lat="-28.5128700" lon="-65.6265460">
    <ele>1340.0</ele>
   </trkpt>
   <trkpt lat="-28.5128750" lon="-65.6265570">
    <ele>1341.0</ele>
   </trkpt>
   <trkpt lat="-28.5128820" lon="-65.6265650">
    <ele>1341.0</ele>
   </trkpt>
   <trkpt lat="-28.5128880" lon="-65.6265730">
    <ele>1342.0</ele>
   </trkpt>
   <trkpt lat="-28.5128960" lon="-65.6265760">
    <ele>1342.0</ele>
   </trkpt>
   <trkpt lat="-28.5129040" lon="-65.6265800">
    <ele>1342.0</ele>
   </trkpt>
   <trkpt lat="-28.5129130" lon="-65.6265790">
    <ele>1342.0</ele>
   </trkpt>
   <trkpt lat="-28.5129220" lon="-65.6265790">
    <ele>1342.0</ele>
   </trkpt>
   <trkpt lat="-28.5129330" lon="-65.6265750">
    <ele>1343.0</ele>
   </trkpt>
   <trkpt lat="-28.5129430" lon="-65.6265720">
    <ele>1343.0</ele>
   </trkpt>
   <trkpt lat="-28.5129520" lon="-65.6265630">
    <ele>1343.0</ele>
   </trkpt>
   <trkpt lat="-28.5129610" lon="-65.6265550">
    <ele>1344.0</ele>
   </trkpt>
   <trkpt lat="-28.5129630" lon="-65.6265420">
    <ele>1344.0</ele>
   </trkpt>
   <trkpt lat="-28.5129640" lon="-65.6265300">
    <ele>1345.0</ele>
   </trkpt>
   <trkpt lat="-28.5129600" lon="-65.6265130">
    <ele>1345.0</ele>
   </trkpt>
   <trkpt lat="-28.5129560" lon="-65.6264970">
    <ele>1345.0</ele>
   </trkpt>
   <trkpt lat="-28.5129530" lon="-65.6264780">
    <ele>1345.0</ele>
   </trkpt>
   <trkpt lat="-28.5129510" lon="-65.6264600">
    <ele>1345.0</ele>
   </trkpt>
   <trkpt lat="-28.5129520" lon="-65.6264440">
    <ele>1346.0</ele>
   </trkpt>
   <trkpt lat="-28.5129530" lon="-65.6264280">
    <ele>1346.0</ele>
   </trkpt>
   <trkpt lat="-28.5129570" lon="-65.6264150">
    <ele>1346.0</ele>
   </trkpt>
   <trkpt lat="-28.5129600" lon="-65.6264020">
    <ele>1347.0</ele>
   </trkpt>
   <trkpt lat="-28.5129650" lon="-65.6263910">
    <ele>1347.0</ele>
   </trkpt>
   <trkpt lat="-28.5129700" lon="-65.6263800">
    <ele>1348.0</ele>
   </trkpt>
   <trkpt lat="-28.5129770" lon="-65.6263710">
    <ele>1348.0</ele>
   </trkpt>
   <trkpt lat="-28.5129840" lon="-65.6263620">
    <ele>1348.0</ele>
   </trkpt>
   <trkpt lat="-28.5129930" lon="-65.6263550">
    <ele>1348.0</ele>
   </trkpt>
   <trkpt lat="-28.5130030" lon="-65.6263480">
    <ele>1348.0</ele>
   </trkpt>
   <trkpt lat="-28.5130140" lon="-65.6263420">
    <ele>1349.0</ele>
   </trkpt>
   <trkpt lat="-28.5130250" lon="-65.6263360">
    <ele>1349.0</ele>
   </trkpt>
   <trkpt lat="-28.5130370" lon="-65.6263330">
    <ele>1349.0</ele>
   </trkpt>
   <trkpt lat="-28.5130480" lon="-65.6263290">
    <ele>1349.0</ele>
   </trkpt>
   <trkpt lat="-28.5130600" lon="-65.6263280">
    <ele>1349.0</ele>
   </trkpt>
   <trkpt lat="-28.5130720" lon="-65.6263270">
    <ele>1350.0</ele>
   </trkpt>
   <trkpt lat="-28.5130840" lon="-65.6263320">
    <ele>1350.0</ele>
   </trkpt>
   <trkpt lat="-28.5130960" lon="-65.6263370">
    <ele>1350.0</ele>
   </trkpt>
   <trkpt lat="-28.5131050" lon="-65.6263480">
    <ele>1351.0</ele>
   </trkpt>
   <trkpt lat="-28.5131150" lon="-65.6263600">
    <ele>1351.0</ele>
   </trkpt>
   <trkpt lat="-28.5131210" lon="-65.6263740">
    <ele>1352.0</ele>
   </trkpt>
   <trkpt lat="-28.5131280" lon="-65.6263880">
    <ele>1352.0</ele>
   </trkpt>
   <trkpt lat="-28.5131340" lon="-65.6264010">
    <ele>1352.0</ele>
   </trkpt>
   <trkpt lat="-28.5131400" lon="-65.6264140">
    <ele>1352.0</ele>
   </trkpt>
   <trkpt lat="-28.5131470" lon="-65.6264220">
    <ele>1352.0</ele>
   </trkpt>
   <trkpt lat="-28.5131550" lon="-65.6264300">
    <ele>1353.0</ele>
   </trkpt>
   <trkpt lat="-28.5131640" lon="-65.6264260">
    <ele>1353.0</ele>
   </trkpt>
   <trkpt lat="-28.5131730" lon="-65.6264220">
    <ele>1353.0</ele>
   </trkpt>
   <trkpt lat="-28.5131760" lon="-65.6264040">
    <ele>1353.0</ele>
   </trkpt>
   <trkpt lat="-28.5131800" lon="-65.6263870">
    <ele>1353.0</ele>
   </trkpt>
   <trkpt lat="-28.5131760" lon="-65.6263630">
    <ele>1354.0</ele>
   </trkpt>
   <trkpt lat="-28.5131710" lon="-65.6263390">
    <ele>1354.0</ele>
   </trkpt>
   <trkpt lat="-28.5131640" lon="-65.6263150">
    <ele>1354.0</ele>
   </trkpt>
   <trkpt lat="-28.5131570" lon="-65.6262900">
    <ele>1355.0</ele>
   </trkpt>
   <trkpt lat="-28.5131500" lon="-65.6262680">
    <ele>1355.0</ele>
   </trkpt>
   <trkpt lat="-28.5131420" lon="-65.6262460">
    <ele>1356.0</ele>
   </trkpt>
   <trkpt lat="-28.5131400" lon="-65.6262260">
    <ele>1356.0</ele>
   </trkpt>
   <trkpt lat="-28.5131390" lon="-65.6262050">
    <ele>1356.0</ele>
   </trkpt>
   <trkpt lat="-28.5131460" lon="-65.6261900">
    <ele>1356.0</ele>
   </trkpt>
   <trkpt lat="-28.5131530" lon="-65.6261750">
    <ele>1356.0</ele>
   </trkpt>
   <trkpt lat="-28.5131640" lon="-65.6261740">
    <ele>1357.0</ele>
   </trkpt>
   <trkpt lat="-28.5131760" lon="-65.6261740">
    <ele>1357.0</ele>
   </trkpt>
   <trkpt lat="-28.5131870" lon="-65.6261860">
    <ele>1357.0</ele>
   </trkpt>
   <trkpt lat="-28.5131990" lon="-65.6261990">
    <ele>1358.0</ele>
   </trkpt>
   <trkpt lat="-28.5132080" lon="-65.6262090">
    <ele>1358.0</ele>
   </trkpt>
   <trkpt lat="-28.5132180" lon="-65.6262200">
    <ele>1359.0</ele>
   </trkpt>
   <trkpt lat="-28.5132250" lon="-65.6262210">
    <ele>1359.0</ele>
   </trkpt>
   <trkpt lat="-28.5132320" lon="-65.6262220">
    <ele>1359.0</ele>
   </trkpt>
   <trkpt lat="-28.5132350" lon="-65.6262150">
    <ele>1360.0</ele>
   </trkpt>
   <trkpt lat="-28.5132390" lon="-65.6262090">
    <ele>1360.0</ele>
   </trkpt>
   <trkpt lat="-28.5132390" lon="-65.6261950">
    <ele>1361.0</ele>
   </trkpt>
   <trkpt lat="-28.5132380" lon="-65.6261810">
    <ele>1361.0</ele>
   </trkpt>
   <trkpt lat="-28.5132370" lon="-65.6261640">
    <ele>1361.0</ele>
   </trkpt>
   <trkpt lat="-28.5132350" lon="-65.6261460">
    <ele>1362.0</ele>
   </trkpt>
   <trkpt lat="-28.5132360" lon="-65.6261280">
    <ele>1362.0</ele>
   </trkpt>
   <trkpt lat="-28.5132370" lon="-65.6261100">
    <ele>1363.0</ele>
   </trkpt>
   <trkpt lat="-28.5132420" lon="-65.6260950">
    <ele>1363.0</ele>
   </trkpt>
   <trkpt lat="-28.5132470" lon="-65.6260790">
    <ele>1363.0</ele>
   </trkpt>
   <trkpt lat="-28.5132560" lon="-65.6260730">
    <ele>1364.0</ele>
   </trkpt>
   <trkpt lat="-28.5132660" lon="-65.6260660">
    <ele>1364.0</ele>
   </trkpt>
   <trkpt lat="-28.5132770" lon="-65.6260640">
    <ele>1365.0</ele>
   </trkpt>
   <trkpt lat="-28.5132880" lon="-65.6260610">
    <ele>1365.0</ele>
   </trkpt>
   <trkpt lat="-28.5132970" lon="-65.6260560">
    <ele>1365.0</ele>
   </trkpt>
   <trkpt lat="-28.5133050" lon="-65.6260520">
    <ele>1365.0</ele>
   </trkpt>
   <trkpt lat="-28.5133090" lon="-65.6260440">
    <ele>1365.0</ele>
   </trkpt>
   <trkpt lat="-28.5133130" lon="-65.6260360">
    <ele>1366.0</ele>
   </trkpt>
   <trkpt lat="-28.5133120" lon="-65.6260270">
    <ele>1366.0</ele>
   </trkpt>
   <trkpt lat="-28.5133110" lon="-65.6260190">
    <ele>1366.0</ele>
   </trkpt>
   <trkpt lat="-28.5133080" lon="-65.6260110">
    <ele>1366.0</ele>
   </trkpt>
   <trkpt lat="-28.5133040" lon="-65.6260030">
    <ele>1366.0</ele>
   </trkpt>
   <trkpt lat="-28.5132980" lon="-65.6259960">
    <ele>1367.0</ele>
   </trkpt>
   <trkpt lat="-28.5132920" lon="-65.6259880">
    <ele>1367.0</ele>
   </trkpt>
   <trkpt lat="-28.5132860" lon="-65.6259800">
    <ele>1367.0</ele>
   </trkpt>
   <trkpt lat="-28.5132800" lon="-65.6259720">
    <ele>1367.0</ele>
   </trkpt>
   <trkpt lat="-28.5132790" lon="-65.6259610">
    <ele>1367.0</ele>
   </trkpt>
   <trkpt lat="-28.5132780" lon="-65.6259510">
    <ele>1368.0</ele>
   </trkpt>
   <trkpt lat="-28.5132800" lon="-65.6259390">
    <ele>1368.0</ele>
   </trkpt>
   <trkpt lat="-28.5132820" lon="-65.6259260">
    <ele>1368.0</ele>
   </trkpt>
   <trkpt lat="-28.5132840" lon="-65.6259110">
    <ele>1369.0</ele>
   </trkpt>
   <trkpt lat="-28.5132860" lon="-65.6258960">
    <ele>1369.0</ele>
   </trkpt>
   <trkpt lat="-28.5132880" lon="-65.6258790">
    <ele>1370.0</ele>
   </trkpt>
   <trkpt lat="-28.5132900" lon="-65.6258620">
    <ele>1370.0</ele>
   </trkpt>
   <trkpt lat="-28.5132910" lon="-65.6258450">
    <ele>1370.0</ele>
   </trkpt>
   <trkpt lat="-28.5132930" lon="-65.6258290">
    <ele>1370.0</ele>
   </trkpt>
   <trkpt lat="-28.5132930" lon="-65.6258210">
    <ele>1370.0</ele>
   </trkpt>
   <trkpt lat="-28.5132930" lon="-65.6258140">
    <ele>1371.0</ele>
   </trkpt>
   <trkpt lat="-28.5132930" lon="-65.6258010">
    <ele>1371.0</ele>
   </trkpt>
   <trkpt lat="-28.5132930" lon="-65.6257880">
    <ele>1371.0</ele>
   </trkpt>
   <trkpt lat="-28.5132930" lon="-65.6257750">
    <ele>1372.0</ele>
   </trkpt>
   <trkpt lat="-28.5132940" lon="-65.6257630">
    <ele>1372.0</ele>
   </trkpt>
   <trkpt lat="-28.5132940" lon="-65.6257510">
    <ele>1373.0</ele>
   </trkpt>
   <trkpt lat="-28.5132940" lon="-65.6257390">
    <ele>1373.0</ele>
   </trkpt>
   <trkpt lat="-28.5132930" lon="-65.6257280">
    <ele>1373.0</ele>
   </trkpt>
   <trkpt lat="-28.5132930" lon="-65.6257160">
    <ele>1374.0</ele>
   </trkpt>
   <trkpt lat="-28.5132920" lon="-65.6257050">
    <ele>1374.0</ele>
   </trkpt>
   <trkpt lat="-28.5132910" lon="-65.6256930">
    <ele>1375.0</ele>
   </trkpt>
   <trkpt lat="-28.5132920" lon="-65.6256820">
    <ele>1375.0</ele>
   </trkpt>
   <trkpt lat="-28.5132930" lon="-65.6256700">
    <ele>1375.0</ele>
   </trkpt>
   <trkpt lat="-28.5132990" lon="-65.6256620">
    <ele>1375.0</ele>
   </trkpt>
   <trkpt lat="-28.5133050" lon="-65.6256540">
    <ele>1375.0</ele>
   </trkpt>
   <trkpt lat="-28.5133140" lon="-65.6256510">
    <ele>1376.0</ele>
   </trkpt>
   <trkpt lat="-28.5133230" lon="-65.6256480">
    <ele>1376.0</ele>
   </trkpt>
   <trkpt lat="-28.5133330" lon="-65.6256480">
    <ele>1376.0</ele>
   </trkpt>
   <trkpt lat="-28.5133430" lon="-65.6256480">
    <ele>1376.0</ele>
   </trkpt>
   <trkpt lat="-28.5133520" lon="-65.6256500">
    <ele>1376.0</ele>
   </trkpt>
   <trkpt lat="-28.5133620" lon="-65.6256520">
    <ele>1377.0</ele>
   </trkpt>
   <trkpt lat="-28.5133710" lon="-65.6256540">
    <ele>1377.0</ele>
   </trkpt>
   <trkpt lat="-28.5133800" lon="-65.6256570">
    <ele>1377.0</ele>
   </trkpt>
   <trkpt lat="-28.5133880" lon="-65.6256610">
    <ele>1377.0</ele>
   </trkpt>
   <trkpt lat="-28.5133950" lon="-65.6256660">
    <ele>1377.0</ele>
   </trkpt>
   <trkpt lat="-28.5134020" lon="-65.6256750">
    <ele>1378.0</ele>
   </trkpt>
   <trkpt lat="-28.5134080" lon="-65.6256830">
    <ele>1378.0</ele>
   </trkpt>
   <trkpt lat="-28.5134150" lon="-65.6256920">
    <ele>1378.0</ele>
   </trkpt>
   <trkpt lat="-28.5134210" lon="-65.6257010">
    <ele>1379.0</ele>
   </trkpt>
   <trkpt lat="-28.5134270" lon="-65.6257040">
    <ele>1379.0</ele>
   </trkpt>
   <trkpt lat="-28.5134330" lon="-65.6257070">
    <ele>1380.0</ele>
   </trkpt>
   <trkpt lat="-28.5134380" lon="-65.6257020">
    <ele>1380.0</ele>
   </trkpt>
   <trkpt lat="-28.5134420" lon="-65.6256970">
    <ele>1380.0</ele>
   </trkpt>
   <trkpt lat="-28.5134430" lon="-65.6256860">
    <ele>1380.0</ele>
   </trkpt>
   <trkpt lat="-28.5134440" lon="-65.6256750">
    <ele>1380.0</ele>
   </trkpt>
   <trkpt lat="-28.5134460" lon="-65.6256620">
    <ele>1381.0</ele>
   </trkpt>
   <trkpt lat="-28.5134480" lon="-65.6256490">
    <ele>1381.0</ele>
   </trkpt>
   <trkpt lat="-28.5134540" lon="-65.6256370">
    <ele>1381.0</ele>
   </trkpt>
   <trkpt lat="-28.5134600" lon="-65.6256260">
    <ele>1382.0</ele>
   </trkpt>
   <trkpt lat="-28.5134710" lon="-65.6256210">
    <ele>1382.0</ele>
   </trkpt>
   <trkpt lat="-28.5134820" lon="-65.6256150">
    <ele>1383.0</ele>
   </trkpt>
   <trkpt lat="-28.5134950" lon="-65.6256160">
    <ele>1383.0</ele>
   </trkpt>
   <trkpt lat="-28.5135090" lon="-65.6256160">
    <ele>1383.0</ele>
   </trkpt>
   <trkpt lat="-28.5135240" lon="-65.6256180">
    <ele>1383.0</ele>
   </trkpt>
   <trkpt lat="-28.5135390" lon="-65.6256190">
    <ele>1383.0</ele>
   </trkpt>
   <trkpt lat="-28.5135540" lon="-65.6256200">
    <ele>1384.0</ele>
   </trkpt>
   <trkpt lat="-28.5135690" lon="-65.6256210">
    <ele>1384.0</ele>
   </trkpt>
   <trkpt lat="-28.5135830" lon="-65.6256170">
    <ele>1384.0</ele>
   </trkpt>
   <trkpt lat="-28.5135970" lon="-65.6256140">
    <ele>1385.0</ele>
   </trkpt>
   <trkpt lat="-28.5136090" lon="-65.6256070">
    <ele>1385.0</ele>
   </trkpt>
   <trkpt lat="-28.5136210" lon="-65.6256000">
    <ele>1386.0</ele>
   </trkpt>
   <trkpt lat="-28.5136270" lon="-65.6255890">
    <ele>1386.0</ele>
   </trkpt>
   <trkpt lat="-28.5136330" lon="-65.6255790">
    <ele>1386.0</ele>
   </trkpt>
   <trkpt lat="-28.5136330" lon="-65.6255670">
    <ele>1387.0</ele>
   </trkpt>
   <trkpt lat="-28.5136320" lon="-65.6255550">
    <ele>1387.0</ele>
   </trkpt>
   <trkpt lat="-28.5136250" lon="-65.6255440">
    <ele>1388.0</ele>
   </trkpt>
   <trkpt lat="-28.5136170" lon="-65.6255330">
    <ele>1388.0</ele>
   </trkpt>
   <trkpt lat="-28.5136070" lon="-65.6255250">
    <ele>1388.0</ele>
   </trkpt>
   <trkpt lat="-28.5135970" lon="-65.6255170">
    <ele>1388.0</ele>
   </trkpt>
   <trkpt lat="-28.5135850" lon="-65.6255120">
    <ele>1388.0</ele>
   </trkpt>
   <trkpt lat="-28.5135740" lon="-65.6255070">
    <ele>1389.0</ele>
   </trkpt>
   <trkpt lat="-28.5135630" lon="-65.6255020">
    <ele>1389.0</ele>
   </trkpt>
   <trkpt lat="-28.5135520" lon="-65.6254970">
    <ele>1389.0</ele>
   </trkpt>
   <trkpt lat="-28.5135430" lon="-65.6254880">
    <ele>1389.0</ele>
   </trkpt>
   <trkpt lat="-28.5135340" lon="-65.6254790">
    <ele>1389.0</ele>
   </trkpt>
   <trkpt lat="-28.5135330" lon="-65.6254680">
    <ele>1390.0</ele>
   </trkpt>
   <trkpt lat="-28.5135320" lon="-65.6254560">
    <ele>1390.0</ele>
   </trkpt>
   <trkpt lat="-28.5135400" lon="-65.6254480">
    <ele>1390.0</ele>
   </trkpt>
   <trkpt lat="-28.5135480" lon="-65.6254400">
    <ele>1390.0</ele>
   </trkpt>
   <trkpt lat="-28.5135590" lon="-65.6254310">
    <ele>1390.0</ele>
   </trkpt>
   <trkpt lat="-28.5135710" lon="-65.6254230">
    <ele>1391.0</ele>
   </trkpt>
   <trkpt lat="-28.5135800" lon="-65.6254100">
    <ele>1391.0</ele>
   </trkpt>
   <trkpt lat="-28.5135890" lon="-65.6253970">
    <ele>1391.0</ele>
   </trkpt>
   <trkpt lat="-28.5135920" lon="-65.6253810">
    <ele>1392.0</ele>
   </trkpt>
   <trkpt lat="-28.5135940" lon="-65.6253650">
    <ele>1392.0</ele>
   </trkpt>
   <trkpt lat="-28.5135910" lon="-65.6253470">
    <ele>1393.0</ele>
   </trkpt>
   <trkpt lat="-28.5135880" lon="-65.6253290">
    <ele>1393.0</ele>
   </trkpt>
   <trkpt lat="-28.5135810" lon="-65.6253120">
    <ele>1393.0</ele>
   </trkpt>
   <trkpt lat="-28.5135740" lon="-65.6252950">
    <ele>1393.0</ele>
   </trkpt>
   <trkpt lat="-28.5135700" lon="-65.6252780">
    <ele>1393.0</ele>
   </trkpt>
   <trkpt lat="-28.5135660" lon="-65.6252610">
    <ele>1394.0</ele>
   </trkpt>
   <trkpt lat="-28.5135680" lon="-65.6252450">
    <ele>1394.0</ele>
   </trkpt>
   <trkpt lat="-28.5135710" lon="-65.6252280">
    <ele>1394.0</ele>
   </trkpt>
   <trkpt lat="-28.5135750" lon="-65.6252120">
    <ele>1395.0</ele>
   </trkpt>
   <trkpt lat="-28.5135800" lon="-65.6251970">
    <ele>1395.0</ele>
   </trkpt>
   <trkpt lat="-28.5135820" lon="-65.6251840">
    <ele>1396.0</ele>
   </trkpt>
   <trkpt lat="-28.5135840" lon="-65.6251710">
    <ele>1396.0</ele>
   </trkpt>
   <trkpt lat="-28.5135820" lon="-65.6251590">
    <ele>1396.0</ele>
   </trkpt>
   <trkpt lat="-28.5135800" lon="-65.6251480">
    <ele>1397.0</ele>
   </trkpt>
   <trkpt lat="-28.5135780" lon="-65.6251350">
    <ele>1397.0</ele>
   </trkpt>
   <trkpt lat="-28.5135760" lon="-65.6251230">
    <ele>1398.0</ele>
   </trkpt>
   <trkpt lat="-28.5135750" lon="-65.6251090">
    <ele>1398.0</ele>
   </trkpt>
   <trkpt lat="-28.5135740" lon="-65.6250950">
    <ele>1398.0</ele>
   </trkpt>
   <trkpt lat="-28.5135730" lon="-65.6250810">
    <ele>1398.0</ele>
   </trkpt>
   <trkpt lat="-28.5135720" lon="-65.6250670">
    <ele>1398.0</ele>
   </trkpt>
   <trkpt lat="-28.5135710" lon="-65.6250540">
    <ele>1399.0</ele>
   </trkpt>
   <trkpt lat="-28.5135700" lon="-65.6250410">
    <ele>1399.0</ele>
   </trkpt>
   <trkpt lat="-28.5135700" lon="-65.6250290">
    <ele>1399.0</ele>
   </trkpt>
   <trkpt lat="-28.5135700" lon="-65.6250160">
    <ele>1399.0</ele>
   </trkpt>
   <trkpt lat="-28.5135730" lon="-65.6250040">
    <ele>1399.0</ele>
   </trkpt>
   <trkpt lat="-28.5135760" lon="-65.6249910">
    <ele>1400.0</ele>
   </trkpt>
   <trkpt lat="-28.5135830" lon="-65.6249810">
    <ele>1400.0</ele>
   </trkpt>
   <trkpt lat="-28.5135890" lon="-65.6249720">
    <ele>1400.0</ele>
   </trkpt>
   <trkpt lat="-28.5135990" lon="-65.6249660">
    <ele>1401.0</ele>
   </trkpt>
   <trkpt lat="-28.5136090" lon="-65.6249600">
    <ele>1401.0</ele>
   </trkpt>
   <trkpt lat="-28.5136190" lon="-65.6249540">
    <ele>1402.0</ele>
   </trkpt>
   <trkpt lat="-28.5136300" lon="-65.6249480">
    <ele>1402.0</ele>
   </trkpt>
   <trkpt lat="-28.5136420" lon="-65.6249430">
    <ele>1402.0</ele>
   </trkpt>
   <trkpt lat="-28.5136530" lon="-65.6249390">
    <ele>1402.0</ele>
   </trkpt>
   <trkpt lat="-28.5136640" lon="-65.6249380">
    <ele>1402.0</ele>
   </trkpt>
   <trkpt lat="-28.5136750" lon="-65.6249370">
    <ele>1403.0</ele>
   </trkpt>
   <trkpt lat="-28.5136830" lon="-65.6249420">
    <ele>1403.0</ele>
   </trkpt>
   <trkpt lat="-28.5136920" lon="-65.6249470">
    <ele>1403.0</ele>
   </trkpt>
   <trkpt lat="-28.5136950" lon="-65.6249570">
    <ele>1404.0</ele>
   </trkpt>
   <trkpt lat="-28.5136980" lon="-65.6249670">
    <ele>1404.0</ele>
   </trkpt>
   <trkpt lat="-28.5136980" lon="-65.6249810">
    <ele>1405.0</ele>
   </trkpt>
   <trkpt lat="-28.5136970" lon="-65.6249950">
    <ele>1405.0</ele>
   </trkpt>
   <trkpt lat="-28.5136960" lon="-65.6250100">
    <ele>1405.0</ele>
   </trkpt>
   <trkpt lat="-28.5136960" lon="-65.6250240">
    <ele>1405.0</ele>
   </trkpt>
   <trkpt lat="-28.5136970" lon="-65.6250380">
    <ele>1405.0</ele>
   </trkpt>
   <trkpt lat="-28.5136980" lon="-65.6250510">
    <ele>1406.0</ele>
   </trkpt>
   <trkpt lat="-28.5137040" lon="-65.6250630">
    <ele>1406.0</ele>
   </trkpt>
   <trkpt lat="-28.5137110" lon="-65.6250750">
    <ele>1406.0</ele>
   </trkpt>
   <trkpt lat="-28.5137230" lon="-65.6250820">
    <ele>1407.0</ele>
   </trkpt>
   <trkpt lat="-28.5137350" lon="-65.6250890">
    <ele>1407.0</ele>
   </trkpt>
   <trkpt lat="-28.5137500" lon="-65.6250880">
    <ele>1408.0</ele>
   </trkpt>
   <trkpt lat="-28.5137650" lon="-65.6250880">
    <ele>1408.0</ele>
   </trkpt>
   <trkpt lat="-28.5137790" lon="-65.6250810">
    <ele>1408.0</ele>
   </trkpt>
   <trkpt lat="-28.5137920" lon="-65.6250740">
    <ele>1408.0</ele>
   </trkpt>
   <trkpt lat="-28.5137980" lon="-65.6250590">
    <ele>1408.0</ele>
   </trkpt>
   <trkpt lat="-28.5138030" lon="-65.6250440">
    <ele>1409.0</ele>
   </trkpt>
   <trkpt lat="-28.5137990" lon="-65.6250240">
    <ele>1409.0</ele>
   </trkpt>
   <trkpt lat="-28.5137950" lon="-65.6250050">
    <ele>1409.0</ele>
   </trkpt>
   <trkpt lat="-28.5137890" lon="-65.6249880">
    <ele>1410.0</ele>
   </trkpt>
   <trkpt lat="-28.5137820" lon="-65.6249700">
    <ele>1410.0</ele>
   </trkpt>
   <trkpt lat="-28.5137760" lon="-65.6249540">
    <ele>1411.0</ele>
   </trkpt>
   <trkpt lat="-28.5137700" lon="-65.6249380">
    <ele>1411.0</ele>
   </trkpt>
   <trkpt lat="-28.5137630" lon="-65.6249210">
    <ele>1411.0</ele>
   </trkpt>
   <trkpt lat="-28.5137560" lon="-65.6249030">
    <ele>1411.0</ele>
   </trkpt>
   <trkpt lat="-28.5137500" lon="-65.6248820">
    <ele>1411.0</ele>
   </trkpt>
   <trkpt lat="-28.5137430" lon="-65.6248610">
    <ele>1412.0</ele>
   </trkpt>
   <trkpt lat="-28.5137410" lon="-65.6248400">
    <ele>1412.0</ele>
   </trkpt>
   <trkpt lat="-28.5137390" lon="-65.6248180">
    <ele>1412.0</ele>
   </trkpt>
   <trkpt lat="-28.5137420" lon="-65.6247990">
    <ele>1413.0</ele>
   </trkpt>
   <trkpt lat="-28.5137450" lon="-65.6247800">
    <ele>1413.0</ele>
   </trkpt>
   <trkpt lat="-28.5137530" lon="-65.6247680">
    <ele>1414.0</ele>
   </trkpt>
   <trkpt lat="-28.5137600" lon="-65.6247560">
    <ele>1414.0</ele>
   </trkpt>
   <trkpt lat="-28.5137710" lon="-65.6247480">
    <ele>1414.0</ele>
   </trkpt>
   <trkpt lat="-28.5137810" lon="-65.6247400">
    <ele>1415.0</ele>
   </trkpt>
   <trkpt lat="-28.5137910" lon="-65.6247310">
    <ele>1415.0</ele>
   </trkpt>
   <trkpt lat="-28.5138010" lon="-65.6247230">
    <ele>1416.0</ele>
   </trkpt>
   <trkpt lat="-28.5138100" lon="-65.6247130">
    <ele>1416.0</ele>
   </trkpt>
   <trkpt lat="-28.5138180" lon="-65.6247030">
    <ele>1416.0</ele>
   </trkpt>
   <trkpt lat="-28.5138280" lon="-65.6246930">
    <ele>1416.0</ele>
   </trkpt>
   <trkpt lat="-28.5138370" lon="-65.6246830">
    <ele>1416.0</ele>
   </trkpt>
   <trkpt lat="-28.5138440" lon="-65.6246720">
    <ele>1417.0</ele>
   </trkpt>
   <trkpt lat="-28.5138520" lon="-65.6246620">
    <ele>1417.0</ele>
   </trkpt>
   <trkpt lat="-28.5138580" lon="-65.6246520">
    <ele>1417.0</ele>
   </trkpt>
   <trkpt lat="-28.5138640" lon="-65.6246420">
    <ele>1417.0</ele>
   </trkpt>
   <trkpt lat="-28.5138720" lon="-65.6246370">
    <ele>1417.0</ele>
   </trkpt>
   <trkpt lat="-28.5138800" lon="-65.6246320">
    <ele>1418.0</ele>
   </trkpt>
   <trkpt lat="-28.5138890" lon="-65.6246350">
    <ele>1418.0</ele>
   </trkpt>
   <trkpt lat="-28.5138970" lon="-65.6246370">
    <ele>1418.0</ele>
   </trkpt>
   <trkpt lat="-28.5139070" lon="-65.6246440">
    <ele>1418.0</ele>
   </trkpt>
   <trkpt lat="-28.5139170" lon="-65.6246500">
    <ele>1418.0</ele>
   </trkpt>
   <trkpt lat="-28.5139260" lon="-65.6246560">
    <ele>1419.0</ele>
   </trkpt>
   <trkpt lat="-28.5139360" lon="-65.6246610">
    <ele>1419.0</ele>
   </trkpt>
   <trkpt lat="-28.5139490" lon="-65.6246640">
    <ele>1419.0</ele>
   </trkpt>
   <trkpt lat="-28.5139610" lon="-65.6246670">
    <ele>1420.0</ele>
   </trkpt>
   <trkpt lat="-28.5139750" lon="-65.6246650">
    <ele>1420.0</ele>
   </trkpt>
   <trkpt lat="-28.5139900" lon="-65.6246630">
    <ele>1421.0</ele>
   </trkpt>
   <trkpt lat="-28.5140040" lon="-65.6246580">
    <ele>1421.0</ele>
   </trkpt>
   <trkpt lat="-28.5140180" lon="-65.6246520">
    <ele>1421.0</ele>
   </trkpt>
   <trkpt lat="-28.5140300" lon="-65.6246450">
    <ele>1421.0</ele>
   </trkpt>
   <trkpt lat="-28.5140420" lon="-65.6246380">
    <ele>1421.0</ele>
   </trkpt>
   <trkpt lat="-28.5140510" lon="-65.6246300">
    <ele>1422.0</ele>
   </trkpt>
   <trkpt lat="-28.5140610" lon="-65.6246230">
    <ele>1422.0</ele>
   </trkpt>
   <trkpt lat="-28.5140710" lon="-65.6246140">
    <ele>1422.0</ele>
   </trkpt>
   <trkpt lat="-28.5140800" lon="-65.6246050">
    <ele>1422.0</ele>
   </trkpt>
   <trkpt lat="-28.5140910" lon="-65.6245920">
    <ele>1422.0</ele>
   </trkpt>
   <trkpt lat="-28.5141020" lon="-65.6245800">
    <ele>1423.0</ele>
   </trkpt>
   <trkpt lat="-28.5141160" lon="-65.6245640">
    <ele>1423.0</ele>
   </trkpt>
   <trkpt lat="-28.5141310" lon="-65.6245490">
    <ele>1423.0</ele>
   </trkpt>
   <trkpt lat="-28.5141470" lon="-65.6245340">
    <ele>1424.0</ele>
   </trkpt>
   <trkpt lat="-28.5141630" lon="-65.6245190">
    <ele>1424.0</ele>
   </trkpt>
   <trkpt lat="-28.5141810" lon="-65.6245080">
    <ele>1425.0</ele>
   </trkpt>
   <trkpt lat="-28.5141990" lon="-65.6244980">
    <ele>1425.0</ele>
   </trkpt>
   <trkpt lat="-28.5142170" lon="-65.6244870">
    <ele>1425.0</ele>
   </trkpt>
   <trkpt lat="-28.5142350" lon="-65.6244770">
    <ele>1425.0</ele>
   </trkpt>
   <trkpt lat="-28.5142520" lon="-65.6244660">
    <ele>1425.0</ele>
   </trkpt>
   <trkpt lat="-28.5142700" lon="-65.6244540">
    <ele>1425.0</ele>
   </trkpt>
   <trkpt lat="-28.5142870" lon="-65.6244430">
    <ele>1425.0</ele>
   </trkpt>
   <trkpt lat="-28.5143040" lon="-65.6244320">
    <ele>1425.0</ele>
   </trkpt>
   <trkpt lat="-28.5143230" lon="-65.6244240">
    <ele>1425.0</ele>
   </trkpt>
   <trkpt lat="-28.5143420" lon="-65.6244150">
    <ele>1425.0</ele>
   </trkpt>
   <trkpt lat="-28.5143610" lon="-65.6244090">
    <ele>1426.0</ele>
   </trkpt>
   <trkpt lat="-28.5143810" lon="-65.6244030">
    <ele>1426.0</ele>
   </trkpt>
   <trkpt lat="-28.5144000" lon="-65.6243960">
    <ele>1426.0</ele>
   </trkpt>
   <trkpt lat="-28.5144190" lon="-65.6243900">
    <ele>1427.0</ele>
   </trkpt>
   <trkpt lat="-28.5144370" lon="-65.6243840">
    <ele>1427.0</ele>
   </trkpt>
   <trkpt lat="-28.5144550" lon="-65.6243780">
    <ele>1428.0</ele>
   </trkpt>
   <trkpt lat="-28.5144730" lon="-65.6243760">
    <ele>1428.0</ele>
   </trkpt>
   <trkpt lat="-28.5144900" lon="-65.6243740">
    <ele>1428.0</ele>
   </trkpt>
   <trkpt lat="-28.5145080" lon="-65.6243750">
    <ele>1429.0</ele>
   </trkpt>
   <trkpt lat="-28.5145260" lon="-65.6243750">
    <ele>1429.0</ele>
   </trkpt>
   <trkpt lat="-28.5145430" lon="-65.6243780">
    <ele>1430.0</ele>
   </trkpt>
   <trkpt lat="-28.5145600" lon="-65.6243800">
    <ele>1430.0</ele>
   </trkpt>
   <trkpt lat="-28.5145770" lon="-65.6243810">
    <ele>1430.0</ele>
   </trkpt>
   <trkpt lat="-28.5145940" lon="-65.6243820">
    <ele>1430.0</ele>
   </trkpt>
   <trkpt lat="-28.5146110" lon="-65.6243820">
    <ele>1430.0</ele>
   </trkpt>
   <trkpt lat="-28.5146290" lon="-65.6243820">
    <ele>1431.0</ele>
   </trkpt>
   <trkpt lat="-28.5146450" lon="-65.6243810">
    <ele>1431.0</ele>
   </trkpt>
   <trkpt lat="-28.5146610" lon="-65.6243810">
    <ele>1431.0</ele>
   </trkpt>
   <trkpt lat="-28.5146750" lon="-65.6243810">
    <ele>1432.0</ele>
   </trkpt>
   <trkpt lat="-28.5146890" lon="-65.6243810">
    <ele>1432.0</ele>
   </trkpt>
   <trkpt lat="-28.5147010" lon="-65.6243770">
    <ele>1433.0</ele>
   </trkpt>
   <trkpt lat="-28.5147120" lon="-65.6243740">
    <ele>1433.0</ele>
   </trkpt>
   <trkpt lat="-28.5147210" lon="-65.6243680">
    <ele>1433.0</ele>
   </trkpt>
   <trkpt lat="-28.5147310" lon="-65.6243610">
    <ele>1433.0</ele>
   </trkpt>
   <trkpt lat="-28.5147380" lon="-65.6243540">
    <ele>1433.0</ele>
   </trkpt>
   <trkpt lat="-28.5147450" lon="-65.6243460">
    <ele>1434.0</ele>
   </trkpt>
   <trkpt lat="-28.5147460" lon="-65.6243380">
    <ele>1434.0</ele>
   </trkpt>
   <trkpt lat="-28.5147470" lon="-65.6243290">
    <ele>1434.0</ele>
   </trkpt>
   <trkpt lat="-28.5147440" lon="-65.6243180">
    <ele>1434.0</ele>
   </trkpt>
   <trkpt lat="-28.5147410" lon="-65.6243080">
    <ele>1434.0</ele>
   </trkpt>
   <trkpt lat="-28.5147400" lon="-65.6242950">
    <ele>1435.0</ele>
   </trkpt>
   <trkpt lat="-28.5147380" lon="-65.6242830">
    <ele>1435.0</ele>
   </trkpt>
   <trkpt lat="-28.5147380" lon="-65.6242710">
    <ele>1435.0</ele>
   </trkpt>
   <trkpt lat="-28.5147390" lon="-65.6242590">
    <ele>1435.0</ele>
   </trkpt>
   <trkpt lat="-28.5147380" lon="-65.6242460">
    <ele>1435.0</ele>
   </trkpt>
   <trkpt lat="-28.5147380" lon="-65.6242340">
    <ele>1436.0</ele>
   </trkpt>
   <trkpt lat="-28.5147350" lon="-65.6242210">
    <ele>1436.0</ele>
   </trkpt>
   <trkpt lat="-28.5147320" lon="-65.6242090">
    <ele>1436.0</ele>
   </trkpt>
   <trkpt lat="-28.5147280" lon="-65.6241960">
    <ele>1437.0</ele>
   </trkpt>
   <trkpt lat="-28.5147250" lon="-65.6241830">
    <ele>1437.0</ele>
   </trkpt>
   <trkpt lat="-28.5147240" lon="-65.6241700">
    <ele>1438.0</ele>
   </trkpt>
   <trkpt lat="-28.5147220" lon="-65.6241570">
    <ele>1438.0</ele>
   </trkpt>
   <trkpt lat="-28.5147210" lon="-65.6241440">
    <ele>1438.0</ele>
   </trkpt>
   <trkpt lat="-28.5147200" lon="-65.6241310">
    <ele>1438.0</ele>
   </trkpt>
   <trkpt lat="-28.5147190" lon="-65.6241170">
    <ele>1438.0</ele>
   </trkpt>
   <trkpt lat="-28.5147180" lon="-65.6241020">
    <ele>1439.0</ele>
   </trkpt>
   <trkpt lat="-28.5147150" lon="-65.6240870">
    <ele>1439.0</ele>
   </trkpt>
   <trkpt lat="-28.5147120" lon="-65.6240720">
    <ele>1439.0</ele>
   </trkpt>
   <trkpt lat="-28.5147070" lon="-65.6240600">
    <ele>1439.0</ele>
   </trkpt>
   <trkpt lat="-28.5147020" lon="-65.6240490">
    <ele>1439.0</ele>
   </trkpt>
   <trkpt lat="-28.5146970" lon="-65.6240390">
    <ele>1440.0</ele>
   </trkpt>
   <trkpt lat="-28.5146910" lon="-65.6240290">
    <ele>1440.0</ele>
   </trkpt>
   <trkpt lat="-28.5146840" lon="-65.6240200">
    <ele>1440.0</ele>
   </trkpt>
   <trkpt lat="-28.5146770" lon="-65.6240110">
    <ele>1440.0</ele>
   </trkpt>
   <trkpt lat="-28.5146710" lon="-65.6240010">
    <ele>1440.0</ele>
   </trkpt>
   <trkpt lat="-28.5146650" lon="-65.6239910">
    <ele>1441.0</ele>
   </trkpt>
   <trkpt lat="-28.5146580" lon="-65.6239790">
    <ele>1441.0</ele>
   </trkpt>
   <trkpt lat="-28.5146520" lon="-65.6239670">
    <ele>1441.0</ele>
   </trkpt>
   <trkpt lat="-28.5146450" lon="-65.6239520">
    <ele>1442.0</ele>
   </trkpt>
   <trkpt lat="-28.5146390" lon="-65.6239370">
    <ele>1442.0</ele>
   </trkpt>
   <trkpt lat="-28.5146320" lon="-65.6239210">
    <ele>1443.0</ele>
   </trkpt>
   <trkpt lat="-28.5146260" lon="-65.6239040">
    <ele>1443.0</ele>
   </trkpt>
   <trkpt lat="-28.5146180" lon="-65.6238880">
    <ele>1443.0</ele>
   </trkpt>
   <trkpt lat="-28.5146100" lon="-65.6238730">
    <ele>1444.0</ele>
   </trkpt>
   <trkpt lat="-28.5146020" lon="-65.6238570">
    <ele>1444.0</ele>
   </trkpt>
   <trkpt lat="-28.5145930" lon="-65.6238410">
    <ele>1445.0</ele>
   </trkpt>
   <trkpt lat="-28.5145840" lon="-65.6238270">
    <ele>1445.0</ele>
   </trkpt>
   <trkpt lat="-28.5145750" lon="-65.6238120">
    <ele>1445.0</ele>
   </trkpt>
   <trkpt lat="-28.5145660" lon="-65.6237980">
    <ele>1446.0</ele>
   </trkpt>
   <trkpt lat="-28.5145570" lon="-65.6237830">
    <ele>1446.0</ele>
   </trkpt>
   <trkpt lat="-28.5145510" lon="-65.6237690">
    <ele>1447.0</ele>
   </trkpt>
   <trkpt lat="-28.5145450" lon="-65.6237560">
    <ele>1447.0</ele>
   </trkpt>
   <trkpt lat="-28.5145390" lon="-65.6237440">
    <ele>1447.0</ele>
   </trkpt>
   <trkpt lat="-28.5145320" lon="-65.6237320">
    <ele>1448.0</ele>
   </trkpt>
   <trkpt lat="-28.5145270" lon="-65.6237200">
    <ele>1448.0</ele>
   </trkpt>
   <trkpt lat="-28.5145220" lon="-65.6237090">
    <ele>1449.0</ele>
   </trkpt>
   <trkpt lat="-28.5145160" lon="-65.6237030">
    <ele>1449.0</ele>
   </trkpt>
   <trkpt lat="-28.5145100" lon="-65.6236970">
    <ele>1449.0</ele>
   </trkpt>
   <trkpt lat="-28.5145040" lon="-65.6237030">
    <ele>1449.0</ele>
   </trkpt>
   <trkpt lat="-28.5144970" lon="-65.6237080">
    <ele>1449.0</ele>
   </trkpt>
   <trkpt lat="-28.5144890" lon="-65.6237200">
    <ele>1450.0</ele>
   </trkpt>
   <trkpt lat="-28.5144820" lon="-65.6237330">
    <ele>1450.0</ele>
   </trkpt>
   <trkpt lat="-28.5144720" lon="-65.6237440">
    <ele>1450.0</ele>
   </trkpt>
   <trkpt lat="-28.5144620" lon="-65.6237560">
    <ele>1450.0</ele>
   </trkpt>
   <trkpt lat="-28.5144490" lon="-65.6237620">
    <ele>1450.0</ele>
   </trkpt>
   <trkpt lat="-28.5144370" lon="-65.6237680">
    <ele>1451.0</ele>
   </trkpt>
   <trkpt lat="-28.5144230" lon="-65.6237690">
    <ele>1451.0</ele>
   </trkpt>
   <trkpt lat="-28.5144090" lon="-65.6237690">
    <ele>1451.0</ele>
   </trkpt>
   <trkpt lat="-28.5143940" lon="-65.6237640">
    <ele>1452.0</ele>
   </trkpt>
   <trkpt lat="-28.5143790" lon="-65.6237590">
    <ele>1452.0</ele>
   </trkpt>
   <trkpt lat="-28.5143640" lon="-65.6237510">
    <ele>1453.0</ele>
   </trkpt>
   <trkpt lat="-28.5143480" lon="-65.6237430">
    <ele>1453.0</ele>
   </trkpt>
   <trkpt lat="-28.5143360" lon="-65.6237330">
    <ele>1453.0</ele>
   </trkpt>
   <trkpt lat="-28.5143240" lon="-65.6237220">
    <ele>1454.0</ele>
   </trkpt>
   <trkpt lat="-28.5143180" lon="-65.6237090">
    <ele>1454.0</ele>
   </trkpt>
   <trkpt lat="-28.5143120" lon="-65.6236960">
    <ele>1455.0</ele>
   </trkpt>
   <trkpt lat="-28.5143150" lon="-65.6236840">
    <ele>1455.0</ele>
   </trkpt>
   <trkpt lat="-28.5143180" lon="-65.6236730">
    <ele>1455.0</ele>
   </trkpt>
   <trkpt lat="-28.5143300" lon="-65.6236650">
    <ele>1455.0</ele>
   </trkpt>
   <trkpt lat="-28.5143410" lon="-65.6236580">
    <ele>1455.0</ele>
   </trkpt>
   <trkpt lat="-28.5143580" lon="-65.6236520">
    <ele>1456.0</ele>
   </trkpt>
   <trkpt lat="-28.5143760" lon="-65.6236460">
    <ele>1456.0</ele>
   </trkpt>
   <trkpt lat="-28.5143920" lon="-65.6236360">
    <ele>1456.0</ele>
   </trkpt>
   <trkpt lat="-28.5144090" lon="-65.6236270">
    <ele>1456.0</ele>
   </trkpt>
   <trkpt lat="-28.5144250" lon="-65.6236120">
    <ele>1456.0</ele>
   </trkpt>
   <trkpt lat="-28.5144400" lon="-65.6235980">
    <ele>1457.0</ele>
   </trkpt>
   <trkpt lat="-28.5144520" lon="-65.6235810">
    <ele>1457.0</ele>
   </trkpt>
   <trkpt lat="-28.5144650" lon="-65.6235640">
    <ele>1457.0</ele>
   </trkpt>
   <trkpt lat="-28.5144740" lon="-65.6235450">
    <ele>1457.0</ele>
   </trkpt>
   <trkpt lat="-28.5144840" lon="-65.6235270">
    <ele>1457.0</ele>
   </trkpt>
   <trkpt lat="-28.5144930" lon="-65.6235090">
    <ele>1458.0</ele>
   </trkpt>
   <trkpt lat="-28.5145020" lon="-65.6234920">
    <ele>1458.0</ele>
   </trkpt>
   <trkpt lat="-28.5145100" lon="-65.6234750">
    <ele>1458.0</ele>
   </trkpt>
   <trkpt lat="-28.5145180" lon="-65.6234590">
    <ele>1459.0</ele>
   </trkpt>
   <trkpt lat="-28.5145190" lon="-65.6234460">
    <ele>1459.0</ele>
   </trkpt>
   <trkpt lat="-28.5145210" lon="-65.6234320">
    <ele>1460.0</ele>
   </trkpt>
   <trkpt lat="-28.5145150" lon="-65.6234230">
    <ele>1460.0</ele>
   </trkpt>
   <trkpt lat="-28.5145080" lon="-65.6234130">
    <ele>1460.0</ele>
   </trkpt>
   <trkpt lat="-28.5145010" lon="-65.6234040">
    <ele>1460.0</ele>
   </trkpt>
   <trkpt lat="-28.5144930" lon="-65.6233950">
    <ele>1460.0</ele>
   </trkpt>
   <trkpt lat="-28.5144960" lon="-65.6233860">
    <ele>1461.0</ele>
   </trkpt>
   <trkpt lat="-28.5144990" lon="-65.6233770">
    <ele>1461.0</ele>
   </trkpt>
   <trkpt lat="-28.5145140" lon="-65.6233700">
    <ele>1461.0</ele>
   </trkpt>
   <trkpt lat="-28.5145290" lon="-65.6233640">
    <ele>1462.0</ele>
   </trkpt>
   <trkpt lat="-28.5145490" lon="-65.6233580">
    <ele>1462.0</ele>
   </trkpt>
   <trkpt lat="-28.5145690" lon="-65.6233510">
    <ele>1463.0</ele>
   </trkpt>
   <trkpt lat="-28.5145860" lon="-65.6233420">
    <ele>1463.0</ele>
   </trkpt>
   <trkpt lat="-28.5146030" lon="-65.6233330">
    <ele>1463.0</ele>
   </trkpt>
   <trkpt lat="-28.5146170" lon="-65.6233210">
    <ele>1463.0</ele>
   </trkpt>
   <trkpt lat="-28.5146310" lon="-65.6233100">
    <ele>1463.0</ele>
   </trkpt>
   <trkpt lat="-28.5146400" lon="-65.6232970">
    <ele>1464.0</ele>
   </trkpt>
   <trkpt lat="-28.5146490" lon="-65.6232850">
    <ele>1464.0</ele>
   </trkpt>
   <trkpt lat="-28.5146540" lon="-65.6232720">
    <ele>1464.0</ele>
   </trkpt>
   <trkpt lat="-28.5146590" lon="-65.6232600">
    <ele>1465.0</ele>
   </trkpt>
   <trkpt lat="-28.5146590" lon="-65.6232500">
    <ele>1465.0</ele>
   </trkpt>
   <trkpt lat="-28.5146590" lon="-65.6232400">
    <ele>1466.0</ele>
   </trkpt>
   <trkpt lat="-28.5146530" lon="-65.6232320">
    <ele>1466.0</ele>
   </trkpt>
   <trkpt lat="-28.5146470" lon="-65.6232240">
    <ele>1466.0</ele>
   </trkpt>
   <trkpt lat="-28.5146380" lon="-65.6232170">
    <ele>1466.0</ele>
   </trkpt>
   <trkpt lat="-28.5146290" lon="-65.6232100">
    <ele>1466.0</ele>
   </trkpt>
   <trkpt lat="-28.5146180" lon="-65.6232080">
    <ele>1467.0</ele>
   </trkpt>
   <trkpt lat="-28.5146070" lon="-65.6232050">
    <ele>1467.0</ele>
   </trkpt>
   <trkpt lat="-28.5145940" lon="-65.6232110">
    <ele>1467.0</ele>
   </trkpt>
   <trkpt lat="-28.5145810" lon="-65.6232170">
    <ele>1467.0</ele>
   </trkpt>
   <trkpt lat="-28.5145660" lon="-65.6232290">
    <ele>1467.0</ele>
   </trkpt>
   <trkpt lat="-28.5145500" lon="-65.6232410">
    <ele>1468.0</ele>
   </trkpt>
   <trkpt lat="-28.5145310" lon="-65.6232490">
    <ele>1468.0</ele>
   </trkpt>
   <trkpt lat="-28.5145120" lon="-65.6232580">
    <ele>1468.0</ele>
   </trkpt>
   <trkpt lat="-28.5144940" lon="-65.6232560">
    <ele>1469.0</ele>
   </trkpt>
   <trkpt lat="-28.5144750" lon="-65.6232540">
    <ele>1469.0</ele>
   </trkpt>
   <trkpt lat="-28.5144640" lon="-65.6232410">
    <ele>1470.0</ele>
   </trkpt>
   <trkpt lat="-28.5144540" lon="-65.6232290">
    <ele>1470.0</ele>
   </trkpt>
   <trkpt lat="-28.5144500" lon="-65.6232080">
    <ele>1470.0</ele>
   </trkpt>
   <trkpt lat="-28.5144470" lon="-65.6231880">
    <ele>1470.0</ele>
   </trkpt>
   <trkpt lat="-28.5144490" lon="-65.6231640">
    <ele>1470.0</ele>
   </trkpt>
   <trkpt lat="-28.5144500" lon="-65.6231400">
    <ele>1471.0</ele>
   </trkpt>
   <trkpt lat="-28.5144510" lon="-65.6231160">
    <ele>1471.0</ele>
   </trkpt>
   <trkpt lat="-28.5144520" lon="-65.6230930">
    <ele>1471.0</ele>
   </trkpt>
   <trkpt lat="-28.5144510" lon="-65.6230710">
    <ele>1471.0</ele>
   </trkpt>
   <trkpt lat="-28.5144500" lon="-65.6230500">
    <ele>1471.0</ele>
   </trkpt>
   <trkpt lat="-28.5144490" lon="-65.6230310">
    <ele>1472.0</ele>
   </trkpt>
   <trkpt lat="-28.5144470" lon="-65.6230120">
    <ele>1472.0</ele>
   </trkpt>
   <trkpt lat="-28.5144470" lon="-65.6229970">
    <ele>1472.0</ele>
   </trkpt>
   <trkpt lat="-28.5144460" lon="-65.6229820">
    <ele>1472.0</ele>
   </trkpt>
   <trkpt lat="-28.5144450" lon="-65.6229690">
    <ele>1472.0</ele>
   </trkpt>
   <trkpt lat="-28.5144430" lon="-65.6229550">
    <ele>1473.0</ele>
   </trkpt>
   <trkpt lat="-28.5144410" lon="-65.6229420">
    <ele>1473.0</ele>
   </trkpt>
   <trkpt lat="-28.5144390" lon="-65.6229290">
    <ele>1473.0</ele>
   </trkpt>
   <trkpt lat="-28.5144370" lon="-65.6229150">
    <ele>1474.0</ele>
   </trkpt>
   <trkpt lat="-28.5144350" lon="-65.6229010">
    <ele>1474.0</ele>
   </trkpt>
   <trkpt lat="-28.5144340" lon="-65.6228870">
    <ele>1475.0</ele>
   </trkpt>
   <trkpt lat="-28.5144340" lon="-65.6228720">
    <ele>1475.0</ele>
   </trkpt>
   <trkpt lat="-28.5144340" lon="-65.6228580">
    <ele>1475.0</ele>
   </trkpt>
   <trkpt lat="-28.5144350" lon="-65.6228440">
    <ele>1475.0</ele>
   </trkpt>
   <trkpt lat="-28.5144370" lon="-65.6228300">
    <ele>1475.0</ele>
   </trkpt>
   <trkpt lat="-28.5144390" lon="-65.6228160">
    <ele>1476.0</ele>
   </trkpt>
   <trkpt lat="-28.5144410" lon="-65.6228040">
    <ele>1476.0</ele>
   </trkpt>
   <trkpt lat="-28.5144440" lon="-65.6227920">
    <ele>1476.0</ele>
   </trkpt>
   <trkpt lat="-28.5144470" lon="-65.6227810">
    <ele>1476.0</ele>
   </trkpt>
   <trkpt lat="-28.5144500" lon="-65.6227700">
    <ele>1476.0</ele>
   </trkpt>
   <trkpt lat="-28.5144550" lon="-65.6227570">
    <ele>1477.0</ele>
   </trkpt>
   <trkpt lat="-28.5144600" lon="-65.6227440">
    <ele>1477.0</ele>
   </trkpt>
   <trkpt lat="-28.5144640" lon="-65.6227300">
    <ele>1477.0</ele>
   </trkpt>
   <trkpt lat="-28.5144680" lon="-65.6227160">
    <ele>1477.0</ele>
   </trkpt>
   <trkpt lat="-28.5144700" lon="-65.6227010">
    <ele>1477.0</ele>
   </trkpt>
   <trkpt lat="-28.5144720" lon="-65.6226860">
    <ele>1478.0</ele>
   </trkpt>
   <trkpt lat="-28.5144750" lon="-65.6226710">
    <ele>1478.0</ele>
   </trkpt>
   <trkpt lat="-28.5144770" lon="-65.6226550">
    <ele>1478.0</ele>
   </trkpt>
   <trkpt lat="-28.5144830" lon="-65.6226390">
    <ele>1479.0</ele>
   </trkpt>
   <trkpt lat="-28.5144890" lon="-65.6226220">
    <ele>1479.0</ele>
   </trkpt>
   <trkpt lat="-28.5144950" lon="-65.6226050">
    <ele>1480.0</ele>
   </trkpt>
   <trkpt lat="-28.5145020" lon="-65.6225880">
    <ele>1480.0</ele>
   </trkpt>
   <trkpt lat="-28.5145080" lon="-65.6225690">
    <ele>1480.0</ele>
   </trkpt>
   <trkpt lat="-28.5145150" lon="-65.6225510">
    <ele>1480.0</ele>
   </trkpt>
   <trkpt lat="-28.5145210" lon="-65.6225340">
    <ele>1480.0</ele>
   </trkpt>
   <trkpt lat="-28.5145270" lon="-65.6225170">
    <ele>1481.0</ele>
   </trkpt>
   <trkpt lat="-28.5145300" lon="-65.6225030">
    <ele>1481.0</ele>
   </trkpt>
   <trkpt lat="-28.5145320" lon="-65.6224890">
    <ele>1481.0</ele>
   </trkpt>
   <trkpt lat="-28.5145320" lon="-65.6224740">
    <ele>1482.0</ele>
   </trkpt>
   <trkpt lat="-28.5145310" lon="-65.6224600">
    <ele>1482.0</ele>
   </trkpt>
   <trkpt lat="-28.5145290" lon="-65.6224430">
    <ele>1483.0</ele>
   </trkpt>
   <trkpt lat="-28.5145270" lon="-65.6224250">
    <ele>1483.0</ele>
   </trkpt>
   <trkpt lat="-28.5145230" lon="-65.6224070">
    <ele>1483.0</ele>
   </trkpt>
   <trkpt lat="-28.5145190" lon="-65.6223880">
    <ele>1483.0</ele>
   </trkpt>
   <trkpt lat="-28.5145130" lon="-65.6223710">
    <ele>1483.0</ele>
   </trkpt>
   <trkpt lat="-28.5145070" lon="-65.6223540">
    <ele>1484.0</ele>
   </trkpt>
   <trkpt lat="-28.5145030" lon="-65.6223350">
    <ele>1484.0</ele>
   </trkpt>
   <trkpt lat="-28.5144990" lon="-65.6223160">
    <ele>1484.0</ele>
   </trkpt>
   <trkpt lat="-28.5144950" lon="-65.6222970">
    <ele>1485.0</ele>
   </trkpt>
   <trkpt lat="-28.5144920" lon="-65.6222790">
    <ele>1485.0</ele>
   </trkpt>
   <trkpt lat="-28.5144900" lon="-65.6222630">
    <ele>1486.0</ele>
   </trkpt>
   <trkpt lat="-28.5144870" lon="-65.6222480">
    <ele>1486.0</ele>
   </trkpt>
   <trkpt lat="-28.5144850" lon="-65.6222310">
    <ele>1486.0</ele>
   </trkpt>
   <trkpt lat="-28.5144830" lon="-65.6222140">
    <ele>1486.0</ele>
   </trkpt>
   <trkpt lat="-28.5144840" lon="-65.6221950">
    <ele>1486.0</ele>
   </trkpt>
   <trkpt lat="-28.5144840" lon="-65.6221770">
    <ele>1487.0</ele>
   </trkpt>
   <trkpt lat="-28.5144850" lon="-65.6221580">
    <ele>1487.0</ele>
   </trkpt>
   <trkpt lat="-28.5144850" lon="-65.6221390">
    <ele>1487.0</ele>
   </trkpt>
   <trkpt lat="-28.5144830" lon="-65.6221200">
    <ele>1487.0</ele>
   </trkpt>
   <trkpt lat="-28.5144810" lon="-65.6221020">
    <ele>1487.0</ele>
   </trkpt>
   <trkpt lat="-28.5144810" lon="-65.6220860">
    <ele>1488.0</ele>
   </trkpt>
   <trkpt lat="-28.5144800" lon="-65.6220710">
    <ele>1488.0</ele>
   </trkpt>
   <trkpt lat="-28.5144810" lon="-65.6220530">
    <ele>1488.0</ele>
   </trkpt>
   <trkpt lat="-28.5144810" lon="-65.6220360">
    <ele>1488.0</ele>
   </trkpt>
   <trkpt lat="-28.5144830" lon="-65.6220170">
    <ele>1488.0</ele>
   </trkpt>
   <trkpt lat="-28.5144850" lon="-65.6219980">
    <ele>1489.0</ele>
   </trkpt>
   <trkpt lat="-28.5144890" lon="-65.6219790">
    <ele>1489.0</ele>
   </trkpt>
   <trkpt lat="-28.5144920" lon="-65.6219600">
    <ele>1489.0</ele>
   </trkpt>
   <trkpt lat="-28.5144950" lon="-65.6219430">
    <ele>1489.0</ele>
   </trkpt>
   <trkpt lat="-28.5144980" lon="-65.6219270">
    <ele>1489.0</ele>
   </trkpt>
   <trkpt lat="-28.5145000" lon="-65.6219130">
    <ele>1490.0</ele>
   </trkpt>
   <trkpt lat="-28.5145020" lon="-65.6218990">
    <ele>1490.0</ele>
   </trkpt>
   <trkpt lat="-28.5145020" lon="-65.6218850">
    <ele>1490.0</ele>
   </trkpt>
   <trkpt lat="-28.5145020" lon="-65.6218710">
    <ele>1490.0</ele>
   </trkpt>
   <trkpt lat="-28.5145000" lon="-65.6218570">
    <ele>1490.0</ele>
   </trkpt>
   <trkpt lat="-28.5144980" lon="-65.6218430">
    <ele>1491.0</ele>
   </trkpt>
   <trkpt lat="-28.5144930" lon="-65.6218310">
    <ele>1491.0</ele>
   </trkpt>
   <trkpt lat="-28.5144890" lon="-65.6218190">
    <ele>1491.0</ele>
   </trkpt>
   <trkpt lat="-28.5144880" lon="-65.6218080">
    <ele>1492.0</ele>
   </trkpt>
   <trkpt lat="-28.5144870" lon="-65.6217970">
    <ele>1492.0</ele>
   </trkpt>
   <trkpt lat="-28.5144940" lon="-65.6217880">
    <ele>1493.0</ele>
   </trkpt>
   <trkpt lat="-28.5145000" lon="-65.6217790">
    <ele>1493.0</ele>
   </trkpt>
   <trkpt lat="-28.5145100" lon="-65.6217710">
    <ele>1493.0</ele>
   </trkpt>
   <trkpt lat="-28.5145200" lon="-65.6217640">
    <ele>1493.0</ele>
   </trkpt>
   <trkpt lat="-28.5145300" lon="-65.6217550">
    <ele>1493.0</ele>
   </trkpt>
   <trkpt lat="-28.5145400" lon="-65.6217450">
    <ele>1494.0</ele>
   </trkpt>
   <trkpt lat="-28.5145460" lon="-65.6217330">
    <ele>1494.0</ele>
   </trkpt>
   <trkpt lat="-28.5145520" lon="-65.6217210">
    <ele>1494.0</ele>
   </trkpt>
   <trkpt lat="-28.5145510" lon="-65.6217090">
    <ele>1495.0</ele>
   </trkpt>
   <trkpt lat="-28.5145500" lon="-65.6216970">
    <ele>1495.0</ele>
   </trkpt>
   <trkpt lat="-28.5145450" lon="-65.6216860">
    <ele>1496.0</ele>
   </trkpt>
   <trkpt lat="-28.5145410" lon="-65.6216740">
    <ele>1496.0</ele>
   </trkpt>
   <trkpt lat="-28.5145420" lon="-65.6216660">
    <ele>1496.0</ele>
   </trkpt>
   <trkpt lat="-28.5145430" lon="-65.6216570">
    <ele>1496.0</ele>
   </trkpt>
   <trkpt lat="-28.5145490" lon="-65.6216510">
    <ele>1496.0</ele>
   </trkpt>
   <trkpt lat="-28.5145560" lon="-65.6216450">
    <ele>1497.0</ele>
   </trkpt>
   <trkpt lat="-28.5145620" lon="-65.6216370">
    <ele>1497.0</ele>
   </trkpt>
   <trkpt lat="-28.5145690" lon="-65.6216290">
    <ele>1497.0</ele>
   </trkpt>
   <trkpt lat="-28.5145710" lon="-65.6216190">
    <ele>1497.0</ele>
   </trkpt>
   <trkpt lat="-28.5145740" lon="-65.6216080">
    <ele>1497.0</ele>
   </trkpt>
   <trkpt lat="-28.5145720" lon="-65.6215960">
    <ele>1498.0</ele>
   </trkpt>
   <trkpt lat="-28.5145700" lon="-65.6215840">
    <ele>1498.0</ele>
   </trkpt>
   <trkpt lat="-28.5145650" lon="-65.6215700">
    <ele>1498.0</ele>
   </trkpt>
   <trkpt lat="-28.5145600" lon="-65.6215570">
    <ele>1499.0</ele>
   </trkpt>
   <trkpt lat="-28.5145550" lon="-65.6215410">
    <ele>1499.0</ele>
   </trkpt>
   <trkpt lat="-28.5145500" lon="-65.6215250">
    <ele>1500.0</ele>
   </trkpt>
   <trkpt lat="-28.5145500" lon="-65.6215060">
    <ele>1500.0</ele>
   </trkpt>
   <trkpt lat="-28.5145500" lon="-65.6214870">
    <ele>1500.0</ele>
   </trkpt>
   <trkpt lat="-28.5145540" lon="-65.6214690">
    <ele>1500.0</ele>
   </trkpt>
   <trkpt lat="-28.5145570" lon="-65.6214500">
    <ele>1500.0</ele>
   </trkpt>
   <trkpt lat="-28.5145610" lon="-65.6214340">
    <ele>1501.0</ele>
   </trkpt>
   <trkpt lat="-28.5145640" lon="-65.6214180">
    <ele>1501.0</ele>
   </trkpt>
   <trkpt lat="-28.5145660" lon="-65.6214040">
    <ele>1501.0</ele>
   </trkpt>
   <trkpt lat="-28.5145680" lon="-65.6213900">
    <ele>1502.0</ele>
   </trkpt>
   <trkpt lat="-28.5145680" lon="-65.6213770">
    <ele>1502.0</ele>
   </trkpt>
   <trkpt lat="-28.5145670" lon="-65.6213640">
    <ele>1503.0</ele>
   </trkpt>
   <trkpt lat="-28.5145670" lon="-65.6213510">
    <ele>1503.0</ele>
   </trkpt>
   <trkpt lat="-28.5145680" lon="-65.6213370">
    <ele>1503.0</ele>
   </trkpt>
   <trkpt lat="-28.5145690" lon="-65.6213240">
    <ele>1503.0</ele>
   </trkpt>
   <trkpt lat="-28.5145700" lon="-65.6213100">
    <ele>1503.0</ele>
   </trkpt>
   <trkpt lat="-28.5145720" lon="-65.6212960">
    <ele>1504.0</ele>
   </trkpt>
   <trkpt lat="-28.5145740" lon="-65.6212820">
    <ele>1504.0</ele>
   </trkpt>
   <trkpt lat="-28.5145790" lon="-65.6212720">
    <ele>1504.0</ele>
   </trkpt>
   <trkpt lat="-28.5145830" lon="-65.6212610">
    <ele>1505.0</ele>
   </trkpt>
   <trkpt lat="-28.5145900" lon="-65.6212520">
    <ele>1505.0</ele>
   </trkpt>
   <trkpt lat="-28.5145970" lon="-65.6212430">
    <ele>1506.0</ele>
   </trkpt>
   <trkpt lat="-28.5146030" lon="-65.6212330">
    <ele>1506.0</ele>
   </trkpt>
   <trkpt lat="-28.5146090" lon="-65.6212240">
    <ele>1506.0</ele>
   </trkpt>
   <trkpt lat="-28.5146120" lon="-65.6212130">
    <ele>1506.0</ele>
   </trkpt>
   <trkpt lat="-28.5146150" lon="-65.6212030">
    <ele>1506.0</ele>
   </trkpt>
   <trkpt lat="-28.5146140" lon="-65.6211900">
    <ele>1507.0</ele>
   </trkpt>
   <trkpt lat="-28.5146140" lon="-65.6211780">
    <ele>1507.0</ele>
   </trkpt>
   <trkpt lat="-28.5146120" lon="-65.6211660">
    <ele>1507.0</ele>
   </trkpt>
   <trkpt lat="-28.5146100" lon="-65.6211530">
    <ele>1508.0</ele>
   </trkpt>
   <trkpt lat="-28.5146090" lon="-65.6211420">
    <ele>1508.0</ele>
   </trkpt>
   <trkpt lat="-28.5146080" lon="-65.6211310">
    <ele>1509.0</ele>
   </trkpt>
   <trkpt lat="-28.5146070" lon="-65.6211220">
    <ele>1509.0</ele>
   </trkpt>
   <trkpt lat="-28.5146050" lon="-65.6211130">
    <ele>1509.0</ele>
   </trkpt>
   <trkpt lat="-28.5146010" lon="-65.6211040">
    <ele>1510.0</ele>
   </trkpt>
   <trkpt lat="-28.5145970" lon="-65.6210960">
    <ele>1510.0</ele>
   </trkpt>
   <trkpt lat="-28.5145930" lon="-65.6210880">
    <ele>1511.0</ele>
   </trkpt>
   <trkpt lat="-28.5145900" lon="-65.6210790">
    <ele>1511.0</ele>
   </trkpt>
   <trkpt lat="-28.5145900" lon="-65.6210700">
    <ele>1511.0</ele>
   </trkpt>
   <trkpt lat="-28.5145900" lon="-65.6210600">
    <ele>1511.0</ele>
   </trkpt>
   <trkpt lat="-28.5145900" lon="-65.6210480">
    <ele>1511.0</ele>
   </trkpt>
   <trkpt lat="-28.5145900" lon="-65.6210370">
    <ele>1512.0</ele>
   </trkpt>
   <trkpt lat="-28.5145880" lon="-65.6210230">
    <ele>1512.0</ele>
   </trkpt>
   <trkpt lat="-28.5145860" lon="-65.6210090">
    <ele>1512.0</ele>
   </trkpt>
   <trkpt lat="-28.5145830" lon="-65.6209940">
    <ele>1512.0</ele>
   </trkpt>
   <trkpt lat="-28.5145810" lon="-65.6209780">
    <ele>1512.0</ele>
   </trkpt>
   <trkpt lat="-28.5145810" lon="-65.6209630">
    <ele>1513.0</ele>
   </trkpt>
   <trkpt lat="-28.5145820" lon="-65.6209480">
    <ele>1513.0</ele>
   </trkpt>
   <trkpt lat="-28.5145840" lon="-65.6209350">
    <ele>1513.0</ele>
   </trkpt>
   <trkpt lat="-28.5145860" lon="-65.6209230">
    <ele>1513.0</ele>
   </trkpt>
   <trkpt lat="-28.5145880" lon="-65.6209110">
    <ele>1513.0</ele>
   </trkpt>
   <trkpt lat="-28.5145910" lon="-65.6208990">
    <ele>1514.0</ele>
   </trkpt>
   <trkpt lat="-28.5145940" lon="-65.6208890">
    <ele>1514.0</ele>
   </trkpt>
   <trkpt lat="-28.5145970" lon="-65.6208790">
    <ele>1514.0</ele>
   </trkpt>
   <trkpt lat="-28.5145990" lon="-65.6208710">
    <ele>1514.0</ele>
   </trkpt>
   <trkpt lat="-28.5146010" lon="-65.6208630">
    <ele>1514.0</ele>
   </trkpt>
   <trkpt lat="-28.5146030" lon="-65.6208540">
    <ele>1515.0</ele>
   </trkpt>
   <trkpt lat="-28.5146050" lon="-65.6208450">
    <ele>1515.0</ele>
   </trkpt>
   <trkpt lat="-28.5146090" lon="-65.6208350">
    <ele>1515.0</ele>
   </trkpt>
   <trkpt lat="-28.5146130" lon="-65.6208260">
    <ele>1516.0</ele>
   </trkpt>
   <trkpt lat="-28.5146200" lon="-65.6208190">
    <ele>1516.0</ele>
   </trkpt>
   <trkpt lat="-28.5146270" lon="-65.6208120">
    <ele>1517.0</ele>
   </trkpt>
   <trkpt lat="-28.5146360" lon="-65.6208160">
    <ele>1517.0</ele>
   </trkpt>
   <trkpt lat="-28.5146450" lon="-65.6208190">
    <ele>1517.0</ele>
   </trkpt>
   <trkpt lat="-28.5146530" lon="-65.6208300">
    <ele>1517.0</ele>
   </trkpt>
   <trkpt lat="-28.5146610" lon="-65.6208400">
    <ele>1517.0</ele>
   </trkpt>
   <trkpt lat="-28.5146670" lon="-65.6208520">
    <ele>1518.0</ele>
   </trkpt>
   <trkpt lat="-28.5146740" lon="-65.6208630">
    <ele>1518.0</ele>
   </trkpt>
   <trkpt lat="-28.5146810" lon="-65.6208720">
    <ele>1518.0</ele>
   </trkpt>
   <trkpt lat="-28.5146880" lon="-65.6208810">
    <ele>1518.0</ele>
   </trkpt>
   <trkpt lat="-28.5146950" lon="-65.6208870">
    <ele>1518.0</ele>
   </trkpt>
   <trkpt lat="-28.5147020" lon="-65.6208930">
    <ele>1519.0</ele>
   </trkpt>
   <trkpt lat="-28.5147080" lon="-65.6209000">
    <ele>1519.0</ele>
   </trkpt>
   <trkpt lat="-28.5147130" lon="-65.6209070">
    <ele>1519.0</ele>
   </trkpt>
   <trkpt lat="-28.5147160" lon="-65.6209160">
    <ele>1520.0</ele>
   </trkpt>
   <trkpt lat="-28.5147180" lon="-65.6209260">
    <ele>1520.0</ele>
   </trkpt>
   <trkpt lat="-28.5147220" lon="-65.6209360">
    <ele>1521.0</ele>
   </trkpt>
   <trkpt lat="-28.5147250" lon="-65.6209470">
    <ele>1521.0</ele>
   </trkpt>
   <trkpt lat="-28.5147320" lon="-65.6209580">
    <ele>1521.0</ele>
   </trkpt>
   <trkpt lat="-28.5147390" lon="-65.6209680">
    <ele>1521.0</ele>
   </trkpt>
   <trkpt lat="-28.5147480" lon="-65.6209770">
    <ele>1521.0</ele>
   </trkpt>
   <trkpt lat="-28.5147570" lon="-65.6209860">
    <ele>1522.0</ele>
   </trkpt>
   <trkpt lat="-28.5147670" lon="-65.6209960">
    <ele>1522.0</ele>
   </trkpt>
   <trkpt lat="-28.5147760" lon="-65.6210060">
    <ele>1522.0</ele>
   </trkpt>
   <trkpt lat="-28.5147830" lon="-65.6210160">
    <ele>1522.0</ele>
   </trkpt>
   <trkpt lat="-28.5147910" lon="-65.6210260">
    <ele>1522.0</ele>
   </trkpt>
   <trkpt lat="-28.5147980" lon="-65.6210340">
    <ele>1523.0</ele>
   </trkpt>
   <trkpt lat="-28.5148050" lon="-65.6210430">
    <ele>1523.0</ele>
   </trkpt>
   <trkpt lat="-28.5148140" lon="-65.6210490">
    <ele>1523.0</ele>
   </trkpt>
   <trkpt lat="-28.5148220" lon="-65.6210550">
    <ele>1523.0</ele>
   </trkpt>
   <trkpt lat="-28.5148320" lon="-65.6210590">
    <ele>1523.0</ele>
   </trkpt>
   <trkpt lat="-28.5148420" lon="-65.6210630">
    <ele>1524.0</ele>
   </trkpt>
   <trkpt lat="-28.5148510" lon="-65.6210690">
    <ele>1524.0</ele>
   </trkpt>
   <trkpt lat="-28.5148610" lon="-65.6210740">
    <ele>1524.0</ele>
   </trkpt>
   <trkpt lat="-28.5148680" lon="-65.6210820">
    <ele>1524.0</ele>
   </trkpt>
   <trkpt lat="-28.5148760" lon="-65.6210900">
    <ele>1524.0</ele>
   </trkpt>
   <trkpt lat="-28.5148820" lon="-65.6210990">
    <ele>1525.0</ele>
   </trkpt>
   <trkpt lat="-28.5148880" lon="-65.6211080">
    <ele>1525.0</ele>
   </trkpt>
   <trkpt lat="-28.5148930" lon="-65.6211190">
    <ele>1525.0</ele>
   </trkpt>
   <trkpt lat="-28.5148980" lon="-65.6211300">
    <ele>1526.0</ele>
   </trkpt>
   <trkpt lat="-28.5149030" lon="-65.6211460">
    <ele>1526.0</ele>
   </trkpt>
   <trkpt lat="-28.5149080" lon="-65.6211620">
    <ele>1527.0</ele>
   </trkpt>
   <trkpt lat="-28.5149110" lon="-65.6211820">
    <ele>1527.0</ele>
   </trkpt>
   <trkpt lat="-28.5149150" lon="-65.6212020">
    <ele>1527.0</ele>
   </trkpt>
   <trkpt lat="-28.5149210" lon="-65.6212240">
    <ele>1527.0</ele>
   </trkpt>
   <trkpt lat="-28.5149260" lon="-65.6212460">
    <ele>1527.0</ele>
   </trkpt>
   <trkpt lat="-28.5149350" lon="-65.6212680">
    <ele>1528.0</ele>
   </trkpt>
   <trkpt lat="-28.5149430" lon="-65.6212890">
    <ele>1528.0</ele>
   </trkpt>
   <trkpt lat="-28.5149510" lon="-65.6213100">
    <ele>1528.0</ele>
   </trkpt>
   <trkpt lat="-28.5149580" lon="-65.6213320">
    <ele>1528.0</ele>
   </trkpt>
   <trkpt lat="-28.5149610" lon="-65.6213530">
    <ele>1528.0</ele>
   </trkpt>
   <trkpt lat="-28.5149640" lon="-65.6213740">
    <ele>1529.0</ele>
   </trkpt>
   <trkpt lat="-28.5149660" lon="-65.6213960">
    <ele>1529.0</ele>
   </trkpt>
   <trkpt lat="-28.5149680" lon="-65.6214180">
    <ele>1529.0</ele>
   </trkpt>
   <trkpt lat="-28.5149720" lon="-65.6214380">
    <ele>1530.0</ele>
   </trkpt>
   <trkpt lat="-28.5149750" lon="-65.6214570">
    <ele>1530.0</ele>
   </trkpt>
   <trkpt lat="-28.5149800" lon="-65.6214730">
    <ele>1531.0</ele>
   </trkpt>
   <trkpt lat="-28.5149850" lon="-65.6214880">
    <ele>1531.0</ele>
   </trkpt>
   <trkpt lat="-28.5149890" lon="-65.6215020">
    <ele>1531.0</ele>
   </trkpt>
   <trkpt lat="-28.5149930" lon="-65.6215150">
    <ele>1531.0</ele>
   </trkpt>
   <trkpt lat="-28.5149970" lon="-65.6215290">
    <ele>1531.0</ele>
   </trkpt>
   <trkpt lat="-28.5150000" lon="-65.6215420">
    <ele>1532.0</ele>
   </trkpt>
   <trkpt lat="-28.5150040" lon="-65.6215560">
    <ele>1532.0</ele>
   </trkpt>
   <trkpt lat="-28.5150070" lon="-65.6215700">
    <ele>1532.0</ele>
   </trkpt>
   <trkpt lat="-28.5150160" lon="-65.6215790">
    <ele>1532.0</ele>
   </trkpt>
   <trkpt lat="-28.5150240" lon="-65.6215890">
    <ele>1532.0</ele>
   </trkpt>
   <trkpt lat="-28.5150350" lon="-65.6215940">
    <ele>1533.0</ele>
   </trkpt>
   <trkpt lat="-28.5150460" lon="-65.6215980">
    <ele>1533.0</ele>
   </trkpt>
   <trkpt lat="-28.5150580" lon="-65.6215970">
    <ele>1533.0</ele>
   </trkpt>
   <trkpt lat="-28.5150710" lon="-65.6215970">
    <ele>1533.0</ele>
   </trkpt>
   <trkpt lat="-28.5150830" lon="-65.6215920">
    <ele>1533.0</ele>
   </trkpt>
   <trkpt lat="-28.5150960" lon="-65.6215880">
    <ele>1534.0</ele>
   </trkpt>
   <trkpt lat="-28.5151060" lon="-65.6215810">
    <ele>1534.0</ele>
   </trkpt>
   <trkpt lat="-28.5151170" lon="-65.6215750">
    <ele>1534.0</ele>
   </trkpt>
   <trkpt lat="-28.5151250" lon="-65.6215660">
    <ele>1534.0</ele>
   </trkpt>
   <trkpt lat="-28.5151330" lon="-65.6215570">
    <ele>1534.0</ele>
   </trkpt>
   <trkpt lat="-28.5151420" lon="-65.6215430">
    <ele>1535.0</ele>
   </trkpt>
   <trkpt lat="-28.5151500" lon="-65.6215300">
    <ele>1535.0</ele>
   </trkpt>
   <trkpt lat="-28.5151620" lon="-65.6215130">
    <ele>1535.0</ele>
   </trkpt>
   <trkpt lat="-28.5151730" lon="-65.6214970">
    <ele>1535.0</ele>
   </trkpt>
   <trkpt lat="-28.5151860" lon="-65.6214770">
    <ele>1535.0</ele>
   </trkpt>
   <trkpt lat="-28.5151980" lon="-65.6214580">
    <ele>1536.0</ele>
   </trkpt>
   <trkpt lat="-28.5152070" lon="-65.6214370">
    <ele>1536.0</ele>
   </trkpt>
   <trkpt lat="-28.5152170" lon="-65.6214170">
    <ele>1536.0</ele>
   </trkpt>
   <trkpt lat="-28.5152210" lon="-65.6213990">
    <ele>1536.0</ele>
   </trkpt>
   <trkpt lat="-28.5152240" lon="-65.6213810">
    <ele>1536.0</ele>
   </trkpt>
   <trkpt lat="-28.5152250" lon="-65.6213650">
    <ele>1537.0</ele>
   </trkpt>
   <trkpt lat="-28.5152260" lon="-65.6213490">
    <ele>1537.0</ele>
   </trkpt>
   <trkpt lat="-28.5152260" lon="-65.6213360">
    <ele>1537.0</ele>
   </trkpt>
   <trkpt lat="-28.5152260" lon="-65.6213220">
    <ele>1538.0</ele>
   </trkpt>
   <trkpt lat="-28.5152280" lon="-65.6213120">
    <ele>1538.0</ele>
   </trkpt>
   <trkpt lat="-28.5152300" lon="-65.6213010">
    <ele>1539.0</ele>
   </trkpt>
   <trkpt lat="-28.5152340" lon="-65.6212920">
    <ele>1539.0</ele>
   </trkpt>
   <trkpt lat="-28.5152380" lon="-65.6212830">
    <ele>1539.0</ele>
   </trkpt>
   <trkpt lat="-28.5152410" lon="-65.6212760">
    <ele>1539.0</ele>
   </trkpt>
   <trkpt lat="-28.5152450" lon="-65.6212690">
    <ele>1539.0</ele>
   </trkpt>
   <trkpt lat="-28.5152480" lon="-65.6212620">
    <ele>1540.0</ele>
   </trkpt>
   <trkpt lat="-28.5152520" lon="-65.6212550">
    <ele>1540.0</ele>
   </trkpt>
   <trkpt lat="-28.5152580" lon="-65.6212490">
    <ele>1540.0</ele>
   </trkpt>
   <trkpt lat="-28.5152640" lon="-65.6212430">
    <ele>1541.0</ele>
   </trkpt>
   <trkpt lat="-28.5152730" lon="-65.6212400">
    <ele>1541.0</ele>
   </trkpt>
   <trkpt lat="-28.5152820" lon="-65.6212370">
    <ele>1542.0</ele>
   </trkpt>
   <trkpt lat="-28.5152910" lon="-65.6212330">
    <ele>1542.0</ele>
   </trkpt>
   <trkpt lat="-28.5153000" lon="-65.6212300">
    <ele>1542.0</ele>
   </trkpt>
   <trkpt lat="-28.5153080" lon="-65.6212260">
    <ele>1542.0</ele>
   </trkpt>
   <trkpt lat="-28.5153160" lon="-65.6212220">
    <ele>1542.0</ele>
   </trkpt>
   <trkpt lat="-28.5153250" lon="-65.6212200">
    <ele>1543.0</ele>
   </trkpt>
   <trkpt lat="-28.5153340" lon="-65.6212190">
    <ele>1543.0</ele>
   </trkpt>
   <trkpt lat="-28.5153450" lon="-65.6212220">
    <ele>1543.0</ele>
   </trkpt>
   <trkpt lat="-28.5153560" lon="-65.6212250">
    <ele>1544.0</ele>
   </trkpt>
   <trkpt lat="-28.5153670" lon="-65.6212300">
    <ele>1544.0</ele>
   </trkpt>
   <trkpt lat="-28.5153790" lon="-65.6212350">
    <ele>1545.0</ele>
   </trkpt>
   <trkpt lat="-28.5153890" lon="-65.6212380">
    <ele>1545.0</ele>
   </trkpt>
   <trkpt lat="-28.5153990" lon="-65.6212410">
    <ele>1545.0</ele>
   </trkpt>
   <trkpt lat="-28.5154110" lon="-65.6212410">
    <ele>1545.0</ele>
   </trkpt>
   <trkpt lat="-28.5154230" lon="-65.6212410">
    <ele>1545.0</ele>
   </trkpt>
   <trkpt lat="-28.5154400" lon="-65.6212370">
    <ele>1546.0</ele>
   </trkpt>
   <trkpt lat="-28.5154570" lon="-65.6212340">
    <ele>1546.0</ele>
   </trkpt>
   <trkpt lat="-28.5154760" lon="-65.6212270">
    <ele>1546.0</ele>
   </trkpt>
   <trkpt lat="-28.5154950" lon="-65.6212200">
    <ele>1547.0</ele>
   </trkpt>
   <trkpt lat="-28.5155090" lon="-65.6212070">
    <ele>1547.0</ele>
   </trkpt>
   <trkpt lat="-28.5155240" lon="-65.6211940">
    <ele>1548.0</ele>
   </trkpt>
   <trkpt lat="-28.5155310" lon="-65.6211800">
    <ele>1548.0</ele>
   </trkpt>
   <trkpt lat="-28.5155380" lon="-65.6211660">
    <ele>1548.0</ele>
   </trkpt>
   <trkpt lat="-28.5155380" lon="-65.6211530">
    <ele>1548.0</ele>
   </trkpt>
   <trkpt lat="-28.5155370" lon="-65.6211400">
    <ele>1548.0</ele>
   </trkpt>
   <trkpt lat="-28.5155290" lon="-65.6211310">
    <ele>1549.0</ele>
   </trkpt>
   <trkpt lat="-28.5155200" lon="-65.6211220">
    <ele>1549.0</ele>
   </trkpt>
   <trkpt lat="-28.5155070" lon="-65.6211160">
    <ele>1549.0</ele>
   </trkpt>
   <trkpt lat="-28.5154950" lon="-65.6211100">
    <ele>1549.0</ele>
   </trkpt>
   <trkpt lat="-28.5154800" lon="-65.6211050">
    <ele>1549.0</ele>
   </trkpt>
   <trkpt lat="-28.5154660" lon="-65.6211010">
    <ele>1550.0</ele>
   </trkpt>
   <trkpt lat="-28.5154510" lon="-65.6210980">
    <ele>1550.0</ele>
   </trkpt>
   <trkpt lat="-28.5154350" lon="-65.6210950">
    <ele>1550.0</ele>
   </trkpt>
   <trkpt lat="-28.5154230" lon="-65.6210900">
    <ele>1550.0</ele>
   </trkpt>
   <trkpt lat="-28.5154110" lon="-65.6210850">
    <ele>1550.0</ele>
   </trkpt>
   <trkpt lat="-28.5154050" lon="-65.6210710">
    <ele>1551.0</ele>
   </trkpt>
   <trkpt lat="-28.5153990" lon="-65.6210570">
    <ele>1551.0</ele>
   </trkpt>
   <trkpt lat="-28.5153940" lon="-65.6210390">
    <ele>1551.0</ele>
   </trkpt>
   <trkpt lat="-28.5153880" lon="-65.6210210">
    <ele>1551.0</ele>
   </trkpt>
   <trkpt lat="-28.5153780" lon="-65.6210030">
    <ele>1551.0</ele>
   </trkpt>
   <trkpt lat="-28.5153670" lon="-65.6209850">
    <ele>1552.0</ele>
   </trkpt>
   <trkpt lat="-28.5153520" lon="-65.6209710">
    <ele>1552.0</ele>
   </trkpt>
   <trkpt lat="-28.5153370" lon="-65.6209570">
    <ele>1552.0</ele>
   </trkpt>
   <trkpt lat="-28.5153220" lon="-65.6209440">
    <ele>1553.0</ele>
   </trkpt>
   <trkpt lat="-28.5153060" lon="-65.6209320">
    <ele>1553.0</ele>
   </trkpt>
   <trkpt lat="-28.5153000" lon="-65.6209160">
    <ele>1554.0</ele>
   </trkpt>
   <trkpt lat="-28.5152930" lon="-65.6209000">
    <ele>1554.0</ele>
   </trkpt>
   <trkpt lat="-28.5152960" lon="-65.6208870">
    <ele>1554.0</ele>
   </trkpt>
   <trkpt lat="-28.5153000" lon="-65.6208740">
    <ele>1554.0</ele>
   </trkpt>
   <trkpt lat="-28.5153100" lon="-65.6208690">
    <ele>1554.0</ele>
   </trkpt>
   <trkpt lat="-28.5153210" lon="-65.6208630">
    <ele>1555.0</ele>
   </trkpt>
   <trkpt lat="-28.5153360" lon="-65.6208670">
    <ele>1555.0</ele>
   </trkpt>
   <trkpt lat="-28.5153520" lon="-65.6208710">
    <ele>1555.0</ele>
   </trkpt>
   <trkpt lat="-28.5153710" lon="-65.6208820">
    <ele>1555.0</ele>
   </trkpt>
   <trkpt lat="-28.5153900" lon="-65.6208920">
    <ele>1555.0</ele>
   </trkpt>
   <trkpt lat="-28.5154100" lon="-65.6209050">
    <ele>1556.0</ele>
   </trkpt>
   <trkpt lat="-28.5154310" lon="-65.6209180">
    <ele>1556.0</ele>
   </trkpt>
   <trkpt lat="-28.5154520" lon="-65.6209280">
    <ele>1556.0</ele>
   </trkpt>
   <trkpt lat="-28.5154720" lon="-65.6209380">
    <ele>1556.0</ele>
   </trkpt>
   <trkpt lat="-28.5154930" lon="-65.6209430">
    <ele>1556.0</ele>
   </trkpt>
   <trkpt lat="-28.5155130" lon="-65.6209480">
    <ele>1556.0</ele>
   </trkpt>
   <trkpt lat="-28.5155310" lon="-65.6209460">
    <ele>1556.0</ele>
   </trkpt>
   <trkpt lat="-28.5155480" lon="-65.6209440">
    <ele>1556.0</ele>
   </trkpt>
   <trkpt lat="-28.5155580" lon="-65.6209350">
    <ele>1556.0</ele>
   </trkpt>
   <trkpt lat="-28.5155680" lon="-65.6209270">
    <ele>1556.0</ele>
   </trkpt>
   <trkpt lat="-28.5155660" lon="-65.6209160">
    <ele>1557.0</ele>
   </trkpt>
   <trkpt lat="-28.5155650" lon="-65.6209060">
    <ele>1557.0</ele>
   </trkpt>
   <trkpt lat="-28.5155550" lon="-65.6208970">
    <ele>1557.0</ele>
   </trkpt>
   <trkpt lat="-28.5155450" lon="-65.6208890">
    <ele>1557.0</ele>
   </trkpt>
   <trkpt lat="-28.5155330" lon="-65.6208800">
    <ele>1557.0</ele>
   </trkpt>
   <trkpt lat="-28.5155210" lon="-65.6208710">
    <ele>1558.0</ele>
   </trkpt>
   <trkpt lat="-28.5155130" lon="-65.6208590">
    <ele>1558.0</ele>
   </trkpt>
   <trkpt lat="-28.5155050" lon="-65.6208470">
    <ele>1558.0</ele>
   </trkpt>
   <trkpt lat="-28.5155070" lon="-65.6208360">
    <ele>1559.0</ele>
   </trkpt>
   <trkpt lat="-28.5155080" lon="-65.6208240">
    <ele>1559.0</ele>
   </trkpt>
   <trkpt lat="-28.5155170" lon="-65.6208180">
    <ele>1560.0</ele>
   </trkpt>
   <trkpt lat="-28.5155260" lon="-65.6208120">
    <ele>1560.0</ele>
   </trkpt>
   <trkpt lat="-28.5155390" lon="-65.6208120">
    <ele>1560.0</ele>
   </trkpt>
   <trkpt lat="-28.5155520" lon="-65.6208120">
    <ele>1560.0</ele>
   </trkpt>
   <trkpt lat="-28.5155660" lon="-65.6208160">
    <ele>1560.0</ele>
   </trkpt>
   <trkpt lat="-28.5155800" lon="-65.6208200">
    <ele>1561.0</ele>
   </trkpt>
   <trkpt lat="-28.5155940" lon="-65.6208250">
    <ele>1561.0</ele>
   </trkpt>
   <trkpt lat="-28.5156080" lon="-65.6208290">
    <ele>1561.0</ele>
   </trkpt>
   <trkpt lat="-28.5156220" lon="-65.6208300">
    <ele>1561.0</ele>
   </trkpt>
   <trkpt lat="-28.5156350" lon="-65.6208310">
    <ele>1561.0</ele>
   </trkpt>
   <trkpt lat="-28.5156490" lon="-65.6208290">
    <ele>1562.0</ele>
   </trkpt>
   <trkpt lat="-28.5156620" lon="-65.6208280">
    <ele>1562.0</ele>
   </trkpt>
   <trkpt lat="-28.5156790" lon="-65.6208260">
    <ele>1562.0</ele>
   </trkpt>
   <trkpt lat="-28.5156950" lon="-65.6208240">
    <ele>1563.0</ele>
   </trkpt>
   <trkpt lat="-28.5157140" lon="-65.6208230">
    <ele>1563.0</ele>
   </trkpt>
   <trkpt lat="-28.5157330" lon="-65.6208220">
    <ele>1564.0</ele>
   </trkpt>
   <trkpt lat="-28.5157530" lon="-65.6208230">
    <ele>1564.0</ele>
   </trkpt>
   <trkpt lat="-28.5157730" lon="-65.6208240">
    <ele>1564.0</ele>
   </trkpt>
   <trkpt lat="-28.5157920" lon="-65.6208250">
    <ele>1564.0</ele>
   </trkpt>
   <trkpt lat="-28.5158120" lon="-65.6208250">
    <ele>1564.0</ele>
   </trkpt>
   <trkpt lat="-28.5158290" lon="-65.6208230">
    <ele>1565.0</ele>
   </trkpt>
   <trkpt lat="-28.5158470" lon="-65.6208210">
    <ele>1565.0</ele>
   </trkpt>
   <trkpt lat="-28.5158530" lon="-65.6208110">
    <ele>1565.0</ele>
   </trkpt>
   <trkpt lat="-28.5158600" lon="-65.6208000">
    <ele>1566.0</ele>
   </trkpt>
   <trkpt lat="-28.5158510" lon="-65.6207900">
    <ele>1566.0</ele>
   </trkpt>
   <trkpt lat="-28.5158420" lon="-65.6207790">
    <ele>1567.0</ele>
   </trkpt>
   <trkpt lat="-28.5158240" lon="-65.6207680">
    <ele>1567.0</ele>
   </trkpt>
   <trkpt lat="-28.5158060" lon="-65.6207570">
    <ele>1567.0</ele>
   </trkpt>
   <trkpt lat="-28.5157840" lon="-65.6207450">
    <ele>1568.0</ele>
   </trkpt>
   <trkpt lat="-28.5157630" lon="-65.6207340">
    <ele>1568.0</ele>
   </trkpt>
   <trkpt lat="-28.5157430" lon="-65.6207200">
    <ele>1569.0</ele>
   </trkpt>
   <trkpt lat="-28.5157240" lon="-65.6207060">
    <ele>1569.0</ele>
   </trkpt>
   <trkpt lat="-28.5157150" lon="-65.6206930">
    <ele>1569.0</ele>
   </trkpt>
   <trkpt lat="-28.5157060" lon="-65.6206800">
    <ele>1569.0</ele>
   </trkpt>
   <trkpt lat="-28.5157080" lon="-65.6206710">
    <ele>1569.0</ele>
   </trkpt>
   <trkpt lat="-28.5157110" lon="-65.6206620">
    <ele>1570.0</ele>
   </trkpt>
   <trkpt lat="-28.5157200" lon="-65.6206550">
    <ele>1570.0</ele>
   </trkpt>
   <trkpt lat="-28.5157300" lon="-65.6206490">
    <ele>1570.0</ele>
   </trkpt>
   <trkpt lat="-28.5157430" lon="-65.6206460">
    <ele>1570.0</ele>
   </trkpt>
   <trkpt lat="-28.5157570" lon="-65.6206430">
    <ele>1570.0</ele>
   </trkpt>
   <trkpt lat="-28.5157720" lon="-65.6206450">
    <ele>1571.0</ele>
   </trkpt>
   <trkpt lat="-28.5157860" lon="-65.6206460">
    <ele>1571.0</ele>
   </trkpt>
   <trkpt lat="-28.5157990" lon="-65.6206450">
    <ele>1571.0</ele>
   </trkpt>
   <trkpt lat="-28.5158110" lon="-65.6206440">
    <ele>1572.0</ele>
   </trkpt>
   <trkpt lat="-28.5158210" lon="-65.6206380">
    <ele>1572.0</ele>
   </trkpt>
   <trkpt lat="-28.5158300" lon="-65.6206330">
    <ele>1573.0</ele>
   </trkpt>
   <trkpt lat="-28.5158390" lon="-65.6206270">
    <ele>1573.0</ele>
   </trkpt>
   <trkpt lat="-28.5158470" lon="-65.6206210">
    <ele>1573.0</ele>
   </trkpt>
   <trkpt lat="-28.5158570" lon="-65.6206170">
    <ele>1573.0</ele>
   </trkpt>
   <trkpt lat="-28.5158660" lon="-65.6206120">
    <ele>1573.0</ele>
   </trkpt>
   <trkpt lat="-28.5158770" lon="-65.6206070">
    <ele>1574.0</ele>
   </trkpt>
   <trkpt lat="-28.5158880" lon="-65.6206020">
    <ele>1574.0</ele>
   </trkpt>
   <trkpt lat="-28.5159010" lon="-65.6205960">
    <ele>1574.0</ele>
   </trkpt>
   <trkpt lat="-28.5159140" lon="-65.6205900">
    <ele>1575.0</ele>
   </trkpt>
   <trkpt lat="-28.5159260" lon="-65.6205840">
    <ele>1575.0</ele>
   </trkpt>
   <trkpt lat="-28.5159380" lon="-65.6205770">
    <ele>1576.0</ele>
   </trkpt>
   <trkpt lat="-28.5159480" lon="-65.6205690">
    <ele>1576.0</ele>
   </trkpt>
   <trkpt lat="-28.5159580" lon="-65.6205600">
    <ele>1576.0</ele>
   </trkpt>
   <trkpt lat="-28.5159660" lon="-65.6205520">
    <ele>1576.0</ele>
   </trkpt>
   <trkpt lat="-28.5159740" lon="-65.6205430">
    <ele>1576.0</ele>
   </trkpt>
   <trkpt lat="-28.5159810" lon="-65.6205330">
    <ele>1577.0</ele>
   </trkpt>
   <trkpt lat="-28.5159890" lon="-65.6205240">
    <ele>1577.0</ele>
   </trkpt>
   <trkpt lat="-28.5159960" lon="-65.6205180">
    <ele>1577.0</ele>
   </trkpt>
   <trkpt lat="-28.5160020" lon="-65.6205120">
    <ele>1577.0</ele>
   </trkpt>
   <trkpt lat="-28.5160100" lon="-65.6205090">
    <ele>1577.0</ele>
   </trkpt>
   <trkpt lat="-28.5160180" lon="-65.6205070">
    <ele>1578.0</ele>
   </trkpt>
   <trkpt lat="-28.5160280" lon="-65.6205050">
    <ele>1578.0</ele>
   </trkpt>
   <trkpt lat="-28.5160390" lon="-65.6205030">
    <ele>1578.0</ele>
   </trkpt>
   <trkpt lat="-28.5160510" lon="-65.6205010">
    <ele>1578.0</ele>
   </trkpt>
   <trkpt lat="-28.5160620" lon="-65.6204980">
    <ele>1578.0</ele>
   </trkpt>
   <trkpt lat="-28.5160740" lon="-65.6204950">
    <ele>1579.0</ele>
   </trkpt>
   <trkpt lat="-28.5160860" lon="-65.6204920">
    <ele>1579.0</ele>
   </trkpt>
   <trkpt lat="-28.5160980" lon="-65.6204870">
    <ele>1579.0</ele>
   </trkpt>
   <trkpt lat="-28.5161090" lon="-65.6204830">
    <ele>1579.0</ele>
   </trkpt>
   <trkpt lat="-28.5161180" lon="-65.6204770">
    <ele>1579.0</ele>
   </trkpt>
   <trkpt lat="-28.5161280" lon="-65.6204720">
    <ele>1580.0</ele>
   </trkpt>
   <trkpt lat="-28.5161390" lon="-65.6204650">
    <ele>1580.0</ele>
   </trkpt>
   <trkpt lat="-28.5161510" lon="-65.6204590">
    <ele>1580.0</ele>
   </trkpt>
   <trkpt lat="-28.5161650" lon="-65.6204500">
    <ele>1580.0</ele>
   </trkpt>
   <trkpt lat="-28.5161780" lon="-65.6204420">
    <ele>1580.0</ele>
   </trkpt>
   <trkpt lat="-28.5161880" lon="-65.6204270">
    <ele>1581.0</ele>
   </trkpt>
   <trkpt lat="-28.5161990" lon="-65.6204130">
    <ele>1581.0</ele>
   </trkpt>
   <trkpt lat="-28.5162020" lon="-65.6203920">
    <ele>1581.0</ele>
   </trkpt>
   <trkpt lat="-28.5162060" lon="-65.6203710">
    <ele>1581.0</ele>
   </trkpt>
   <trkpt lat="-28.5162060" lon="-65.6203500">
    <ele>1581.0</ele>
   </trkpt>
   <trkpt lat="-28.5162070" lon="-65.6203280">
    <ele>1582.0</ele>
   </trkpt>
   <trkpt lat="-28.5162140" lon="-65.6203110">
    <ele>1582.0</ele>
   </trkpt>
   <trkpt lat="-28.5162220" lon="-65.6202930">
    <ele>1582.0</ele>
   </trkpt>
   <trkpt lat="-28.5162400" lon="-65.6202840">
    <ele>1582.0</ele>
   </trkpt>
   <trkpt lat="-28.5162590" lon="-65.6202750">
    <ele>1582.0</ele>
   </trkpt>
   <trkpt lat="-28.5162840" lon="-65.6202730">
    <ele>1583.0</ele>
   </trkpt>
   <trkpt lat="-28.5163080" lon="-65.6202710">
    <ele>1583.0</ele>
   </trkpt>
   <trkpt lat="-28.5163320" lon="-65.6202780">
    <ele>1583.0</ele>
   </trkpt>
   <trkpt lat="-28.5163550" lon="-65.6202850">
    <ele>1583.0</ele>
   </trkpt>
   <trkpt lat="-28.5163730" lon="-65.6203010">
    <ele>1583.0</ele>
   </trkpt>
   <trkpt lat="-28.5163910" lon="-65.6203180">
    <ele>1584.0</ele>
   </trkpt>
   <trkpt lat="-28.5164050" lon="-65.6203370">
    <ele>1584.0</ele>
   </trkpt>
   <trkpt lat="-28.5164190" lon="-65.6203560">
    <ele>1584.0</ele>
   </trkpt>
   <trkpt lat="-28.5164320" lon="-65.6203720">
    <ele>1584.0</ele>
   </trkpt>
   <trkpt lat="-28.5164440" lon="-65.6203880">
    <ele>1584.0</ele>
   </trkpt>
   <trkpt lat="-28.5164600" lon="-65.6203970">
    <ele>1585.0</ele>
   </trkpt>
   <trkpt lat="-28.5164760" lon="-65.6204060">
    <ele>1585.0</ele>
   </trkpt>
   <trkpt lat="-28.5164950" lon="-65.6204100">
    <ele>1585.0</ele>
   </trkpt>
   <trkpt lat="-28.5165150" lon="-65.6204140">
    <ele>1585.0</ele>
   </trkpt>
   <trkpt lat="-28.5165310" lon="-65.6204160">
    <ele>1585.0</ele>
   </trkpt>
   <trkpt lat="-28.5165480" lon="-65.6204180">
    <ele>1586.0</ele>
   </trkpt>
   <trkpt lat="-28.5165610" lon="-65.6204230">
    <ele>1586.0</ele>
   </trkpt>
   <trkpt lat="-28.5165740" lon="-65.6204270">
    <ele>1586.0</ele>
   </trkpt>
   <trkpt lat="-28.5165850" lon="-65.6204350">
    <ele>1587.0</ele>
   </trkpt>
   <trkpt lat="-28.5165960" lon="-65.6204430">
    <ele>1587.0</ele>
   </trkpt>
   <trkpt lat="-28.5166100" lon="-65.6204480">
    <ele>1588.0</ele>
   </trkpt>
   <trkpt lat="-28.5166230" lon="-65.6204530">
    <ele>1588.0</ele>
   </trkpt>
   <trkpt lat="-28.5166400" lon="-65.6204500">
    <ele>1588.0</ele>
   </trkpt>
   <trkpt lat="-28.5166560" lon="-65.6204470">
    <ele>1588.0</ele>
   </trkpt>
   <trkpt lat="-28.5166710" lon="-65.6204330">
    <ele>1588.0</ele>
   </trkpt>
   <trkpt lat="-28.5166850" lon="-65.6204200">
    <ele>1589.0</ele>
   </trkpt>
   <trkpt lat="-28.5166950" lon="-65.6204010">
    <ele>1589.0</ele>
   </trkpt>
   <trkpt lat="-28.5167050" lon="-65.6203820">
    <ele>1589.0</ele>
   </trkpt>
   <trkpt lat="-28.5167100" lon="-65.6203650">
    <ele>1589.0</ele>
   </trkpt>
   <trkpt lat="-28.5167150" lon="-65.6203470">
    <ele>1589.0</ele>
   </trkpt>
   <trkpt lat="-28.5167150" lon="-65.6203320">
    <ele>1590.0</ele>
   </trkpt>
   <trkpt lat="-28.5167160" lon="-65.6203170">
    <ele>1590.0</ele>
   </trkpt>
   <trkpt lat="-28.5167130" lon="-65.6203040">
    <ele>1590.0</ele>
   </trkpt>
   <trkpt lat="-28.5167100" lon="-65.6202910">
    <ele>1591.0</ele>
   </trkpt>
   <trkpt lat="-28.5167070" lon="-65.6202770">
    <ele>1591.0</ele>
   </trkpt>
   <trkpt lat="-28.5167040" lon="-65.6202630">
    <ele>1592.0</ele>
   </trkpt>
   <trkpt lat="-28.5167040" lon="-65.6202480">
    <ele>1592.0</ele>
   </trkpt>
   <trkpt lat="-28.5167050" lon="-65.6202340">
    <ele>1592.0</ele>
   </trkpt>
   <trkpt lat="-28.5167090" lon="-65.6202200">
    <ele>1592.0</ele>
   </trkpt>
   <trkpt lat="-28.5167130" lon="-65.6202050">
    <ele>1592.0</ele>
   </trkpt>
   <trkpt lat="-28.5167210" lon="-65.6201940">
    <ele>1593.0</ele>
   </trkpt>
   <trkpt lat="-28.5167280" lon="-65.6201820">
    <ele>1593.0</ele>
   </trkpt>
   <trkpt lat="-28.5167380" lon="-65.6201730">
    <ele>1593.0</ele>
   </trkpt>
   <trkpt lat="-28.5167470" lon="-65.6201640">
    <ele>1593.0</ele>
   </trkpt>
   <trkpt lat="-28.5167570" lon="-65.6201560">
    <ele>1593.0</ele>
   </trkpt>
   <trkpt lat="-28.5167660" lon="-65.6201480">
    <ele>1594.0</ele>
   </trkpt>
   <trkpt lat="-28.5167760" lon="-65.6201410">
    <ele>1594.0</ele>
   </trkpt>
   <trkpt lat="-28.5167860" lon="-65.6201340">
    <ele>1594.0</ele>
   </trkpt>
   <trkpt lat="-28.5167940" lon="-65.6201270">
    <ele>1594.0</ele>
   </trkpt>
   <trkpt lat="-28.5168020" lon="-65.6201200">
    <ele>1594.0</ele>
   </trkpt>
   <trkpt lat="-28.5168070" lon="-65.6201110">
    <ele>1595.0</ele>
   </trkpt>
   <trkpt lat="-28.5168120" lon="-65.6201010">
    <ele>1595.0</ele>
   </trkpt>
   <trkpt lat="-28.5168200" lon="-65.6200940">
    <ele>1595.0</ele>
   </trkpt>
   <trkpt lat="-28.5168270" lon="-65.6200860">
    <ele>1596.0</ele>
   </trkpt>
   <trkpt lat="-28.5168340" lon="-65.6200830">
    <ele>1596.0</ele>
   </trkpt>
   <trkpt lat="-28.5168420" lon="-65.6200790">
    <ele>1597.0</ele>
   </trkpt>
   <trkpt lat="-28.5168510" lon="-65.6200820">
    <ele>1597.0</ele>
   </trkpt>
   <trkpt lat="-28.5168600" lon="-65.6200840">
    <ele>1597.0</ele>
   </trkpt>
   <trkpt lat="-28.5168710" lon="-65.6200890">
    <ele>1598.0</ele>
   </trkpt>
   <trkpt lat="-28.5168820" lon="-65.6200930">
    <ele>1598.0</ele>
   </trkpt>
   <trkpt lat="-28.5168940" lon="-65.6200980">
    <ele>1599.0</ele>
   </trkpt>
   <trkpt lat="-28.5169060" lon="-65.6201020">
    <ele>1599.0</ele>
   </trkpt>
   <trkpt lat="-28.5169180" lon="-65.6201070">
    <ele>1599.0</ele>
   </trkpt>
   <trkpt lat="-28.5169310" lon="-65.6201120">
    <ele>1600.0</ele>
   </trkpt>
   <trkpt lat="-28.5169430" lon="-65.6201160">
    <ele>1600.0</ele>
   </trkpt>
   <trkpt lat="-28.5169550" lon="-65.6201200">
    <ele>1601.0</ele>
   </trkpt>
   <trkpt lat="-28.5169690" lon="-65.6201240">
    <ele>1601.0</ele>
   </trkpt>
   <trkpt lat="-28.5169830" lon="-65.6201280">
    <ele>1601.0</ele>
   </trkpt>
   <trkpt lat="-28.5169990" lon="-65.6201350">
    <ele>1601.0</ele>
   </trkpt>
   <trkpt lat="-28.5170150" lon="-65.6201410">
    <ele>1601.0</ele>
   </trkpt>
   <trkpt lat="-28.5170310" lon="-65.6201530">
    <ele>1602.0</ele>
   </trkpt>
   <trkpt lat="-28.5170470" lon="-65.6201660">
    <ele>1602.0</ele>
   </trkpt>
   <trkpt lat="-28.5170640" lon="-65.6201810">
    <ele>1602.0</ele>
   </trkpt>
   <trkpt lat="-28.5170800" lon="-65.6201970">
    <ele>1602.0</ele>
   </trkpt>
   <trkpt lat="-28.5170970" lon="-65.6202120">
    <ele>1602.0</ele>
   </trkpt>
   <trkpt lat="-28.5171130" lon="-65.6202270">
    <ele>1603.0</ele>
   </trkpt>
   <trkpt lat="-28.5171310" lon="-65.6202370">
    <ele>1603.0</ele>
   </trkpt>
   <trkpt lat="-28.5171490" lon="-65.6202460">
    <ele>1603.0</ele>
   </trkpt>
   <trkpt lat="-28.5171670" lon="-65.6202470">
    <ele>1604.0</ele>
   </trkpt>
   <trkpt lat="-28.5171860" lon="-65.6202470">
    <ele>1604.0</ele>
   </trkpt>
   <trkpt lat="-28.5171990" lon="-65.6202350">
    <ele>1605.0</ele>
   </trkpt>
   <trkpt lat="-28.5172120" lon="-65.6202240">
    <ele>1605.0</ele>
   </trkpt>
   <trkpt lat="-28.5172140" lon="-65.6202040">
    <ele>1605.0</ele>
   </trkpt>
   <trkpt lat="-28.5172170" lon="-65.6201840">
    <ele>1606.0</ele>
   </trkpt>
   <trkpt lat="-28.5172170" lon="-65.6201590">
    <ele>1606.0</ele>
   </trkpt>
   <trkpt lat="-28.5172170" lon="-65.6201350">
    <ele>1607.0</ele>
   </trkpt>
   <trkpt lat="-28.5172230" lon="-65.6201140">
    <ele>1607.0</ele>
   </trkpt>
   <trkpt lat="-28.5172300" lon="-65.6200920">
    <ele>1607.0</ele>
   </trkpt>
   <trkpt lat="-28.5172380" lon="-65.6200760">
    <ele>1607.0</ele>
   </trkpt>
   <trkpt lat="-28.5172470" lon="-65.6200590">
    <ele>1607.0</ele>
   </trkpt>
   <trkpt lat="-28.5172550" lon="-65.6200460">
    <ele>1608.0</ele>
   </trkpt>
   <trkpt lat="-28.5172620" lon="-65.6200320">
    <ele>1608.0</ele>
   </trkpt>
   <trkpt lat="-28.5172660" lon="-65.6200180">
    <ele>1608.0</ele>
   </trkpt>
   <trkpt lat="-28.5172700" lon="-65.6200050">
    <ele>1608.0</ele>
   </trkpt>
   <trkpt lat="-28.5172720" lon="-65.6199910">
    <ele>1608.0</ele>
   </trkpt>
   <trkpt lat="-28.5172740" lon="-65.6199770">
    <ele>1609.0</ele>
   </trkpt>
   <trkpt lat="-28.5172770" lon="-65.6199630">
    <ele>1609.0</ele>
   </trkpt>
   <trkpt lat="-28.5172790" lon="-65.6199500">
    <ele>1609.0</ele>
   </trkpt>
   <trkpt lat="-28.5172860" lon="-65.6199380">
    <ele>1610.0</ele>
   </trkpt>
   <trkpt lat="-28.5172920" lon="-65.6199250">
    <ele>1610.0</ele>
   </trkpt>
   <trkpt lat="-28.5173010" lon="-65.6199150">
    <ele>1611.0</ele>
   </trkpt>
   <trkpt lat="-28.5173100" lon="-65.6199040">
    <ele>1611.0</ele>
   </trkpt>
   <trkpt lat="-28.5173200" lon="-65.6198980">
    <ele>1611.0</ele>
   </trkpt>
   <trkpt lat="-28.5173310" lon="-65.6198920">
    <ele>1611.0</ele>
   </trkpt>
   <trkpt lat="-28.5173410" lon="-65.6198900">
    <ele>1611.0</ele>
   </trkpt>
   <trkpt lat="-28.5173520" lon="-65.6198880">
    <ele>1612.0</ele>
   </trkpt>
   <trkpt lat="-28.5173650" lon="-65.6198860">
    <ele>1612.0</ele>
   </trkpt>
   <trkpt lat="-28.5173770" lon="-65.6198840">
    <ele>1612.0</ele>
   </trkpt>
   <trkpt lat="-28.5173920" lon="-65.6198780">
    <ele>1613.0</ele>
   </trkpt>
   <trkpt lat="-28.5174070" lon="-65.6198720">
    <ele>1613.0</ele>
   </trkpt>
   <trkpt lat="-28.5174240" lon="-65.6198630">
    <ele>1614.0</ele>
   </trkpt>
   <trkpt lat="-28.5174410" lon="-65.6198530">
    <ele>1614.0</ele>
   </trkpt>
   <trkpt lat="-28.5174590" lon="-65.6198440">
    <ele>1614.0</ele>
   </trkpt>
   <trkpt lat="-28.5174760" lon="-65.6198350">
    <ele>1615.0</ele>
   </trkpt>
   <trkpt lat="-28.5174890" lon="-65.6198250">
    <ele>1615.0</ele>
   </trkpt>
   <trkpt lat="-28.5175030" lon="-65.6198150">
    <ele>1616.0</ele>
   </trkpt>
   <trkpt lat="-28.5175100" lon="-65.6198050">
    <ele>1616.0</ele>
   </trkpt>
   <trkpt lat="-28.5175170" lon="-65.6197940">
    <ele>1616.0</ele>
   </trkpt>
   <trkpt lat="-28.5175180" lon="-65.6197840">
    <ele>1616.0</ele>
   </trkpt>
   <trkpt lat="-28.5175190" lon="-65.6197730">
    <ele>1616.0</ele>
   </trkpt>
   <trkpt lat="-28.5175140" lon="-65.6197630">
    <ele>1617.0</ele>
   </trkpt>
   <trkpt lat="-28.5175100" lon="-65.6197530">
    <ele>1617.0</ele>
   </trkpt>
   <trkpt lat="-28.5175050" lon="-65.6197400">
    <ele>1617.0</ele>
   </trkpt>
   <trkpt lat="-28.5175000" lon="-65.6197280">
    <ele>1617.0</ele>
   </trkpt>
   <trkpt lat="-28.5175000" lon="-65.6197160">
    <ele>1617.0</ele>
   </trkpt>
   <trkpt lat="-28.5175000" lon="-65.6197040">
    <ele>1618.0</ele>
   </trkpt>
   <trkpt lat="-28.5175070" lon="-65.6196960">
    <ele>1618.0</ele>
   </trkpt>
   <trkpt lat="-28.5175130" lon="-65.6196890">
    <ele>1618.0</ele>
   </trkpt>
   <trkpt lat="-28.5175230" lon="-65.6196830">
    <ele>1618.0</ele>
   </trkpt>
   <trkpt lat="-28.5175330" lon="-65.6196780">
    <ele>1618.0</ele>
   </trkpt>
   <trkpt lat="-28.5175410" lon="-65.6196720">
    <ele>1619.0</ele>
   </trkpt>
   <trkpt lat="-28.5175500" lon="-65.6196650">
    <ele>1619.0</ele>
   </trkpt>
   <trkpt lat="-28.5175550" lon="-65.6196570">
    <ele>1619.0</ele>
   </trkpt>
   <trkpt lat="-28.5175610" lon="-65.6196490">
    <ele>1620.0</ele>
   </trkpt>
   <trkpt lat="-28.5175640" lon="-65.6196390">
    <ele>1620.0</ele>
   </trkpt>
   <trkpt lat="-28.5175680" lon="-65.6196290">
    <ele>1621.0</ele>
   </trkpt>
   <trkpt lat="-28.5175700" lon="-65.6196160">
    <ele>1621.0</ele>
   </trkpt>
   <trkpt lat="-28.5175720" lon="-65.6196040">
    <ele>1621.0</ele>
   </trkpt>
   <trkpt lat="-28.5175770" lon="-65.6195930">
    <ele>1622.0</ele>
   </trkpt>
   <trkpt lat="-28.5175810" lon="-65.6195810">
    <ele>1622.0</ele>
   </trkpt>
   <trkpt lat="-28.5175880" lon="-65.6195700">
    <ele>1623.0</ele>
   </trkpt>
   <trkpt lat="-28.5175960" lon="-65.6195590">
    <ele>1623.0</ele>
   </trkpt>
   <trkpt lat="-28.5176020" lon="-65.6195470">
    <ele>1623.0</ele>
   </trkpt>
   <trkpt lat="-28.5176080" lon="-65.6195350">
    <ele>1624.0</ele>
   </trkpt>
   <trkpt lat="-28.5176120" lon="-65.6195210">
    <ele>1624.0</ele>
   </trkpt>
   <trkpt lat="-28.5176160" lon="-65.6195080">
    <ele>1625.0</ele>
   </trkpt>
   <trkpt lat="-28.5176190" lon="-65.6194940">
    <ele>1625.0</ele>
   </trkpt>
   <trkpt lat="-28.5176220" lon="-65.6194800">
    <ele>1625.0</ele>
   </trkpt>
   <trkpt lat="-28.5176310" lon="-65.6194660">
    <ele>1625.0</ele>
   </trkpt>
   <trkpt lat="-28.5176390" lon="-65.6194520">
    <ele>1625.0</ele>
   </trkpt>
   <trkpt lat="-28.5176500" lon="-65.6194390">
    <ele>1626.0</ele>
   </trkpt>
   <trkpt lat="-28.5176600" lon="-65.6194260">
    <ele>1626.0</ele>
   </trkpt>
   <trkpt lat="-28.5176730" lon="-65.6194150">
    <ele>1626.0</ele>
   </trkpt>
   <trkpt lat="-28.5176860" lon="-65.6194030">
    <ele>1627.0</ele>
   </trkpt>
   <trkpt lat="-28.5177030" lon="-65.6193920">
    <ele>1627.0</ele>
   </trkpt>
   <trkpt lat="-28.5177210" lon="-65.6193810">
    <ele>1628.0</ele>
   </trkpt>
   <trkpt lat="-28.5177410" lon="-65.6193720">
    <ele>1628.0</ele>
   </trkpt>
   <trkpt lat="-28.5177610" lon="-65.6193630">
    <ele>1628.0</ele>
   </trkpt>
   <trkpt lat="-28.5177820" lon="-65.6193570">
    <ele>1628.0</ele>
   </trkpt>
   <trkpt lat="-28.5178020" lon="-65.6193510">
    <ele>1628.0</ele>
   </trkpt>
   <trkpt lat="-28.5178230" lon="-65.6193460">
    <ele>1628.0</ele>
   </trkpt>
   <trkpt lat="-28.5178440" lon="-65.6193400">
    <ele>1628.0</ele>
   </trkpt>
   <trkpt lat="-28.5178640" lon="-65.6193350">
    <ele>1628.0</ele>
   </trkpt>
   <trkpt lat="-28.5178840" lon="-65.6193300">
    <ele>1629.0</ele>
   </trkpt>
   <trkpt lat="-28.5179000" lon="-65.6193270">
    <ele>1629.0</ele>
   </trkpt>
   <trkpt lat="-28.5179150" lon="-65.6193240">
    <ele>1630.0</ele>
   </trkpt>
   <trkpt lat="-28.5179260" lon="-65.6193190">
    <ele>1630.0</ele>
   </trkpt>
   <trkpt lat="-28.5179360" lon="-65.6193150">
    <ele>1630.0</ele>
   </trkpt>
   <trkpt lat="-28.5179410" lon="-65.6193060">
    <ele>1630.0</ele>
   </trkpt>
   <trkpt lat="-28.5179460" lon="-65.6192980">
    <ele>1630.0</ele>
   </trkpt>
   <trkpt lat="-28.5179460" lon="-65.6192850">
    <ele>1631.0</ele>
   </trkpt>
   <trkpt lat="-28.5179470" lon="-65.6192730">
    <ele>1631.0</ele>
   </trkpt>
   <trkpt lat="-28.5179480" lon="-65.6192580">
    <ele>1631.0</ele>
   </trkpt>
   <trkpt lat="-28.5179480" lon="-65.6192430">
    <ele>1631.0</ele>
   </trkpt>
   <trkpt lat="-28.5179520" lon="-65.6192280">
    <ele>1631.0</ele>
   </trkpt>
   <trkpt lat="-28.5179550" lon="-65.6192130">
    <ele>1632.0</ele>
   </trkpt>
   <trkpt lat="-28.5179610" lon="-65.6191980">
    <ele>1632.0</ele>
   </trkpt>
   <trkpt lat="-28.5179670" lon="-65.6191820">
    <ele>1632.0</ele>
   </trkpt>
   <trkpt lat="-28.5179740" lon="-65.6191680">
    <ele>1632.0</ele>
   </trkpt>
   <trkpt lat="-28.5179810" lon="-65.6191540">
    <ele>1632.0</ele>
   </trkpt>
   <trkpt lat="-28.5179950" lon="-65.6191430">
    <ele>1633.0</ele>
   </trkpt>
   <trkpt lat="-28.5180090" lon="-65.6191330">
    <ele>1633.0</ele>
   </trkpt>
   <trkpt lat="-28.5180250" lon="-65.6191220">
    <ele>1633.0</ele>
   </trkpt>
   <trkpt lat="-28.5180420" lon="-65.6191110">
    <ele>1633.0</ele>
   </trkpt>
   <trkpt lat="-28.5180580" lon="-65.6191000">
    <ele>1633.0</ele>
   </trkpt>
   <trkpt lat="-28.5180750" lon="-65.6190880">
    <ele>1634.0</ele>
   </trkpt>
   <trkpt lat="-28.5180860" lon="-65.6190750">
    <ele>1634.0</ele>
   </trkpt>
   <trkpt lat="-28.5180970" lon="-65.6190620">
    <ele>1634.0</ele>
   </trkpt>
   <trkpt lat="-28.5180980" lon="-65.6190470">
    <ele>1635.0</ele>
   </trkpt>
   <trkpt lat="-28.5180990" lon="-65.6190330">
    <ele>1635.0</ele>
   </trkpt>
   <trkpt lat="-28.5180920" lon="-65.6190200">
    <ele>1636.0</ele>
   </trkpt>
   <trkpt lat="-28.5180850" lon="-65.6190070">
    <ele>1636.0</ele>
   </trkpt>
   <trkpt lat="-28.5180740" lon="-65.6189960">
    <ele>1636.0</ele>
   </trkpt>
   <trkpt lat="-28.5180620" lon="-65.6189850">
    <ele>1636.0</ele>
   </trkpt>
   <trkpt lat="-28.5180480" lon="-65.6189760">
    <ele>1636.0</ele>
   </trkpt>
   <trkpt lat="-28.5180340" lon="-65.6189660">
    <ele>1637.0</ele>
   </trkpt>
   <trkpt lat="-28.5180170" lon="-65.6189570">
    <ele>1637.0</ele>
   </trkpt>
   <trkpt lat="-28.5180000" lon="-65.6189480">
    <ele>1637.0</ele>
   </trkpt>
   <trkpt lat="-28.5179820" lon="-65.6189340">
    <ele>1638.0</ele>
   </trkpt>
   <trkpt lat="-28.5179640" lon="-65.6189210">
    <ele>1638.0</ele>
   </trkpt>
   <trkpt lat="-28.5179460" lon="-65.6189040">
    <ele>1639.0</ele>
   </trkpt>
   <trkpt lat="-28.5179270" lon="-65.6188870">
    <ele>1639.0</ele>
   </trkpt>
   <trkpt lat="-28.5179100" lon="-65.6188680">
    <ele>1639.0</ele>
   </trkpt>
   <trkpt lat="-28.5178930" lon="-65.6188490">
    <ele>1639.0</ele>
   </trkpt>
   <trkpt lat="-28.5178770" lon="-65.6188270">
    <ele>1639.0</ele>
   </trkpt>
   <trkpt lat="-28.5178610" lon="-65.6188050">
    <ele>1640.0</ele>
   </trkpt>
   <trkpt lat="-28.5178450" lon="-65.6187840">
    <ele>1640.0</ele>
   </trkpt>
   <trkpt lat="-28.5178290" lon="-65.6187630">
    <ele>1640.0</ele>
   </trkpt>
   <trkpt lat="-28.5178160" lon="-65.6187440">
    <ele>1640.0</ele>
   </trkpt>
   <trkpt lat="-28.5178020" lon="-65.6187250">
    <ele>1640.0</ele>
   </trkpt>
   <trkpt lat="-28.5177960" lon="-65.6187040">
    <ele>1640.0</ele>
   </trkpt>
   <trkpt lat="-28.5177890" lon="-65.6186840">
    <ele>1640.0</ele>
   </trkpt>
   <trkpt lat="-28.5177840" lon="-65.6186630">
    <ele>1640.0</ele>
   </trkpt>
   <trkpt lat="-28.5177800" lon="-65.6186420">
    <ele>1640.0</ele>
   </trkpt>
   <trkpt lat="-28.5177710" lon="-65.6186230">
    <ele>1640.0</ele>
   </trkpt>
   <trkpt lat="-28.5177610" lon="-65.6186030">
    <ele>1641.0</ele>
   </trkpt>
   <trkpt lat="-28.5177470" lon="-65.6185890">
    <ele>1641.0</ele>
   </trkpt>
   <trkpt lat="-28.5177330" lon="-65.6185740">
    <ele>1641.0</ele>
   </trkpt>
   <trkpt lat="-28.5177150" lon="-65.6185620">
    <ele>1641.0</ele>
   </trkpt>
   <trkpt lat="-28.5176970" lon="-65.6185500">
    <ele>1641.0</ele>
   </trkpt>
   <trkpt lat="-28.5176810" lon="-65.6185350">
    <ele>1642.0</ele>
   </trkpt>
   <trkpt lat="-28.5176640" lon="-65.6185200">
    <ele>1642.0</ele>
   </trkpt>
   <trkpt lat="-28.5176540" lon="-65.6185050">
    <ele>1642.0</ele>
   </trkpt>
   <trkpt lat="-28.5176440" lon="-65.6184900">
    <ele>1642.0</ele>
   </trkpt>
   <trkpt lat="-28.5176380" lon="-65.6184770">
    <ele>1642.0</ele>
   </trkpt>
   <trkpt lat="-28.5176320" lon="-65.6184640">
    <ele>1642.0</ele>
   </trkpt>
   <trkpt lat="-28.5176250" lon="-65.6184540">
    <ele>1642.0</ele>
   </trkpt>
   <trkpt lat="-28.5176190" lon="-65.6184430">
    <ele>1642.0</ele>
   </trkpt>
   <trkpt lat="-28.5176100" lon="-65.6184330">
    <ele>1642.0</ele>
   </trkpt>
   <trkpt lat="-28.5176010" lon="-65.6184230">
    <ele>1642.0</ele>
   </trkpt>
   <trkpt lat="-28.5175920" lon="-65.6184080">
    <ele>1643.0</ele>
   </trkpt>
   <trkpt lat="-28.5175830" lon="-65.6183930">
    <ele>1643.0</ele>
   </trkpt>
   <trkpt lat="-28.5175750" lon="-65.6183730">
    <ele>1643.0</ele>
   </trkpt>
   <trkpt lat="-28.5175660" lon="-65.6183530">
    <ele>1643.0</ele>
   </trkpt>
   <trkpt lat="-28.5175560" lon="-65.6183330">
    <ele>1643.0</ele>
   </trkpt>
   <trkpt lat="-28.5175450" lon="-65.6183130">
    <ele>1644.0</ele>
   </trkpt>
   <trkpt lat="-28.5175330" lon="-65.6182950">
    <ele>1644.0</ele>
   </trkpt>
   <trkpt lat="-28.5175200" lon="-65.6182760">
    <ele>1644.0</ele>
   </trkpt>
   <trkpt lat="-28.5175050" lon="-65.6182590">
    <ele>1644.0</ele>
   </trkpt>
   <trkpt lat="-28.5174890" lon="-65.6182430">
    <ele>1644.0</ele>
   </trkpt>
   <trkpt lat="-28.5174720" lon="-65.6182280">
    <ele>1644.0</ele>
   </trkpt>
   <trkpt lat="-28.5174550" lon="-65.6182140">
    <ele>1644.0</ele>
   </trkpt>
   <trkpt lat="-28.5174450" lon="-65.6181960">
    <ele>1644.0</ele>
   </trkpt>
   <trkpt lat="-28.5174340" lon="-65.6181790">
    <ele>1645.0</ele>
   </trkpt>
   <trkpt lat="-28.5174370" lon="-65.6181610">
    <ele>1645.0</ele>
   </trkpt>
   <trkpt lat="-28.5174390" lon="-65.6181430">
    <ele>1646.0</ele>
   </trkpt>
   <trkpt lat="-28.5174530" lon="-65.6181290">
    <ele>1646.0</ele>
   </trkpt>
   <trkpt lat="-28.5174670" lon="-65.6181160">
    <ele>1646.0</ele>
   </trkpt>
   <trkpt lat="-28.5174880" lon="-65.6181110">
    <ele>1646.0</ele>
   </trkpt>
   <trkpt lat="-28.5175090" lon="-65.6181060">
    <ele>1646.0</ele>
   </trkpt>
   <trkpt lat="-28.5175320" lon="-65.6181080">
    <ele>1646.0</ele>
   </trkpt>
   <trkpt lat="-28.5175550" lon="-65.6181100">
    <ele>1646.0</ele>
   </trkpt>
   <trkpt lat="-28.5175740" lon="-65.6181100">
    <ele>1646.0</ele>
   </trkpt>
   <trkpt lat="-28.5175930" lon="-65.6181110">
    <ele>1647.0</ele>
   </trkpt>
   <trkpt lat="-28.5176080" lon="-65.6181030">
    <ele>1647.0</ele>
   </trkpt>
   <trkpt lat="-28.5176220" lon="-65.6180950">
    <ele>1648.0</ele>
   </trkpt>
   <trkpt lat="-28.5176320" lon="-65.6180800">
    <ele>1648.0</ele>
   </trkpt>
   <trkpt lat="-28.5176430" lon="-65.6180650">
    <ele>1648.0</ele>
   </trkpt>
   <trkpt lat="-28.5176500" lon="-65.6180490">
    <ele>1648.0</ele>
   </trkpt>
   <trkpt lat="-28.5176570" lon="-65.6180320">
    <ele>1648.0</ele>
   </trkpt>
   <trkpt lat="-28.5176640" lon="-65.6180190">
    <ele>1649.0</ele>
   </trkpt>
   <trkpt lat="-28.5176710" lon="-65.6180050">
    <ele>1649.0</ele>
   </trkpt>
   <trkpt lat="-28.5176780" lon="-65.6179930">
    <ele>1649.0</ele>
   </trkpt>
   <trkpt lat="-28.5176850" lon="-65.6179800">
    <ele>1649.0</ele>
   </trkpt>
   <trkpt lat="-28.5176910" lon="-65.6179680">
    <ele>1649.0</ele>
   </trkpt>
   <trkpt lat="-28.5176970" lon="-65.6179550">
    <ele>1650.0</ele>
   </trkpt>
   <trkpt lat="-28.5177020" lon="-65.6179420">
    <ele>1650.0</ele>
   </trkpt>
   <trkpt lat="-28.5177060" lon="-65.6179300">
    <ele>1650.0</ele>
   </trkpt>
   <trkpt lat="-28.5177110" lon="-65.6179160">
    <ele>1651.0</ele>
   </trkpt>
   <trkpt lat="-28.5177160" lon="-65.6179020">
    <ele>1651.0</ele>
   </trkpt>
   <trkpt lat="-28.5177270" lon="-65.6178860">
    <ele>1652.0</ele>
   </trkpt>
   <trkpt lat="-28.5177390" lon="-65.6178700">
    <ele>1652.0</ele>
   </trkpt>
   <trkpt lat="-28.5177570" lon="-65.6178520">
    <ele>1652.0</ele>
   </trkpt>
   <trkpt lat="-28.5177760" lon="-65.6178340">
    <ele>1652.0</ele>
   </trkpt>
   <trkpt lat="-28.5177970" lon="-65.6178140">
    <ele>1652.0</ele>
   </trkpt>
   <trkpt lat="-28.5178180" lon="-65.6177930">
    <ele>1652.0</ele>
   </trkpt>
   <trkpt lat="-28.5178380" lon="-65.6177740">
    <ele>1652.0</ele>
   </trkpt>
   <trkpt lat="-28.5178570" lon="-65.6177550">
    <ele>1652.0</ele>
   </trkpt>
   <trkpt lat="-28.5178700" lon="-65.6177350">
    <ele>1652.0</ele>
   </trkpt>
   <trkpt lat="-28.5178820" lon="-65.6177140">
    <ele>1652.0</ele>
   </trkpt>
   <trkpt lat="-28.5178900" lon="-65.6176920">
    <ele>1653.0</ele>
   </trkpt>
   <trkpt lat="-28.5178970" lon="-65.6176710">
    <ele>1653.0</ele>
   </trkpt>
   <trkpt lat="-28.5179030" lon="-65.6176490">
    <ele>1653.0</ele>
   </trkpt>
   <trkpt lat="-28.5179100" lon="-65.6176280">
    <ele>1653.0</ele>
   </trkpt>
   <trkpt lat="-28.5179150" lon="-65.6176110">
    <ele>1653.0</ele>
   </trkpt>
   <trkpt lat="-28.5179210" lon="-65.6175930">
    <ele>1654.0</ele>
   </trkpt>
   <trkpt lat="-28.5179270" lon="-65.6175800">
    <ele>1654.0</ele>
   </trkpt>
   <trkpt lat="-28.5179320" lon="-65.6175670">
    <ele>1654.0</ele>
   </trkpt>
   <trkpt lat="-28.5179380" lon="-65.6175560">
    <ele>1655.0</ele>
   </trkpt>
   <trkpt lat="-28.5179440" lon="-65.6175450">
    <ele>1655.0</ele>
   </trkpt>
   <trkpt lat="-28.5179490" lon="-65.6175330">
    <ele>1656.0</ele>
   </trkpt>
   <trkpt lat="-28.5179540" lon="-65.6175200">
    <ele>1656.0</ele>
   </trkpt>
   <trkpt lat="-28.5179600" lon="-65.6175060">
    <ele>1656.0</ele>
   </trkpt>
   <trkpt lat="-28.5179670" lon="-65.6174910">
    <ele>1656.0</ele>
   </trkpt>
   <trkpt lat="-28.5179760" lon="-65.6174740">
    <ele>1656.0</ele>
   </trkpt>
   <trkpt lat="-28.5179840" lon="-65.6174580">
    <ele>1657.0</ele>
   </trkpt>
   <trkpt lat="-28.5179920" lon="-65.6174370">
    <ele>1657.0</ele>
   </trkpt>
   <trkpt lat="-28.5179990" lon="-65.6174170">
    <ele>1657.0</ele>
   </trkpt>
   <trkpt lat="-28.5180050" lon="-65.6173940">
    <ele>1657.0</ele>
   </trkpt>
   <trkpt lat="-28.5180110" lon="-65.6173710">
    <ele>1657.0</ele>
   </trkpt>
   <trkpt lat="-28.5180160" lon="-65.6173490">
    <ele>1658.0</ele>
   </trkpt>
   <trkpt lat="-28.5180210" lon="-65.6173260">
    <ele>1658.0</ele>
   </trkpt>
   <trkpt lat="-28.5180230" lon="-65.6173030">
    <ele>1658.0</ele>
   </trkpt>
   <trkpt lat="-28.5180240" lon="-65.6172790">
    <ele>1658.0</ele>
   </trkpt>
   <trkpt lat="-28.5180290" lon="-65.6172560">
    <ele>1658.0</ele>
   </trkpt>
   <trkpt lat="-28.5180350" lon="-65.6172330">
    <ele>1659.0</ele>
   </trkpt>
   <trkpt lat="-28.5180470" lon="-65.6172120">
    <ele>1659.0</ele>
   </trkpt>
   <trkpt lat="-28.5180600" lon="-65.6171910">
    <ele>1659.0</ele>
   </trkpt>
   <trkpt lat="-28.5180760" lon="-65.6171720">
    <ele>1660.0</ele>
   </trkpt>
   <trkpt lat="-28.5180930" lon="-65.6171540">
    <ele>1660.0</ele>
   </trkpt>
   <trkpt lat="-28.5181100" lon="-65.6171360">
    <ele>1661.0</ele>
   </trkpt>
   <trkpt lat="-28.5181260" lon="-65.6171180">
    <ele>1661.0</ele>
   </trkpt>
   <trkpt lat="-28.5181420" lon="-65.6170990">
    <ele>1661.0</ele>
   </trkpt>
   <trkpt lat="-28.5181590" lon="-65.6170810">
    <ele>1661.0</ele>
   </trkpt>
   <trkpt lat="-28.5181750" lon="-65.6170620">
    <ele>1661.0</ele>
   </trkpt>
   <trkpt lat="-28.5181900" lon="-65.6170430">
    <ele>1662.0</ele>
   </trkpt>
   <trkpt lat="-28.5182060" lon="-65.6170250">
    <ele>1662.0</ele>
   </trkpt>
   <trkpt lat="-28.5182210" lon="-65.6170070">
    <ele>1662.0</ele>
   </trkpt>
   <trkpt lat="-28.5182380" lon="-65.6169930">
    <ele>1662.0</ele>
   </trkpt>
   <trkpt lat="-28.5182550" lon="-65.6169790">
    <ele>1662.0</ele>
   </trkpt>
   <trkpt lat="-28.5182740" lon="-65.6169730">
    <ele>1662.0</ele>
   </trkpt>
   <trkpt lat="-28.5182930" lon="-65.6169660">
    <ele>1662.0</ele>
   </trkpt>
   <trkpt lat="-28.5183130" lon="-65.6169690">
    <ele>1662.0</ele>
   </trkpt>
   <trkpt lat="-28.5183330" lon="-65.6169730">
    <ele>1663.0</ele>
   </trkpt>
   <trkpt lat="-28.5183490" lon="-65.6169870">
    <ele>1663.0</ele>
   </trkpt>
   <trkpt lat="-28.5183650" lon="-65.6170000">
    <ele>1664.0</ele>
   </trkpt>
   <trkpt lat="-28.5183820" lon="-65.6170150">
    <ele>1664.0</ele>
   </trkpt>
   <trkpt lat="-28.5183980" lon="-65.6170300">
    <ele>1664.0</ele>
   </trkpt>
   <trkpt lat="-28.5184180" lon="-65.6170420">
    <ele>1665.0</ele>
   </trkpt>
   <trkpt lat="-28.5184370" lon="-65.6170540">
    <ele>1665.0</ele>
   </trkpt>
   <trkpt lat="-28.5184580" lon="-65.6170660">
    <ele>1666.0</ele>
   </trkpt>
   <trkpt lat="-28.5184790" lon="-65.6170770">
    <ele>1666.0</ele>
   </trkpt>
   <trkpt lat="-28.5185000" lon="-65.6170880">
    <ele>1666.0</ele>
   </trkpt>
   <trkpt lat="-28.5185210" lon="-65.6170990">
    <ele>1666.0</ele>
   </trkpt>
   <trkpt lat="-28.5185420" lon="-65.6171090">
    <ele>1666.0</ele>
   </trkpt>
   <trkpt lat="-28.5185620" lon="-65.6171190">
    <ele>1667.0</ele>
   </trkpt>
   <trkpt lat="-28.5185830" lon="-65.6171320">
    <ele>1667.0</ele>
   </trkpt>
   <trkpt lat="-28.5186030" lon="-65.6171440">
    <ele>1667.0</ele>
   </trkpt>
   <trkpt lat="-28.5186230" lon="-65.6171540">
    <ele>1668.0</ele>
   </trkpt>
   <trkpt lat="-28.5186430" lon="-65.6171650">
    <ele>1668.0</ele>
   </trkpt>
   <trkpt lat="-28.5186630" lon="-65.6171710">
    <ele>1669.0</ele>
   </trkpt>
   <trkpt lat="-28.5186840" lon="-65.6171780">
    <ele>1669.0</ele>
   </trkpt>
   <trkpt lat="-28.5187020" lon="-65.6171860">
    <ele>1669.0</ele>
   </trkpt>
   <trkpt lat="-28.5187210" lon="-65.6171940">
    <ele>1670.0</ele>
   </trkpt>
   <trkpt lat="-28.5187360" lon="-65.6172040">
    <ele>1670.0</ele>
   </trkpt>
   <trkpt lat="-28.5187520" lon="-65.6172130">
    <ele>1671.0</ele>
   </trkpt>
   <trkpt lat="-28.5187650" lon="-65.6172220">
    <ele>1671.0</ele>
   </trkpt>
   <trkpt lat="-28.5187770" lon="-65.6172310">
    <ele>1671.0</ele>
   </trkpt>
   <trkpt lat="-28.5187870" lon="-65.6172390">
    <ele>1671.0</ele>
   </trkpt>
   <trkpt lat="-28.5187970" lon="-65.6172480">
    <ele>1671.0</ele>
   </trkpt>
   <trkpt lat="-28.5188070" lon="-65.6172540">
    <ele>1672.0</ele>
   </trkpt>
   <trkpt lat="-28.5188180" lon="-65.6172590">
    <ele>1672.0</ele>
   </trkpt>
   <trkpt lat="-28.5188280" lon="-65.6172600">
    <ele>1672.0</ele>
   </trkpt>
   <trkpt lat="-28.5188390" lon="-65.6172620">
    <ele>1672.0</ele>
   </trkpt>
   <trkpt lat="-28.5188490" lon="-65.6172590">
    <ele>1672.0</ele>
   </trkpt>
   <trkpt lat="-28.5188600" lon="-65.6172550">
    <ele>1673.0</ele>
   </trkpt>
   <trkpt lat="-28.5188720" lon="-65.6172500">
    <ele>1673.0</ele>
   </trkpt>
   <trkpt lat="-28.5188840" lon="-65.6172440">
    <ele>1673.0</ele>
   </trkpt>
   <trkpt lat="-28.5188970" lon="-65.6172390">
    <ele>1673.0</ele>
   </trkpt>
   <trkpt lat="-28.5189100" lon="-65.6172340">
    <ele>1673.0</ele>
   </trkpt>
   <trkpt lat="-28.5189220" lon="-65.6172290">
    <ele>1674.0</ele>
   </trkpt>
   <trkpt lat="-28.5189350" lon="-65.6172240">
    <ele>1674.0</ele>
   </trkpt>
   <trkpt lat="-28.5189470" lon="-65.6172180">
    <ele>1674.0</ele>
   </trkpt>
   <trkpt lat="-28.5189590" lon="-65.6172130">
    <ele>1674.0</ele>
   </trkpt>
   <trkpt lat="-28.5189700" lon="-65.6172050">
    <ele>1674.0</ele>
   </trkpt>
   <trkpt lat="-28.5189810" lon="-65.6171970">
    <ele>1675.0</ele>
   </trkpt>
   <trkpt lat="-28.5189920" lon="-65.6171880">
    <ele>1675.0</ele>
   </trkpt>
   <trkpt lat="-28.5190030" lon="-65.6171780">
    <ele>1675.0</ele>
   </trkpt>
   <trkpt lat="-28.5190180" lon="-65.6171680">
    <ele>1676.0</ele>
   </trkpt>
   <trkpt lat="-28.5190330" lon="-65.6171580">
    <ele>1676.0</ele>
   </trkpt>
   <trkpt lat="-28.5190500" lon="-65.6171480">
    <ele>1677.0</ele>
   </trkpt>
   <trkpt lat="-28.5190670" lon="-65.6171380">
    <ele>1677.0</ele>
   </trkpt>
   <trkpt lat="-28.5190830" lon="-65.6171250">
    <ele>1677.0</ele>
   </trkpt>
   <trkpt lat="-28.5190990" lon="-65.6171120">
    <ele>1677.0</ele>
   </trkpt>
   <trkpt lat="-28.5191140" lon="-65.6170960">
    <ele>1677.0</ele>
   </trkpt>
   <trkpt lat="-28.5191280" lon="-65.6170800">
    <ele>1678.0</ele>
   </trkpt>
   <trkpt lat="-28.5191430" lon="-65.6170630">
    <ele>1678.0</ele>
   </trkpt>
   <trkpt lat="-28.5191580" lon="-65.6170450">
    <ele>1678.0</ele>
   </trkpt>
   <trkpt lat="-28.5191750" lon="-65.6170310">
    <ele>1678.0</ele>
   </trkpt>
   <trkpt lat="-28.5191910" lon="-65.6170160">
    <ele>1678.0</ele>
   </trkpt>
   <trkpt lat="-28.5192080" lon="-65.6170050">
    <ele>1679.0</ele>
   </trkpt>
   <trkpt lat="-28.5192260" lon="-65.6169930">
    <ele>1679.0</ele>
   </trkpt>
   <trkpt lat="-28.5192450" lon="-65.6169800">
    <ele>1679.0</ele>
   </trkpt>
   <trkpt lat="-28.5192640" lon="-65.6169670">
    <ele>1679.0</ele>
   </trkpt>
   <trkpt lat="-28.5192820" lon="-65.6169530">
    <ele>1679.0</ele>
   </trkpt>
   <trkpt lat="-28.5193000" lon="-65.6169400">
    <ele>1680.0</ele>
   </trkpt>
   <trkpt lat="-28.5193200" lon="-65.6169290">
    <ele>1680.0</ele>
   </trkpt>
   <trkpt lat="-28.5193400" lon="-65.6169170">
    <ele>1680.0</ele>
   </trkpt>
   <trkpt lat="-28.5193620" lon="-65.6169130">
    <ele>1680.0</ele>
   </trkpt>
   <trkpt lat="-28.5193840" lon="-65.6169080">
    <ele>1680.0</ele>
   </trkpt>
   <trkpt lat="-28.5194080" lon="-65.6169110">
    <ele>1681.0</ele>
   </trkpt>
   <trkpt lat="-28.5194310" lon="-65.6169150">
    <ele>1681.0</ele>
   </trkpt>
   <trkpt lat="-28.5194560" lon="-65.6169190">
    <ele>1681.0</ele>
   </trkpt>
   <trkpt lat="-28.5194800" lon="-65.6169230">
    <ele>1681.0</ele>
   </trkpt>
   <trkpt lat="-28.5195070" lon="-65.6169220">
    <ele>1681.0</ele>
   </trkpt>
   <trkpt lat="-28.5195340" lon="-65.6169220">
    <ele>1682.0</ele>
   </trkpt>
   <trkpt lat="-28.5195600" lon="-65.6169160">
    <ele>1682.0</ele>
   </trkpt>
   <trkpt lat="-28.5195850" lon="-65.6169090">
    <ele>1682.0</ele>
   </trkpt>
   <trkpt lat="-28.5196060" lon="-65.6168950">
    <ele>1682.0</ele>
   </trkpt>
   <trkpt lat="-28.5196260" lon="-65.6168800">
    <ele>1682.0</ele>
   </trkpt>
   <trkpt lat="-28.5196410" lon="-65.6168610">
    <ele>1682.0</ele>
   </trkpt>
   <trkpt lat="-28.5196550" lon="-65.6168410">
    <ele>1682.0</ele>
   </trkpt>
   <trkpt lat="-28.5196650" lon="-65.6168190">
    <ele>1682.0</ele>
   </trkpt>
   <trkpt lat="-28.5196750" lon="-65.6167980">
    <ele>1682.0</ele>
   </trkpt>
   <trkpt lat="-28.5196820" lon="-65.6167780">
    <ele>1682.0</ele>
   </trkpt>
   <trkpt lat="-28.5196880" lon="-65.6167580">
    <ele>1683.0</ele>
   </trkpt>
   <trkpt lat="-28.5196920" lon="-65.6167410">
    <ele>1683.0</ele>
   </trkpt>
   <trkpt lat="-28.5196960" lon="-65.6167250">
    <ele>1683.0</ele>
   </trkpt>
   <trkpt lat="-28.5196950" lon="-65.6167110">
    <ele>1683.0</ele>
   </trkpt>
   <trkpt lat="-28.5196930" lon="-65.6166960">
    <ele>1683.0</ele>
   </trkpt>
   <trkpt lat="-28.5196880" lon="-65.6166770">
    <ele>1684.0</ele>
   </trkpt>
   <trkpt lat="-28.5196820" lon="-65.6166580">
    <ele>1684.0</ele>
   </trkpt>
   <trkpt lat="-28.5196780" lon="-65.6166370">
    <ele>1684.0</ele>
   </trkpt>
   <trkpt lat="-28.5196740" lon="-65.6166170">
    <ele>1685.0</ele>
   </trkpt>
   <trkpt lat="-28.5196730" lon="-65.6165980">
    <ele>1685.0</ele>
   </trkpt>
   <trkpt lat="-28.5196720" lon="-65.6165790">
    <ele>1686.0</ele>
   </trkpt>
   <trkpt lat="-28.5196760" lon="-65.6165590">
    <ele>1686.0</ele>
   </trkpt>
   <trkpt lat="-28.5196800" lon="-65.6165390">
    <ele>1686.0</ele>
   </trkpt>
   <trkpt lat="-28.5196910" lon="-65.6165170">
    <ele>1686.0</ele>
   </trkpt>
   <trkpt lat="-28.5197020" lon="-65.6164950">
    <ele>1686.0</ele>
   </trkpt>
   <trkpt lat="-28.5197190" lon="-65.6164720">
    <ele>1687.0</ele>
   </trkpt>
   <trkpt lat="-28.5197360" lon="-65.6164490">
    <ele>1686.0</ele>
   </trkpt>
   <trkpt lat="-28.5197570" lon="-65.6164230">
    <ele>1686.0</ele>
   </trkpt>
   <trkpt lat="-28.5197790" lon="-65.6163980">
    <ele>1685.0</ele>
   </trkpt>
   <trkpt lat="-28.5198020" lon="-65.6163710">
    <ele>1685.0</ele>
   </trkpt>
   <trkpt lat="-28.5198260" lon="-65.6163440">
    <ele>1685.0</ele>
   </trkpt>
   <trkpt lat="-28.5198450" lon="-65.6163170">
    <ele>1684.0</ele>
   </trkpt>
   <trkpt lat="-28.5198640" lon="-65.6162900">
    <ele>1684.0</ele>
   </trkpt>
   <trkpt lat="-28.5198780" lon="-65.6162610">
    <ele>1684.0</ele>
   </trkpt>
   <trkpt lat="-28.5198930" lon="-65.6162320">
    <ele>1684.0</ele>
   </trkpt>
   <trkpt lat="-28.5199090" lon="-65.6162040">
    <ele>1684.0</ele>
   </trkpt>
   <trkpt lat="-28.5199250" lon="-65.6161760">
    <ele>1683.0</ele>
   </trkpt>
   <trkpt lat="-28.5199430" lon="-65.6161480">
    <ele>1683.0</ele>
   </trkpt>
   <trkpt lat="-28.5199610" lon="-65.6161200">
    <ele>1683.0</ele>
   </trkpt>
   <trkpt lat="-28.5199810" lon="-65.6160950">
    <ele>1683.0</ele>
   </trkpt>
   <trkpt lat="-28.5200010" lon="-65.6160700">
    <ele>1683.0</ele>
   </trkpt>
   <trkpt lat="-28.5200220" lon="-65.6160460">
    <ele>1683.0</ele>
   </trkpt>
   <trkpt lat="-28.5200440" lon="-65.6160210">
    <ele>1683.0</ele>
   </trkpt>
   <trkpt lat="-28.5200640" lon="-65.6159950">
    <ele>1683.0</ele>
   </trkpt>
   <trkpt lat="-28.5200830" lon="-65.6159690">
    <ele>1683.0</ele>
   </trkpt>
   <trkpt lat="-28.5200970" lon="-65.6159410">
    <ele>1683.0</ele>
   </trkpt>
   <trkpt lat="-28.5201110" lon="-65.6159130">
    <ele>1683.0</ele>
   </trkpt>
   <trkpt lat="-28.5201190" lon="-65.6158800">
    <ele>1683.0</ele>
   </trkpt>
   <trkpt lat="-28.5201270" lon="-65.6158460">
    <ele>1683.0</ele>
   </trkpt>
   <trkpt lat="-28.5201350" lon="-65.6158110">
    <ele>1683.0</ele>
   </trkpt>
   <trkpt lat="-28.5201430" lon="-65.6157770">
    <ele>1683.0</ele>
   </trkpt>
   <trkpt lat="-28.5201550" lon="-65.6157470">
    <ele>1683.0</ele>
   </trkpt>
   <trkpt lat="-28.5201670" lon="-65.6157180">
    <ele>1683.0</ele>
   </trkpt>
   <trkpt lat="-28.5201820" lon="-65.6156940">
    <ele>1683.0</ele>
   </trkpt>
   <trkpt lat="-28.5201970" lon="-65.6156710">
    <ele>1683.0</ele>
   </trkpt>
   <trkpt lat="-28.5202100" lon="-65.6156460">
    <ele>1683.0</ele>
   </trkpt>
   <trkpt lat="-28.5202230" lon="-65.6156200">
    <ele>1683.0</ele>
   </trkpt>
   <trkpt lat="-28.5202340" lon="-65.6155950">
    <ele>1683.0</ele>
   </trkpt>
   <trkpt lat="-28.5202450" lon="-65.6155700">
    <ele>1683.0</ele>
   </trkpt>
   <trkpt lat="-28.5202510" lon="-65.6155500">
    <ele>1683.0</ele>
   </trkpt>
   <trkpt lat="-28.5202560" lon="-65.6155300">
    <ele>1683.0</ele>
   </trkpt>
   <trkpt lat="-28.5202570" lon="-65.6155160">
    <ele>1683.0</ele>
   </trkpt>
   <trkpt lat="-28.5202570" lon="-65.6155030">
    <ele>1683.0</ele>
   </trkpt>
   <trkpt lat="-28.5202580" lon="-65.6154930">
    <ele>1683.0</ele>
   </trkpt>
   <trkpt lat="-28.5202590" lon="-65.6154840">
    <ele>1683.0</ele>
   </trkpt>
   <trkpt lat="-28.5202620" lon="-65.6154740">
    <ele>1683.0</ele>
   </trkpt>
   <trkpt lat="-28.5202640" lon="-65.6154640">
    <ele>1683.0</ele>
   </trkpt>
   <trkpt lat="-28.5202670" lon="-65.6154470">
    <ele>1683.0</ele>
   </trkpt>
   <trkpt lat="-28.5202700" lon="-65.6154310">
    <ele>1683.0</ele>
   </trkpt>
   <trkpt lat="-28.5202750" lon="-65.6154080">
    <ele>1683.0</ele>
   </trkpt>
   <trkpt lat="-28.5202810" lon="-65.6153860">
    <ele>1684.0</ele>
   </trkpt>
   <trkpt lat="-28.5202860" lon="-65.6153590">
    <ele>1684.0</ele>
   </trkpt>
   <trkpt lat="-28.5202910" lon="-65.6153330">
    <ele>1684.0</ele>
   </trkpt>
   <trkpt lat="-28.5202900" lon="-65.6153040">
    <ele>1685.0</ele>
   </trkpt>
   <trkpt lat="-28.5202890" lon="-65.6152760">
    <ele>1685.0</ele>
   </trkpt>
   <trkpt lat="-28.5202860" lon="-65.6152470">
    <ele>1686.0</ele>
   </trkpt>
   <trkpt lat="-28.5202830" lon="-65.6152180">
    <ele>1686.0</ele>
   </trkpt>
   <trkpt lat="-28.5202780" lon="-65.6151900">
    <ele>1686.0</ele>
   </trkpt>
   <trkpt lat="-28.5202740" lon="-65.6151620">
    <ele>1686.0</ele>
   </trkpt>
   <trkpt lat="-28.5202670" lon="-65.6151360">
    <ele>1686.0</ele>
   </trkpt>
   <trkpt lat="-28.5202590" lon="-65.6151100">
    <ele>1687.0</ele>
   </trkpt>
   <trkpt lat="-28.5202480" lon="-65.6150850">
    <ele>1687.0</ele>
   </trkpt>
   <trkpt lat="-28.5202380" lon="-65.6150600">
    <ele>1687.0</ele>
   </trkpt>
   <trkpt lat="-28.5202230" lon="-65.6150380">
    <ele>1687.0</ele>
   </trkpt>
   <trkpt lat="-28.5202080" lon="-65.6150160">
    <ele>1687.0</ele>
   </trkpt>
   <trkpt lat="-28.5201930" lon="-65.6150010">
    <ele>1688.0</ele>
   </trkpt>
   <trkpt lat="-28.5201790" lon="-65.6149850">
    <ele>1688.0</ele>
   </trkpt>
   <trkpt lat="-28.5201690" lon="-65.6149720">
    <ele>1688.0</ele>
   </trkpt>
   <trkpt lat="-28.5201590" lon="-65.6149600">
    <ele>1688.0</ele>
   </trkpt>
   <trkpt lat="-28.5201530" lon="-65.6149450">
    <ele>1688.0</ele>
   </trkpt>
   <trkpt lat="-28.5201470" lon="-65.6149310">
    <ele>1689.0</ele>
   </trkpt>
   <trkpt lat="-28.5201440" lon="-65.6149110">
    <ele>1689.0</ele>
   </trkpt>
   <trkpt lat="-28.5201420" lon="-65.6148910">
    <ele>1689.0</ele>
   </trkpt>
   <trkpt lat="-28.5201420" lon="-65.6148680">
    <ele>1689.0</ele>
   </trkpt>
   <trkpt lat="-28.5201430" lon="-65.6148450">
    <ele>1689.0</ele>
   </trkpt>
   <trkpt lat="-28.5201460" lon="-65.6148260">
    <ele>1690.0</ele>
   </trkpt>
   <trkpt lat="-28.5201490" lon="-65.6148080">
    <ele>1690.0</ele>
   </trkpt>
   <trkpt lat="-28.5201510" lon="-65.6147930">
    <ele>1690.0</ele>
   </trkpt>
   <trkpt lat="-28.5201530" lon="-65.6147780">
    <ele>1690.0</ele>
   </trkpt>
   <trkpt lat="-28.5201520" lon="-65.6147670">
    <ele>1690.0</ele>
   </trkpt>
   <trkpt lat="-28.5201520" lon="-65.6147550">
    <ele>1691.0</ele>
   </trkpt>
   <trkpt lat="-28.5201450" lon="-65.6147490">
    <ele>1691.0</ele>
   </trkpt>
   <trkpt lat="-28.5201390" lon="-65.6147430">
    <ele>1691.0</ele>
   </trkpt>
   <trkpt lat="-28.5201300" lon="-65.6147440">
    <ele>1691.0</ele>
   </trkpt>
   <trkpt lat="-28.5201200" lon="-65.6147450">
    <ele>1691.0</ele>
   </trkpt>
   <trkpt lat="-28.5201090" lon="-65.6147490">
    <ele>1692.0</ele>
   </trkpt>
   <trkpt lat="-28.5200980" lon="-65.6147530">
    <ele>1692.0</ele>
   </trkpt>
   <trkpt lat="-28.5200860" lon="-65.6147570">
    <ele>1692.0</ele>
   </trkpt>
   <trkpt lat="-28.5200740" lon="-65.6147610">
    <ele>1692.0</ele>
   </trkpt>
   <trkpt lat="-28.5200600" lon="-65.6147640">
    <ele>1692.0</ele>
   </trkpt>
   <trkpt lat="-28.5200470" lon="-65.6147670">
    <ele>1692.0</ele>
   </trkpt>
   <trkpt lat="-28.5200310" lon="-65.6147660">
    <ele>1692.0</ele>
   </trkpt>
   <trkpt lat="-28.5200150" lon="-65.6147650">
    <ele>1692.0</ele>
   </trkpt>
   <trkpt lat="-28.5199960" lon="-65.6147610">
    <ele>1693.0</ele>
   </trkpt>
   <trkpt lat="-28.5199780" lon="-65.6147570">
    <ele>1693.0</ele>
   </trkpt>
   <trkpt lat="-28.5199630" lon="-65.6147510">
    <ele>1694.0</ele>
   </trkpt>
   <trkpt lat="-28.5199480" lon="-65.6147460">
    <ele>1694.0</ele>
   </trkpt>
   <trkpt lat="-28.5199370" lon="-65.6147400">
    <ele>1694.0</ele>
   </trkpt>
   <trkpt lat="-28.5199260" lon="-65.6147340">
    <ele>1694.0</ele>
   </trkpt>
   <trkpt lat="-28.5199160" lon="-65.6147320">
    <ele>1694.0</ele>
   </trkpt>
   <trkpt lat="-28.5199070" lon="-65.6147290">
    <ele>1695.0</ele>
   </trkpt>
   <trkpt lat="-28.5198970" lon="-65.6147290">
    <ele>1695.0</ele>
   </trkpt>
   <trkpt lat="-28.5198860" lon="-65.6147280">
    <ele>1695.0</ele>
   </trkpt>
   <trkpt lat="-28.5198750" lon="-65.6147270">
    <ele>1696.0</ele>
   </trkpt>
   <trkpt lat="-28.5198640" lon="-65.6147260">
    <ele>1696.0</ele>
   </trkpt>
   <trkpt lat="-28.5198520" lon="-65.6147210">
    <ele>1697.0</ele>
   </trkpt>
   <trkpt lat="-28.5198400" lon="-65.6147170">
    <ele>1697.0</ele>
   </trkpt>
   <trkpt lat="-28.5198290" lon="-65.6147100">
    <ele>1697.0</ele>
   </trkpt>
   <trkpt lat="-28.5198170" lon="-65.6147030">
    <ele>1697.0</ele>
   </trkpt>
   <trkpt lat="-28.5198060" lon="-65.6146960">
    <ele>1697.0</ele>
   </trkpt>
   <trkpt lat="-28.5197950" lon="-65.6146890">
    <ele>1697.0</ele>
   </trkpt>
   <trkpt lat="-28.5197850" lon="-65.6146810">
    <ele>1697.0</ele>
   </trkpt>
   <trkpt lat="-28.5197750" lon="-65.6146730">
    <ele>1697.0</ele>
   </trkpt>
   <trkpt lat="-28.5197670" lon="-65.6146620">
    <ele>1698.0</ele>
   </trkpt>
   <trkpt lat="-28.5197600" lon="-65.6146520">
    <ele>1698.0</ele>
   </trkpt>
   <trkpt lat="-28.5197550" lon="-65.6146410">
    <ele>1699.0</ele>
   </trkpt>
   <trkpt lat="-28.5197510" lon="-65.6146300">
    <ele>1699.0</ele>
   </trkpt>
   <trkpt lat="-28.5197500" lon="-65.6146170">
    <ele>1699.0</ele>
   </trkpt>
   <trkpt lat="-28.5197490" lon="-65.6146050">
    <ele>1700.0</ele>
   </trkpt>
   <trkpt lat="-28.5197460" lon="-65.6145920">
    <ele>1700.0</ele>
   </trkpt>
   <trkpt lat="-28.5197430" lon="-65.6145800">
    <ele>1701.0</ele>
   </trkpt>
   <trkpt lat="-28.5197300" lon="-65.6145730">
    <ele>1701.0</ele>
   </trkpt>
   <trkpt lat="-28.5197180" lon="-65.6145660">
    <ele>1701.0</ele>
   </trkpt>
   <trkpt lat="-28.5197010" lon="-65.6145680">
    <ele>1702.0</ele>
   </trkpt>
   <trkpt lat="-28.5196850" lon="-65.6145690">
    <ele>1702.0</ele>
   </trkpt>
   <trkpt lat="-28.5196690" lon="-65.6145750">
    <ele>1703.0</ele>
   </trkpt>
   <trkpt lat="-28.5196530" lon="-65.6145800">
    <ele>1703.0</ele>
   </trkpt>
   <trkpt lat="-28.5196390" lon="-65.6145810">
    <ele>1704.0</ele>
   </trkpt>
   <trkpt lat="-28.5196250" lon="-65.6145820">
    <ele>1705.0</ele>
   </trkpt>
   <trkpt lat="-28.5196110" lon="-65.6145730">
    <ele>1706.0</ele>
   </trkpt>
   <trkpt lat="-28.5195960" lon="-65.6145640">
    <ele>1707.0</ele>
   </trkpt>
   <trkpt lat="-28.5195820" lon="-65.6145470">
    <ele>1707.0</ele>
   </trkpt>
   <trkpt lat="-28.5195670" lon="-65.6145310">
    <ele>1707.0</ele>
   </trkpt>
   <trkpt lat="-28.5195530" lon="-65.6145080">
    <ele>1707.0</ele>
   </trkpt>
   <trkpt lat="-28.5195400" lon="-65.6144860">
    <ele>1707.0</ele>
   </trkpt>
   <trkpt lat="-28.5195260" lon="-65.6144620">
    <ele>1708.0</ele>
   </trkpt>
   <trkpt lat="-28.5195130" lon="-65.6144380">
    <ele>1708.0</ele>
   </trkpt>
   <trkpt lat="-28.5194990" lon="-65.6144130">
    <ele>1708.0</ele>
   </trkpt>
   <trkpt lat="-28.5194840" lon="-65.6143880">
    <ele>1708.0</ele>
   </trkpt>
   <trkpt lat="-28.5194650" lon="-65.6143640">
    <ele>1708.0</ele>
   </trkpt>
   <trkpt lat="-28.5194460" lon="-65.6143400">
    <ele>1708.0</ele>
   </trkpt>
   <trkpt lat="-28.5194260" lon="-65.6143160">
    <ele>1708.0</ele>
   </trkpt>
   <trkpt lat="-28.5194050" lon="-65.6142920">
    <ele>1708.0</ele>
   </trkpt>
   <trkpt lat="-28.5193850" lon="-65.6142660">
    <ele>1708.0</ele>
   </trkpt>
   <trkpt lat="-28.5193650" lon="-65.6142400">
    <ele>1708.0</ele>
   </trkpt>
   <trkpt lat="-28.5193510" lon="-65.6142110">
    <ele>1708.0</ele>
   </trkpt>
   <trkpt lat="-28.5193360" lon="-65.6141820">
    <ele>1707.0</ele>
   </trkpt>
   <trkpt lat="-28.5193250" lon="-65.6141540">
    <ele>1707.0</ele>
   </trkpt>
   <trkpt lat="-28.5193140" lon="-65.6141260">
    <ele>1707.0</ele>
   </trkpt>
   <trkpt lat="-28.5193060" lon="-65.6140990">
    <ele>1707.0</ele>
   </trkpt>
   <trkpt lat="-28.5192990" lon="-65.6140730">
    <ele>1707.0</ele>
   </trkpt>
   <trkpt lat="-28.5192930" lon="-65.6140470">
    <ele>1707.0</ele>
   </trkpt>
   <trkpt lat="-28.5192880" lon="-65.6140210">
    <ele>1707.0</ele>
   </trkpt>
   <trkpt lat="-28.5192840" lon="-65.6139990">
    <ele>1707.0</ele>
   </trkpt>
   <trkpt lat="-28.5192800" lon="-65.6139780">
    <ele>1707.0</ele>
   </trkpt>
   <trkpt lat="-28.5192730" lon="-65.6139630">
    <ele>1707.0</ele>
   </trkpt>
   <trkpt lat="-28.5192670" lon="-65.6139490">
    <ele>1707.0</ele>
   </trkpt>
   <trkpt lat="-28.5192610" lon="-65.6139360">
    <ele>1707.0</ele>
   </trkpt>
   <trkpt lat="-28.5192540" lon="-65.6139230">
    <ele>1707.0</ele>
   </trkpt>
   <trkpt lat="-28.5192490" lon="-65.6139080">
    <ele>1707.0</ele>
   </trkpt>
   <trkpt lat="-28.5192430" lon="-65.6138940">
    <ele>1708.0</ele>
   </trkpt>
   <trkpt lat="-28.5192380" lon="-65.6138790">
    <ele>1708.0</ele>
   </trkpt>
   <trkpt lat="-28.5192340" lon="-65.6138650">
    <ele>1708.0</ele>
   </trkpt>
   <trkpt lat="-28.5192300" lon="-65.6138510">
    <ele>1708.0</ele>
   </trkpt>
   <trkpt lat="-28.5192260" lon="-65.6138370">
    <ele>1708.0</ele>
   </trkpt>
   <trkpt lat="-28.5192210" lon="-65.6138240">
    <ele>1709.0</ele>
   </trkpt>
   <trkpt lat="-28.5192170" lon="-65.6138110">
    <ele>1709.0</ele>
   </trkpt>
   <trkpt lat="-28.5192120" lon="-65.6137990">
    <ele>1709.0</ele>
   </trkpt>
   <trkpt lat="-28.5192070" lon="-65.6137860">
    <ele>1709.0</ele>
   </trkpt>
   <trkpt lat="-28.5192010" lon="-65.6137740">
    <ele>1709.0</ele>
   </trkpt>
   <trkpt lat="-28.5191940" lon="-65.6137620">
    <ele>1710.0</ele>
   </trkpt>
   <trkpt lat="-28.5191870" lon="-65.6137500">
    <ele>1710.0</ele>
   </trkpt>
   <trkpt lat="-28.5191800" lon="-65.6137380">
    <ele>1710.0</ele>
   </trkpt>
   <trkpt lat="-28.5191710" lon="-65.6137290">
    <ele>1710.0</ele>
   </trkpt>
   <trkpt lat="-28.5191630" lon="-65.6137190">
    <ele>1710.0</ele>
   </trkpt>
   <trkpt lat="-28.5191540" lon="-65.6137120">
    <ele>1711.0</ele>
   </trkpt>
   <trkpt lat="-28.5191440" lon="-65.6137040">
    <ele>1711.0</ele>
   </trkpt>
   <trkpt lat="-28.5191330" lon="-65.6136940">
    <ele>1711.0</ele>
   </trkpt>
   <trkpt lat="-28.5191220" lon="-65.6136840">
    <ele>1712.0</ele>
   </trkpt>
   <trkpt lat="-28.5191100" lon="-65.6136690">
    <ele>1712.0</ele>
   </trkpt>
   <trkpt lat="-28.5190970" lon="-65.6136540">
    <ele>1713.0</ele>
   </trkpt>
   <trkpt lat="-28.5190870" lon="-65.6136390">
    <ele>1713.0</ele>
   </trkpt>
   <trkpt lat="-28.5190770" lon="-65.6136240">
    <ele>1713.0</ele>
   </trkpt>
   <trkpt lat="-28.5190700" lon="-65.6136100">
    <ele>1713.0</ele>
   </trkpt>
   <trkpt lat="-28.5190630" lon="-65.6135970">
    <ele>1713.0</ele>
   </trkpt>
   <trkpt lat="-28.5190600" lon="-65.6135830">
    <ele>1714.0</ele>
   </trkpt>
   <trkpt lat="-28.5190570" lon="-65.6135690">
    <ele>1714.0</ele>
   </trkpt>
   <trkpt lat="-28.5190550" lon="-65.6135570">
    <ele>1714.0</ele>
   </trkpt>
   <trkpt lat="-28.5190520" lon="-65.6135450">
    <ele>1715.0</ele>
   </trkpt>
   <trkpt lat="-28.5190470" lon="-65.6135350">
    <ele>1715.0</ele>
   </trkpt>
   <trkpt lat="-28.5190420" lon="-65.6135250">
    <ele>1716.0</ele>
   </trkpt>
   <trkpt lat="-28.5190320" lon="-65.6135170">
    <ele>1716.0</ele>
   </trkpt>
   <trkpt lat="-28.5190220" lon="-65.6135080">
    <ele>1717.0</ele>
   </trkpt>
   <trkpt lat="-28.5190100" lon="-65.6135000">
    <ele>1717.0</ele>
   </trkpt>
   <trkpt lat="-28.5189990" lon="-65.6134920">
    <ele>1718.0</ele>
   </trkpt>
   <trkpt lat="-28.5189890" lon="-65.6134810">
    <ele>1719.0</ele>
   </trkpt>
   <trkpt lat="-28.5189790" lon="-65.6134700">
    <ele>1719.0</ele>
   </trkpt>
   <trkpt lat="-28.5189700" lon="-65.6134540">
    <ele>1719.0</ele>
   </trkpt>
   <trkpt lat="-28.5189610" lon="-65.6134380">
    <ele>1719.0</ele>
   </trkpt>
   <trkpt lat="-28.5189540" lon="-65.6134160">
    <ele>1719.0</ele>
   </trkpt>
   <trkpt lat="-28.5189480" lon="-65.6133940">
    <ele>1720.0</ele>
   </trkpt>
   <trkpt lat="-28.5189480" lon="-65.6133700">
    <ele>1720.0</ele>
   </trkpt>
   <trkpt lat="-28.5189480" lon="-65.6133450">
    <ele>1720.0</ele>
   </trkpt>
   <trkpt lat="-28.5189500" lon="-65.6133200">
    <ele>1720.0</ele>
   </trkpt>
   <trkpt lat="-28.5189530" lon="-65.6132940">
    <ele>1720.0</ele>
   </trkpt>
   <trkpt lat="-28.5189580" lon="-65.6132690">
    <ele>1721.0</ele>
   </trkpt>
   <trkpt lat="-28.5189640" lon="-65.6132430">
    <ele>1721.0</ele>
   </trkpt>
   <trkpt lat="-28.5189690" lon="-65.6132160">
    <ele>1721.0</ele>
   </trkpt>
   <trkpt lat="-28.5189730" lon="-65.6131890">
    <ele>1721.0</ele>
   </trkpt>
   <trkpt lat="-28.5189780" lon="-65.6131610">
    <ele>1721.0</ele>
   </trkpt>
   <trkpt lat="-28.5189840" lon="-65.6131340">
    <ele>1722.0</ele>
   </trkpt>
   <trkpt lat="-28.5189870" lon="-65.6131070">
    <ele>1722.0</ele>
   </trkpt>
   <trkpt lat="-28.5189900" lon="-65.6130800">
    <ele>1722.0</ele>
   </trkpt>
   <trkpt lat="-28.5189930" lon="-65.6130520">
    <ele>1722.0</ele>
   </trkpt>
   <trkpt lat="-28.5189970" lon="-65.6130240">
    <ele>1722.0</ele>
   </trkpt>
   <trkpt lat="-28.5190010" lon="-65.6129940">
    <ele>1723.0</ele>
   </trkpt>
   <trkpt lat="-28.5190060" lon="-65.6129650">
    <ele>1723.0</ele>
   </trkpt>
   <trkpt lat="-28.5190060" lon="-65.6129320">
    <ele>1723.0</ele>
   </trkpt>
   <trkpt lat="-28.5190060" lon="-65.6129000">
    <ele>1723.0</ele>
   </trkpt>
   <trkpt lat="-28.5190020" lon="-65.6128670">
    <ele>1723.0</ele>
   </trkpt>
   <trkpt lat="-28.5189970" lon="-65.6128340">
    <ele>1723.0</ele>
   </trkpt>
   <trkpt lat="-28.5189920" lon="-65.6128030">
    <ele>1722.0</ele>
   </trkpt>
   <trkpt lat="-28.5189870" lon="-65.6127730">
    <ele>1722.0</ele>
   </trkpt>
   <trkpt lat="-28.5189840" lon="-65.6127450">
    <ele>1722.0</ele>
   </trkpt>
   <trkpt lat="-28.5189800" lon="-65.6127170">
    <ele>1722.0</ele>
   </trkpt>
   <trkpt lat="-28.5189770" lon="-65.6126900">
    <ele>1722.0</ele>
   </trkpt>
   <trkpt lat="-28.5189740" lon="-65.6126630">
    <ele>1722.0</ele>
   </trkpt>
   <trkpt lat="-28.5189690" lon="-65.6126360">
    <ele>1722.0</ele>
   </trkpt>
   <trkpt lat="-28.5189640" lon="-65.6126080">
    <ele>1722.0</ele>
   </trkpt>
   <trkpt lat="-28.5189570" lon="-65.6125790">
    <ele>1722.0</ele>
   </trkpt>
   <trkpt lat="-28.5189510" lon="-65.6125510">
    <ele>1723.0</ele>
   </trkpt>
   <trkpt lat="-28.5189440" lon="-65.6125200">
    <ele>1723.0</ele>
   </trkpt>
   <trkpt lat="-28.5189380" lon="-65.6124900">
    <ele>1723.0</ele>
   </trkpt>
   <trkpt lat="-28.5189340" lon="-65.6124610">
    <ele>1723.0</ele>
   </trkpt>
   <trkpt lat="-28.5189300" lon="-65.6124310">
    <ele>1723.0</ele>
   </trkpt>
   <trkpt lat="-28.5189280" lon="-65.6124030">
    <ele>1724.0</ele>
   </trkpt>
   <trkpt lat="-28.5189260" lon="-65.6123760">
    <ele>1724.0</ele>
   </trkpt>
   <trkpt lat="-28.5189260" lon="-65.6123510">
    <ele>1724.0</ele>
   </trkpt>
   <trkpt lat="-28.5189260" lon="-65.6123260">
    <ele>1725.0</ele>
   </trkpt>
   <trkpt lat="-28.5189270" lon="-65.6123020">
    <ele>1725.0</ele>
   </trkpt>
   <trkpt lat="-28.5189270" lon="-65.6122780">
    <ele>1726.0</ele>
   </trkpt>
   <trkpt lat="-28.5189290" lon="-65.6122530">
    <ele>1726.0</ele>
   </trkpt>
   <trkpt lat="-28.5189300" lon="-65.6122280">
    <ele>1726.0</ele>
   </trkpt>
   <trkpt lat="-28.5189340" lon="-65.6122040">
    <ele>1726.0</ele>
   </trkpt>
   <trkpt lat="-28.5189370" lon="-65.6121810">
    <ele>1726.0</ele>
   </trkpt>
   <trkpt lat="-28.5189450" lon="-65.6121570">
    <ele>1727.0</ele>
   </trkpt>
   <trkpt lat="-28.5189540" lon="-65.6121340">
    <ele>1727.0</ele>
   </trkpt>
   <trkpt lat="-28.5189660" lon="-65.6121110">
    <ele>1727.0</ele>
   </trkpt>
   <trkpt lat="-28.5189790" lon="-65.6120890">
    <ele>1727.0</ele>
   </trkpt>
   <trkpt lat="-28.5189950" lon="-65.6120670">
    <ele>1727.0</ele>
   </trkpt>
   <trkpt lat="-28.5190100" lon="-65.6120460">
    <ele>1728.0</ele>
   </trkpt>
   <trkpt lat="-28.5190270" lon="-65.6120270">
    <ele>1728.0</ele>
   </trkpt>
   <trkpt lat="-28.5190430" lon="-65.6120090">
    <ele>1728.0</ele>
   </trkpt>
   <trkpt lat="-28.5190590" lon="-65.6119920">
    <ele>1729.0</ele>
   </trkpt>
   <trkpt lat="-28.5190740" lon="-65.6119750">
    <ele>1729.0</ele>
   </trkpt>
   <trkpt lat="-28.5190890" lon="-65.6119610">
    <ele>1730.0</ele>
   </trkpt>
   <trkpt lat="-28.5191040" lon="-65.6119470">
    <ele>1730.0</ele>
   </trkpt>
   <trkpt lat="-28.5191150" lon="-65.6119360">
    <ele>1730.0</ele>
   </trkpt>
   <trkpt lat="-28.5191260" lon="-65.6119260">
    <ele>1731.0</ele>
   </trkpt>
   <trkpt lat="-28.5191350" lon="-65.6119250">
    <ele>1731.0</ele>
   </trkpt>
   <trkpt lat="-28.5191430" lon="-65.6119230">
    <ele>1732.0</ele>
   </trkpt>
   <trkpt lat="-28.5191530" lon="-65.6119310">
    <ele>1732.0</ele>
   </trkpt>
   <trkpt lat="-28.5191620" lon="-65.6119380">
    <ele>1732.0</ele>
   </trkpt>
   <trkpt lat="-28.5191760" lon="-65.6119480">
    <ele>1732.0</ele>
   </trkpt>
   <trkpt lat="-28.5191890" lon="-65.6119590">
    <ele>1732.0</ele>
   </trkpt>
   <trkpt lat="-28.5192100" lon="-65.6119630">
    <ele>1733.0</ele>
   </trkpt>
   <trkpt lat="-28.5192310" lon="-65.6119670">
    <ele>1733.0</ele>
   </trkpt>
   <trkpt lat="-28.5192590" lon="-65.6119670">
    <ele>1733.0</ele>
   </trkpt>
   <trkpt lat="-28.5192870" lon="-65.6119670">
    <ele>1733.0</ele>
   </trkpt>
   <trkpt lat="-28.5193180" lon="-65.6119610">
    <ele>1733.0</ele>
   </trkpt>
   <trkpt lat="-28.5193490" lon="-65.6119550">
    <ele>1733.0</ele>
   </trkpt>
   <trkpt lat="-28.5193800" lon="-65.6119480">
    <ele>1732.0</ele>
   </trkpt>
   <trkpt lat="-28.5194110" lon="-65.6119410">
    <ele>1732.0</ele>
   </trkpt>
   <trkpt lat="-28.5194430" lon="-65.6119370">
    <ele>1731.0</ele>
   </trkpt>
   <trkpt lat="-28.5194750" lon="-65.6119320">
    <ele>1731.0</ele>
   </trkpt>
   <trkpt lat="-28.5195080" lon="-65.6119270">
    <ele>1731.0</ele>
   </trkpt>
   <trkpt lat="-28.5195420" lon="-65.6119230">
    <ele>1730.0</ele>
   </trkpt>
   <trkpt lat="-28.5195740" lon="-65.6119120">
    <ele>1730.0</ele>
   </trkpt>
   <trkpt lat="-28.5196060" lon="-65.6119020">
    <ele>1729.0</ele>
   </trkpt>
   <trkpt lat="-28.5196340" lon="-65.6118850">
    <ele>1729.0</ele>
   </trkpt>
   <trkpt lat="-28.5196620" lon="-65.6118670">
    <ele>1729.0</ele>
   </trkpt>
   <trkpt lat="-28.5196860" lon="-65.6118470">
    <ele>1729.0</ele>
   </trkpt>
   <trkpt lat="-28.5197100" lon="-65.6118270">
    <ele>1729.0</ele>
   </trkpt>
   <trkpt lat="-28.5197320" lon="-65.6118110">
    <ele>1729.0</ele>
   </trkpt>
   <trkpt lat="-28.5197540" lon="-65.6117950">
    <ele>1729.0</ele>
   </trkpt>
   <trkpt lat="-28.5197680" lon="-65.6117770">
    <ele>1729.0</ele>
   </trkpt>
   <trkpt lat="-28.5197820" lon="-65.6117590">
    <ele>1729.0</ele>
   </trkpt>
   <trkpt lat="-28.5197810" lon="-65.6117340">
    <ele>1729.0</ele>
   </trkpt>
   <trkpt lat="-28.5197810" lon="-65.6117080">
    <ele>1729.0</ele>
   </trkpt>
   <trkpt lat="-28.5197740" lon="-65.6116770">
    <ele>1729.0</ele>
   </trkpt>
   <trkpt lat="-28.5197670" lon="-65.6116460">
    <ele>1730.0</ele>
   </trkpt>
   <trkpt lat="-28.5197620" lon="-65.6116130">
    <ele>1730.0</ele>
   </trkpt>
   <trkpt lat="-28.5197580" lon="-65.6115800">
    <ele>1730.0</ele>
   </trkpt>
   <trkpt lat="-28.5197590" lon="-65.6115460">
    <ele>1730.0</ele>
   </trkpt>
   <trkpt lat="-28.5197610" lon="-65.6115110">
    <ele>1730.0</ele>
   </trkpt>
   <trkpt lat="-28.5197620" lon="-65.6114750">
    <ele>1730.0</ele>
   </trkpt>
   <trkpt lat="-28.5197630" lon="-65.6114390">
    <ele>1730.0</ele>
   </trkpt>
   <trkpt lat="-28.5197620" lon="-65.6114050">
    <ele>1730.0</ele>
   </trkpt>
   <trkpt lat="-28.5197600" lon="-65.6113700">
    <ele>1730.0</ele>
   </trkpt>
   <trkpt lat="-28.5197580" lon="-65.6113400">
    <ele>1730.0</ele>
   </trkpt>
   <trkpt lat="-28.5197550" lon="-65.6113090">
    <ele>1731.0</ele>
   </trkpt>
   <trkpt lat="-28.5197520" lon="-65.6112830">
    <ele>1731.0</ele>
   </trkpt>
   <trkpt lat="-28.5197480" lon="-65.6112570">
    <ele>1731.0</ele>
   </trkpt>
   <trkpt lat="-28.5197450" lon="-65.6112340">
    <ele>1731.0</ele>
   </trkpt>
   <trkpt lat="-28.5197420" lon="-65.6112120">
    <ele>1731.0</ele>
   </trkpt>
   <trkpt lat="-28.5197410" lon="-65.6111920">
    <ele>1732.0</ele>
   </trkpt>
   <trkpt lat="-28.5197410" lon="-65.6111710">
    <ele>1732.0</ele>
   </trkpt>
   <trkpt lat="-28.5197440" lon="-65.6111500">
    <ele>1732.0</ele>
   </trkpt>
   <trkpt lat="-28.5197480" lon="-65.6111300">
    <ele>1733.0</ele>
   </trkpt>
   <trkpt lat="-28.5197590" lon="-65.6111130">
    <ele>1733.0</ele>
   </trkpt>
   <trkpt lat="-28.5197710" lon="-65.6110950">
    <ele>1734.0</ele>
   </trkpt>
   <trkpt lat="-28.5197870" lon="-65.6110820">
    <ele>1734.0</ele>
   </trkpt>
   <trkpt lat="-28.5198040" lon="-65.6110680">
    <ele>1734.0</ele>
   </trkpt>
   <trkpt lat="-28.5198230" lon="-65.6110530">
    <ele>1735.0</ele>
   </trkpt>
   <trkpt lat="-28.5198410" lon="-65.6110380">
    <ele>1735.0</ele>
   </trkpt>
   <trkpt lat="-28.5198600" lon="-65.6110220">
    <ele>1736.0</ele>
   </trkpt>
   <trkpt lat="-28.5198790" lon="-65.6110060">
    <ele>1736.0</ele>
   </trkpt>
   <trkpt lat="-28.5198980" lon="-65.6109900">
    <ele>1736.0</ele>
   </trkpt>
   <trkpt lat="-28.5199170" lon="-65.6109730">
    <ele>1736.0</ele>
   </trkpt>
   <trkpt lat="-28.5199340" lon="-65.6109570">
    <ele>1736.0</ele>
   </trkpt>
   <trkpt lat="-28.5199510" lon="-65.6109410">
    <ele>1737.0</ele>
   </trkpt>
   <trkpt lat="-28.5199630" lon="-65.6109240">
    <ele>1737.0</ele>
   </trkpt>
   <trkpt lat="-28.5199750" lon="-65.6109070">
    <ele>1738.0</ele>
   </trkpt>
   <trkpt lat="-28.5199820" lon="-65.6108880">
    <ele>1738.0</ele>
   </trkpt>
   <trkpt lat="-28.5199880" lon="-65.6108690">
    <ele>1739.0</ele>
   </trkpt>
   <trkpt lat="-28.5199910" lon="-65.6108480">
    <ele>1740.0</ele>
   </trkpt>
   <trkpt lat="-28.5199950" lon="-65.6108260">
    <ele>1740.0</ele>
   </trkpt>
   <trkpt lat="-28.5199970" lon="-65.6108060">
    <ele>1740.0</ele>
   </trkpt>
   <trkpt lat="-28.5200000" lon="-65.6107860">
    <ele>1741.0</ele>
   </trkpt>
   <trkpt lat="-28.5200010" lon="-65.6107680">
    <ele>1741.0</ele>
   </trkpt>
   <trkpt lat="-28.5200010" lon="-65.6107500">
    <ele>1742.0</ele>
   </trkpt>
   <trkpt lat="-28.5200020" lon="-65.6107340">
    <ele>1742.0</ele>
   </trkpt>
   <trkpt lat="-28.5200020" lon="-65.6107170">
    <ele>1742.0</ele>
   </trkpt>
   <trkpt lat="-28.5200040" lon="-65.6107010">
    <ele>1742.0</ele>
   </trkpt>
   <trkpt lat="-28.5200060" lon="-65.6106860">
    <ele>1742.0</ele>
   </trkpt>
   <trkpt lat="-28.5200110" lon="-65.6106720">
    <ele>1743.0</ele>
   </trkpt>
   <trkpt lat="-28.5200150" lon="-65.6106570">
    <ele>1743.0</ele>
   </trkpt>
   <trkpt lat="-28.5200210" lon="-65.6106440">
    <ele>1743.0</ele>
   </trkpt>
   <trkpt lat="-28.5200260" lon="-65.6106300">
    <ele>1744.0</ele>
   </trkpt>
   <trkpt lat="-28.5200310" lon="-65.6106170">
    <ele>1744.0</ele>
   </trkpt>
   <trkpt lat="-28.5200370" lon="-65.6106040">
    <ele>1745.0</ele>
   </trkpt>
   <trkpt lat="-28.5200420" lon="-65.6105930">
    <ele>1745.0</ele>
   </trkpt>
   <trkpt lat="-28.5200470" lon="-65.6105820">
    <ele>1745.0</ele>
   </trkpt>
   <trkpt lat="-28.5200520" lon="-65.6105710">
    <ele>1746.0</ele>
   </trkpt>
   <trkpt lat="-28.5200570" lon="-65.6105600">
    <ele>1746.0</ele>
   </trkpt>
   <trkpt lat="-28.5200630" lon="-65.6105500">
    <ele>1747.0</ele>
   </trkpt>
   <trkpt lat="-28.5200680" lon="-65.6105400">
    <ele>1747.0</ele>
   </trkpt>
   <trkpt lat="-28.5200750" lon="-65.6105320">
    <ele>1747.0</ele>
   </trkpt>
   <trkpt lat="-28.5200820" lon="-65.6105230">
    <ele>1748.0</ele>
   </trkpt>
   <trkpt lat="-28.5200890" lon="-65.6105150">
    <ele>1748.0</ele>
   </trkpt>
   <trkpt lat="-28.5200970" lon="-65.6105080">
    <ele>1749.0</ele>
   </trkpt>
   <trkpt lat="-28.5201040" lon="-65.6105000">
    <ele>1749.0</ele>
   </trkpt>
   <trkpt lat="-28.5201120" lon="-65.6104930">
    <ele>1749.0</ele>
   </trkpt>
   <trkpt lat="-28.5201200" lon="-65.6104860">
    <ele>1750.0</ele>
   </trkpt>
   <trkpt lat="-28.5201290" lon="-65.6104790">
    <ele>1750.0</ele>
   </trkpt>
   <trkpt lat="-28.5201370" lon="-65.6104740">
    <ele>1751.0</ele>
   </trkpt>
   <trkpt lat="-28.5201460" lon="-65.6104680">
    <ele>1751.0</ele>
   </trkpt>
   <trkpt lat="-28.5201540" lon="-65.6104620">
    <ele>1751.0</ele>
   </trkpt>
   <trkpt lat="-28.5201610" lon="-65.6104550">
    <ele>1751.0</ele>
   </trkpt>
   <trkpt lat="-28.5201690" lon="-65.6104480">
    <ele>1751.0</ele>
   </trkpt>
   <trkpt lat="-28.5201770" lon="-65.6104410">
    <ele>1752.0</ele>
   </trkpt>
   <trkpt lat="-28.5201840" lon="-65.6104320">
    <ele>1752.0</ele>
   </trkpt>
   <trkpt lat="-28.5201920" lon="-65.6104240">
    <ele>1752.0</ele>
   </trkpt>
   <trkpt lat="-28.5201980" lon="-65.6104140">
    <ele>1753.0</ele>
   </trkpt>
   <trkpt lat="-28.5202050" lon="-65.6104050">
    <ele>1753.0</ele>
   </trkpt>
   <trkpt lat="-28.5202120" lon="-65.6103940">
    <ele>1754.0</ele>
   </trkpt>
   <trkpt lat="-28.5202190" lon="-65.6103840">
    <ele>1754.0</ele>
   </trkpt>
   <trkpt lat="-28.5202250" lon="-65.6103750">
    <ele>1754.0</ele>
   </trkpt>
   <trkpt lat="-28.5202320" lon="-65.6103650">
    <ele>1755.0</ele>
   </trkpt>
   <trkpt lat="-28.5202390" lon="-65.6103550">
    <ele>1755.0</ele>
   </trkpt>
   <trkpt lat="-28.5202450" lon="-65.6103460">
    <ele>1756.0</ele>
   </trkpt>
   <trkpt lat="-28.5202510" lon="-65.6103340">
    <ele>1756.0</ele>
   </trkpt>
   <trkpt lat="-28.5202580" lon="-65.6103230">
    <ele>1756.0</ele>
   </trkpt>
   <trkpt lat="-28.5202620" lon="-65.6103100">
    <ele>1756.0</ele>
   </trkpt>
   <trkpt lat="-28.5202670" lon="-65.6102970">
    <ele>1756.0</ele>
   </trkpt>
   <trkpt lat="-28.5202720" lon="-65.6102820">
    <ele>1757.0</ele>
   </trkpt>
   <trkpt lat="-28.5202770" lon="-65.6102680">
    <ele>1757.0</ele>
   </trkpt>
   <trkpt lat="-28.5202840" lon="-65.6102530">
    <ele>1757.0</ele>
   </trkpt>
   <trkpt lat="-28.5202900" lon="-65.6102380">
    <ele>1758.0</ele>
   </trkpt>
   <trkpt lat="-28.5202970" lon="-65.6102240">
    <ele>1758.0</ele>
   </trkpt>
   <trkpt lat="-28.5203050" lon="-65.6102090">
    <ele>1759.0</ele>
   </trkpt>
   <trkpt lat="-28.5203120" lon="-65.6101970">
    <ele>1759.0</ele>
   </trkpt>
   <trkpt lat="-28.5203200" lon="-65.6101850">
    <ele>1759.0</ele>
   </trkpt>
   <trkpt lat="-28.5203290" lon="-65.6101740">
    <ele>1759.0</ele>
   </trkpt>
   <trkpt lat="-28.5203370" lon="-65.6101630">
    <ele>1759.0</ele>
   </trkpt>
   <trkpt lat="-28.5203460" lon="-65.6101520">
    <ele>1760.0</ele>
   </trkpt>
   <trkpt lat="-28.5203550" lon="-65.6101410">
    <ele>1760.0</ele>
   </trkpt>
   <trkpt lat="-28.5203610" lon="-65.6101290">
    <ele>1760.0</ele>
   </trkpt>
   <trkpt lat="-28.5203680" lon="-65.6101160">
    <ele>1760.0</ele>
   </trkpt>
   <trkpt lat="-28.5203720" lon="-65.6101010">
    <ele>1760.0</ele>
   </trkpt>
   <trkpt lat="-28.5203760" lon="-65.6100850">
    <ele>1761.0</ele>
   </trkpt>
   <trkpt lat="-28.5203770" lon="-65.6100650">
    <ele>1761.0</ele>
   </trkpt>
   <trkpt lat="-28.5203790" lon="-65.6100460">
    <ele>1761.0</ele>
   </trkpt>
   <trkpt lat="-28.5203780" lon="-65.6100260">
    <ele>1762.0</ele>
   </trkpt>
   <trkpt lat="-28.5203780" lon="-65.6100050">
    <ele>1762.0</ele>
   </trkpt>
   <trkpt lat="-28.5203760" lon="-65.6099870">
    <ele>1763.0</ele>
   </trkpt>
   <trkpt lat="-28.5203740" lon="-65.6099690">
    <ele>1763.0</ele>
   </trkpt>
   <trkpt lat="-28.5203720" lon="-65.6099540">
    <ele>1763.0</ele>
   </trkpt>
   <trkpt lat="-28.5203700" lon="-65.6099390">
    <ele>1763.0</ele>
   </trkpt>
   <trkpt lat="-28.5203680" lon="-65.6099220">
    <ele>1763.0</ele>
   </trkpt>
   <trkpt lat="-28.5203670" lon="-65.6099060">
    <ele>1764.0</ele>
   </trkpt>
   <trkpt lat="-28.5203660" lon="-65.6098890">
    <ele>1764.0</ele>
   </trkpt>
   <trkpt lat="-28.5203650" lon="-65.6098720">
    <ele>1764.0</ele>
   </trkpt>
   <trkpt lat="-28.5203640" lon="-65.6098560">
    <ele>1764.0</ele>
   </trkpt>
   <trkpt lat="-28.5203630" lon="-65.6098390">
    <ele>1764.0</ele>
   </trkpt>
   <trkpt lat="-28.5203630" lon="-65.6098210">
    <ele>1765.0</ele>
   </trkpt>
   <trkpt lat="-28.5203630" lon="-65.6098020">
    <ele>1765.0</ele>
   </trkpt>
   <trkpt lat="-28.5203630" lon="-65.6097800">
    <ele>1765.0</ele>
   </trkpt>
   <trkpt lat="-28.5203620" lon="-65.6097590">
    <ele>1766.0</ele>
   </trkpt>
   <trkpt lat="-28.5203620" lon="-65.6097350">
    <ele>1766.0</ele>
   </trkpt>
   <trkpt lat="-28.5203630" lon="-65.6097110">
    <ele>1767.0</ele>
   </trkpt>
   <trkpt lat="-28.5203650" lon="-65.6096870">
    <ele>1767.0</ele>
   </trkpt>
   <trkpt lat="-28.5203680" lon="-65.6096640">
    <ele>1767.0</ele>
   </trkpt>
   <trkpt lat="-28.5203740" lon="-65.6096410">
    <ele>1768.0</ele>
   </trkpt>
   <trkpt lat="-28.5203800" lon="-65.6096190">
    <ele>1768.0</ele>
   </trkpt>
   <trkpt lat="-28.5203800" lon="-65.6096190">
    <ele>1769.0</ele>
   </trkpt>
   <trkpt lat="-28.5203800" lon="-65.6096190">
    <ele>1769.0</ele>
   </trkpt>
  </trkseg>
 </trk>
</gpx>
