<?xml version="1.0" encoding="UTF-8"?>
<gpx creator="StravaGPX" version="1.1" xmlns="http://www.topografix.com/GPX/1/1" xmlns:xsi="http://www.w3.org/2001/XMLSchema-instance" xsi:schemaLocation="http://www.topografix.com/GPX/1/1 http://www.topografix.com/GPX/1/1/gpx.xsd">
 <trk>
  <name>Carrera de montaña matutina</name>
  <type>trail_running</type>
  <trkseg>
   <trkpt lat="-28.0874320" lon="-65.9022740">
    <ele>1505.8</ele>
   </trkpt>
   <trkpt lat="-28.0874310" lon="-65.9022660">
    <ele>1505.8</ele>
   </trkpt>
   <trkpt lat="-28.0874300" lon="-65.9022590">
    <ele>1505.8</ele>
   </trkpt>
   <trkpt lat="-28.0874290" lon="-65.9022510">
    <ele>1505.9</ele>
   </trkpt>
   <trkpt lat="-28.0874270" lon="-65.9022430">
    <ele>1505.9</ele>
   </trkpt>
   <trkpt lat="-28.0874260" lon="-65.9022360">
    <ele>1505.9</ele>
   </trkpt>
   <trkpt lat="-28.0874250" lon="-65.9022280">
    <ele>1506.0</ele>
   </trkpt>
   <trkpt lat="-28.0874170" lon="-65.9021950">
    <ele>1506.1</ele>
   </trkpt>
   <trkpt lat="-28.0874090" lon="-65.9021620">
    <ele>1506.2</ele>
   </trkpt>
   <trkpt lat="-28.0873990" lon="-65.9021220">
    <ele>1506.4</ele>
   </trkpt>
   <trkpt lat="-28.0873890" lon="-65.9020820">
    <ele>1506.5</ele>
   </trkpt>
   <trkpt lat="-28.0873800" lon="-65.9020400">
    <ele>1506.7</ele>
   </trkpt>
   <trkpt lat="-28.0873700" lon="-65.9019980">
    <ele>1506.9</ele>
   </trkpt>
   <trkpt lat="-28.0873630" lon="-65.9019560">
    <ele>1507.1</ele>
   </trkpt>
   <trkpt lat="-28.0873570" lon="-65.9019150">
    <ele>1507.3</ele>
   </trkpt>
   <trkpt lat="-28.0873510" lon="-65.9018740">
    <ele>1507.4</ele>
   </trkpt>
   <trkpt lat="-28.0873460" lon="-65.9018330">
    <ele>1507.6</ele>
   </trkpt>
   <trkpt lat="-28.0873400" lon="-65.9017920">
    <ele>1507.8</ele>
   </trkpt>
   <trkpt lat="-28.0873330" lon="-65.9017510">
    <ele>1508.0</ele>
   </trkpt>
   <trkpt lat="-28.0873270" lon="-65.9017090">
    <ele>1508.2</ele>
   </trkpt>
   <trkpt lat="-28.0873210" lon="-65.9016680">
    <ele>1508.4</ele>
   </trkpt>
   <trkpt lat="-28.0873230" lon="-65.9016280">
    <ele>1508.6</ele>
   </trkpt>
   <trkpt lat="-28.0873250" lon="-65.9015890">
    <ele>1508.8</ele>
   </trkpt>
   <trkpt lat="-28.0873420" lon="-65.9015560">
    <ele>1509.0</ele>
   </trkpt>
   <trkpt lat="-28.0873580" lon="-65.9015230">
    <ele>1509.2</ele>
   </trkpt>
   <trkpt lat="-28.0873830" lon="-65.9014970">
    <ele>1509.4</ele>
   </trkpt>
   <trkpt lat="-28.0874080" lon="-65.9014710">
    <ele>1509.6</ele>
   </trkpt>
   <trkpt lat="-28.0874340" lon="-65.9014460">
    <ele>1509.8</ele>
   </trkpt>
   <trkpt lat="-28.0874600" lon="-65.9014220">
    <ele>1510.0</ele>
   </trkpt>
   <trkpt lat="-28.0874860" lon="-65.9013980">
    <ele>1510.2</ele>
   </trkpt>
   <trkpt lat="-28.0875120" lon="-65.9013750">
    <ele>1510.4</ele>
   </trkpt>
   <trkpt lat="-28.0875380" lon="-65.9013530">
    <ele>1510.6</ele>
   </trkpt>
   <trkpt lat="-28.0875640" lon="-65.9013300">
    <ele>1510.8</ele>
   </trkpt>
   <trkpt lat="-28.0875890" lon="-65.9013100">
    <ele>1511.0</ele>
   </trkpt>
   <trkpt lat="-28.0876140" lon="-65.9012900">
    <ele>1511.2</ele>
   </trkpt>
   <trkpt lat="-28.0876390" lon="-65.9012730">
    <ele>1511.4</ele>
   </trkpt>
   <trkpt lat="-28.0876640" lon="-65.9012560">
    <ele>1511.5</ele>
   </trkpt>
   <trkpt lat="-28.0876900" lon="-65.9012420">
    <ele>1511.7</ele>
   </trkpt>
   <trkpt lat="-28.0877150" lon="-65.9012270">
    <ele>1512.0</ele>
   </trkpt>
   <trkpt lat="-28.0877410" lon="-65.9012150">
    <ele>1512.2</ele>
   </trkpt>
   <trkpt lat="-28.0877670" lon="-65.9012030">
    <ele>1512.5</ele>
   </trkpt>
   <trkpt lat="-28.0877920" lon="-65.9011970">
    <ele>1512.7</ele>
   </trkpt>
   <trkpt lat="-28.0878180" lon="-65.9011920">
    <ele>1512.9</ele>
   </trkpt>
   <trkpt lat="-28.0878420" lon="-65.9011950">
    <ele>1513.2</ele>
   </trkpt>
   <trkpt lat="-28.0878650" lon="-65.9011990">
    <ele>1513.5</ele>
   </trkpt>
   <trkpt lat="-28.0878820" lon="-65.9012150">
    <ele>1513.7</ele>
   </trkpt>
   <trkpt lat="-28.0878990" lon="-65.9012320">
    <ele>1514.0</ele>
   </trkpt>
   <trkpt lat="-28.0879080" lon="-65.9012570">
    <ele>1514.2</ele>
   </trkpt>
   <trkpt lat="-28.0879170" lon="-65.9012830">
    <ele>1514.4</ele>
   </trkpt>
   <trkpt lat="-28.0879180" lon="-65.9013130">
    <ele>1514.7</ele>
   </trkpt>
   <trkpt lat="-28.0879200" lon="-65.9013430">
    <ele>1514.9</ele>
   </trkpt>
   <trkpt lat="-28.0879200" lon="-65.9013730">
    <ele>1515.2</ele>
   </trkpt>
   <trkpt lat="-28.0879190" lon="-65.9014030">
    <ele>1515.4</ele>
   </trkpt>
   <trkpt lat="-28.0879190" lon="-65.9014320">
    <ele>1515.6</ele>
   </trkpt>
   <trkpt lat="-28.0879190" lon="-65.9014610">
    <ele>1515.8</ele>
   </trkpt>
   <trkpt lat="-28.0879200" lon="-65.9014890">
    <ele>1516.1</ele>
   </trkpt>
   <trkpt lat="-28.0879200" lon="-65.9015170">
    <ele>1516.3</ele>
   </trkpt>
   <trkpt lat="-28.0879230" lon="-65.9015440">
    <ele>1516.6</ele>
   </trkpt>
   <trkpt lat="-28.0879260" lon="-65.9015710">
    <ele>1516.9</ele>
   </trkpt>
   <trkpt lat="-28.0879270" lon="-65.9015960">
    <ele>1517.2</ele>
   </trkpt>
   <trkpt lat="-28.0879290" lon="-65.9016220">
    <ele>1517.5</ele>
   </trkpt>
   <trkpt lat="-28.0879300" lon="-65.9016460">
    <ele>1517.8</ele>
   </trkpt>
   <trkpt lat="-28.0879300" lon="-65.9016710">
    <ele>1518.2</ele>
   </trkpt>
   <trkpt lat="-28.0879300" lon="-65.9016950">
    <ele>1518.5</ele>
   </trkpt>
   <trkpt lat="-28.0879300" lon="-65.9017190">
    <ele>1518.9</ele>
   </trkpt>
   <trkpt lat="-28.0879300" lon="-65.9017440">
    <ele>1519.2</ele>
   </trkpt>
   <trkpt lat="-28.0879300" lon="-65.9017680">
    <ele>1519.6</ele>
   </trkpt>
   <trkpt lat="-28.0879300" lon="-65.9017930">
    <ele>1519.9</ele>
   </trkpt>
   <trkpt lat="-28.0879290" lon="-65.9018180">
    <ele>1520.3</ele>
   </trkpt>
   <trkpt lat="-28.0879280" lon="-65.9018430">
    <ele>1520.6</ele>
   </trkpt>
   <trkpt lat="-28.0879270" lon="-65.9018670">
    <ele>1520.9</ele>
   </trkpt>
   <trkpt lat="-28.0879260" lon="-65.9018930">
    <ele>1521.3</ele>
   </trkpt>
   <trkpt lat="-28.0879240" lon="-65.9019180">
    <ele>1521.6</ele>
   </trkpt>
   <trkpt lat="-28.0879240" lon="-65.9019430">
    <ele>1521.8</ele>
   </trkpt>
   <trkpt lat="-28.0879230" lon="-65.9019680">
    <ele>1522.1</ele>
   </trkpt>
   <trkpt lat="-28.0879230" lon="-65.9019940">
    <ele>1522.3</ele>
   </trkpt>
   <trkpt lat="-28.0879220" lon="-65.9020200">
    <ele>1522.6</ele>
   </trkpt>
   <trkpt lat="-28.0879220" lon="-65.9020480">
    <ele>1522.8</ele>
   </trkpt>
   <trkpt lat="-28.0879220" lon="-65.9020760">
    <ele>1522.9</ele>
   </trkpt>
   <trkpt lat="-28.0879220" lon="-65.9021060">
    <ele>1523.1</ele>
   </trkpt>
   <trkpt lat="-28.0879230" lon="-65.9021360">
    <ele>1523.2</ele>
   </trkpt>
   <trkpt lat="-28.0879230" lon="-65.9021670">
    <ele>1523.2</ele>
   </trkpt>
   <trkpt lat="-28.0879230" lon="-65.9021990">
    <ele>1523.3</ele>
   </trkpt>
   <trkpt lat="-28.0879240" lon="-65.9022310">
    <ele>1523.3</ele>
   </trkpt>
   <trkpt lat="-28.0879250" lon="-65.9022640">
    <ele>1523.3</ele>
   </trkpt>
   <trkpt lat="-28.0879250" lon="-65.9022970">
    <ele>1523.3</ele>
   </trkpt>
   <trkpt lat="-28.0879260" lon="-65.9023300">
    <ele>1523.2</ele>
   </trkpt>
   <trkpt lat="-28.0879280" lon="-65.9023620">
    <ele>1523.1</ele>
   </trkpt>
   <trkpt lat="-28.0879290" lon="-65.9023950">
    <ele>1523.1</ele>
   </trkpt>
   <trkpt lat="-28.0879320" lon="-65.9024270">
    <ele>1523.0</ele>
   </trkpt>
   <trkpt lat="-28.0879350" lon="-65.9024600">
    <ele>1523.2</ele>
   </trkpt>
   <trkpt lat="-28.0879390" lon="-65.9024910">
    <ele>1523.4</ele>
   </trkpt>
   <trkpt lat="-28.0879430" lon="-65.9025220">
    <ele>1523.6</ele>
   </trkpt>
   <trkpt lat="-28.0879490" lon="-65.9025530">
    <ele>1523.8</ele>
   </trkpt>
   <trkpt lat="-28.0879540" lon="-65.9025840">
    <ele>1524.0</ele>
   </trkpt>
   <trkpt lat="-28.0879610" lon="-65.9026130">
    <ele>1524.2</ele>
   </trkpt>
   <trkpt lat="-28.0879690" lon="-65.9026430">
    <ele>1524.4</ele>
   </trkpt>
   <trkpt lat="-28.0879770" lon="-65.9026720">
    <ele>1524.6</ele>
   </trkpt>
   <trkpt lat="-28.0879860" lon="-65.9027010">
    <ele>1524.8</ele>
   </trkpt>
   <trkpt lat="-28.0879950" lon="-65.9027290">
    <ele>1525.0</ele>
   </trkpt>
   <trkpt lat="-28.0880040" lon="-65.9027570">
    <ele>1525.2</ele>
   </trkpt>
   <trkpt lat="-28.0880140" lon="-65.9027840">
    <ele>1525.4</ele>
   </trkpt>
   <trkpt lat="-28.0880240" lon="-65.9028110">
    <ele>1525.6</ele>
   </trkpt>
   <trkpt lat="-28.0880350" lon="-65.9028380">
    <ele>1525.7</ele>
   </trkpt>
   <trkpt lat="-28.0880460" lon="-65.9028650">
    <ele>1525.9</ele>
   </trkpt>
   <trkpt lat="-28.0880570" lon="-65.9028930">
    <ele>1526.0</ele>
   </trkpt>
   <trkpt lat="-28.0880680" lon="-65.9029210">
    <ele>1526.2</ele>
   </trkpt>
   <trkpt lat="-28.0880750" lon="-65.9029510">
    <ele>1526.3</ele>
   </trkpt>
   <trkpt lat="-28.0880830" lon="-65.9029800">
    <ele>1526.5</ele>
   </trkpt>
   <trkpt lat="-28.0880850" lon="-65.9030120">
    <ele>1526.6</ele>
   </trkpt>
   <trkpt lat="-28.0880880" lon="-65.9030430">
    <ele>1526.8</ele>
   </trkpt>
   <trkpt lat="-28.0880850" lon="-65.9030730">
    <ele>1527.0</ele>
   </trkpt>
   <trkpt lat="-28.0880820" lon="-65.9031040">
    <ele>1527.2</ele>
   </trkpt>
   <trkpt lat="-28.0880770" lon="-65.9031320">
    <ele>1527.5</ele>
   </trkpt>
   <trkpt lat="-28.0880730" lon="-65.9031600">
    <ele>1527.7</ele>
   </trkpt>
   <trkpt lat="-28.0880710" lon="-65.9031870">
    <ele>1527.9</ele>
   </trkpt>
   <trkpt lat="-28.0880700" lon="-65.9032140">
    <ele>1528.2</ele>
   </trkpt>
   <trkpt lat="-28.0880720" lon="-65.9032410">
    <ele>1528.4</ele>
   </trkpt>
   <trkpt lat="-28.0880750" lon="-65.9032670">
    <ele>1528.6</ele>
   </trkpt>
   <trkpt lat="-28.0880810" lon="-65.9032940">
    <ele>1528.9</ele>
   </trkpt>
   <trkpt lat="-28.0880870" lon="-65.9033210">
    <ele>1529.1</ele>
   </trkpt>
   <trkpt lat="-28.0880970" lon="-65.9033490">
    <ele>1529.4</ele>
   </trkpt>
   <trkpt lat="-28.0881060" lon="-65.9033760">
    <ele>1529.6</ele>
   </trkpt>
   <trkpt lat="-28.0881190" lon="-65.9034030">
    <ele>1529.9</ele>
   </trkpt>
   <trkpt lat="-28.0881310" lon="-65.9034310">
    <ele>1530.1</ele>
   </trkpt>
   <trkpt lat="-28.0881460" lon="-65.9034570">
    <ele>1530.3</ele>
   </trkpt>
   <trkpt lat="-28.0881600" lon="-65.9034840">
    <ele>1530.6</ele>
   </trkpt>
   <trkpt lat="-28.0881760" lon="-65.9035090">
    <ele>1530.8</ele>
   </trkpt>
   <trkpt lat="-28.0881910" lon="-65.9035340">
    <ele>1531.0</ele>
   </trkpt>
   <trkpt lat="-28.0882080" lon="-65.9035570">
    <ele>1531.2</ele>
   </trkpt>
   <trkpt lat="-28.0882250" lon="-65.9035810">
    <ele>1531.4</ele>
   </trkpt>
   <trkpt lat="-28.0882440" lon="-65.9036040">
    <ele>1531.6</ele>
   </trkpt>
   <trkpt lat="-28.0882620" lon="-65.9036270">
    <ele>1531.7</ele>
   </trkpt>
   <trkpt lat="-28.0882820" lon="-65.9036510">
    <ele>1531.9</ele>
   </trkpt>
   <trkpt lat="-28.0883020" lon="-65.9036750">
    <ele>1532.1</ele>
   </trkpt>
   <trkpt lat="-28.0883210" lon="-65.9037000">
    <ele>1532.3</ele>
   </trkpt>
   <trkpt lat="-28.0883410" lon="-65.9037250">
    <ele>1532.4</ele>
   </trkpt>
   <trkpt lat="-28.0883600" lon="-65.9037510">
    <ele>1532.6</ele>
   </trkpt>
   <trkpt lat="-28.0883790" lon="-65.9037760">
    <ele>1532.7</ele>
   </trkpt>
   <trkpt lat="-28.0883990" lon="-65.9038010">
    <ele>1532.8</ele>
   </trkpt>
   <trkpt lat="-28.0884190" lon="-65.9038260">
    <ele>1532.9</ele>
   </trkpt>
   <trkpt lat="-28.0884390" lon="-65.9038510">
    <ele>1533.0</ele>
   </trkpt>
   <trkpt lat="-28.0884600" lon="-65.9038770">
    <ele>1533.2</ele>
   </trkpt>
   <trkpt lat="-28.0884810" lon="-65.9039040">
    <ele>1533.3</ele>
   </trkpt>
   <trkpt lat="-28.0885020" lon="-65.9039310">
    <ele>1533.4</ele>
   </trkpt>
   <trkpt lat="-28.0885220" lon="-65.9039590">
    <ele>1533.5</ele>
   </trkpt>
   <trkpt lat="-28.0885430" lon="-65.9039860">
    <ele>1533.6</ele>
   </trkpt>
   <trkpt lat="-28.0885630" lon="-65.9040130">
    <ele>1533.8</ele>
   </trkpt>
   <trkpt lat="-28.0885830" lon="-65.9040390">
    <ele>1533.9</ele>
   </trkpt>
   <trkpt lat="-28.0886040" lon="-65.9040620">
    <ele>1534.1</ele>
   </trkpt>
   <trkpt lat="-28.0886250" lon="-65.9040860">
    <ele>1534.3</ele>
   </trkpt>
   <trkpt lat="-28.0886470" lon="-65.9041040">
    <ele>1534.5</ele>
   </trkpt>
   <trkpt lat="-28.0886700" lon="-65.9041230">
    <ele>1534.8</ele>
   </trkpt>
   <trkpt lat="-28.0886920" lon="-65.9041370">
    <ele>1535.1</ele>
   </trkpt>
   <trkpt lat="-28.0887150" lon="-65.9041500">
    <ele>1535.4</ele>
   </trkpt>
   <trkpt lat="-28.0887380" lon="-65.9041600">
    <ele>1535.7</ele>
   </trkpt>
   <trkpt lat="-28.0887600" lon="-65.9041700">
    <ele>1536.0</ele>
   </trkpt>
   <trkpt lat="-28.0887830" lon="-65.9041790">
    <ele>1536.3</ele>
   </trkpt>
   <trkpt lat="-28.0888060" lon="-65.9041880">
    <ele>1536.6</ele>
   </trkpt>
   <trkpt lat="-28.0888280" lon="-65.9041980">
    <ele>1536.9</ele>
   </trkpt>
   <trkpt lat="-28.0888510" lon="-65.9042070">
    <ele>1537.2</ele>
   </trkpt>
   <trkpt lat="-28.0888740" lon="-65.9042170">
    <ele>1537.5</ele>
   </trkpt>
   <trkpt lat="-28.0888970" lon="-65.9042280">
    <ele>1537.8</ele>
   </trkpt>
   <trkpt lat="-28.0889190" lon="-65.9042390">
    <ele>1538.2</ele>
   </trkpt>
   <trkpt lat="-28.0889420" lon="-65.9042490">
    <ele>1538.5</ele>
   </trkpt>
   <trkpt lat="-28.0889640" lon="-65.9042620">
    <ele>1538.8</ele>
   </trkpt>
   <trkpt lat="-28.0889860" lon="-65.9042750">
    <ele>1539.1</ele>
   </trkpt>
   <trkpt lat="-28.0890090" lon="-65.9042910">
    <ele>1539.4</ele>
   </trkpt>
   <trkpt lat="-28.0890310" lon="-65.9043070">
    <ele>1539.7</ele>
   </trkpt>
   <trkpt lat="-28.0890530" lon="-65.9043250">
    <ele>1540.1</ele>
   </trkpt>
   <trkpt lat="-28.0890750" lon="-65.9043430">
    <ele>1540.4</ele>
   </trkpt>
   <trkpt lat="-28.0890960" lon="-65.9043620">
    <ele>1540.7</ele>
   </trkpt>
   <trkpt lat="-28.0891170" lon="-65.9043800">
    <ele>1541.0</ele>
   </trkpt>
   <trkpt lat="-28.0891370" lon="-65.9043980">
    <ele>1541.3</ele>
   </trkpt>
   <trkpt lat="-28.0891570" lon="-65.9044160">
    <ele>1541.6</ele>
   </trkpt>
   <trkpt lat="-28.0891770" lon="-65.9044330">
    <ele>1541.8</ele>
   </trkpt>
   <trkpt lat="-28.0891970" lon="-65.9044510">
    <ele>1542.1</ele>
   </trkpt>
   <trkpt lat="-28.0892180" lon="-65.9044670">
    <ele>1542.5</ele>
   </trkpt>
   <trkpt lat="-28.0892380" lon="-65.9044830">
    <ele>1542.8</ele>
   </trkpt>
   <trkpt lat="-28.0892590" lon="-65.9044990">
    <ele>1543.1</ele>
   </trkpt>
   <trkpt lat="-28.0892800" lon="-65.9045140">
    <ele>1543.5</ele>
   </trkpt>
   <trkpt lat="-28.0893000" lon="-65.9045290">
    <ele>1543.8</ele>
   </trkpt>
   <trkpt lat="-28.0893200" lon="-65.9045430">
    <ele>1544.2</ele>
   </trkpt>
   <trkpt lat="-28.0893390" lon="-65.9045570">
    <ele>1544.6</ele>
   </trkpt>
   <trkpt lat="-28.0893580" lon="-65.9045720">
    <ele>1544.9</ele>
   </trkpt>
   <trkpt lat="-28.0893760" lon="-65.9045860">
    <ele>1545.3</ele>
   </trkpt>
   <trkpt lat="-28.0893940" lon="-65.9045990">
    <ele>1545.6</ele>
   </trkpt>
   <trkpt lat="-28.0894120" lon="-65.9046120">
    <ele>1546.0</ele>
   </trkpt>
   <trkpt lat="-28.0894290" lon="-65.9046250">
    <ele>1546.3</ele>
   </trkpt>
   <trkpt lat="-28.0894470" lon="-65.9046380">
    <ele>1546.7</ele>
   </trkpt>
   <trkpt lat="-28.0894640" lon="-65.9046500">
    <ele>1547.0</ele>
   </trkpt>
   <trkpt lat="-28.0894810" lon="-65.9046630">
    <ele>1547.4</ele>
   </trkpt>
   <trkpt lat="-28.0894980" lon="-65.9046770">
    <ele>1547.8</ele>
   </trkpt>
   <trkpt lat="-28.0895140" lon="-65.9046910">
    <ele>1548.1</ele>
   </trkpt>
   <trkpt lat="-28.0895300" lon="-65.9047050">
    <ele>1548.5</ele>
   </trkpt>
   <trkpt lat="-28.0895470" lon="-65.9047190">
    <ele>1548.8</ele>
   </trkpt>
   <trkpt lat="-28.0895630" lon="-65.9047340">
    <ele>1549.1</ele>
   </trkpt>
   <trkpt lat="-28.0895800" lon="-65.9047470">
    <ele>1549.5</ele>
   </trkpt>
   <trkpt lat="-28.0895980" lon="-65.9047610">
    <ele>1549.8</ele>
   </trkpt>
   <trkpt lat="-28.0896170" lon="-65.9047750">
    <ele>1550.2</ele>
   </trkpt>
   <trkpt lat="-28.0896360" lon="-65.9047880">
    <ele>1550.5</ele>
   </trkpt>
   <trkpt lat="-28.0896570" lon="-65.9048010">
    <ele>1550.9</ele>
   </trkpt>
   <trkpt lat="-28.0896780" lon="-65.9048140">
    <ele>1551.2</ele>
   </trkpt>
   <trkpt lat="-28.0896990" lon="-65.9048250">
    <ele>1551.5</ele>
   </trkpt>
   <trkpt lat="-28.0897210" lon="-65.9048370">
    <ele>1551.9</ele>
   </trkpt>
   <trkpt lat="-28.0897410" lon="-65.9048490">
    <ele>1552.2</ele>
   </trkpt>
   <trkpt lat="-28.0897620" lon="-65.9048610">
    <ele>1552.5</ele>
   </trkpt>
   <trkpt lat="-28.0897820" lon="-65.9048740">
    <ele>1552.9</ele>
   </trkpt>
   <trkpt lat="-28.0898010" lon="-65.9048870">
    <ele>1553.2</ele>
   </trkpt>
   <trkpt lat="-28.0898190" lon="-65.9049000">
    <ele>1553.5</ele>
   </trkpt>
   <trkpt lat="-28.0898380" lon="-65.9049130">
    <ele>1553.8</ele>
   </trkpt>
   <trkpt lat="-28.0898550" lon="-65.9049260">
    <ele>1554.2</ele>
   </trkpt>
   <trkpt lat="-28.0898730" lon="-65.9049390">
    <ele>1554.5</ele>
   </trkpt>
   <trkpt lat="-28.0898900" lon="-65.9049520">
    <ele>1554.8</ele>
   </trkpt>
   <trkpt lat="-28.0899070" lon="-65.9049650">
    <ele>1555.1</ele>
   </trkpt>
   <trkpt lat="-28.0899240" lon="-65.9049790">
    <ele>1555.4</ele>
   </trkpt>
   <trkpt lat="-28.0899400" lon="-65.9049920">
    <ele>1555.7</ele>
   </trkpt>
   <trkpt lat="-28.0899560" lon="-65.9050070">
    <ele>1556.0</ele>
   </trkpt>
   <trkpt lat="-28.0899730" lon="-65.9050210">
    <ele>1556.3</ele>
   </trkpt>
   <trkpt lat="-28.0899890" lon="-65.9050370">
    <ele>1556.6</ele>
   </trkpt>
   <trkpt lat="-28.0900050" lon="-65.9050540">
    <ele>1556.9</ele>
   </trkpt>
   <trkpt lat="-28.0900220" lon="-65.9050720">
    <ele>1557.2</ele>
   </trkpt>
   <trkpt lat="-28.0900380" lon="-65.9050910">
    <ele>1557.5</ele>
   </trkpt>
   <trkpt lat="-28.0900530" lon="-65.9051110">
    <ele>1557.7</ele>
   </trkpt>
   <trkpt lat="-28.0900690" lon="-65.9051310">
    <ele>1558.0</ele>
   </trkpt>
   <trkpt lat="-28.0900840" lon="-65.9051530">
    <ele>1558.3</ele>
   </trkpt>
   <trkpt lat="-28.0900990" lon="-65.9051750">
    <ele>1558.6</ele>
   </trkpt>
   <trkpt lat="-28.0901120" lon="-65.9052000">
    <ele>1558.9</ele>
   </trkpt>
   <trkpt lat="-28.0901260" lon="-65.9052240">
    <ele>1559.2</ele>
   </trkpt>
   <trkpt lat="-28.0901380" lon="-65.9052500">
    <ele>1559.4</ele>
   </trkpt>
   <trkpt lat="-28.0901500" lon="-65.9052760">
    <ele>1559.7</ele>
   </trkpt>
   <trkpt lat="-28.0901610" lon="-65.9053030">
    <ele>1560.0</ele>
   </trkpt>
   <trkpt lat="-28.0901720" lon="-65.9053300">
    <ele>1560.2</ele>
   </trkpt>
   <trkpt lat="-28.0901830" lon="-65.9053570">
    <ele>1560.5</ele>
   </trkpt>
   <trkpt lat="-28.0901940" lon="-65.9053840">
    <ele>1560.7</ele>
   </trkpt>
   <trkpt lat="-28.0902050" lon="-65.9054110">
    <ele>1561.0</ele>
   </trkpt>
   <trkpt lat="-28.0902160" lon="-65.9054380">
    <ele>1561.2</ele>
   </trkpt>
   <trkpt lat="-28.0902260" lon="-65.9054650">
    <ele>1561.4</ele>
   </trkpt>
   <trkpt lat="-28.0902360" lon="-65.9054920">
    <ele>1561.7</ele>
   </trkpt>
   <trkpt lat="-28.0902470" lon="-65.9055190">
    <ele>1561.9</ele>
   </trkpt>
   <trkpt lat="-28.0902570" lon="-65.9055460">
    <ele>1562.2</ele>
   </trkpt>
   <trkpt lat="-28.0902680" lon="-65.9055730">
    <ele>1562.4</ele>
   </trkpt>
   <trkpt lat="-28.0902790" lon="-65.9056000">
    <ele>1562.6</ele>
   </trkpt>
   <trkpt lat="-28.0902900" lon="-65.9056270">
    <ele>1562.9</ele>
   </trkpt>
   <trkpt lat="-28.0903010" lon="-65.9056540">
    <ele>1563.1</ele>
   </trkpt>
   <trkpt lat="-28.0903120" lon="-65.9056810">
    <ele>1563.4</ele>
   </trkpt>
   <trkpt lat="-28.0903230" lon="-65.9057070">
    <ele>1563.7</ele>
   </trkpt>
   <trkpt lat="-28.0903360" lon="-65.9057320">
    <ele>1564.0</ele>
   </trkpt>
   <trkpt lat="-28.0903490" lon="-65.9057560">
    <ele>1564.2</ele>
   </trkpt>
   <trkpt lat="-28.0903660" lon="-65.9057730">
    <ele>1564.5</ele>
   </trkpt>
   <trkpt lat="-28.0903830" lon="-65.9057890">
    <ele>1564.8</ele>
   </trkpt>
   <trkpt lat="-28.0904030" lon="-65.9057920">
    <ele>1565.0</ele>
   </trkpt>
   <trkpt lat="-28.0904230" lon="-65.9057940">
    <ele>1565.3</ele>
   </trkpt>
   <trkpt lat="-28.0904410" lon="-65.9057820">
    <ele>1565.5</ele>
   </trkpt>
   <trkpt lat="-28.0904600" lon="-65.9057700">
    <ele>1565.8</ele>
   </trkpt>
   <trkpt lat="-28.0904760" lon="-65.9057500">
    <ele>1566.1</ele>
   </trkpt>
   <trkpt lat="-28.0904920" lon="-65.9057290">
    <ele>1566.4</ele>
   </trkpt>
   <trkpt lat="-28.0905030" lon="-65.9057050">
    <ele>1566.7</ele>
   </trkpt>
   <trkpt lat="-28.0905150" lon="-65.9056800">
    <ele>1567.0</ele>
   </trkpt>
   <trkpt lat="-28.0905230" lon="-65.9056540">
    <ele>1567.3</ele>
   </trkpt>
   <trkpt lat="-28.0905300" lon="-65.9056280">
    <ele>1567.6</ele>
   </trkpt>
   <trkpt lat="-28.0905330" lon="-65.9056010">
    <ele>1567.9</ele>
   </trkpt>
   <trkpt lat="-28.0905350" lon="-65.9055730">
    <ele>1568.2</ele>
   </trkpt>
   <trkpt lat="-28.0905340" lon="-65.9055450">
    <ele>1568.4</ele>
   </trkpt>
   <trkpt lat="-28.0905330" lon="-65.9055170">
    <ele>1568.7</ele>
   </trkpt>
   <trkpt lat="-28.0905290" lon="-65.9054890">
    <ele>1569.0</ele>
   </trkpt>
   <trkpt lat="-28.0905250" lon="-65.9054600">
    <ele>1569.3</ele>
   </trkpt>
   <trkpt lat="-28.0905190" lon="-65.9054310">
    <ele>1569.6</ele>
   </trkpt>
   <trkpt lat="-28.0905130" lon="-65.9054020">
    <ele>1569.9</ele>
   </trkpt>
   <trkpt lat="-28.0905080" lon="-65.9053720">
    <ele>1570.2</ele>
   </trkpt>
   <trkpt lat="-28.0905030" lon="-65.9053430">
    <ele>1570.4</ele>
   </trkpt>
   <trkpt lat="-28.0904990" lon="-65.9053140">
    <ele>1570.7</ele>
   </trkpt>
   <trkpt lat="-28.0904960" lon="-65.9052840">
    <ele>1571.0</ele>
   </trkpt>
   <trkpt lat="-28.0904930" lon="-65.9052560">
    <ele>1571.3</ele>
   </trkpt>
   <trkpt lat="-28.0904900" lon="-65.9052270">
    <ele>1571.5</ele>
   </trkpt>
   <trkpt lat="-28.0904870" lon="-65.9051990">
    <ele>1571.8</ele>
   </trkpt>
   <trkpt lat="-28.0904840" lon="-65.9051710">
    <ele>1572.1</ele>
   </trkpt>
   <trkpt lat="-28.0904850" lon="-65.9051430">
    <ele>1572.3</ele>
   </trkpt>
   <trkpt lat="-28.0904850" lon="-65.9051150">
    <ele>1572.6</ele>
   </trkpt>
   <trkpt lat="-28.0904900" lon="-65.9050870">
    <ele>1572.8</ele>
   </trkpt>
   <trkpt lat="-28.0904950" lon="-65.9050590">
    <ele>1573.1</ele>
   </trkpt>
   <trkpt lat="-28.0905060" lon="-65.9050330">
    <ele>1573.4</ele>
   </trkpt>
   <trkpt lat="-28.0905160" lon="-65.9050060">
    <ele>1573.6</ele>
   </trkpt>
   <trkpt lat="-28.0905320" lon="-65.9049840">
    <ele>1573.9</ele>
   </trkpt>
   <trkpt lat="-28.0905480" lon="-65.9049620">
    <ele>1574.2</ele>
   </trkpt>
   <trkpt lat="-28.0905700" lon="-65.9049500">
    <ele>1574.4</ele>
   </trkpt>
   <trkpt lat="-28.0905920" lon="-65.9049390">
    <ele>1574.7</ele>
   </trkpt>
   <trkpt lat="-28.0906180" lon="-65.9049390">
    <ele>1575.0</ele>
   </trkpt>
   <trkpt lat="-28.0906430" lon="-65.9049390">
    <ele>1575.4</ele>
   </trkpt>
   <trkpt lat="-28.0906690" lon="-65.9049460">
    <ele>1575.7</ele>
   </trkpt>
   <trkpt lat="-28.0906940" lon="-65.9049540">
    <ele>1576.1</ele>
   </trkpt>
   <trkpt lat="-28.0907180" lon="-65.9049650">
    <ele>1576.4</ele>
   </trkpt>
   <trkpt lat="-28.0907430" lon="-65.9049770">
    <ele>1576.8</ele>
   </trkpt>
   <trkpt lat="-28.0907670" lon="-65.9049890">
    <ele>1577.2</ele>
   </trkpt>
   <trkpt lat="-28.0907910" lon="-65.9050010">
    <ele>1577.6</ele>
   </trkpt>
   <trkpt lat="-28.0908160" lon="-65.9050120">
    <ele>1578.0</ele>
   </trkpt>
   <trkpt lat="-28.0908400" lon="-65.9050230">
    <ele>1578.1</ele>
   </trkpt>
   <trkpt lat="-28.0908650" lon="-65.9050320">
    <ele>1578.3</ele>
   </trkpt>
   <trkpt lat="-28.0908910" lon="-65.9050410">
    <ele>1578.4</ele>
   </trkpt>
   <trkpt lat="-28.0909170" lon="-65.9050450">
    <ele>1578.6</ele>
   </trkpt>
   <trkpt lat="-28.0909430" lon="-65.9050490">
    <ele>1578.7</ele>
   </trkpt>
   <trkpt lat="-28.0909690" lon="-65.9050510">
    <ele>1578.9</ele>
   </trkpt>
   <trkpt lat="-28.0909960" lon="-65.9050520">
    <ele>1579.1</ele>
   </trkpt>
   <trkpt lat="-28.0910220" lon="-65.9050550">
    <ele>1579.3</ele>
   </trkpt>
   <trkpt lat="-28.0910480" lon="-65.9050570">
    <ele>1579.5</ele>
   </trkpt>
   <trkpt lat="-28.0910720" lon="-65.9050630">
    <ele>1579.6</ele>
   </trkpt>
   <trkpt lat="-28.0910960" lon="-65.9050700">
    <ele>1579.8</ele>
   </trkpt>
   <trkpt lat="-28.0911170" lon="-65.9050810">
    <ele>1580.0</ele>
   </trkpt>
   <trkpt lat="-28.0911390" lon="-65.9050920">
    <ele>1580.2</ele>
   </trkpt>
   <trkpt lat="-28.0911600" lon="-65.9051050">
    <ele>1580.4</ele>
   </trkpt>
   <trkpt lat="-28.0911800" lon="-65.9051180">
    <ele>1580.5</ele>
   </trkpt>
   <trkpt lat="-28.0912000" lon="-65.9051320">
    <ele>1580.7</ele>
   </trkpt>
   <trkpt lat="-28.0912200" lon="-65.9051460">
    <ele>1580.9</ele>
   </trkpt>
   <trkpt lat="-28.0912380" lon="-65.9051620">
    <ele>1581.1</ele>
   </trkpt>
   <trkpt lat="-28.0912570" lon="-65.9051780">
    <ele>1581.3</ele>
   </trkpt>
   <trkpt lat="-28.0912750" lon="-65.9051930">
    <ele>1581.5</ele>
   </trkpt>
   <trkpt lat="-28.0912930" lon="-65.9052090">
    <ele>1581.7</ele>
   </trkpt>
   <trkpt lat="-28.0913100" lon="-65.9052260">
    <ele>1581.9</ele>
   </trkpt>
   <trkpt lat="-28.0913270" lon="-65.9052420">
    <ele>1582.2</ele>
   </trkpt>
   <trkpt lat="-28.0913440" lon="-65.9052590">
    <ele>1582.4</ele>
   </trkpt>
   <trkpt lat="-28.0913610" lon="-65.9052760">
    <ele>1582.6</ele>
   </trkpt>
   <trkpt lat="-28.0913760" lon="-65.9052940">
    <ele>1582.9</ele>
   </trkpt>
   <trkpt lat="-28.0913930" lon="-65.9053130">
    <ele>1583.1</ele>
   </trkpt>
   <trkpt lat="-28.0914090" lon="-65.9053310">
    <ele>1583.4</ele>
   </trkpt>
   <trkpt lat="-28.0914260" lon="-65.9053500">
    <ele>1583.6</ele>
   </trkpt>
   <trkpt lat="-28.0914430" lon="-65.9053680">
    <ele>1583.9</ele>
   </trkpt>
   <trkpt lat="-28.0914610" lon="-65.9053850">
    <ele>1584.2</ele>
   </trkpt>
   <trkpt lat="-28.0914780" lon="-65.9054030">
    <ele>1584.4</ele>
   </trkpt>
   <trkpt lat="-28.0914950" lon="-65.9054210">
    <ele>1584.7</ele>
   </trkpt>
   <trkpt lat="-28.0915110" lon="-65.9054390">
    <ele>1585.0</ele>
   </trkpt>
   <trkpt lat="-28.0915270" lon="-65.9054580">
    <ele>1585.2</ele>
   </trkpt>
   <trkpt lat="-28.0915420" lon="-65.9054780">
    <ele>1585.4</ele>
   </trkpt>
   <trkpt lat="-28.0915570" lon="-65.9054990">
    <ele>1585.7</ele>
   </trkpt>
   <trkpt lat="-28.0915710" lon="-65.9055220">
    <ele>1585.9</ele>
   </trkpt>
   <trkpt lat="-28.0915840" lon="-65.9055460">
    <ele>1586.2</ele>
   </trkpt>
   <trkpt lat="-28.0915950" lon="-65.9055730">
    <ele>1586.4</ele>
   </trkpt>
   <trkpt lat="-28.0916050" lon="-65.9055990">
    <ele>1586.7</ele>
   </trkpt>
   <trkpt lat="-28.0916100" lon="-65.9056280">
    <ele>1586.9</ele>
   </trkpt>
   <trkpt lat="-28.0916150" lon="-65.9056570">
    <ele>1587.1</ele>
   </trkpt>
   <trkpt lat="-28.0916140" lon="-65.9056860">
    <ele>1587.3</ele>
   </trkpt>
   <trkpt lat="-28.0916130" lon="-65.9057160">
    <ele>1587.5</ele>
   </trkpt>
   <trkpt lat="-28.0916080" lon="-65.9057460">
    <ele>1587.7</ele>
   </trkpt>
   <trkpt lat="-28.0916020" lon="-65.9057750">
    <ele>1587.9</ele>
   </trkpt>
   <trkpt lat="-28.0915910" lon="-65.9058040">
    <ele>1588.1</ele>
   </trkpt>
   <trkpt lat="-28.0915800" lon="-65.9058330">
    <ele>1588.2</ele>
   </trkpt>
   <trkpt lat="-28.0915660" lon="-65.9058610">
    <ele>1588.4</ele>
   </trkpt>
   <trkpt lat="-28.0915520" lon="-65.9058890">
    <ele>1588.6</ele>
   </trkpt>
   <trkpt lat="-28.0915360" lon="-65.9059160">
    <ele>1588.8</ele>
   </trkpt>
   <trkpt lat="-28.0915200" lon="-65.9059420">
    <ele>1588.9</ele>
   </trkpt>
   <trkpt lat="-28.0915040" lon="-65.9059680">
    <ele>1589.1</ele>
   </trkpt>
   <trkpt lat="-28.0914880" lon="-65.9059940">
    <ele>1589.3</ele>
   </trkpt>
   <trkpt lat="-28.0914730" lon="-65.9060200">
    <ele>1589.4</ele>
   </trkpt>
   <trkpt lat="-28.0914570" lon="-65.9060460">
    <ele>1589.6</ele>
   </trkpt>
   <trkpt lat="-28.0914410" lon="-65.9060710">
    <ele>1589.8</ele>
   </trkpt>
   <trkpt lat="-28.0914260" lon="-65.9060970">
    <ele>1589.9</ele>
   </trkpt>
   <trkpt lat="-28.0914100" lon="-65.9061210">
    <ele>1590.1</ele>
   </trkpt>
   <trkpt lat="-28.0913940" lon="-65.9061450">
    <ele>1590.2</ele>
   </trkpt>
   <trkpt lat="-28.0913780" lon="-65.9061690">
    <ele>1590.4</ele>
   </trkpt>
   <trkpt lat="-28.0913620" lon="-65.9061930">
    <ele>1590.5</ele>
   </trkpt>
   <trkpt lat="-28.0913460" lon="-65.9062180">
    <ele>1590.6</ele>
   </trkpt>
   <trkpt lat="-28.0913300" lon="-65.9062430">
    <ele>1590.7</ele>
   </trkpt>
   <trkpt lat="-28.0913140" lon="-65.9062690">
    <ele>1590.8</ele>
   </trkpt>
   <trkpt lat="-28.0912980" lon="-65.9062950">
    <ele>1590.9</ele>
   </trkpt>
   <trkpt lat="-28.0912820" lon="-65.9063220">
    <ele>1591.0</ele>
   </trkpt>
   <trkpt lat="-28.0912670" lon="-65.9063480">
    <ele>1591.1</ele>
   </trkpt>
   <trkpt lat="-28.0912520" lon="-65.9063750">
    <ele>1591.2</ele>
   </trkpt>
   <trkpt lat="-28.0912370" lon="-65.9064020">
    <ele>1591.3</ele>
   </trkpt>
   <trkpt lat="-28.0912220" lon="-65.9064290">
    <ele>1591.5</ele>
   </trkpt>
   <trkpt lat="-28.0912070" lon="-65.9064560">
    <ele>1591.6</ele>
   </trkpt>
   <trkpt lat="-28.0911930" lon="-65.9064830">
    <ele>1591.7</ele>
   </trkpt>
   <trkpt lat="-28.0911790" lon="-65.9065100">
    <ele>1591.8</ele>
   </trkpt>
   <trkpt lat="-28.0911650" lon="-65.9065370">
    <ele>1591.9</ele>
   </trkpt>
   <trkpt lat="-28.0911520" lon="-65.9065640">
    <ele>1592.1</ele>
   </trkpt>
   <trkpt lat="-28.0911390" lon="-65.9065910">
    <ele>1592.2</ele>
   </trkpt>
   <trkpt lat="-28.0911250" lon="-65.9066180">
    <ele>1592.3</ele>
   </trkpt>
   <trkpt lat="-28.0911110" lon="-65.9066430">
    <ele>1592.5</ele>
   </trkpt>
   <trkpt lat="-28.0910970" lon="-65.9066690">
    <ele>1592.7</ele>
   </trkpt>
   <trkpt lat="-28.0910810" lon="-65.9066950">
    <ele>1592.9</ele>
   </trkpt>
   <trkpt lat="-28.0910660" lon="-65.9067200">
    <ele>1593.0</ele>
   </trkpt>
   <trkpt lat="-28.0910500" lon="-65.9067450">
    <ele>1593.2</ele>
   </trkpt>
   <trkpt lat="-28.0910330" lon="-65.9067690">
    <ele>1593.4</ele>
   </trkpt>
   <trkpt lat="-28.0910150" lon="-65.9067920">
    <ele>1593.6</ele>
   </trkpt>
   <trkpt lat="-28.0909970" lon="-65.9068150">
    <ele>1593.8</ele>
   </trkpt>
   <trkpt lat="-28.0909770" lon="-65.9068370">
    <ele>1594.1</ele>
   </trkpt>
   <trkpt lat="-28.0909580" lon="-65.9068580">
    <ele>1594.3</ele>
   </trkpt>
   <trkpt lat="-28.0909400" lon="-65.9068790">
    <ele>1594.6</ele>
   </trkpt>
   <trkpt lat="-28.0909210" lon="-65.9069010">
    <ele>1594.8</ele>
   </trkpt>
   <trkpt lat="-28.0909060" lon="-65.9069230">
    <ele>1595.1</ele>
   </trkpt>
   <trkpt lat="-28.0908910" lon="-65.9069460">
    <ele>1595.5</ele>
   </trkpt>
   <trkpt lat="-28.0908810" lon="-65.9069680">
    <ele>1595.8</ele>
   </trkpt>
   <trkpt lat="-28.0908710" lon="-65.9069910">
    <ele>1596.1</ele>
   </trkpt>
   <trkpt lat="-28.0908670" lon="-65.9070150">
    <ele>1596.4</ele>
   </trkpt>
   <trkpt lat="-28.0908630" lon="-65.9070390">
    <ele>1596.8</ele>
   </trkpt>
   <trkpt lat="-28.0908660" lon="-65.9070630">
    <ele>1597.1</ele>
   </trkpt>
   <trkpt lat="-28.0908690" lon="-65.9070870">
    <ele>1597.4</ele>
   </trkpt>
   <trkpt lat="-28.0908790" lon="-65.9071110">
    <ele>1597.7</ele>
   </trkpt>
   <trkpt lat="-28.0908890" lon="-65.9071340">
    <ele>1597.9</ele>
   </trkpt>
   <trkpt lat="-28.0909040" lon="-65.9071550">
    <ele>1598.2</ele>
   </trkpt>
   <trkpt lat="-28.0909190" lon="-65.9071770">
    <ele>1598.5</ele>
   </trkpt>
   <trkpt lat="-28.0909380" lon="-65.9071970">
    <ele>1598.8</ele>
   </trkpt>
   <trkpt lat="-28.0909570" lon="-65.9072170">
    <ele>1599.1</ele>
   </trkpt>
   <trkpt lat="-28.0909770" lon="-65.9072360">
    <ele>1599.4</ele>
   </trkpt>
   <trkpt lat="-28.0909970" lon="-65.9072550">
    <ele>1599.7</ele>
   </trkpt>
   <trkpt lat="-28.0910170" lon="-65.9072730">
    <ele>1600.0</ele>
   </trkpt>
   <trkpt lat="-28.0910370" lon="-65.9072920">
    <ele>1600.3</ele>
   </trkpt>
   <trkpt lat="-28.0910570" lon="-65.9073110">
    <ele>1600.6</ele>
   </trkpt>
   <trkpt lat="-28.0910760" lon="-65.9073300">
    <ele>1600.9</ele>
   </trkpt>
   <trkpt lat="-28.0910940" lon="-65.9073490">
    <ele>1601.2</ele>
   </trkpt>
   <trkpt lat="-28.0911130" lon="-65.9073690">
    <ele>1601.5</ele>
   </trkpt>
   <trkpt lat="-28.0911310" lon="-65.9073870">
    <ele>1601.8</ele>
   </trkpt>
   <trkpt lat="-28.0911490" lon="-65.9074060">
    <ele>1602.1</ele>
   </trkpt>
   <trkpt lat="-28.0911670" lon="-65.9074240">
    <ele>1602.4</ele>
   </trkpt>
   <trkpt lat="-28.0911850" lon="-65.9074420">
    <ele>1602.8</ele>
   </trkpt>
   <trkpt lat="-28.0912020" lon="-65.9074590">
    <ele>1603.1</ele>
   </trkpt>
   <trkpt lat="-28.0912190" lon="-65.9074770">
    <ele>1603.4</ele>
   </trkpt>
   <trkpt lat="-28.0912350" lon="-65.9074940">
    <ele>1603.7</ele>
   </trkpt>
   <trkpt lat="-28.0912520" lon="-65.9075120">
    <ele>1604.0</ele>
   </trkpt>
   <trkpt lat="-28.0912680" lon="-65.9075300">
    <ele>1604.3</ele>
   </trkpt>
   <trkpt lat="-28.0912850" lon="-65.9075480">
    <ele>1604.6</ele>
   </trkpt>
   <trkpt lat="-28.0913020" lon="-65.9075670">
    <ele>1604.9</ele>
   </trkpt>
   <trkpt lat="-28.0913190" lon="-65.9075860">
    <ele>1605.2</ele>
   </trkpt>
   <trkpt lat="-28.0913340" lon="-65.9076070">
    <ele>1605.5</ele>
   </trkpt>
   <trkpt lat="-28.0913500" lon="-65.9076280">
    <ele>1605.9</ele>
   </trkpt>
   <trkpt lat="-28.0913620" lon="-65.9076520">
    <ele>1606.2</ele>
   </trkpt>
   <trkpt lat="-28.0913740" lon="-65.9076760">
    <ele>1606.5</ele>
   </trkpt>
   <trkpt lat="-28.0913810" lon="-65.9077020">
    <ele>1606.8</ele>
   </trkpt>
   <trkpt lat="-28.0913880" lon="-65.9077290">
    <ele>1607.2</ele>
   </trkpt>
   <trkpt lat="-28.0913910" lon="-65.9077570">
    <ele>1607.5</ele>
   </trkpt>
   <trkpt lat="-28.0913940" lon="-65.9077850">
    <ele>1607.8</ele>
   </trkpt>
   <trkpt lat="-28.0913930" lon="-65.9078140">
    <ele>1608.1</ele>
   </trkpt>
   <trkpt lat="-28.0913920" lon="-65.9078430">
    <ele>1608.5</ele>
   </trkpt>
   <trkpt lat="-28.0913880" lon="-65.9078720">
    <ele>1608.8</ele>
   </trkpt>
   <trkpt lat="-28.0913850" lon="-65.9079010">
    <ele>1609.0</ele>
   </trkpt>
   <trkpt lat="-28.0913790" lon="-65.9079290">
    <ele>1609.3</ele>
   </trkpt>
   <trkpt lat="-28.0913730" lon="-65.9079580">
    <ele>1609.6</ele>
   </trkpt>
   <trkpt lat="-28.0913650" lon="-65.9079860">
    <ele>1609.8</ele>
   </trkpt>
   <trkpt lat="-28.0913570" lon="-65.9080150">
    <ele>1610.0</ele>
   </trkpt>
   <trkpt lat="-28.0913490" lon="-65.9080430">
    <ele>1610.2</ele>
   </trkpt>
   <trkpt lat="-28.0913410" lon="-65.9080710">
    <ele>1610.4</ele>
   </trkpt>
   <trkpt lat="-28.0913320" lon="-65.9080990">
    <ele>1610.7</ele>
   </trkpt>
   <trkpt lat="-28.0913240" lon="-65.9081270">
    <ele>1610.9</ele>
   </trkpt>
   <trkpt lat="-28.0913150" lon="-65.9081560">
    <ele>1611.1</ele>
   </trkpt>
   <trkpt lat="-28.0913070" lon="-65.9081840">
    <ele>1611.3</ele>
   </trkpt>
   <trkpt lat="-28.0912980" lon="-65.9082130">
    <ele>1611.5</ele>
   </trkpt>
   <trkpt lat="-28.0912900" lon="-65.9082420">
    <ele>1611.8</ele>
   </trkpt>
   <trkpt lat="-28.0912830" lon="-65.9082710">
    <ele>1612.0</ele>
   </trkpt>
   <trkpt lat="-28.0912750" lon="-65.9083010">
    <ele>1612.2</ele>
   </trkpt>
   <trkpt lat="-28.0912700" lon="-65.9083310">
    <ele>1612.4</ele>
   </trkpt>
   <trkpt lat="-28.0912640" lon="-65.9083600">
    <ele>1612.7</ele>
   </trkpt>
   <trkpt lat="-28.0912590" lon="-65.9083900">
    <ele>1612.9</ele>
   </trkpt>
   <trkpt lat="-28.0912550" lon="-65.9084190">
    <ele>1613.2</ele>
   </trkpt>
   <trkpt lat="-28.0912520" lon="-65.9084480">
    <ele>1613.4</ele>
   </trkpt>
   <trkpt lat="-28.0912490" lon="-65.9084760">
    <ele>1613.7</ele>
   </trkpt>
   <trkpt lat="-28.0912470" lon="-65.9085050">
    <ele>1614.0</ele>
   </trkpt>
   <trkpt lat="-28.0912440" lon="-65.9085330">
    <ele>1614.4</ele>
   </trkpt>
   <trkpt lat="-28.0912420" lon="-65.9085610">
    <ele>1614.7</ele>
   </trkpt>
   <trkpt lat="-28.0912390" lon="-65.9085880">
    <ele>1615.0</ele>
   </trkpt>
   <trkpt lat="-28.0912330" lon="-65.9086130">
    <ele>1615.4</ele>
   </trkpt>
   <trkpt lat="-28.0912260" lon="-65.9086380">
    <ele>1615.7</ele>
   </trkpt>
   <trkpt lat="-28.0912130" lon="-65.9086560">
    <ele>1616.1</ele>
   </trkpt>
   <trkpt lat="-28.0911990" lon="-65.9086740">
    <ele>1616.4</ele>
   </trkpt>
   <trkpt lat="-28.0911810" lon="-65.9086800">
    <ele>1616.8</ele>
   </trkpt>
   <trkpt lat="-28.0911630" lon="-65.9086860">
    <ele>1617.1</ele>
   </trkpt>
   <trkpt lat="-28.0911450" lon="-65.9086770">
    <ele>1617.4</ele>
   </trkpt>
   <trkpt lat="-28.0911280" lon="-65.9086680">
    <ele>1617.8</ele>
   </trkpt>
   <trkpt lat="-28.0911150" lon="-65.9086480">
    <ele>1618.1</ele>
   </trkpt>
   <trkpt lat="-28.0911020" lon="-65.9086280">
    <ele>1618.5</ele>
   </trkpt>
   <trkpt lat="-28.0910960" lon="-65.9086020">
    <ele>1618.9</ele>
   </trkpt>
   <trkpt lat="-28.0910890" lon="-65.9085750">
    <ele>1619.3</ele>
   </trkpt>
   <trkpt lat="-28.0910870" lon="-65.9085460">
    <ele>1619.7</ele>
   </trkpt>
   <trkpt lat="-28.0910850" lon="-65.9085170">
    <ele>1620.0</ele>
   </trkpt>
   <trkpt lat="-28.0910850" lon="-65.9084870">
    <ele>1620.4</ele>
   </trkpt>
   <trkpt lat="-28.0910850" lon="-65.9084560">
    <ele>1620.7</ele>
   </trkpt>
   <trkpt lat="-28.0910840" lon="-65.9084250">
    <ele>1621.0</ele>
   </trkpt>
   <trkpt lat="-28.0910830" lon="-65.9083940">
    <ele>1621.3</ele>
   </trkpt>
   <trkpt lat="-28.0910790" lon="-65.9083650">
    <ele>1621.5</ele>
   </trkpt>
   <trkpt lat="-28.0910760" lon="-65.9083350">
    <ele>1621.7</ele>
   </trkpt>
   <trkpt lat="-28.0910660" lon="-65.9083080">
    <ele>1622.0</ele>
   </trkpt>
   <trkpt lat="-28.0910570" lon="-65.9082810">
    <ele>1622.2</ele>
   </trkpt>
   <trkpt lat="-28.0910410" lon="-65.9082590">
    <ele>1622.4</ele>
   </trkpt>
   <trkpt lat="-28.0910250" lon="-65.9082360">
    <ele>1622.6</ele>
   </trkpt>
   <trkpt lat="-28.0910030" lon="-65.9082180">
    <ele>1622.9</ele>
   </trkpt>
   <trkpt lat="-28.0909820" lon="-65.9082000">
    <ele>1623.1</ele>
   </trkpt>
   <trkpt lat="-28.0909560" lon="-65.9081870">
    <ele>1623.4</ele>
   </trkpt>
   <trkpt lat="-28.0909300" lon="-65.9081730">
    <ele>1623.6</ele>
   </trkpt>
   <trkpt lat="-28.0909030" lon="-65.9081630">
    <ele>1623.9</ele>
   </trkpt>
   <trkpt lat="-28.0908750" lon="-65.9081530">
    <ele>1624.1</ele>
   </trkpt>
   <trkpt lat="-28.0908470" lon="-65.9081470">
    <ele>1624.4</ele>
   </trkpt>
   <trkpt lat="-28.0908180" lon="-65.9081400">
    <ele>1624.6</ele>
   </trkpt>
   <trkpt lat="-28.0907900" lon="-65.9081360">
    <ele>1624.8</ele>
   </trkpt>
   <trkpt lat="-28.0907620" lon="-65.9081320">
    <ele>1625.0</ele>
   </trkpt>
   <trkpt lat="-28.0907350" lon="-65.9081300">
    <ele>1625.2</ele>
   </trkpt>
   <trkpt lat="-28.0907080" lon="-65.9081280">
    <ele>1625.5</ele>
   </trkpt>
   <trkpt lat="-28.0906820" lon="-65.9081270">
    <ele>1625.7</ele>
   </trkpt>
   <trkpt lat="-28.0906550" lon="-65.9081260">
    <ele>1625.9</ele>
   </trkpt>
   <trkpt lat="-28.0906290" lon="-65.9081250">
    <ele>1626.1</ele>
   </trkpt>
   <trkpt lat="-28.0906040" lon="-65.9081250">
    <ele>1626.4</ele>
   </trkpt>
   <trkpt lat="-28.0905770" lon="-65.9081240">
    <ele>1626.6</ele>
   </trkpt>
   <trkpt lat="-28.0905510" lon="-65.9081230">
    <ele>1626.8</ele>
   </trkpt>
   <trkpt lat="-28.0905240" lon="-65.9081230">
    <ele>1627.1</ele>
   </trkpt>
   <trkpt lat="-28.0904980" lon="-65.9081220">
    <ele>1627.3</ele>
   </trkpt>
   <trkpt lat="-28.0904720" lon="-65.9081210">
    <ele>1627.6</ele>
   </trkpt>
   <trkpt lat="-28.0904460" lon="-65.9081210">
    <ele>1627.8</ele>
   </trkpt>
   <trkpt lat="-28.0904210" lon="-65.9081220">
    <ele>1628.1</ele>
   </trkpt>
   <trkpt lat="-28.0903960" lon="-65.9081230">
    <ele>1628.3</ele>
   </trkpt>
   <trkpt lat="-28.0903720" lon="-65.9081280">
    <ele>1628.6</ele>
   </trkpt>
   <trkpt lat="-28.0903490" lon="-65.9081330">
    <ele>1628.8</ele>
   </trkpt>
   <trkpt lat="-28.0903260" lon="-65.9081430">
    <ele>1629.1</ele>
   </trkpt>
   <trkpt lat="-28.0903030" lon="-65.9081530">
    <ele>1629.4</ele>
   </trkpt>
   <trkpt lat="-28.0902810" lon="-65.9081670">
    <ele>1629.6</ele>
   </trkpt>
   <trkpt lat="-28.0902590" lon="-65.9081810">
    <ele>1629.9</ele>
   </trkpt>
   <trkpt lat="-28.0902370" lon="-65.9081990">
    <ele>1630.2</ele>
   </trkpt>
   <trkpt lat="-28.0902150" lon="-65.9082160">
    <ele>1630.4</ele>
   </trkpt>
   <trkpt lat="-28.0901950" lon="-65.9082360">
    <ele>1630.7</ele>
   </trkpt>
   <trkpt lat="-28.0901740" lon="-65.9082550">
    <ele>1630.9</ele>
   </trkpt>
   <trkpt lat="-28.0901550" lon="-65.9082750">
    <ele>1631.2</ele>
   </trkpt>
   <trkpt lat="-28.0901350" lon="-65.9082960">
    <ele>1631.4</ele>
   </trkpt>
   <trkpt lat="-28.0901160" lon="-65.9083170">
    <ele>1631.6</ele>
   </trkpt>
   <trkpt lat="-28.0900980" lon="-65.9083390">
    <ele>1631.9</ele>
   </trkpt>
   <trkpt lat="-28.0900800" lon="-65.9083620">
    <ele>1632.1</ele>
   </trkpt>
   <trkpt lat="-28.0900620" lon="-65.9083850">
    <ele>1632.4</ele>
   </trkpt>
   <trkpt lat="-28.0900440" lon="-65.9084080">
    <ele>1632.6</ele>
   </trkpt>
   <trkpt lat="-28.0900260" lon="-65.9084310">
    <ele>1632.8</ele>
   </trkpt>
   <trkpt lat="-28.0900080" lon="-65.9084540">
    <ele>1633.1</ele>
   </trkpt>
   <trkpt lat="-28.0899910" lon="-65.9084760">
    <ele>1633.3</ele>
   </trkpt>
   <trkpt lat="-28.0899730" lon="-65.9084980">
    <ele>1633.5</ele>
   </trkpt>
   <trkpt lat="-28.0899560" lon="-65.9085200">
    <ele>1633.7</ele>
   </trkpt>
   <trkpt lat="-28.0899390" lon="-65.9085420">
    <ele>1633.9</ele>
   </trkpt>
   <trkpt lat="-28.0899220" lon="-65.9085630">
    <ele>1634.1</ele>
   </trkpt>
   <trkpt lat="-28.0899050" lon="-65.9085850">
    <ele>1634.4</ele>
   </trkpt>
   <trkpt lat="-28.0898880" lon="-65.9086060">
    <ele>1634.6</ele>
   </trkpt>
   <trkpt lat="-28.0898710" lon="-65.9086280">
    <ele>1634.8</ele>
   </trkpt>
   <trkpt lat="-28.0898540" lon="-65.9086490">
    <ele>1635.0</ele>
   </trkpt>
   <trkpt lat="-28.0898360" lon="-65.9086710">
    <ele>1635.3</ele>
   </trkpt>
   <trkpt lat="-28.0898180" lon="-65.9086920">
    <ele>1635.5</ele>
   </trkpt>
   <trkpt lat="-28.0898000" lon="-65.9087140">
    <ele>1635.8</ele>
   </trkpt>
   <trkpt lat="-28.0897810" lon="-65.9087350">
    <ele>1636.0</ele>
   </trkpt>
   <trkpt lat="-28.0897630" lon="-65.9087560">
    <ele>1636.3</ele>
   </trkpt>
   <trkpt lat="-28.0897450" lon="-65.9087770">
    <ele>1636.5</ele>
   </trkpt>
   <trkpt lat="-28.0897270" lon="-65.9087980">
    <ele>1636.8</ele>
   </trkpt>
   <trkpt lat="-28.0897090" lon="-65.9088190">
    <ele>1637.0</ele>
   </trkpt>
   <trkpt lat="-28.0896910" lon="-65.9088410">
    <ele>1637.3</ele>
   </trkpt>
   <trkpt lat="-28.0896730" lon="-65.9088620">
    <ele>1637.6</ele>
   </trkpt>
   <trkpt lat="-28.0896550" lon="-65.9088820">
    <ele>1637.8</ele>
   </trkpt>
   <trkpt lat="-28.0896370" lon="-65.9089020">
    <ele>1638.1</ele>
   </trkpt>
   <trkpt lat="-28.0896180" lon="-65.9089210">
    <ele>1638.4</ele>
   </trkpt>
   <trkpt lat="-28.0896000" lon="-65.9089400">
    <ele>1638.7</ele>
   </trkpt>
   <trkpt lat="-28.0895820" lon="-65.9089580">
    <ele>1638.9</ele>
   </trkpt>
   <trkpt lat="-28.0895630" lon="-65.9089770">
    <ele>1639.2</ele>
   </trkpt>
   <trkpt lat="-28.0895450" lon="-65.9089950">
    <ele>1639.5</ele>
   </trkpt>
   <trkpt lat="-28.0895270" lon="-65.9090140">
    <ele>1639.8</ele>
   </trkpt>
   <trkpt lat="-28.0895090" lon="-65.9090330">
    <ele>1640.1</ele>
   </trkpt>
   <trkpt lat="-28.0894910" lon="-65.9090520">
    <ele>1640.4</ele>
   </trkpt>
   <trkpt lat="-28.0894740" lon="-65.9090720">
    <ele>1640.7</ele>
   </trkpt>
   <trkpt lat="-28.0894570" lon="-65.9090910">
    <ele>1640.9</ele>
   </trkpt>
   <trkpt lat="-28.0894420" lon="-65.9091120">
    <ele>1641.2</ele>
   </trkpt>
   <trkpt lat="-28.0894260" lon="-65.9091330">
    <ele>1641.5</ele>
   </trkpt>
   <trkpt lat="-28.0894130" lon="-65.9091550">
    <ele>1641.8</ele>
   </trkpt>
   <trkpt lat="-28.0894000" lon="-65.9091780">
    <ele>1642.1</ele>
   </trkpt>
   <trkpt lat="-28.0893910" lon="-65.9092020">
    <ele>1642.3</ele>
   </trkpt>
   <trkpt lat="-28.0893820" lon="-65.9092270">
    <ele>1642.6</ele>
   </trkpt>
   <trkpt lat="-28.0893770" lon="-65.9092530">
    <ele>1642.8</ele>
   </trkpt>
   <trkpt lat="-28.0893730" lon="-65.9092790">
    <ele>1643.1</ele>
   </trkpt>
   <trkpt lat="-28.0893710" lon="-65.9093070">
    <ele>1643.4</ele>
   </trkpt>
   <trkpt lat="-28.0893700" lon="-65.9093340">
    <ele>1643.7</ele>
   </trkpt>
   <trkpt lat="-28.0893700" lon="-65.9093620">
    <ele>1643.9</ele>
   </trkpt>
   <trkpt lat="-28.0893700" lon="-65.9093890">
    <ele>1644.2</ele>
   </trkpt>
   <trkpt lat="-28.0893710" lon="-65.9094170">
    <ele>1644.5</ele>
   </trkpt>
   <trkpt lat="-28.0893720" lon="-65.9094450">
    <ele>1644.8</ele>
   </trkpt>
   <trkpt lat="-28.0893730" lon="-65.9094730">
    <ele>1645.0</ele>
   </trkpt>
   <trkpt lat="-28.0893750" lon="-65.9095010">
    <ele>1645.3</ele>
   </trkpt>
   <trkpt lat="-28.0893770" lon="-65.9095280">
    <ele>1645.6</ele>
   </trkpt>
   <trkpt lat="-28.0893790" lon="-65.9095550">
    <ele>1645.8</ele>
   </trkpt>
   <trkpt lat="-28.0893820" lon="-65.9095820">
    <ele>1646.1</ele>
   </trkpt>
   <trkpt lat="-28.0893850" lon="-65.9096090">
    <ele>1646.4</ele>
   </trkpt>
   <trkpt lat="-28.0893880" lon="-65.9096360">
    <ele>1646.6</ele>
   </trkpt>
   <trkpt lat="-28.0893910" lon="-65.9096630">
    <ele>1646.9</ele>
   </trkpt>
   <trkpt lat="-28.0893950" lon="-65.9096900">
    <ele>1647.2</ele>
   </trkpt>
   <trkpt lat="-28.0893990" lon="-65.9097170">
    <ele>1647.5</ele>
   </trkpt>
   <trkpt lat="-28.0894030" lon="-65.9097440">
    <ele>1647.7</ele>
   </trkpt>
   <trkpt lat="-28.0894060" lon="-65.9097710">
    <ele>1648.0</ele>
   </trkpt>
   <trkpt lat="-28.0894090" lon="-65.9097990">
    <ele>1648.3</ele>
   </trkpt>
   <trkpt lat="-28.0894120" lon="-65.9098260">
    <ele>1648.5</ele>
   </trkpt>
   <trkpt lat="-28.0894130" lon="-65.9098540">
    <ele>1648.8</ele>
   </trkpt>
   <trkpt lat="-28.0894150" lon="-65.9098820">
    <ele>1649.1</ele>
   </trkpt>
   <trkpt lat="-28.0894160" lon="-65.9099090">
    <ele>1649.3</ele>
   </trkpt>
   <trkpt lat="-28.0894170" lon="-65.9099370">
    <ele>1649.6</ele>
   </trkpt>
   <trkpt lat="-28.0894170" lon="-65.9099640">
    <ele>1649.8</ele>
   </trkpt>
   <trkpt lat="-28.0894180" lon="-65.9099920">
    <ele>1650.0</ele>
   </trkpt>
   <trkpt lat="-28.0894180" lon="-65.9100190">
    <ele>1650.3</ele>
   </trkpt>
   <trkpt lat="-28.0894190" lon="-65.9100460">
    <ele>1650.5</ele>
   </trkpt>
   <trkpt lat="-28.0894200" lon="-65.9100730">
    <ele>1650.8</ele>
   </trkpt>
   <trkpt lat="-28.0894210" lon="-65.9101010">
    <ele>1651.0</ele>
   </trkpt>
   <trkpt lat="-28.0894230" lon="-65.9101300">
    <ele>1651.3</ele>
   </trkpt>
   <trkpt lat="-28.0894240" lon="-65.9101590">
    <ele>1651.5</ele>
   </trkpt>
   <trkpt lat="-28.0894260" lon="-65.9101880">
    <ele>1651.8</ele>
   </trkpt>
   <trkpt lat="-28.0894280" lon="-65.9102180">
    <ele>1652.0</ele>
   </trkpt>
   <trkpt lat="-28.0894290" lon="-65.9102470">
    <ele>1652.3</ele>
   </trkpt>
   <trkpt lat="-28.0894310" lon="-65.9102760">
    <ele>1652.6</ele>
   </trkpt>
   <trkpt lat="-28.0894320" lon="-65.9103040">
    <ele>1652.8</ele>
   </trkpt>
   <trkpt lat="-28.0894330" lon="-65.9103320">
    <ele>1653.1</ele>
   </trkpt>
   <trkpt lat="-28.0894340" lon="-65.9103590">
    <ele>1653.4</ele>
   </trkpt>
   <trkpt lat="-28.0894340" lon="-65.9103870">
    <ele>1653.6</ele>
   </trkpt>
   <trkpt lat="-28.0894340" lon="-65.9104150">
    <ele>1653.9</ele>
   </trkpt>
   <trkpt lat="-28.0894330" lon="-65.9104420">
    <ele>1654.1</ele>
   </trkpt>
   <trkpt lat="-28.0894310" lon="-65.9104700">
    <ele>1654.4</ele>
   </trkpt>
   <trkpt lat="-28.0894300" lon="-65.9104970">
    <ele>1654.6</ele>
   </trkpt>
   <trkpt lat="-28.0894280" lon="-65.9105250">
    <ele>1654.8</ele>
   </trkpt>
   <trkpt lat="-28.0894260" lon="-65.9105530">
    <ele>1655.1</ele>
   </trkpt>
   <trkpt lat="-28.0894230" lon="-65.9105830">
    <ele>1655.3</ele>
   </trkpt>
   <trkpt lat="-28.0894200" lon="-65.9106120">
    <ele>1655.5</ele>
   </trkpt>
   <trkpt lat="-28.0894160" lon="-65.9106430">
    <ele>1655.7</ele>
   </trkpt>
   <trkpt lat="-28.0894120" lon="-65.9106730">
    <ele>1655.9</ele>
   </trkpt>
   <trkpt lat="-28.0894060" lon="-65.9107040">
    <ele>1656.2</ele>
   </trkpt>
   <trkpt lat="-28.0894000" lon="-65.9107350">
    <ele>1656.4</ele>
   </trkpt>
   <trkpt lat="-28.0893930" lon="-65.9107640">
    <ele>1656.6</ele>
   </trkpt>
   <trkpt lat="-28.0893850" lon="-65.9107940">
    <ele>1656.8</ele>
   </trkpt>
   <trkpt lat="-28.0893770" lon="-65.9108220">
    <ele>1657.1</ele>
   </trkpt>
   <trkpt lat="-28.0893680" lon="-65.9108510">
    <ele>1657.3</ele>
   </trkpt>
   <trkpt lat="-28.0893600" lon="-65.9108780">
    <ele>1657.5</ele>
   </trkpt>
   <trkpt lat="-28.0893530" lon="-65.9109040">
    <ele>1657.8</ele>
   </trkpt>
   <trkpt lat="-28.0893460" lon="-65.9109310">
    <ele>1658.0</ele>
   </trkpt>
   <trkpt lat="-28.0893390" lon="-65.9109580">
    <ele>1658.3</ele>
   </trkpt>
   <trkpt lat="-28.0893340" lon="-65.9109840">
    <ele>1658.5</ele>
   </trkpt>
   <trkpt lat="-28.0893290" lon="-65.9110110">
    <ele>1658.7</ele>
   </trkpt>
   <trkpt lat="-28.0893250" lon="-65.9110390">
    <ele>1659.0</ele>
   </trkpt>
   <trkpt lat="-28.0893220" lon="-65.9110660">
    <ele>1659.2</ele>
   </trkpt>
   <trkpt lat="-28.0893220" lon="-65.9110940">
    <ele>1659.5</ele>
   </trkpt>
   <trkpt lat="-28.0893230" lon="-65.9111220">
    <ele>1659.7</ele>
   </trkpt>
   <trkpt lat="-28.0893270" lon="-65.9111500">
    <ele>1660.0</ele>
   </trkpt>
   <trkpt lat="-28.0893320" lon="-65.9111770">
    <ele>1660.2</ele>
   </trkpt>
   <trkpt lat="-28.0893410" lon="-65.9112040">
    <ele>1660.5</ele>
   </trkpt>
   <trkpt lat="-28.0893500" lon="-65.9112310">
    <ele>1660.7</ele>
   </trkpt>
   <trkpt lat="-28.0893620" lon="-65.9112570">
    <ele>1661.0</ele>
   </trkpt>
   <trkpt lat="-28.0893750" lon="-65.9112820">
    <ele>1661.2</ele>
   </trkpt>
   <trkpt lat="-28.0893900" lon="-65.9113060">
    <ele>1661.4</ele>
   </trkpt>
   <trkpt lat="-28.0894060" lon="-65.9113290">
    <ele>1661.7</ele>
   </trkpt>
   <trkpt lat="-28.0894230" lon="-65.9113500">
    <ele>1661.9</ele>
   </trkpt>
   <trkpt lat="-28.0894410" lon="-65.9113710">
    <ele>1662.2</ele>
   </trkpt>
   <trkpt lat="-28.0894590" lon="-65.9113900">
    <ele>1662.4</ele>
   </trkpt>
   <trkpt lat="-28.0894770" lon="-65.9114100">
    <ele>1662.6</ele>
   </trkpt>
   <trkpt lat="-28.0894950" lon="-65.9114290">
    <ele>1662.9</ele>
   </trkpt>
   <trkpt lat="-28.0895130" lon="-65.9114480">
    <ele>1663.1</ele>
   </trkpt>
   <trkpt lat="-28.0895280" lon="-65.9114700">
    <ele>1663.3</ele>
   </trkpt>
   <trkpt lat="-28.0895420" lon="-65.9114930">
    <ele>1663.6</ele>
   </trkpt>
   <trkpt lat="-28.0895480" lon="-65.9115190">
    <ele>1663.7</ele>
   </trkpt>
   <trkpt lat="-28.0895540" lon="-65.9115460">
    <ele>1663.9</ele>
   </trkpt>
   <trkpt lat="-28.0895460" lon="-65.9115740">
    <ele>1664.1</ele>
   </trkpt>
   <trkpt lat="-28.0895390" lon="-65.9116020">
    <ele>1664.2</ele>
   </trkpt>
   <trkpt lat="-28.0895190" lon="-65.9116280">
    <ele>1664.4</ele>
   </trkpt>
   <trkpt lat="-28.0895000" lon="-65.9116540">
    <ele>1664.5</ele>
   </trkpt>
   <trkpt lat="-28.0894720" lon="-65.9116760">
    <ele>1664.6</ele>
   </trkpt>
   <trkpt lat="-28.0894450" lon="-65.9116970">
    <ele>1664.7</ele>
   </trkpt>
   <trkpt lat="-28.0894130" lon="-65.9117140">
    <ele>1664.7</ele>
   </trkpt>
   <trkpt lat="-28.0893820" lon="-65.9117320">
    <ele>1664.8</ele>
   </trkpt>
   <trkpt lat="-28.0893500" lon="-65.9117460">
    <ele>1664.8</ele>
   </trkpt>
   <trkpt lat="-28.0893180" lon="-65.9117590">
    <ele>1664.9</ele>
   </trkpt>
   <trkpt lat="-28.0892870" lon="-65.9117700">
    <ele>1664.9</ele>
   </trkpt>
   <trkpt lat="-28.0892550" lon="-65.9117810">
    <ele>1665.0</ele>
   </trkpt>
   <trkpt lat="-28.0892250" lon="-65.9117890">
    <ele>1665.0</ele>
   </trkpt>
   <trkpt lat="-28.0891940" lon="-65.9117980">
    <ele>1664.9</ele>
   </trkpt>
   <trkpt lat="-28.0891640" lon="-65.9118050">
    <ele>1664.9</ele>
   </trkpt>
   <trkpt lat="-28.0891350" lon="-65.9118130">
    <ele>1664.9</ele>
   </trkpt>
   <trkpt lat="-28.0891060" lon="-65.9118210">
    <ele>1664.8</ele>
   </trkpt>
   <trkpt lat="-28.0890770" lon="-65.9118290">
    <ele>1664.8</ele>
   </trkpt>
   <trkpt lat="-28.0890490" lon="-65.9118370">
    <ele>1664.7</ele>
   </trkpt>
   <trkpt lat="-28.0890210" lon="-65.9118440">
    <ele>1664.6</ele>
   </trkpt>
   <trkpt lat="-28.0889920" lon="-65.9118520">
    <ele>1664.5</ele>
   </trkpt>
   <trkpt lat="-28.0889640" lon="-65.9118590">
    <ele>1664.4</ele>
   </trkpt>
   <trkpt lat="-28.0889340" lon="-65.9118690">
    <ele>1664.2</ele>
   </trkpt>
   <trkpt lat="-28.0889040" lon="-65.9118790">
    <ele>1664.0</ele>
   </trkpt>
   <trkpt lat="-28.0888750" lon="-65.9118960">
    <ele>1663.8</ele>
   </trkpt>
   <trkpt lat="-28.0888450" lon="-65.9119130">
    <ele>1663.5</ele>
   </trkpt>
   <trkpt lat="-28.0888190" lon="-65.9119400">
    <ele>1663.3</ele>
   </trkpt>
   <trkpt lat="-28.0887940" lon="-65.9119660">
    <ele>1663.0</ele>
   </trkpt>
   <trkpt lat="-28.0887750" lon="-65.9119990">
    <ele>1662.8</ele>
   </trkpt>
   <trkpt lat="-28.0887560" lon="-65.9120330">
    <ele>1662.5</ele>
   </trkpt>
   <trkpt lat="-28.0887420" lon="-65.9120700">
    <ele>1662.3</ele>
   </trkpt>
   <trkpt lat="-28.0887280" lon="-65.9121080">
    <ele>1662.0</ele>
   </trkpt>
   <trkpt lat="-28.0887150" lon="-65.9121460">
    <ele>1661.8</ele>
   </trkpt>
   <trkpt lat="-28.0887020" lon="-65.9121840">
    <ele>1661.6</ele>
   </trkpt>
   <trkpt lat="-28.0886900" lon="-65.9122210">
    <ele>1661.4</ele>
   </trkpt>
   <trkpt lat="-28.0886770" lon="-65.9122580">
    <ele>1661.2</ele>
   </trkpt>
   <trkpt lat="-28.0886640" lon="-65.9122940">
    <ele>1661.0</ele>
   </trkpt>
   <trkpt lat="-28.0886510" lon="-65.9123300">
    <ele>1660.8</ele>
   </trkpt>
   <trkpt lat="-28.0886390" lon="-65.9123650">
    <ele>1660.7</ele>
   </trkpt>
   <trkpt lat="-28.0886280" lon="-65.9124000">
    <ele>1660.5</ele>
   </trkpt>
   <trkpt lat="-28.0886160" lon="-65.9124350">
    <ele>1660.4</ele>
   </trkpt>
   <trkpt lat="-28.0886050" lon="-65.9124690">
    <ele>1660.3</ele>
   </trkpt>
   <trkpt lat="-28.0885940" lon="-65.9125040">
    <ele>1660.1</ele>
   </trkpt>
   <trkpt lat="-28.0885830" lon="-65.9125390">
    <ele>1660.0</ele>
   </trkpt>
   <trkpt lat="-28.0885720" lon="-65.9125740">
    <ele>1659.9</ele>
   </trkpt>
   <trkpt lat="-28.0885600" lon="-65.9126090">
    <ele>1659.8</ele>
   </trkpt>
   <trkpt lat="-28.0885520" lon="-65.9126440">
    <ele>1659.7</ele>
   </trkpt>
   <trkpt lat="-28.0885430" lon="-65.9126790">
    <ele>1659.6</ele>
   </trkpt>
   <trkpt lat="-28.0885390" lon="-65.9127140">
    <ele>1659.5</ele>
   </trkpt>
   <trkpt lat="-28.0885350" lon="-65.9127490">
    <ele>1659.5</ele>
   </trkpt>
   <trkpt lat="-28.0885320" lon="-65.9127840">
    <ele>1659.4</ele>
   </trkpt>
   <trkpt lat="-28.0885280" lon="-65.9128190">
    <ele>1659.3</ele>
   </trkpt>
   <trkpt lat="-28.0885240" lon="-65.9128530">
    <ele>1659.3</ele>
   </trkpt>
   <trkpt lat="-28.0885200" lon="-65.9128880">
    <ele>1659.2</ele>
   </trkpt>
   <trkpt lat="-28.0885160" lon="-65.9129220">
    <ele>1659.1</ele>
   </trkpt>
   <trkpt lat="-28.0885120" lon="-65.9129560">
    <ele>1659.1</ele>
   </trkpt>
   <trkpt lat="-28.0885080" lon="-65.9129910">
    <ele>1659.0</ele>
   </trkpt>
   <trkpt lat="-28.0885040" lon="-65.9130260">
    <ele>1659.0</ele>
   </trkpt>
   <trkpt lat="-28.0885010" lon="-65.9130610">
    <ele>1659.1</ele>
   </trkpt>
   <trkpt lat="-28.0884980" lon="-65.9130960">
    <ele>1659.1</ele>
   </trkpt>
   <trkpt lat="-28.0884940" lon="-65.9131310">
    <ele>1659.2</ele>
   </trkpt>
   <trkpt lat="-28.0884910" lon="-65.9131660">
    <ele>1659.2</ele>
   </trkpt>
   <trkpt lat="-28.0884860" lon="-65.9132010">
    <ele>1659.3</ele>
   </trkpt>
   <trkpt lat="-28.0884820" lon="-65.9132350">
    <ele>1659.4</ele>
   </trkpt>
   <trkpt lat="-28.0884760" lon="-65.9132700">
    <ele>1659.5</ele>
   </trkpt>
   <trkpt lat="-28.0884700" lon="-65.9133050">
    <ele>1659.5</ele>
   </trkpt>
   <trkpt lat="-28.0884630" lon="-65.9133390">
    <ele>1659.6</ele>
   </trkpt>
   <trkpt lat="-28.0884560" lon="-65.9133740">
    <ele>1659.7</ele>
   </trkpt>
   <trkpt lat="-28.0884490" lon="-65.9134080">
    <ele>1659.8</ele>
   </trkpt>
   <trkpt lat="-28.0884420" lon="-65.9134420">
    <ele>1659.9</ele>
   </trkpt>
   <trkpt lat="-28.0884360" lon="-65.9134760">
    <ele>1660.0</ele>
   </trkpt>
   <trkpt lat="-28.0884300" lon="-65.9135110">
    <ele>1660.2</ele>
   </trkpt>
   <trkpt lat="-28.0884260" lon="-65.9135450">
    <ele>1660.3</ele>
   </trkpt>
   <trkpt lat="-28.0884220" lon="-65.9135790">
    <ele>1660.4</ele>
   </trkpt>
   <trkpt lat="-28.0884190" lon="-65.9136120">
    <ele>1660.5</ele>
   </trkpt>
   <trkpt lat="-28.0884170" lon="-65.9136460">
    <ele>1660.6</ele>
   </trkpt>
   <trkpt lat="-28.0884170" lon="-65.9136800">
    <ele>1660.7</ele>
   </trkpt>
   <trkpt lat="-28.0884160" lon="-65.9137130">
    <ele>1660.8</ele>
   </trkpt>
   <trkpt lat="-28.0884170" lon="-65.9137470">
    <ele>1660.9</ele>
   </trkpt>
   <trkpt lat="-28.0884190" lon="-65.9137810">
    <ele>1661.1</ele>
   </trkpt>
   <trkpt lat="-28.0884220" lon="-65.9138160">
    <ele>1661.1</ele>
   </trkpt>
   <trkpt lat="-28.0884250" lon="-65.9138510">
    <ele>1661.2</ele>
   </trkpt>
   <trkpt lat="-28.0884300" lon="-65.9138870">
    <ele>1661.3</ele>
   </trkpt>
   <trkpt lat="-28.0884350" lon="-65.9139230">
    <ele>1661.4</ele>
   </trkpt>
   <trkpt lat="-28.0884420" lon="-65.9139590">
    <ele>1661.4</ele>
   </trkpt>
   <trkpt lat="-28.0884490" lon="-65.9139950">
    <ele>1661.5</ele>
   </trkpt>
   <trkpt lat="-28.0884560" lon="-65.9140310">
    <ele>1661.5</ele>
   </trkpt>
   <trkpt lat="-28.0884630" lon="-65.9140670">
    <ele>1661.6</ele>
   </trkpt>
   <trkpt lat="-28.0884700" lon="-65.9141030">
    <ele>1661.7</ele>
   </trkpt>
   <trkpt lat="-28.0884770" lon="-65.9141390">
    <ele>1661.8</ele>
   </trkpt>
   <trkpt lat="-28.0884820" lon="-65.9141750">
    <ele>1661.9</ele>
   </trkpt>
   <trkpt lat="-28.0884880" lon="-65.9142110">
    <ele>1662.0</ele>
   </trkpt>
   <trkpt lat="-28.0884920" lon="-65.9142480">
    <ele>1662.1</ele>
   </trkpt>
   <trkpt lat="-28.0884960" lon="-65.9142840">
    <ele>1662.3</ele>
   </trkpt>
   <trkpt lat="-28.0884970" lon="-65.9143190">
    <ele>1662.5</ele>
   </trkpt>
   <trkpt lat="-28.0884980" lon="-65.9143550">
    <ele>1662.7</ele>
   </trkpt>
   <trkpt lat="-28.0884940" lon="-65.9143890">
    <ele>1662.9</ele>
   </trkpt>
   <trkpt lat="-28.0884910" lon="-65.9144220">
    <ele>1663.1</ele>
   </trkpt>
   <trkpt lat="-28.0884850" lon="-65.9144540">
    <ele>1663.4</ele>
   </trkpt>
   <trkpt lat="-28.0884790" lon="-65.9144860">
    <ele>1663.6</ele>
   </trkpt>
   <trkpt lat="-28.0884730" lon="-65.9145170">
    <ele>1663.9</ele>
   </trkpt>
   <trkpt lat="-28.0884660" lon="-65.9145470">
    <ele>1664.1</ele>
   </trkpt>
   <trkpt lat="-28.0884590" lon="-65.9145770">
    <ele>1664.4</ele>
   </trkpt>
   <trkpt lat="-28.0884520" lon="-65.9146070">
    <ele>1664.6</ele>
   </trkpt>
   <trkpt lat="-28.0884440" lon="-65.9146360">
    <ele>1664.8</ele>
   </trkpt>
   <trkpt lat="-28.0884360" lon="-65.9146650">
    <ele>1665.0</ele>
   </trkpt>
   <trkpt lat="-28.0884280" lon="-65.9146950">
    <ele>1665.2</ele>
   </trkpt>
   <trkpt lat="-28.0884190" lon="-65.9147240">
    <ele>1665.4</ele>
   </trkpt>
   <trkpt lat="-28.0884100" lon="-65.9147560">
    <ele>1665.6</ele>
   </trkpt>
   <trkpt lat="-28.0884010" lon="-65.9147870">
    <ele>1665.7</ele>
   </trkpt>
   <trkpt lat="-28.0883920" lon="-65.9148200">
    <ele>1665.8</ele>
   </trkpt>
   <trkpt lat="-28.0883840" lon="-65.9148530">
    <ele>1665.9</ele>
   </trkpt>
   <trkpt lat="-28.0883730" lon="-65.9148860">
    <ele>1666.0</ele>
   </trkpt>
   <trkpt lat="-28.0883620" lon="-65.9149190">
    <ele>1666.0</ele>
   </trkpt>
   <trkpt lat="-28.0883450" lon="-65.9149510">
    <ele>1666.0</ele>
   </trkpt>
   <trkpt lat="-28.0883280" lon="-65.9149840">
    <ele>1665.9</ele>
   </trkpt>
   <trkpt lat="-28.0883050" lon="-65.9150130">
    <ele>1665.9</ele>
   </trkpt>
   <trkpt lat="-28.0882810" lon="-65.9150420">
    <ele>1665.8</ele>
   </trkpt>
   <trkpt lat="-28.0882540" lon="-65.9150680">
    <ele>1665.8</ele>
   </trkpt>
   <trkpt lat="-28.0882270" lon="-65.9150940">
    <ele>1665.8</ele>
   </trkpt>
   <trkpt lat="-28.0882000" lon="-65.9151180">
    <ele>1665.8</ele>
   </trkpt>
   <trkpt lat="-28.0881740" lon="-65.9151430">
    <ele>1665.8</ele>
   </trkpt>
   <trkpt lat="-28.0881520" lon="-65.9151700">
    <ele>1665.9</ele>
   </trkpt>
   <trkpt lat="-28.0881310" lon="-65.9151970">
    <ele>1665.9</ele>
   </trkpt>
   <trkpt lat="-28.0881140" lon="-65.9152270">
    <ele>1666.0</ele>
   </trkpt>
   <trkpt lat="-28.0880980" lon="-65.9152560">
    <ele>1666.0</ele>
   </trkpt>
   <trkpt lat="-28.0880860" lon="-65.9152880">
    <ele>1666.1</ele>
   </trkpt>
   <trkpt lat="-28.0880750" lon="-65.9153200">
    <ele>1666.2</ele>
   </trkpt>
   <trkpt lat="-28.0880670" lon="-65.9153540">
    <ele>1666.4</ele>
   </trkpt>
   <trkpt lat="-28.0880580" lon="-65.9153880">
    <ele>1666.5</ele>
   </trkpt>
   <trkpt lat="-28.0880530" lon="-65.9154230">
    <ele>1666.7</ele>
   </trkpt>
   <trkpt lat="-28.0880480" lon="-65.9154570">
    <ele>1666.8</ele>
   </trkpt>
   <trkpt lat="-28.0880450" lon="-65.9154910">
    <ele>1667.0</ele>
   </trkpt>
   <trkpt lat="-28.0880430" lon="-65.9155250">
    <ele>1667.2</ele>
   </trkpt>
   <trkpt lat="-28.0880440" lon="-65.9155590">
    <ele>1667.4</ele>
   </trkpt>
   <trkpt lat="-28.0880440" lon="-65.9155920">
    <ele>1667.7</ele>
   </trkpt>
   <trkpt lat="-28.0880460" lon="-65.9156250">
    <ele>1667.9</ele>
   </trkpt>
   <trkpt lat="-28.0880480" lon="-65.9156570">
    <ele>1668.2</ele>
   </trkpt>
   <trkpt lat="-28.0880500" lon="-65.9156890">
    <ele>1668.5</ele>
   </trkpt>
   <trkpt lat="-28.0880520" lon="-65.9157200">
    <ele>1668.8</ele>
   </trkpt>
   <trkpt lat="-28.0880530" lon="-65.9157510">
    <ele>1669.1</ele>
   </trkpt>
   <trkpt lat="-28.0880540" lon="-65.9157810">
    <ele>1669.4</ele>
   </trkpt>
   <trkpt lat="-28.0880520" lon="-65.9158100">
    <ele>1669.7</ele>
   </trkpt>
   <trkpt lat="-28.0880500" lon="-65.9158380">
    <ele>1670.0</ele>
   </trkpt>
   <trkpt lat="-28.0880450" lon="-65.9158660">
    <ele>1670.4</ele>
   </trkpt>
   <trkpt lat="-28.0880390" lon="-65.9158930">
    <ele>1670.7</ele>
   </trkpt>
   <trkpt lat="-28.0880290" lon="-65.9159190">
    <ele>1671.0</ele>
   </trkpt>
   <trkpt lat="-28.0880190" lon="-65.9159460">
    <ele>1671.3</ele>
   </trkpt>
   <trkpt lat="-28.0880040" lon="-65.9159700">
    <ele>1671.7</ele>
   </trkpt>
   <trkpt lat="-28.0879890" lon="-65.9159950">
    <ele>1672.0</ele>
   </trkpt>
   <trkpt lat="-28.0879700" lon="-65.9160150">
    <ele>1672.4</ele>
   </trkpt>
   <trkpt lat="-28.0879510" lon="-65.9160360">
    <ele>1672.7</ele>
   </trkpt>
   <trkpt lat="-28.0879300" lon="-65.9160530">
    <ele>1673.0</ele>
   </trkpt>
   <trkpt lat="-28.0879080" lon="-65.9160700">
    <ele>1673.3</ele>
   </trkpt>
   <trkpt lat="-28.0878850" lon="-65.9160820">
    <ele>1673.7</ele>
   </trkpt>
   <trkpt lat="-28.0878620" lon="-65.9160950">
    <ele>1674.0</ele>
   </trkpt>
   <trkpt lat="-28.0878390" lon="-65.9161050">
    <ele>1674.3</ele>
   </trkpt>
   <trkpt lat="-28.0878160" lon="-65.9161150">
    <ele>1674.6</ele>
   </trkpt>
   <trkpt lat="-28.0877930" lon="-65.9161250">
    <ele>1674.9</ele>
   </trkpt>
   <trkpt lat="-28.0877690" lon="-65.9161340">
    <ele>1675.2</ele>
   </trkpt>
   <trkpt lat="-28.0877450" lon="-65.9161420">
    <ele>1675.5</ele>
   </trkpt>
   <trkpt lat="-28.0877220" lon="-65.9161510">
    <ele>1675.8</ele>
   </trkpt>
   <trkpt lat="-28.0876990" lon="-65.9161590">
    <ele>1676.1</ele>
   </trkpt>
   <trkpt lat="-28.0876760" lon="-65.9161670">
    <ele>1676.4</ele>
   </trkpt>
   <trkpt lat="-28.0876540" lon="-65.9161750">
    <ele>1676.6</ele>
   </trkpt>
   <trkpt lat="-28.0876330" lon="-65.9161830">
    <ele>1676.9</ele>
   </trkpt>
   <trkpt lat="-28.0876110" lon="-65.9161900">
    <ele>1677.2</ele>
   </trkpt>
   <trkpt lat="-28.0875890" lon="-65.9161970">
    <ele>1677.5</ele>
   </trkpt>
   <trkpt lat="-28.0875680" lon="-65.9162030">
    <ele>1677.8</ele>
   </trkpt>
   <trkpt lat="-28.0875470" lon="-65.9162090">
    <ele>1678.0</ele>
   </trkpt>
   <trkpt lat="-28.0875250" lon="-65.9162150">
    <ele>1678.3</ele>
   </trkpt>
   <trkpt lat="-28.0875040" lon="-65.9162210">
    <ele>1678.6</ele>
   </trkpt>
   <trkpt lat="-28.0874820" lon="-65.9162270">
    <ele>1678.9</ele>
   </trkpt>
   <trkpt lat="-28.0874610" lon="-65.9162340">
    <ele>1679.2</ele>
   </trkpt>
   <trkpt lat="-28.0874390" lon="-65.9162410">
    <ele>1679.5</ele>
   </trkpt>
   <trkpt lat="-28.0874170" lon="-65.9162480">
    <ele>1679.8</ele>
   </trkpt>
   <trkpt lat="-28.0873950" lon="-65.9162560">
    <ele>1680.1</ele>
   </trkpt>
   <trkpt lat="-28.0873740" lon="-65.9162650">
    <ele>1680.4</ele>
   </trkpt>
   <trkpt lat="-28.0873530" lon="-65.9162740">
    <ele>1680.6</ele>
   </trkpt>
   <trkpt lat="-28.0873320" lon="-65.9162840">
    <ele>1680.9</ele>
   </trkpt>
   <trkpt lat="-28.0873120" lon="-65.9162960">
    <ele>1681.2</ele>
   </trkpt>
   <trkpt lat="-28.0872910" lon="-65.9163070">
    <ele>1681.5</ele>
   </trkpt>
   <trkpt lat="-28.0872720" lon="-65.9163220">
    <ele>1681.7</ele>
   </trkpt>
   <trkpt lat="-28.0872520" lon="-65.9163360">
    <ele>1682.0</ele>
   </trkpt>
   <trkpt lat="-28.0872340" lon="-65.9163540">
    <ele>1682.3</ele>
   </trkpt>
   <trkpt lat="-28.0872170" lon="-65.9163710">
    <ele>1682.5</ele>
   </trkpt>
   <trkpt lat="-28.0872020" lon="-65.9163920">
    <ele>1682.8</ele>
   </trkpt>
   <trkpt lat="-28.0871870" lon="-65.9164130">
    <ele>1683.1</ele>
   </trkpt>
   <trkpt lat="-28.0871750" lon="-65.9164360">
    <ele>1683.4</ele>
   </trkpt>
   <trkpt lat="-28.0871630" lon="-65.9164590">
    <ele>1683.6</ele>
   </trkpt>
   <trkpt lat="-28.0871520" lon="-65.9164830">
    <ele>1683.9</ele>
   </trkpt>
   <trkpt lat="-28.0871420" lon="-65.9165070">
    <ele>1684.2</ele>
   </trkpt>
   <trkpt lat="-28.0871330" lon="-65.9165320">
    <ele>1684.4</ele>
   </trkpt>
   <trkpt lat="-28.0871250" lon="-65.9165570">
    <ele>1684.7</ele>
   </trkpt>
   <trkpt lat="-28.0871190" lon="-65.9165840">
    <ele>1684.9</ele>
   </trkpt>
   <trkpt lat="-28.0871130" lon="-65.9166100">
    <ele>1685.2</ele>
   </trkpt>
   <trkpt lat="-28.0871100" lon="-65.9166370">
    <ele>1685.4</ele>
   </trkpt>
   <trkpt lat="-28.0871080" lon="-65.9166630">
    <ele>1685.7</ele>
   </trkpt>
   <trkpt lat="-28.0871090" lon="-65.9166910">
    <ele>1685.9</ele>
   </trkpt>
   <trkpt lat="-28.0871110" lon="-65.9167180">
    <ele>1686.1</ele>
   </trkpt>
   <trkpt lat="-28.0871170" lon="-65.9167450">
    <ele>1686.3</ele>
   </trkpt>
   <trkpt lat="-28.0871220" lon="-65.9167730">
    <ele>1686.6</ele>
   </trkpt>
   <trkpt lat="-28.0871300" lon="-65.9168010">
    <ele>1686.8</ele>
   </trkpt>
   <trkpt lat="-28.0871380" lon="-65.9168290">
    <ele>1686.9</ele>
   </trkpt>
   <trkpt lat="-28.0871480" lon="-65.9168570">
    <ele>1687.1</ele>
   </trkpt>
   <trkpt lat="-28.0871590" lon="-65.9168850">
    <ele>1687.3</ele>
   </trkpt>
   <trkpt lat="-28.0871710" lon="-65.9169130">
    <ele>1687.5</ele>
   </trkpt>
   <trkpt lat="-28.0871840" lon="-65.9169410">
    <ele>1687.7</ele>
   </trkpt>
   <trkpt lat="-28.0871980" lon="-65.9169680">
    <ele>1687.9</ele>
   </trkpt>
   <trkpt lat="-28.0872120" lon="-65.9169960">
    <ele>1688.0</ele>
   </trkpt>
   <trkpt lat="-28.0872280" lon="-65.9170230">
    <ele>1688.2</ele>
   </trkpt>
   <trkpt lat="-28.0872430" lon="-65.9170500">
    <ele>1688.4</ele>
   </trkpt>
   <trkpt lat="-28.0872600" lon="-65.9170760">
    <ele>1688.6</ele>
   </trkpt>
   <trkpt lat="-28.0872770" lon="-65.9171020">
    <ele>1688.8</ele>
   </trkpt>
   <trkpt lat="-28.0872930" lon="-65.9171260">
    <ele>1689.0</ele>
   </trkpt>
   <trkpt lat="-28.0873100" lon="-65.9171510">
    <ele>1689.2</ele>
   </trkpt>
   <trkpt lat="-28.0873270" lon="-65.9171730">
    <ele>1689.4</ele>
   </trkpt>
   <trkpt lat="-28.0873440" lon="-65.9171960">
    <ele>1689.5</ele>
   </trkpt>
   <trkpt lat="-28.0873620" lon="-65.9172180">
    <ele>1689.7</ele>
   </trkpt>
   <trkpt lat="-28.0873790" lon="-65.9172390">
    <ele>1689.9</ele>
   </trkpt>
   <trkpt lat="-28.0873990" lon="-65.9172590">
    <ele>1690.1</ele>
   </trkpt>
   <trkpt lat="-28.0874180" lon="-65.9172790">
    <ele>1690.3</ele>
   </trkpt>
   <trkpt lat="-28.0874390" lon="-65.9172980">
    <ele>1690.5</ele>
   </trkpt>
   <trkpt lat="-28.0874600" lon="-65.9173160">
    <ele>1690.7</ele>
   </trkpt>
   <trkpt lat="-28.0874820" lon="-65.9173340">
    <ele>1690.8</ele>
   </trkpt>
   <trkpt lat="-28.0875030" lon="-65.9173510">
    <ele>1691.0</ele>
   </trkpt>
   <trkpt lat="-28.0875250" lon="-65.9173670">
    <ele>1691.2</ele>
   </trkpt>
   <trkpt lat="-28.0875480" lon="-65.9173840">
    <ele>1691.4</ele>
   </trkpt>
   <trkpt lat="-28.0875700" lon="-65.9173980">
    <ele>1691.6</ele>
   </trkpt>
   <trkpt lat="-28.0875920" lon="-65.9174120">
    <ele>1691.8</ele>
   </trkpt>
   <trkpt lat="-28.0876150" lon="-65.9174240">
    <ele>1692.0</ele>
   </trkpt>
   <trkpt lat="-28.0876370" lon="-65.9174370">
    <ele>1692.2</ele>
   </trkpt>
   <trkpt lat="-28.0876610" lon="-65.9174470">
    <ele>1692.3</ele>
   </trkpt>
   <trkpt lat="-28.0876840" lon="-65.9174580">
    <ele>1692.5</ele>
   </trkpt>
   <trkpt lat="-28.0877090" lon="-65.9174680">
    <ele>1692.8</ele>
   </trkpt>
   <trkpt lat="-28.0877340" lon="-65.9174770">
    <ele>1693.0</ele>
   </trkpt>
   <trkpt lat="-28.0877600" lon="-65.9174850">
    <ele>1693.2</ele>
   </trkpt>
   <trkpt lat="-28.0877850" lon="-65.9174940">
    <ele>1693.4</ele>
   </trkpt>
   <trkpt lat="-28.0878100" lon="-65.9175030">
    <ele>1693.7</ele>
   </trkpt>
   <trkpt lat="-28.0878350" lon="-65.9175110">
    <ele>1693.9</ele>
   </trkpt>
   <trkpt lat="-28.0878590" lon="-65.9175200">
    <ele>1694.2</ele>
   </trkpt>
   <trkpt lat="-28.0878830" lon="-65.9175280">
    <ele>1694.5</ele>
   </trkpt>
   <trkpt lat="-28.0879060" lon="-65.9175370">
    <ele>1694.7</ele>
   </trkpt>
   <trkpt lat="-28.0879300" lon="-65.9175460">
    <ele>1695.0</ele>
   </trkpt>
   <trkpt lat="-28.0879520" lon="-65.9175540">
    <ele>1695.3</ele>
   </trkpt>
   <trkpt lat="-28.0879750" lon="-65.9175630">
    <ele>1695.6</ele>
   </trkpt>
   <trkpt lat="-28.0879970" lon="-65.9175720">
    <ele>1695.9</ele>
   </trkpt>
   <trkpt lat="-28.0880190" lon="-65.9175810">
    <ele>1696.1</ele>
   </trkpt>
   <trkpt lat="-28.0880400" lon="-65.9175890">
    <ele>1696.4</ele>
   </trkpt>
   <trkpt lat="-28.0880620" lon="-65.9175970">
    <ele>1696.7</ele>
   </trkpt>
   <trkpt lat="-28.0880830" lon="-65.9176050">
    <ele>1697.0</ele>
   </trkpt>
   <trkpt lat="-28.0881050" lon="-65.9176140">
    <ele>1697.2</ele>
   </trkpt>
   <trkpt lat="-28.0881270" lon="-65.9176220">
    <ele>1697.5</ele>
   </trkpt>
   <trkpt lat="-28.0881500" lon="-65.9176300">
    <ele>1697.8</ele>
   </trkpt>
   <trkpt lat="-28.0881730" lon="-65.9176380">
    <ele>1698.1</ele>
   </trkpt>
   <trkpt lat="-28.0881960" lon="-65.9176450">
    <ele>1698.4</ele>
   </trkpt>
   <trkpt lat="-28.0882190" lon="-65.9176510">
    <ele>1698.7</ele>
   </trkpt>
   <trkpt lat="-28.0882420" lon="-65.9176560">
    <ele>1699.0</ele>
   </trkpt>
   <trkpt lat="-28.0882650" lon="-65.9176610">
    <ele>1699.3</ele>
   </trkpt>
   <trkpt lat="-28.0882880" lon="-65.9176650">
    <ele>1699.6</ele>
   </trkpt>
   <trkpt lat="-28.0883110" lon="-65.9176690">
    <ele>1699.9</ele>
   </trkpt>
   <trkpt lat="-28.0883340" lon="-65.9176740">
    <ele>1700.2</ele>
   </trkpt>
   <trkpt lat="-28.0883580" lon="-65.9176790">
    <ele>1700.6</ele>
   </trkpt>
   <trkpt lat="-28.0883810" lon="-65.9176830">
    <ele>1700.9</ele>
   </trkpt>
   <trkpt lat="-28.0884050" lon="-65.9176890">
    <ele>1701.2</ele>
   </trkpt>
   <trkpt lat="-28.0884290" lon="-65.9176940">
    <ele>1701.5</ele>
   </trkpt>
   <trkpt lat="-28.0884520" lon="-65.9177010">
    <ele>1701.9</ele>
   </trkpt>
   <trkpt lat="-28.0884750" lon="-65.9177080">
    <ele>1702.2</ele>
   </trkpt>
   <trkpt lat="-28.0884970" lon="-65.9177160">
    <ele>1702.5</ele>
   </trkpt>
   <trkpt lat="-28.0885190" lon="-65.9177250">
    <ele>1702.9</ele>
   </trkpt>
   <trkpt lat="-28.0885410" lon="-65.9177360">
    <ele>1703.2</ele>
   </trkpt>
   <trkpt lat="-28.0885620" lon="-65.9177470">
    <ele>1703.5</ele>
   </trkpt>
   <trkpt lat="-28.0885820" lon="-65.9177610">
    <ele>1703.8</ele>
   </trkpt>
   <trkpt lat="-28.0886030" lon="-65.9177740">
    <ele>1704.2</ele>
   </trkpt>
   <trkpt lat="-28.0886200" lon="-65.9177910">
    <ele>1704.5</ele>
   </trkpt>
   <trkpt lat="-28.0886380" lon="-65.9178080">
    <ele>1704.8</ele>
   </trkpt>
   <trkpt lat="-28.0886530" lon="-65.9178280">
    <ele>1705.1</ele>
   </trkpt>
   <trkpt lat="-28.0886690" lon="-65.9178470">
    <ele>1705.5</ele>
   </trkpt>
   <trkpt lat="-28.0886820" lon="-65.9178680">
    <ele>1705.8</ele>
   </trkpt>
   <trkpt lat="-28.0886950" lon="-65.9178890">
    <ele>1706.1</ele>
   </trkpt>
   <trkpt lat="-28.0887050" lon="-65.9179120">
    <ele>1706.4</ele>
   </trkpt>
   <trkpt lat="-28.0887150" lon="-65.9179350">
    <ele>1706.7</ele>
   </trkpt>
   <trkpt lat="-28.0887220" lon="-65.9179600">
    <ele>1707.0</ele>
   </trkpt>
   <trkpt lat="-28.0887300" lon="-65.9179840">
    <ele>1707.3</ele>
   </trkpt>
   <trkpt lat="-28.0887360" lon="-65.9180090">
    <ele>1707.6</ele>
   </trkpt>
   <trkpt lat="-28.0887430" lon="-65.9180340">
    <ele>1707.9</ele>
   </trkpt>
   <trkpt lat="-28.0887490" lon="-65.9180590">
    <ele>1708.2</ele>
   </trkpt>
   <trkpt lat="-28.0887550" lon="-65.9180840">
    <ele>1708.5</ele>
   </trkpt>
   <trkpt lat="-28.0887620" lon="-65.9181090">
    <ele>1708.8</ele>
   </trkpt>
   <trkpt lat="-28.0887690" lon="-65.9181340">
    <ele>1709.1</ele>
   </trkpt>
   <trkpt lat="-28.0887770" lon="-65.9181590">
    <ele>1709.3</ele>
   </trkpt>
   <trkpt lat="-28.0887850" lon="-65.9181850">
    <ele>1709.6</ele>
   </trkpt>
   <trkpt lat="-28.0887930" lon="-65.9182100">
    <ele>1709.8</ele>
   </trkpt>
   <trkpt lat="-28.0888010" lon="-65.9182350">
    <ele>1710.1</ele>
   </trkpt>
   <trkpt lat="-28.0888090" lon="-65.9182610">
    <ele>1710.4</ele>
   </trkpt>
   <trkpt lat="-28.0888170" lon="-65.9182860">
    <ele>1710.6</ele>
   </trkpt>
   <trkpt lat="-28.0888260" lon="-65.9183120">
    <ele>1710.9</ele>
   </trkpt>
   <trkpt lat="-28.0888340" lon="-65.9183370">
    <ele>1711.1</ele>
   </trkpt>
   <trkpt lat="-28.0888430" lon="-65.9183630">
    <ele>1711.4</ele>
   </trkpt>
   <trkpt lat="-28.0888520" lon="-65.9183900">
    <ele>1711.6</ele>
   </trkpt>
   <trkpt lat="-28.0888610" lon="-65.9184160">
    <ele>1711.9</ele>
   </trkpt>
   <trkpt lat="-28.0888700" lon="-65.9184420">
    <ele>1712.1</ele>
   </trkpt>
   <trkpt lat="-28.0888790" lon="-65.9184690">
    <ele>1712.4</ele>
   </trkpt>
   <trkpt lat="-28.0888880" lon="-65.9184960">
    <ele>1712.7</ele>
   </trkpt>
   <trkpt lat="-28.0888960" lon="-65.9185230">
    <ele>1712.9</ele>
   </trkpt>
   <trkpt lat="-28.0889050" lon="-65.9185490">
    <ele>1713.2</ele>
   </trkpt>
   <trkpt lat="-28.0889120" lon="-65.9185760">
    <ele>1713.5</ele>
   </trkpt>
   <trkpt lat="-28.0889180" lon="-65.9186020">
    <ele>1713.7</ele>
   </trkpt>
   <trkpt lat="-28.0889230" lon="-65.9186290">
    <ele>1714.0</ele>
   </trkpt>
   <trkpt lat="-28.0889280" lon="-65.9186560">
    <ele>1714.3</ele>
   </trkpt>
   <trkpt lat="-28.0889310" lon="-65.9186830">
    <ele>1714.6</ele>
   </trkpt>
   <trkpt lat="-28.0889350" lon="-65.9187100">
    <ele>1714.9</ele>
   </trkpt>
   <trkpt lat="-28.0889360" lon="-65.9187360">
    <ele>1715.2</ele>
   </trkpt>
   <trkpt lat="-28.0889370" lon="-65.9187620">
    <ele>1715.4</ele>
   </trkpt>
   <trkpt lat="-28.0889380" lon="-65.9187880">
    <ele>1715.7</ele>
   </trkpt>
   <trkpt lat="-28.0889380" lon="-65.9188130">
    <ele>1716.0</ele>
   </trkpt>
   <trkpt lat="-28.0889360" lon="-65.9188370">
    <ele>1716.3</ele>
   </trkpt>
   <trkpt lat="-28.0889350" lon="-65.9188620">
    <ele>1716.6</ele>
   </trkpt>
   <trkpt lat="-28.0889320" lon="-65.9188850">
    <ele>1716.9</ele>
   </trkpt>
   <trkpt lat="-28.0889290" lon="-65.9189090">
    <ele>1717.2</ele>
   </trkpt>
   <trkpt lat="-28.0889270" lon="-65.9189320">
    <ele>1717.4</ele>
   </trkpt>
   <trkpt lat="-28.0889250" lon="-65.9189550">
    <ele>1717.7</ele>
   </trkpt>
   <trkpt lat="-28.0889230" lon="-65.9189780">
    <ele>1718.0</ele>
   </trkpt>
   <trkpt lat="-28.0889210" lon="-65.9190010">
    <ele>1718.3</ele>
   </trkpt>
   <trkpt lat="-28.0889200" lon="-65.9190240">
    <ele>1718.6</ele>
   </trkpt>
   <trkpt lat="-28.0889180" lon="-65.9190460">
    <ele>1718.8</ele>
   </trkpt>
   <trkpt lat="-28.0889170" lon="-65.9190700">
    <ele>1719.1</ele>
   </trkpt>
   <trkpt lat="-28.0889160" lon="-65.9190930">
    <ele>1719.4</ele>
   </trkpt>
   <trkpt lat="-28.0889160" lon="-65.9191160">
    <ele>1719.7</ele>
   </trkpt>
   <trkpt lat="-28.0889160" lon="-65.9191400">
    <ele>1720.0</ele>
   </trkpt>
   <trkpt lat="-28.0889170" lon="-65.9191640">
    <ele>1720.3</ele>
   </trkpt>
   <trkpt lat="-28.0889180" lon="-65.9191880">
    <ele>1720.5</ele>
   </trkpt>
   <trkpt lat="-28.0889220" lon="-65.9192130">
    <ele>1720.8</ele>
   </trkpt>
   <trkpt lat="-28.0889250" lon="-65.9192380">
    <ele>1721.1</ele>
   </trkpt>
   <trkpt lat="-28.0889310" lon="-65.9192640">
    <ele>1721.4</ele>
   </trkpt>
   <trkpt lat="-28.0889370" lon="-65.9192900">
    <ele>1721.6</ele>
   </trkpt>
   <trkpt lat="-28.0889450" lon="-65.9193150">
    <ele>1721.9</ele>
   </trkpt>
   <trkpt lat="-28.0889530" lon="-65.9193410">
    <ele>1722.1</ele>
   </trkpt>
   <trkpt lat="-28.0889640" lon="-65.9193660">
    <ele>1722.4</ele>
   </trkpt>
   <trkpt lat="-28.0889750" lon="-65.9193910">
    <ele>1722.6</ele>
   </trkpt>
   <trkpt lat="-28.0889870" lon="-65.9194150">
    <ele>1722.8</ele>
   </trkpt>
   <trkpt lat="-28.0889990" lon="-65.9194390">
    <ele>1723.0</ele>
   </trkpt>
   <trkpt lat="-28.0890130" lon="-65.9194640">
    <ele>1723.3</ele>
   </trkpt>
   <trkpt lat="-28.0890260" lon="-65.9194890">
    <ele>1723.5</ele>
   </trkpt>
   <trkpt lat="-28.0890400" lon="-65.9195140">
    <ele>1723.7</ele>
   </trkpt>
   <trkpt lat="-28.0890540" lon="-65.9195390">
    <ele>1723.8</ele>
   </trkpt>
   <trkpt lat="-28.0890670" lon="-65.9195650">
    <ele>1724.0</ele>
   </trkpt>
   <trkpt lat="-28.0890810" lon="-65.9195910">
    <ele>1724.2</ele>
   </trkpt>
   <trkpt lat="-28.0890940" lon="-65.9196170">
    <ele>1724.3</ele>
   </trkpt>
   <trkpt lat="-28.0891080" lon="-65.9196430">
    <ele>1724.5</ele>
   </trkpt>
   <trkpt lat="-28.0891200" lon="-65.9196700">
    <ele>1724.6</ele>
   </trkpt>
   <trkpt lat="-28.0891330" lon="-65.9196960">
    <ele>1724.7</ele>
   </trkpt>
   <trkpt lat="-28.0891450" lon="-65.9197230">
    <ele>1724.8</ele>
   </trkpt>
   <trkpt lat="-28.0891570" lon="-65.9197510">
    <ele>1724.9</ele>
   </trkpt>
   <trkpt lat="-28.0891680" lon="-65.9197790">
    <ele>1725.0</ele>
   </trkpt>
   <trkpt lat="-28.0891800" lon="-65.9198080">
    <ele>1725.1</ele>
   </trkpt>
   <trkpt lat="-28.0891920" lon="-65.9198370">
    <ele>1725.2</ele>
   </trkpt>
   <trkpt lat="-28.0892040" lon="-65.9198660">
    <ele>1725.3</ele>
   </trkpt>
   <trkpt lat="-28.0892180" lon="-65.9198950">
    <ele>1725.4</ele>
   </trkpt>
   <trkpt lat="-28.0892320" lon="-65.9199230">
    <ele>1725.6</ele>
   </trkpt>
   <trkpt lat="-28.0892470" lon="-65.9199510">
    <ele>1725.7</ele>
   </trkpt>
   <trkpt lat="-28.0892610" lon="-65.9199790">
    <ele>1725.8</ele>
   </trkpt>
   <trkpt lat="-28.0892760" lon="-65.9200070">
    <ele>1725.9</ele>
   </trkpt>
   <trkpt lat="-28.0892910" lon="-65.9200360">
    <ele>1726.0</ele>
   </trkpt>
   <trkpt lat="-28.0893060" lon="-65.9200640">
    <ele>1726.2</ele>
   </trkpt>
   <trkpt lat="-28.0893210" lon="-65.9200920">
    <ele>1726.3</ele>
   </trkpt>
   <trkpt lat="-28.0893360" lon="-65.9201190">
    <ele>1726.5</ele>
   </trkpt>
   <trkpt lat="-28.0893510" lon="-65.9201450">
    <ele>1726.6</ele>
   </trkpt>
   <trkpt lat="-28.0893680" lon="-65.9201690">
    <ele>1726.8</ele>
   </trkpt>
   <trkpt lat="-28.0893840" lon="-65.9201930">
    <ele>1726.9</ele>
   </trkpt>
   <trkpt lat="-28.0894010" lon="-65.9202160">
    <ele>1727.1</ele>
   </trkpt>
   <trkpt lat="-28.0894190" lon="-65.9202390">
    <ele>1727.3</ele>
   </trkpt>
   <trkpt lat="-28.0894350" lon="-65.9202630">
    <ele>1727.4</ele>
   </trkpt>
   <trkpt lat="-28.0894520" lon="-65.9202880">
    <ele>1727.6</ele>
   </trkpt>
   <trkpt lat="-28.0894680" lon="-65.9203140">
    <ele>1727.7</ele>
   </trkpt>
   <trkpt lat="-28.0894830" lon="-65.9203400">
    <ele>1727.9</ele>
   </trkpt>
   <trkpt lat="-28.0894960" lon="-65.9203690">
    <ele>1728.0</ele>
   </trkpt>
   <trkpt lat="-28.0895090" lon="-65.9203970">
    <ele>1728.2</ele>
   </trkpt>
   <trkpt lat="-28.0895190" lon="-65.9204280">
    <ele>1728.3</ele>
   </trkpt>
   <trkpt lat="-28.0895290" lon="-65.9204590">
    <ele>1728.4</ele>
   </trkpt>
   <trkpt lat="-28.0895330" lon="-65.9204910">
    <ele>1728.5</ele>
   </trkpt>
   <trkpt lat="-28.0895370" lon="-65.9205230">
    <ele>1728.6</ele>
   </trkpt>
   <trkpt lat="-28.0895350" lon="-65.9205560">
    <ele>1728.7</ele>
   </trkpt>
   <trkpt lat="-28.0895330" lon="-65.9205900">
    <ele>1728.8</ele>
   </trkpt>
   <trkpt lat="-28.0895250" lon="-65.9206240">
    <ele>1728.8</ele>
   </trkpt>
   <trkpt lat="-28.0895160" lon="-65.9206580">
    <ele>1728.9</ele>
   </trkpt>
   <trkpt lat="-28.0895040" lon="-65.9206920">
    <ele>1729.0</ele>
   </trkpt>
   <trkpt lat="-28.0894920" lon="-65.9207270">
    <ele>1729.0</ele>
   </trkpt>
   <trkpt lat="-28.0894760" lon="-65.9207610">
    <ele>1728.9</ele>
   </trkpt>
   <trkpt lat="-28.0894610" lon="-65.9207940">
    <ele>1728.9</ele>
   </trkpt>
   <trkpt lat="-28.0894440" lon="-65.9208270">
    <ele>1728.9</ele>
   </trkpt>
   <trkpt lat="-28.0894260" lon="-65.9208600">
    <ele>1728.9</ele>
   </trkpt>
   <trkpt lat="-28.0894070" lon="-65.9208910">
    <ele>1728.9</ele>
   </trkpt>
   <trkpt lat="-28.0893890" lon="-65.9209220">
    <ele>1728.9</ele>
   </trkpt>
   <trkpt lat="-28.0893690" lon="-65.9209510">
    <ele>1728.9</ele>
   </trkpt>
   <trkpt lat="-28.0893490" lon="-65.9209810">
    <ele>1728.9</ele>
   </trkpt>
   <trkpt lat="-28.0893290" lon="-65.9210100">
    <ele>1728.9</ele>
   </trkpt>
   <trkpt lat="-28.0893100" lon="-65.9210390">
    <ele>1728.9</ele>
   </trkpt>
   <trkpt lat="-28.0892900" lon="-65.9210680">
    <ele>1728.9</ele>
   </trkpt>
   <trkpt lat="-28.0892700" lon="-65.9210960">
    <ele>1728.9</ele>
   </trkpt>
   <trkpt lat="-28.0892480" lon="-65.9211220">
    <ele>1728.9</ele>
   </trkpt>
   <trkpt lat="-28.0892270" lon="-65.9211490">
    <ele>1728.9</ele>
   </trkpt>
   <trkpt lat="-28.0892040" lon="-65.9211720">
    <ele>1728.9</ele>
   </trkpt>
   <trkpt lat="-28.0891800" lon="-65.9211960">
    <ele>1728.8</ele>
   </trkpt>
   <trkpt lat="-28.0891550" lon="-65.9212170">
    <ele>1728.8</ele>
   </trkpt>
   <trkpt lat="-28.0891300" lon="-65.9212380">
    <ele>1728.8</ele>
   </trkpt>
   <trkpt lat="-28.0891040" lon="-65.9212580">
    <ele>1728.8</ele>
   </trkpt>
   <trkpt lat="-28.0890780" lon="-65.9212780">
    <ele>1728.8</ele>
   </trkpt>
   <trkpt lat="-28.0890520" lon="-65.9212980">
    <ele>1728.7</ele>
   </trkpt>
   <trkpt lat="-28.0890270" lon="-65.9213180">
    <ele>1728.7</ele>
   </trkpt>
   <trkpt lat="-28.0890020" lon="-65.9213400">
    <ele>1728.6</ele>
   </trkpt>
   <trkpt lat="-28.0889780" lon="-65.9213610">
    <ele>1728.6</ele>
   </trkpt>
   <trkpt lat="-28.0889550" lon="-65.9213840">
    <ele>1728.5</ele>
   </trkpt>
   <trkpt lat="-28.0889320" lon="-65.9214080">
    <ele>1728.5</ele>
   </trkpt>
   <trkpt lat="-28.0889110" lon="-65.9214350">
    <ele>1728.4</ele>
   </trkpt>
   <trkpt lat="-28.0888890" lon="-65.9214630">
    <ele>1728.3</ele>
   </trkpt>
   <trkpt lat="-28.0888690" lon="-65.9214940">
    <ele>1728.2</ele>
   </trkpt>
   <trkpt lat="-28.0888490" lon="-65.9215250">
    <ele>1728.2</ele>
   </trkpt>
   <trkpt lat="-28.0888300" lon="-65.9215570">
    <ele>1728.1</ele>
   </trkpt>
   <trkpt lat="-28.0888110" lon="-65.9215890">
    <ele>1728.0</ele>
   </trkpt>
   <trkpt lat="-28.0887930" lon="-65.9216200">
    <ele>1727.9</ele>
   </trkpt>
   <trkpt lat="-28.0887760" lon="-65.9216520">
    <ele>1727.9</ele>
   </trkpt>
   <trkpt lat="-28.0887570" lon="-65.9216820">
    <ele>1727.8</ele>
   </trkpt>
   <trkpt lat="-28.0887390" lon="-65.9217120">
    <ele>1727.8</ele>
   </trkpt>
   <trkpt lat="-28.0887190" lon="-65.9217420">
    <ele>1727.7</ele>
   </trkpt>
   <trkpt lat="-28.0886990" lon="-65.9217710">
    <ele>1727.6</ele>
   </trkpt>
   <trkpt lat="-28.0886770" lon="-65.9217990">
    <ele>1727.6</ele>
   </trkpt>
   <trkpt lat="-28.0886550" lon="-65.9218270">
    <ele>1727.5</ele>
   </trkpt>
   <trkpt lat="-28.0886310" lon="-65.9218540">
    <ele>1727.5</ele>
   </trkpt>
   <trkpt lat="-28.0886070" lon="-65.9218810">
    <ele>1727.4</ele>
   </trkpt>
   <trkpt lat="-28.0885830" lon="-65.9219060">
    <ele>1727.4</ele>
   </trkpt>
   <trkpt lat="-28.0885580" lon="-65.9219320">
    <ele>1727.4</ele>
   </trkpt>
   <trkpt lat="-28.0885350" lon="-65.9219580">
    <ele>1727.4</ele>
   </trkpt>
   <trkpt lat="-28.0885120" lon="-65.9219830">
    <ele>1727.4</ele>
   </trkpt>
   <trkpt lat="-28.0884900" lon="-65.9220090">
    <ele>1727.4</ele>
   </trkpt>
   <trkpt lat="-28.0884670" lon="-65.9220350">
    <ele>1727.4</ele>
   </trkpt>
   <trkpt lat="-28.0884460" lon="-65.9220620">
    <ele>1727.5</ele>
   </trkpt>
   <trkpt lat="-28.0884240" lon="-65.9220890">
    <ele>1727.5</ele>
   </trkpt>
   <trkpt lat="-28.0884030" lon="-65.9221160">
    <ele>1727.5</ele>
   </trkpt>
   <trkpt lat="-28.0883810" lon="-65.9221430">
    <ele>1727.5</ele>
   </trkpt>
   <trkpt lat="-28.0883600" lon="-65.9221700">
    <ele>1727.5</ele>
   </trkpt>
   <trkpt lat="-28.0883390" lon="-65.9221970">
    <ele>1727.5</ele>
   </trkpt>
   <trkpt lat="-28.0883180" lon="-65.9222240">
    <ele>1727.5</ele>
   </trkpt>
   <trkpt lat="-28.0882980" lon="-65.9222510">
    <ele>1727.5</ele>
   </trkpt>
   <trkpt lat="-28.0882770" lon="-65.9222780">
    <ele>1727.6</ele>
   </trkpt>
   <trkpt lat="-28.0882570" lon="-65.9223050">
    <ele>1727.6</ele>
   </trkpt>
   <trkpt lat="-28.0882370" lon="-65.9223330">
    <ele>1727.6</ele>
   </trkpt>
   <trkpt lat="-28.0882170" lon="-65.9223610">
    <ele>1727.6</ele>
   </trkpt>
   <trkpt lat="-28.0881980" lon="-65.9223900">
    <ele>1727.7</ele>
   </trkpt>
   <trkpt lat="-28.0881790" lon="-65.9224190">
    <ele>1727.7</ele>
   </trkpt>
   <trkpt lat="-28.0881610" lon="-65.9224480">
    <ele>1727.7</ele>
   </trkpt>
   <trkpt lat="-28.0881430" lon="-65.9224770">
    <ele>1727.8</ele>
   </trkpt>
   <trkpt lat="-28.0881250" lon="-65.9225060">
    <ele>1727.8</ele>
   </trkpt>
   <trkpt lat="-28.0881080" lon="-65.9225360">
    <ele>1727.9</ele>
   </trkpt>
   <trkpt lat="-28.0880920" lon="-65.9225660">
    <ele>1727.9</ele>
   </trkpt>
   <trkpt lat="-28.0880760" lon="-65.9225960">
    <ele>1728.0</ele>
   </trkpt>
   <trkpt lat="-28.0880620" lon="-65.9226270">
    <ele>1728.0</ele>
   </trkpt>
   <trkpt lat="-28.0880480" lon="-65.9226580">
    <ele>1728.1</ele>
   </trkpt>
   <trkpt lat="-28.0880350" lon="-65.9226910">
    <ele>1728.1</ele>
   </trkpt>
   <trkpt lat="-28.0880230" lon="-65.9227230">
    <ele>1728.2</ele>
   </trkpt>
   <trkpt lat="-28.0880140" lon="-65.9227570">
    <ele>1728.3</ele>
   </trkpt>
   <trkpt lat="-28.0880050" lon="-65.9227910">
    <ele>1728.4</ele>
   </trkpt>
   <trkpt lat="-28.0879980" lon="-65.9228250">
    <ele>1728.5</ele>
   </trkpt>
   <trkpt lat="-28.0879910" lon="-65.9228590">
    <ele>1728.6</ele>
   </trkpt>
   <trkpt lat="-28.0879850" lon="-65.9228910">
    <ele>1728.8</ele>
   </trkpt>
   <trkpt lat="-28.0879790" lon="-65.9229240">
    <ele>1729.0</ele>
   </trkpt>
   <trkpt lat="-28.0879720" lon="-65.9229550">
    <ele>1729.1</ele>
   </trkpt>
   <trkpt lat="-28.0879660" lon="-65.9229870">
    <ele>1729.3</ele>
   </trkpt>
   <trkpt lat="-28.0879580" lon="-65.9230170">
    <ele>1729.5</ele>
   </trkpt>
   <trkpt lat="-28.0879510" lon="-65.9230480">
    <ele>1729.7</ele>
   </trkpt>
   <trkpt lat="-28.0879410" lon="-65.9230770">
    <ele>1729.9</ele>
   </trkpt>
   <trkpt lat="-28.0879310" lon="-65.9231070">
    <ele>1730.2</ele>
   </trkpt>
   <trkpt lat="-28.0879190" lon="-65.9231360">
    <ele>1730.4</ele>
   </trkpt>
   <trkpt lat="-28.0879070" lon="-65.9231660">
    <ele>1730.7</ele>
   </trkpt>
   <trkpt lat="-28.0878940" lon="-65.9231940">
    <ele>1731.0</ele>
   </trkpt>
   <trkpt lat="-28.0878810" lon="-65.9232230">
    <ele>1731.3</ele>
   </trkpt>
   <trkpt lat="-28.0878690" lon="-65.9232510">
    <ele>1731.6</ele>
   </trkpt>
   <trkpt lat="-28.0878570" lon="-65.9232780">
    <ele>1731.9</ele>
   </trkpt>
   <trkpt lat="-28.0878460" lon="-65.9233050">
    <ele>1732.2</ele>
   </trkpt>
   <trkpt lat="-28.0878350" lon="-65.9233310">
    <ele>1732.6</ele>
   </trkpt>
   <trkpt lat="-28.0878250" lon="-65.9233570">
    <ele>1732.9</ele>
   </trkpt>
   <trkpt lat="-28.0878150" lon="-65.9233830">
    <ele>1733.3</ele>
   </trkpt>
   <trkpt lat="-28.0878060" lon="-65.9234080">
    <ele>1733.6</ele>
   </trkpt>
   <trkpt lat="-28.0877970" lon="-65.9234340">
    <ele>1733.9</ele>
   </trkpt>
   <trkpt lat="-28.0877870" lon="-65.9234580">
    <ele>1734.2</ele>
   </trkpt>
   <trkpt lat="-28.0877770" lon="-65.9234820">
    <ele>1734.5</ele>
   </trkpt>
   <trkpt lat="-28.0877660" lon="-65.9235060">
    <ele>1734.9</ele>
   </trkpt>
   <trkpt lat="-28.0877560" lon="-65.9235300">
    <ele>1735.2</ele>
   </trkpt>
   <trkpt lat="-28.0877450" lon="-65.9235540">
    <ele>1735.5</ele>
   </trkpt>
   <trkpt lat="-28.0877340" lon="-65.9235770">
    <ele>1735.8</ele>
   </trkpt>
   <trkpt lat="-28.0877240" lon="-65.9236010">
    <ele>1736.1</ele>
   </trkpt>
   <trkpt lat="-28.0877150" lon="-65.9236250">
    <ele>1736.4</ele>
   </trkpt>
   <trkpt lat="-28.0877080" lon="-65.9236500">
    <ele>1736.7</ele>
   </trkpt>
   <trkpt lat="-28.0877020" lon="-65.9236750">
    <ele>1737.0</ele>
   </trkpt>
   <trkpt lat="-28.0877000" lon="-65.9237010">
    <ele>1737.3</ele>
   </trkpt>
   <trkpt lat="-28.0876980" lon="-65.9237260">
    <ele>1737.6</ele>
   </trkpt>
   <trkpt lat="-28.0876980" lon="-65.9237510">
    <ele>1737.9</ele>
   </trkpt>
   <trkpt lat="-28.0876990" lon="-65.9237770">
    <ele>1738.2</ele>
   </trkpt>
   <trkpt lat="-28.0877020" lon="-65.9238020">
    <ele>1738.5</ele>
   </trkpt>
   <trkpt lat="-28.0877050" lon="-65.9238280">
    <ele>1738.7</ele>
   </trkpt>
   <trkpt lat="-28.0877110" lon="-65.9238530">
    <ele>1739.0</ele>
   </trkpt>
   <trkpt lat="-28.0877160" lon="-65.9238780">
    <ele>1739.3</ele>
   </trkpt>
   <trkpt lat="-28.0877240" lon="-65.9239030">
    <ele>1739.5</ele>
   </trkpt>
   <trkpt lat="-28.0877310" lon="-65.9239280">
    <ele>1739.7</ele>
   </trkpt>
   <trkpt lat="-28.0877410" lon="-65.9239540">
    <ele>1740.0</ele>
   </trkpt>
   <trkpt lat="-28.0877500" lon="-65.9239790">
    <ele>1740.3</ele>
   </trkpt>
   <trkpt lat="-28.0877610" lon="-65.9240040">
    <ele>1740.5</ele>
   </trkpt>
   <trkpt lat="-28.0877720" lon="-65.9240290">
    <ele>1740.8</ele>
   </trkpt>
   <trkpt lat="-28.0877830" lon="-65.9240540">
    <ele>1741.1</ele>
   </trkpt>
   <trkpt lat="-28.0877940" lon="-65.9240790">
    <ele>1741.3</ele>
   </trkpt>
   <trkpt lat="-28.0878060" lon="-65.9241050">
    <ele>1741.6</ele>
   </trkpt>
   <trkpt lat="-28.0878170" lon="-65.9241300">
    <ele>1741.9</ele>
   </trkpt>
   <trkpt lat="-28.0878280" lon="-65.9241540">
    <ele>1742.2</ele>
   </trkpt>
   <trkpt lat="-28.0878380" lon="-65.9241790">
    <ele>1742.5</ele>
   </trkpt>
   <trkpt lat="-28.0878480" lon="-65.9242030">
    <ele>1742.7</ele>
   </trkpt>
   <trkpt lat="-28.0878580" lon="-65.9242270">
    <ele>1743.0</ele>
   </trkpt>
   <trkpt lat="-28.0878680" lon="-65.9242510">
    <ele>1743.3</ele>
   </trkpt>
   <trkpt lat="-28.0878770" lon="-65.9242740">
    <ele>1743.6</ele>
   </trkpt>
   <trkpt lat="-28.0878870" lon="-65.9242970">
    <ele>1743.9</ele>
   </trkpt>
   <trkpt lat="-28.0878960" lon="-65.9243190">
    <ele>1744.2</ele>
   </trkpt>
   <trkpt lat="-28.0879050" lon="-65.9243410">
    <ele>1744.4</ele>
   </trkpt>
   <trkpt lat="-28.0879150" lon="-65.9243630">
    <ele>1744.7</ele>
   </trkpt>
   <trkpt lat="-28.0879260" lon="-65.9243850">
    <ele>1745.0</ele>
   </trkpt>
   <trkpt lat="-28.0879370" lon="-65.9244070">
    <ele>1745.2</ele>
   </trkpt>
   <trkpt lat="-28.0879500" lon="-65.9244280">
    <ele>1745.5</ele>
   </trkpt>
   <trkpt lat="-28.0879630" lon="-65.9244490">
    <ele>1745.8</ele>
   </trkpt>
   <trkpt lat="-28.0879780" lon="-65.9244700">
    <ele>1746.0</ele>
   </trkpt>
   <trkpt lat="-28.0879930" lon="-65.9244920">
    <ele>1746.3</ele>
   </trkpt>
   <trkpt lat="-28.0880090" lon="-65.9245120">
    <ele>1746.5</ele>
   </trkpt>
   <trkpt lat="-28.0880250" lon="-65.9245330">
    <ele>1746.8</ele>
   </trkpt>
   <trkpt lat="-28.0880410" lon="-65.9245540">
    <ele>1747.1</ele>
   </trkpt>
   <trkpt lat="-28.0880580" lon="-65.9245740">
    <ele>1747.3</ele>
   </trkpt>
   <trkpt lat="-28.0880750" lon="-65.9245940">
    <ele>1747.6</ele>
   </trkpt>
   <trkpt lat="-28.0880920" lon="-65.9246140">
    <ele>1747.8</ele>
   </trkpt>
   <trkpt lat="-28.0881100" lon="-65.9246340">
    <ele>1748.1</ele>
   </trkpt>
   <trkpt lat="-28.0881270" lon="-65.9246540">
    <ele>1748.3</ele>
   </trkpt>
   <trkpt lat="-28.0881450" lon="-65.9246730">
    <ele>1748.5</ele>
   </trkpt>
   <trkpt lat="-28.0881630" lon="-65.9246920">
    <ele>1748.8</ele>
   </trkpt>
   <trkpt lat="-28.0881810" lon="-65.9247120">
    <ele>1749.0</ele>
   </trkpt>
   <trkpt lat="-28.0881990" lon="-65.9247310">
    <ele>1749.2</ele>
   </trkpt>
   <trkpt lat="-28.0882160" lon="-65.9247510">
    <ele>1749.5</ele>
   </trkpt>
   <trkpt lat="-28.0882330" lon="-65.9247710">
    <ele>1749.7</ele>
   </trkpt>
   <trkpt lat="-28.0882490" lon="-65.9247910">
    <ele>1749.9</ele>
   </trkpt>
   <trkpt lat="-28.0882650" lon="-65.9248110">
    <ele>1750.1</ele>
   </trkpt>
   <trkpt lat="-28.0882800" lon="-65.9248320">
    <ele>1750.3</ele>
   </trkpt>
   <trkpt lat="-28.0882950" lon="-65.9248520">
    <ele>1750.5</ele>
   </trkpt>
   <trkpt lat="-28.0883100" lon="-65.9248740">
    <ele>1750.8</ele>
   </trkpt>
   <trkpt lat="-28.0883250" lon="-65.9248950">
    <ele>1751.0</ele>
   </trkpt>
   <trkpt lat="-28.0883400" lon="-65.9249150">
    <ele>1751.3</ele>
   </trkpt>
   <trkpt lat="-28.0883550" lon="-65.9249360">
    <ele>1751.5</ele>
   </trkpt>
   <trkpt lat="-28.0883700" lon="-65.9249560">
    <ele>1751.7</ele>
   </trkpt>
   <trkpt lat="-28.0883850" lon="-65.9249760">
    <ele>1752.0</ele>
   </trkpt>
   <trkpt lat="-28.0884000" lon="-65.9249960">
    <ele>1752.3</ele>
   </trkpt>
   <trkpt lat="-28.0884160" lon="-65.9250150">
    <ele>1752.5</ele>
   </trkpt>
   <trkpt lat="-28.0884310" lon="-65.9250340">
    <ele>1752.8</ele>
   </trkpt>
   <trkpt lat="-28.0884460" lon="-65.9250530">
    <ele>1753.1</ele>
   </trkpt>
   <trkpt lat="-28.0884600" lon="-65.9250710">
    <ele>1753.3</ele>
   </trkpt>
   <trkpt lat="-28.0884740" lon="-65.9250900">
    <ele>1753.6</ele>
   </trkpt>
   <trkpt lat="-28.0884880" lon="-65.9251080">
    <ele>1753.9</ele>
   </trkpt>
   <trkpt lat="-28.0885020" lon="-65.9251270">
    <ele>1754.2</ele>
   </trkpt>
   <trkpt lat="-28.0885160" lon="-65.9251450">
    <ele>1754.6</ele>
   </trkpt>
   <trkpt lat="-28.0885300" lon="-65.9251630">
    <ele>1754.9</ele>
   </trkpt>
   <trkpt lat="-28.0885440" lon="-65.9251800">
    <ele>1755.2</ele>
   </trkpt>
   <trkpt lat="-28.0885580" lon="-65.9251970">
    <ele>1755.5</ele>
   </trkpt>
   <trkpt lat="-28.0885710" lon="-65.9252130">
    <ele>1755.8</ele>
   </trkpt>
   <trkpt lat="-28.0885850" lon="-65.9252290">
    <ele>1756.1</ele>
   </trkpt>
   <trkpt lat="-28.0885990" lon="-65.9252450">
    <ele>1756.3</ele>
   </trkpt>
   <trkpt lat="-28.0886120" lon="-65.9252600">
    <ele>1756.6</ele>
   </trkpt>
   <trkpt lat="-28.0886260" lon="-65.9252760">
    <ele>1756.9</ele>
   </trkpt>
   <trkpt lat="-28.0886410" lon="-65.9252910">
    <ele>1757.2</ele>
   </trkpt>
   <trkpt lat="-28.0886550" lon="-65.9253070">
    <ele>1757.5</ele>
   </trkpt>
   <trkpt lat="-28.0886690" lon="-65.9253220">
    <ele>1757.8</ele>
   </trkpt>
   <trkpt lat="-28.0886840" lon="-65.9253380">
    <ele>1758.1</ele>
   </trkpt>
   <trkpt lat="-28.0886990" lon="-65.9253530">
    <ele>1758.4</ele>
   </trkpt>
   <trkpt lat="-28.0887150" lon="-65.9253680">
    <ele>1758.6</ele>
   </trkpt>
   <trkpt lat="-28.0887310" lon="-65.9253830">
    <ele>1758.9</ele>
   </trkpt>
   <trkpt lat="-28.0887470" lon="-65.9253980">
    <ele>1759.2</ele>
   </trkpt>
   <trkpt lat="-28.0887640" lon="-65.9254130">
    <ele>1759.5</ele>
   </trkpt>
   <trkpt lat="-28.0887810" lon="-65.9254270">
    <ele>1759.7</ele>
   </trkpt>
   <trkpt lat="-28.0887980" lon="-65.9254410">
    <ele>1760.0</ele>
   </trkpt>
   <trkpt lat="-28.0888150" lon="-65.9254540">
    <ele>1760.2</ele>
   </trkpt>
   <trkpt lat="-28.0888320" lon="-65.9254680">
    <ele>1760.5</ele>
   </trkpt>
   <trkpt lat="-28.0888510" lon="-65.9254810">
    <ele>1760.7</ele>
   </trkpt>
   <trkpt lat="-28.0888690" lon="-65.9254940">
    <ele>1761.0</ele>
   </trkpt>
   <trkpt lat="-28.0888880" lon="-65.9255070">
    <ele>1761.2</ele>
   </trkpt>
   <trkpt lat="-28.0889070" lon="-65.9255190">
    <ele>1761.5</ele>
   </trkpt>
   <trkpt lat="-28.0889270" lon="-65.9255310">
    <ele>1761.7</ele>
   </trkpt>
   <trkpt lat="-28.0889460" lon="-65.9255430">
    <ele>1762.0</ele>
   </trkpt>
   <trkpt lat="-28.0889670" lon="-65.9255540">
    <ele>1762.2</ele>
   </trkpt>
   <trkpt lat="-28.0889890" lon="-65.9255650">
    <ele>1762.5</ele>
   </trkpt>
   <trkpt lat="-28.0890100" lon="-65.9255760">
    <ele>1762.7</ele>
   </trkpt>
   <trkpt lat="-28.0890310" lon="-65.9255880">
    <ele>1763.0</ele>
   </trkpt>
   <trkpt lat="-28.0890510" lon="-65.9256000">
    <ele>1763.2</ele>
   </trkpt>
   <trkpt lat="-28.0890720" lon="-65.9256130">
    <ele>1763.4</ele>
   </trkpt>
   <trkpt lat="-28.0890930" lon="-65.9256260">
    <ele>1763.7</ele>
   </trkpt>
   <trkpt lat="-28.0891140" lon="-65.9256390">
    <ele>1763.9</ele>
   </trkpt>
   <trkpt lat="-28.0891360" lon="-65.9256530">
    <ele>1764.1</ele>
   </trkpt>
   <trkpt lat="-28.0891570" lon="-65.9256670">
    <ele>1764.4</ele>
   </trkpt>
   <trkpt lat="-28.0891770" lon="-65.9256860">
    <ele>1764.6</ele>
   </trkpt>
   <trkpt lat="-28.0891970" lon="-65.9257040">
    <ele>1764.9</ele>
   </trkpt>
   <trkpt lat="-28.0892130" lon="-65.9257270">
    <ele>1765.2</ele>
   </trkpt>
   <trkpt lat="-28.0892290" lon="-65.9257500">
    <ele>1765.4</ele>
   </trkpt>
   <trkpt lat="-28.0892370" lon="-65.9257750">
    <ele>1765.7</ele>
   </trkpt>
   <trkpt lat="-28.0892460" lon="-65.9258010">
    <ele>1766.0</ele>
   </trkpt>
   <trkpt lat="-28.0892480" lon="-65.9258260">
    <ele>1766.3</ele>
   </trkpt>
   <trkpt lat="-28.0892500" lon="-65.9258510">
    <ele>1766.6</ele>
   </trkpt>
   <trkpt lat="-28.0892480" lon="-65.9258760">
    <ele>1766.9</ele>
   </trkpt>
   <trkpt lat="-28.0892460" lon="-65.9259000">
    <ele>1767.2</ele>
   </trkpt>
   <trkpt lat="-28.0892430" lon="-65.9259230">
    <ele>1767.5</ele>
   </trkpt>
   <trkpt lat="-28.0892400" lon="-65.9259470">
    <ele>1767.9</ele>
   </trkpt>
   <trkpt lat="-28.0892370" lon="-65.9259700">
    <ele>1768.2</ele>
   </trkpt>
   <trkpt lat="-28.0892350" lon="-65.9259940">
    <ele>1768.5</ele>
   </trkpt>
   <trkpt lat="-28.0892360" lon="-65.9260160">
    <ele>1768.8</ele>
   </trkpt>
   <trkpt lat="-28.0892370" lon="-65.9260390">
    <ele>1769.2</ele>
   </trkpt>
   <trkpt lat="-28.0892420" lon="-65.9260600">
    <ele>1769.5</ele>
   </trkpt>
   <trkpt lat="-28.0892470" lon="-65.9260810">
    <ele>1769.8</ele>
   </trkpt>
   <trkpt lat="-28.0892560" lon="-65.9261010">
    <ele>1770.1</ele>
   </trkpt>
   <trkpt lat="-28.0892660" lon="-65.9261210">
    <ele>1770.4</ele>
   </trkpt>
   <trkpt lat="-28.0892770" lon="-65.9261390">
    <ele>1770.7</ele>
   </trkpt>
   <trkpt lat="-28.0892890" lon="-65.9261580">
    <ele>1771.0</ele>
   </trkpt>
   <trkpt lat="-28.0893010" lon="-65.9261740">
    <ele>1771.3</ele>
   </trkpt>
   <trkpt lat="-28.0893130" lon="-65.9261900">
    <ele>1771.6</ele>
   </trkpt>
   <trkpt lat="-28.0893270" lon="-65.9262050">
    <ele>1771.9</ele>
   </trkpt>
   <trkpt lat="-28.0893400" lon="-65.9262200">
    <ele>1772.2</ele>
   </trkpt>
   <trkpt lat="-28.0893550" lon="-65.9262350">
    <ele>1772.5</ele>
   </trkpt>
   <trkpt lat="-28.0893690" lon="-65.9262500">
    <ele>1772.8</ele>
   </trkpt>
   <trkpt lat="-28.0893840" lon="-65.9262650">
    <ele>1773.0</ele>
   </trkpt>
   <trkpt lat="-28.0893980" lon="-65.9262800">
    <ele>1773.3</ele>
   </trkpt>
   <trkpt lat="-28.0894130" lon="-65.9262960">
    <ele>1773.6</ele>
   </trkpt>
   <trkpt lat="-28.0894270" lon="-65.9263120">
    <ele>1773.9</ele>
   </trkpt>
   <trkpt lat="-28.0894420" lon="-65.9263290">
    <ele>1774.2</ele>
   </trkpt>
   <trkpt lat="-28.0894570" lon="-65.9263450">
    <ele>1774.5</ele>
   </trkpt>
   <trkpt lat="-28.0894730" lon="-65.9263600">
    <ele>1774.7</ele>
   </trkpt>
   <trkpt lat="-28.0894900" lon="-65.9263760">
    <ele>1775.0</ele>
   </trkpt>
   <trkpt lat="-28.0895080" lon="-65.9263890">
    <ele>1775.3</ele>
   </trkpt>
   <trkpt lat="-28.0895270" lon="-65.9264030">
    <ele>1775.6</ele>
   </trkpt>
   <trkpt lat="-28.0895470" lon="-65.9264150">
    <ele>1775.8</ele>
   </trkpt>
   <trkpt lat="-28.0895670" lon="-65.9264260">
    <ele>1776.1</ele>
   </trkpt>
   <trkpt lat="-28.0895880" lon="-65.9264360">
    <ele>1776.3</ele>
   </trkpt>
   <trkpt lat="-28.0896090" lon="-65.9264450">
    <ele>1776.6</ele>
   </trkpt>
   <trkpt lat="-28.0896310" lon="-65.9264530">
    <ele>1776.8</ele>
   </trkpt>
   <trkpt lat="-28.0896530" lon="-65.9264610">
    <ele>1777.1</ele>
   </trkpt>
   <trkpt lat="-28.0896750" lon="-65.9264680">
    <ele>1777.4</ele>
   </trkpt>
   <trkpt lat="-28.0896970" lon="-65.9264750">
    <ele>1777.6</ele>
   </trkpt>
   <trkpt lat="-28.0897190" lon="-65.9264810">
    <ele>1777.9</ele>
   </trkpt>
   <trkpt lat="-28.0897410" lon="-65.9264880">
    <ele>1778.1</ele>
   </trkpt>
   <trkpt lat="-28.0897620" lon="-65.9264950">
    <ele>1778.4</ele>
   </trkpt>
   <trkpt lat="-28.0897830" lon="-65.9265020">
    <ele>1778.6</ele>
   </trkpt>
   <trkpt lat="-28.0898030" lon="-65.9265100">
    <ele>1778.9</ele>
   </trkpt>
   <trkpt lat="-28.0898230" lon="-65.9265170">
    <ele>1779.1</ele>
   </trkpt>
   <trkpt lat="-28.0898420" lon="-65.9265250">
    <ele>1779.4</ele>
   </trkpt>
   <trkpt lat="-28.0898610" lon="-65.9265330">
    <ele>1779.6</ele>
   </trkpt>
   <trkpt lat="-28.0898790" lon="-65.9265430">
    <ele>1779.9</ele>
   </trkpt>
   <trkpt lat="-28.0898980" lon="-65.9265520">
    <ele>1780.2</ele>
   </trkpt>
   <trkpt lat="-28.0899150" lon="-65.9265630">
    <ele>1780.4</ele>
   </trkpt>
   <trkpt lat="-28.0899330" lon="-65.9265730">
    <ele>1780.7</ele>
   </trkpt>
   <trkpt lat="-28.0899510" lon="-65.9265850">
    <ele>1781.0</ele>
   </trkpt>
   <trkpt lat="-28.0899690" lon="-65.9265970">
    <ele>1781.2</ele>
   </trkpt>
   <trkpt lat="-28.0899860" lon="-65.9266100">
    <ele>1781.5</ele>
   </trkpt>
   <trkpt lat="-28.0900040" lon="-65.9266230">
    <ele>1781.8</ele>
   </trkpt>
   <trkpt lat="-28.0900210" lon="-65.9266370">
    <ele>1782.1</ele>
   </trkpt>
   <trkpt lat="-28.0900380" lon="-65.9266510">
    <ele>1782.4</ele>
   </trkpt>
   <trkpt lat="-28.0900550" lon="-65.9266640">
    <ele>1782.7</ele>
   </trkpt>
   <trkpt lat="-28.0900720" lon="-65.9266780">
    <ele>1783.0</ele>
   </trkpt>
   <trkpt lat="-28.0900890" lon="-65.9266910">
    <ele>1783.3</ele>
   </trkpt>
   <trkpt lat="-28.0901070" lon="-65.9267050">
    <ele>1783.6</ele>
   </trkpt>
   <trkpt lat="-28.0901250" lon="-65.9267160">
    <ele>1783.9</ele>
   </trkpt>
   <trkpt lat="-28.0901420" lon="-65.9267270">
    <ele>1784.2</ele>
   </trkpt>
   <trkpt lat="-28.0901590" lon="-65.9267360">
    <ele>1784.4</ele>
   </trkpt>
   <trkpt lat="-28.0901770" lon="-65.9267460">
    <ele>1784.7</ele>
   </trkpt>
   <trkpt lat="-28.0901940" lon="-65.9267560">
    <ele>1785.0</ele>
   </trkpt>
   <trkpt lat="-28.0902110" lon="-65.9267650">
    <ele>1785.3</ele>
   </trkpt>
   <trkpt lat="-28.0902290" lon="-65.9267750">
    <ele>1785.5</ele>
   </trkpt>
   <trkpt lat="-28.0902470" lon="-65.9267840">
    <ele>1785.8</ele>
   </trkpt>
   <trkpt lat="-28.0902660" lon="-65.9267930">
    <ele>1786.1</ele>
   </trkpt>
   <trkpt lat="-28.0902850" lon="-65.9268020">
    <ele>1786.4</ele>
   </trkpt>
   <trkpt lat="-28.0903040" lon="-65.9268100">
    <ele>1786.7</ele>
   </trkpt>
   <trkpt lat="-28.0903240" lon="-65.9268190">
    <ele>1787.0</ele>
   </trkpt>
   <trkpt lat="-28.0903420" lon="-65.9268280">
    <ele>1787.2</ele>
   </trkpt>
   <trkpt lat="-28.0903610" lon="-65.9268360">
    <ele>1787.5</ele>
   </trkpt>
   <trkpt lat="-28.0903790" lon="-65.9268430">
    <ele>1787.8</ele>
   </trkpt>
   <trkpt lat="-28.0903980" lon="-65.9268510">
    <ele>1788.1</ele>
   </trkpt>
   <trkpt lat="-28.0904160" lon="-65.9268570">
    <ele>1788.3</ele>
   </trkpt>
   <trkpt lat="-28.0904350" lon="-65.9268640">
    <ele>1788.6</ele>
   </trkpt>
   <trkpt lat="-28.0904530" lon="-65.9268700">
    <ele>1788.9</ele>
   </trkpt>
   <trkpt lat="-28.0904720" lon="-65.9268770">
    <ele>1789.1</ele>
   </trkpt>
   <trkpt lat="-28.0904900" lon="-65.9268850">
    <ele>1789.4</ele>
   </trkpt>
   <trkpt lat="-28.0905080" lon="-65.9268920">
    <ele>1789.7</ele>
   </trkpt>
   <trkpt lat="-28.0905260" lon="-65.9269020">
    <ele>1789.9</ele>
   </trkpt>
   <trkpt lat="-28.0905440" lon="-65.9269110">
    <ele>1790.2</ele>
   </trkpt>
   <trkpt lat="-28.0905620" lon="-65.9269230">
    <ele>1790.5</ele>
   </trkpt>
   <trkpt lat="-28.0905800" lon="-65.9269350">
    <ele>1790.8</ele>
   </trkpt>
   <trkpt lat="-28.0905970" lon="-65.9269500">
    <ele>1791.1</ele>
   </trkpt>
   <trkpt lat="-28.0906140" lon="-65.9269650">
    <ele>1791.3</ele>
   </trkpt>
   <trkpt lat="-28.0906300" lon="-65.9269820">
    <ele>1791.6</ele>
   </trkpt>
   <trkpt lat="-28.0906460" lon="-65.9270000">
    <ele>1791.9</ele>
   </trkpt>
   <trkpt lat="-28.0906610" lon="-65.9270200">
    <ele>1792.2</ele>
   </trkpt>
   <trkpt lat="-28.0906750" lon="-65.9270390">
    <ele>1792.5</ele>
   </trkpt>
   <trkpt lat="-28.0906880" lon="-65.9270590">
    <ele>1792.8</ele>
   </trkpt>
   <trkpt lat="-28.0907010" lon="-65.9270790">
    <ele>1793.1</ele>
   </trkpt>
   <trkpt lat="-28.0907130" lon="-65.9271000">
    <ele>1793.3</ele>
   </trkpt>
   <trkpt lat="-28.0907240" lon="-65.9271210">
    <ele>1793.6</ele>
   </trkpt>
   <trkpt lat="-28.0907340" lon="-65.9271430">
    <ele>1793.9</ele>
   </trkpt>
   <trkpt lat="-28.0907430" lon="-65.9271650">
    <ele>1794.1</ele>
   </trkpt>
   <trkpt lat="-28.0907520" lon="-65.9271870">
    <ele>1794.4</ele>
   </trkpt>
   <trkpt lat="-28.0907610" lon="-65.9272100">
    <ele>1794.6</ele>
   </trkpt>
   <trkpt lat="-28.0907710" lon="-65.9272330">
    <ele>1794.8</ele>
   </trkpt>
   <trkpt lat="-28.0907810" lon="-65.9272550">
    <ele>1795.1</ele>
   </trkpt>
   <trkpt lat="-28.0907940" lon="-65.9272760">
    <ele>1795.3</ele>
   </trkpt>
   <trkpt lat="-28.0908080" lon="-65.9272970">
    <ele>1795.5</ele>
   </trkpt>
   <trkpt lat="-28.0908240" lon="-65.9273160">
    <ele>1795.8</ele>
   </trkpt>
   <trkpt lat="-28.0908410" lon="-65.9273350">
    <ele>1796.0</ele>
   </trkpt>
   <trkpt lat="-28.0908610" lon="-65.9273530">
    <ele>1796.2</ele>
   </trkpt>
   <trkpt lat="-28.0908810" lon="-65.9273700">
    <ele>1796.4</ele>
   </trkpt>
   <trkpt lat="-28.0909020" lon="-65.9273880">
    <ele>1796.7</ele>
   </trkpt>
   <trkpt lat="-28.0909240" lon="-65.9274050">
    <ele>1796.9</ele>
   </trkpt>
   <trkpt lat="-28.0909450" lon="-65.9274220">
    <ele>1797.1</ele>
   </trkpt>
   <trkpt lat="-28.0909660" lon="-65.9274400">
    <ele>1797.3</ele>
   </trkpt>
   <trkpt lat="-28.0909860" lon="-65.9274570">
    <ele>1797.4</ele>
   </trkpt>
   <trkpt lat="-28.0910060" lon="-65.9274740">
    <ele>1797.6</ele>
   </trkpt>
   <trkpt lat="-28.0910260" lon="-65.9274910">
    <ele>1797.8</ele>
   </trkpt>
   <trkpt lat="-28.0910460" lon="-65.9275080">
    <ele>1797.9</ele>
   </trkpt>
   <trkpt lat="-28.0910670" lon="-65.9275240">
    <ele>1798.1</ele>
   </trkpt>
   <trkpt lat="-28.0910880" lon="-65.9275390">
    <ele>1798.2</ele>
   </trkpt>
   <trkpt lat="-28.0911100" lon="-65.9275520">
    <ele>1798.3</ele>
   </trkpt>
   <trkpt lat="-28.0911330" lon="-65.9275640">
    <ele>1798.5</ele>
   </trkpt>
   <trkpt lat="-28.0911570" lon="-65.9275730">
    <ele>1798.6</ele>
   </trkpt>
   <trkpt lat="-28.0911820" lon="-65.9275830">
    <ele>1798.7</ele>
   </trkpt>
   <trkpt lat="-28.0912100" lon="-65.9275890">
    <ele>1798.8</ele>
   </trkpt>
   <trkpt lat="-28.0912370" lon="-65.9275950">
    <ele>1798.9</ele>
   </trkpt>
   <trkpt lat="-28.0912660" lon="-65.9276010">
    <ele>1799.0</ele>
   </trkpt>
   <trkpt lat="-28.0912940" lon="-65.9276060">
    <ele>1799.1</ele>
   </trkpt>
   <trkpt lat="-28.0913230" lon="-65.9276140">
    <ele>1799.1</ele>
   </trkpt>
   <trkpt lat="-28.0913520" lon="-65.9276220">
    <ele>1799.2</ele>
   </trkpt>
   <trkpt lat="-28.0913790" lon="-65.9276340">
    <ele>1799.3</ele>
   </trkpt>
   <trkpt lat="-28.0914070" lon="-65.9276460">
    <ele>1799.4</ele>
   </trkpt>
   <trkpt lat="-28.0914320" lon="-65.9276630">
    <ele>1799.4</ele>
   </trkpt>
   <trkpt lat="-28.0914580" lon="-65.9276790">
    <ele>1799.5</ele>
   </trkpt>
   <trkpt lat="-28.0914800" lon="-65.9277010">
    <ele>1799.6</ele>
   </trkpt>
   <trkpt lat="-28.0915030" lon="-65.9277220">
    <ele>1799.7</ele>
   </trkpt>
   <trkpt lat="-28.0915210" lon="-65.9277490">
    <ele>1799.8</ele>
   </trkpt>
   <trkpt lat="-28.0915390" lon="-65.9277760">
    <ele>1799.9</ele>
   </trkpt>
   <trkpt lat="-28.0915540" lon="-65.9278060">
    <ele>1800.0</ele>
   </trkpt>
   <trkpt lat="-28.0915680" lon="-65.9278360">
    <ele>1800.2</ele>
   </trkpt>
   <trkpt lat="-28.0915790" lon="-65.9278660">
    <ele>1800.3</ele>
   </trkpt>
   <trkpt lat="-28.0915910" lon="-65.9278970">
    <ele>1800.5</ele>
   </trkpt>
   <trkpt lat="-28.0916010" lon="-65.9279260">
    <ele>1800.7</ele>
   </trkpt>
   <trkpt lat="-28.0916120" lon="-65.9279560">
    <ele>1800.9</ele>
   </trkpt>
   <trkpt lat="-28.0916220" lon="-65.9279830">
    <ele>1801.0</ele>
   </trkpt>
   <trkpt lat="-28.0916320" lon="-65.9280110">
    <ele>1801.2</ele>
   </trkpt>
   <trkpt lat="-28.0916430" lon="-65.9280380">
    <ele>1801.4</ele>
   </trkpt>
   <trkpt lat="-28.0916530" lon="-65.9280650">
    <ele>1801.6</ele>
   </trkpt>
   <trkpt lat="-28.0916640" lon="-65.9280910">
    <ele>1801.9</ele>
   </trkpt>
   <trkpt lat="-28.0916740" lon="-65.9281180">
    <ele>1802.1</ele>
   </trkpt>
   <trkpt lat="-28.0916850" lon="-65.9281430">
    <ele>1802.3</ele>
   </trkpt>
   <trkpt lat="-28.0916960" lon="-65.9281690">
    <ele>1802.6</ele>
   </trkpt>
   <trkpt lat="-28.0917050" lon="-65.9281950">
    <ele>1802.8</ele>
   </trkpt>
   <trkpt lat="-28.0917140" lon="-65.9282210">
    <ele>1803.1</ele>
   </trkpt>
   <trkpt lat="-28.0917200" lon="-65.9282460">
    <ele>1803.4</ele>
   </trkpt>
   <trkpt lat="-28.0917270" lon="-65.9282710">
    <ele>1803.6</ele>
   </trkpt>
   <trkpt lat="-28.0917300" lon="-65.9282960">
    <ele>1803.9</ele>
   </trkpt>
   <trkpt lat="-28.0917340" lon="-65.9283210">
    <ele>1804.2</ele>
   </trkpt>
   <trkpt lat="-28.0917320" lon="-65.9283440">
    <ele>1804.4</ele>
   </trkpt>
   <trkpt lat="-28.0917300" lon="-65.9283680">
    <ele>1804.7</ele>
   </trkpt>
   <trkpt lat="-28.0917230" lon="-65.9283910">
    <ele>1805.0</ele>
   </trkpt>
   <trkpt lat="-28.0917160" lon="-65.9284130">
    <ele>1805.2</ele>
   </trkpt>
   <trkpt lat="-28.0917050" lon="-65.9284360">
    <ele>1805.5</ele>
   </trkpt>
   <trkpt lat="-28.0916930" lon="-65.9284580">
    <ele>1805.8</ele>
   </trkpt>
   <trkpt lat="-28.0916780" lon="-65.9284790">
    <ele>1806.1</ele>
   </trkpt>
   <trkpt lat="-28.0916630" lon="-65.9285010">
    <ele>1806.5</ele>
   </trkpt>
   <trkpt lat="-28.0916460" lon="-65.9285220">
    <ele>1806.8</ele>
   </trkpt>
   <trkpt lat="-28.0916290" lon="-65.9285420">
    <ele>1807.1</ele>
   </trkpt>
   <trkpt lat="-28.0916120" lon="-65.9285620">
    <ele>1807.4</ele>
   </trkpt>
   <trkpt lat="-28.0915960" lon="-65.9285810">
    <ele>1807.7</ele>
   </trkpt>
   <trkpt lat="-28.0915790" lon="-65.9285990">
    <ele>1808.0</ele>
   </trkpt>
   <trkpt lat="-28.0915620" lon="-65.9286160">
    <ele>1808.3</ele>
   </trkpt>
   <trkpt lat="-28.0915460" lon="-65.9286320">
    <ele>1808.5</ele>
   </trkpt>
   <trkpt lat="-28.0915310" lon="-65.9286480">
    <ele>1808.8</ele>
   </trkpt>
   <trkpt lat="-28.0915150" lon="-65.9286650">
    <ele>1809.0</ele>
   </trkpt>
   <trkpt lat="-28.0914990" lon="-65.9286810">
    <ele>1809.3</ele>
   </trkpt>
   <trkpt lat="-28.0914820" lon="-65.9286970">
    <ele>1809.5</ele>
   </trkpt>
   <trkpt lat="-28.0914650" lon="-65.9287130">
    <ele>1809.8</ele>
   </trkpt>
   <trkpt lat="-28.0914480" lon="-65.9287290">
    <ele>1810.0</ele>
   </trkpt>
   <trkpt lat="-28.0914320" lon="-65.9287440">
    <ele>1810.3</ele>
   </trkpt>
   <trkpt lat="-28.0914160" lon="-65.9287600">
    <ele>1810.5</ele>
   </trkpt>
   <trkpt lat="-28.0914000" lon="-65.9287750">
    <ele>1810.7</ele>
   </trkpt>
   <trkpt lat="-28.0913840" lon="-65.9287910">
    <ele>1811.0</ele>
   </trkpt>
   <trkpt lat="-28.0913690" lon="-65.9288070">
    <ele>1811.2</ele>
   </trkpt>
   <trkpt lat="-28.0913540" lon="-65.9288240">
    <ele>1811.4</ele>
   </trkpt>
   <trkpt lat="-28.0913380" lon="-65.9288400">
    <ele>1811.7</ele>
   </trkpt>
   <trkpt lat="-28.0913230" lon="-65.9288580">
    <ele>1811.9</ele>
   </trkpt>
   <trkpt lat="-28.0913080" lon="-65.9288750">
    <ele>1812.2</ele>
   </trkpt>
   <trkpt lat="-28.0912930" lon="-65.9288930">
    <ele>1812.4</ele>
   </trkpt>
   <trkpt lat="-28.0912780" lon="-65.9289110">
    <ele>1812.7</ele>
   </trkpt>
   <trkpt lat="-28.0912640" lon="-65.9289300">
    <ele>1813.0</ele>
   </trkpt>
   <trkpt lat="-28.0912490" lon="-65.9289490">
    <ele>1813.3</ele>
   </trkpt>
   <trkpt lat="-28.0912360" lon="-65.9289670">
    <ele>1813.5</ele>
   </trkpt>
   <trkpt lat="-28.0912230" lon="-65.9289850">
    <ele>1813.8</ele>
   </trkpt>
   <trkpt lat="-28.0912100" lon="-65.9290030">
    <ele>1814.0</ele>
   </trkpt>
   <trkpt lat="-28.0911970" lon="-65.9290210">
    <ele>1814.3</ele>
   </trkpt>
   <trkpt lat="-28.0911850" lon="-65.9290390">
    <ele>1814.6</ele>
   </trkpt>
   <trkpt lat="-28.0911720" lon="-65.9290580">
    <ele>1814.8</ele>
   </trkpt>
   <trkpt lat="-28.0911600" lon="-65.9290770">
    <ele>1815.1</ele>
   </trkpt>
   <trkpt lat="-28.0911480" lon="-65.9290960">
    <ele>1815.4</ele>
   </trkpt>
   <trkpt lat="-28.0911370" lon="-65.9291160">
    <ele>1815.7</ele>
   </trkpt>
   <trkpt lat="-28.0911260" lon="-65.9291360">
    <ele>1816.0</ele>
   </trkpt>
   <trkpt lat="-28.0911170" lon="-65.9291570">
    <ele>1816.3</ele>
   </trkpt>
   <trkpt lat="-28.0911080" lon="-65.9291780">
    <ele>1816.6</ele>
   </trkpt>
   <trkpt lat="-28.0911010" lon="-65.9292000">
    <ele>1816.9</ele>
   </trkpt>
   <trkpt lat="-28.0910940" lon="-65.9292210">
    <ele>1817.2</ele>
   </trkpt>
   <trkpt lat="-28.0910910" lon="-65.9292430">
    <ele>1817.5</ele>
   </trkpt>
   <trkpt lat="-28.0910870" lon="-65.9292640">
    <ele>1817.7</ele>
   </trkpt>
   <trkpt lat="-28.0910860" lon="-65.9292860">
    <ele>1818.0</ele>
   </trkpt>
   <trkpt lat="-28.0910840" lon="-65.9293080">
    <ele>1818.3</ele>
   </trkpt>
   <trkpt lat="-28.0910860" lon="-65.9293300">
    <ele>1818.5</ele>
   </trkpt>
   <trkpt lat="-28.0910880" lon="-65.9293520">
    <ele>1818.8</ele>
   </trkpt>
   <trkpt lat="-28.0910930" lon="-65.9293730">
    <ele>1819.1</ele>
   </trkpt>
   <trkpt lat="-28.0910990" lon="-65.9293940">
    <ele>1819.3</ele>
   </trkpt>
   <trkpt lat="-28.0911080" lon="-65.9294140">
    <ele>1819.6</ele>
   </trkpt>
   <trkpt lat="-28.0911180" lon="-65.9294340">
    <ele>1819.8</ele>
   </trkpt>
   <trkpt lat="-28.0911310" lon="-65.9294520">
    <ele>1820.0</ele>
   </trkpt>
   <trkpt lat="-28.0911440" lon="-65.9294710">
    <ele>1820.3</ele>
   </trkpt>
   <trkpt lat="-28.0911610" lon="-65.9294860">
    <ele>1820.5</ele>
   </trkpt>
   <trkpt lat="-28.0911780" lon="-65.9295010">
    <ele>1820.7</ele>
   </trkpt>
   <trkpt lat="-28.0911990" lon="-65.9295100">
    <ele>1820.9</ele>
   </trkpt>
   <trkpt lat="-28.0912200" lon="-65.9295180">
    <ele>1821.1</ele>
   </trkpt>
   <trkpt lat="-28.0912430" lon="-65.9295220">
    <ele>1821.2</ele>
   </trkpt>
   <trkpt lat="-28.0912670" lon="-65.9295250">
    <ele>1821.4</ele>
   </trkpt>
   <trkpt lat="-28.0912910" lon="-65.9295260">
    <ele>1821.6</ele>
   </trkpt>
   <trkpt lat="-28.0913150" lon="-65.9295260">
    <ele>1821.8</ele>
   </trkpt>
   <trkpt lat="-28.0913400" lon="-65.9295250">
    <ele>1821.9</ele>
   </trkpt>
   <trkpt lat="-28.0913650" lon="-65.9295240">
    <ele>1822.1</ele>
   </trkpt>
   <trkpt lat="-28.0913900" lon="-65.9295220">
    <ele>1822.3</ele>
   </trkpt>
   <trkpt lat="-28.0914150" lon="-65.9295210">
    <ele>1822.4</ele>
   </trkpt>
   <trkpt lat="-28.0914390" lon="-65.9295200">
    <ele>1822.6</ele>
   </trkpt>
   <trkpt lat="-28.0914640" lon="-65.9295200">
    <ele>1822.8</ele>
   </trkpt>
   <trkpt lat="-28.0914880" lon="-65.9295210">
    <ele>1823.0</ele>
   </trkpt>
   <trkpt lat="-28.0915130" lon="-65.9295230">
    <ele>1823.2</ele>
   </trkpt>
   <trkpt lat="-28.0915370" lon="-65.9295270">
    <ele>1823.4</ele>
   </trkpt>
   <trkpt lat="-28.0915610" lon="-65.9295310">
    <ele>1823.6</ele>
   </trkpt>
   <trkpt lat="-28.0915840" lon="-65.9295370">
    <ele>1823.8</ele>
   </trkpt>
   <trkpt lat="-28.0916080" lon="-65.9295430">
    <ele>1824.0</ele>
   </trkpt>
   <trkpt lat="-28.0916310" lon="-65.9295530">
    <ele>1824.2</ele>
   </trkpt>
   <trkpt lat="-28.0916540" lon="-65.9295620">
    <ele>1824.4</ele>
   </trkpt>
   <trkpt lat="-28.0916770" lon="-65.9295730">
    <ele>1824.6</ele>
   </trkpt>
   <trkpt lat="-28.0917000" lon="-65.9295840">
    <ele>1824.8</ele>
   </trkpt>
   <trkpt lat="-28.0917230" lon="-65.9295970">
    <ele>1825.0</ele>
   </trkpt>
   <trkpt lat="-28.0917450" lon="-65.9296100">
    <ele>1825.2</ele>
   </trkpt>
   <trkpt lat="-28.0917690" lon="-65.9296230">
    <ele>1825.4</ele>
   </trkpt>
   <trkpt lat="-28.0917920" lon="-65.9296360">
    <ele>1825.5</ele>
   </trkpt>
   <trkpt lat="-28.0918150" lon="-65.9296470">
    <ele>1825.7</ele>
   </trkpt>
   <trkpt lat="-28.0918390" lon="-65.9296580">
    <ele>1825.9</ele>
   </trkpt>
   <trkpt lat="-28.0918610" lon="-65.9296690">
    <ele>1826.0</ele>
   </trkpt>
   <trkpt lat="-28.0918840" lon="-65.9296800">
    <ele>1826.2</ele>
   </trkpt>
   <trkpt lat="-28.0919070" lon="-65.9296920">
    <ele>1826.3</ele>
   </trkpt>
   <trkpt lat="-28.0919290" lon="-65.9297040">
    <ele>1826.5</ele>
   </trkpt>
   <trkpt lat="-28.0919500" lon="-65.9297200">
    <ele>1826.6</ele>
   </trkpt>
   <trkpt lat="-28.0919720" lon="-65.9297360">
    <ele>1826.8</ele>
   </trkpt>
   <trkpt lat="-28.0919910" lon="-65.9297550">
    <ele>1826.9</ele>
   </trkpt>
   <trkpt lat="-28.0920110" lon="-65.9297750">
    <ele>1827.0</ele>
   </trkpt>
   <trkpt lat="-28.0920270" lon="-65.9297980">
    <ele>1827.2</ele>
   </trkpt>
   <trkpt lat="-28.0920430" lon="-65.9298220">
    <ele>1827.3</ele>
   </trkpt>
   <trkpt lat="-28.0920570" lon="-65.9298490">
    <ele>1827.4</ele>
   </trkpt>
   <trkpt lat="-28.0920710" lon="-65.9298750">
    <ele>1827.5</ele>
   </trkpt>
   <trkpt lat="-28.0920830" lon="-65.9299030">
    <ele>1827.6</ele>
   </trkpt>
   <trkpt lat="-28.0920950" lon="-65.9299310">
    <ele>1827.8</ele>
   </trkpt>
   <trkpt lat="-28.0921070" lon="-65.9299590">
    <ele>1827.9</ele>
   </trkpt>
   <trkpt lat="-28.0921180" lon="-65.9299880">
    <ele>1828.1</ele>
   </trkpt>
   <trkpt lat="-28.0921280" lon="-65.9300160">
    <ele>1828.2</ele>
   </trkpt>
   <trkpt lat="-28.0921390" lon="-65.9300440">
    <ele>1828.4</ele>
   </trkpt>
   <trkpt lat="-28.0921480" lon="-65.9300730">
    <ele>1828.6</ele>
   </trkpt>
   <trkpt lat="-28.0921580" lon="-65.9301020">
    <ele>1828.8</ele>
   </trkpt>
   <trkpt lat="-28.0921660" lon="-65.9301300">
    <ele>1829.0</ele>
   </trkpt>
   <trkpt lat="-28.0921750" lon="-65.9301590">
    <ele>1829.2</ele>
   </trkpt>
   <trkpt lat="-28.0921810" lon="-65.9301860">
    <ele>1829.4</ele>
   </trkpt>
   <trkpt lat="-28.0921870" lon="-65.9302130">
    <ele>1829.7</ele>
   </trkpt>
   <trkpt lat="-28.0921920" lon="-65.9302380">
    <ele>1829.9</ele>
   </trkpt>
   <trkpt lat="-28.0921970" lon="-65.9302640">
    <ele>1830.2</ele>
   </trkpt>
   <trkpt lat="-28.0922010" lon="-65.9302880">
    <ele>1830.4</ele>
   </trkpt>
   <trkpt lat="-28.0922050" lon="-65.9303120">
    <ele>1830.7</ele>
   </trkpt>
   <trkpt lat="-28.0922080" lon="-65.9303360">
    <ele>1831.0</ele>
   </trkpt>
   <trkpt lat="-28.0922100" lon="-65.9303600">
    <ele>1831.2</ele>
   </trkpt>
   <trkpt lat="-28.0922130" lon="-65.9303840">
    <ele>1831.5</ele>
   </trkpt>
   <trkpt lat="-28.0922150" lon="-65.9304080">
    <ele>1831.8</ele>
   </trkpt>
   <trkpt lat="-28.0922190" lon="-65.9304320">
    <ele>1832.0</ele>
   </trkpt>
   <trkpt lat="-28.0922220" lon="-65.9304560">
    <ele>1832.3</ele>
   </trkpt>
   <trkpt lat="-28.0922280" lon="-65.9304790">
    <ele>1832.6</ele>
   </trkpt>
   <trkpt lat="-28.0922350" lon="-65.9305020">
    <ele>1832.9</ele>
   </trkpt>
   <trkpt lat="-28.0922430" lon="-65.9305230">
    <ele>1833.2</ele>
   </trkpt>
   <trkpt lat="-28.0922520" lon="-65.9305450">
    <ele>1833.5</ele>
   </trkpt>
   <trkpt lat="-28.0922630" lon="-65.9305640">
    <ele>1833.7</ele>
   </trkpt>
   <trkpt lat="-28.0922740" lon="-65.9305840">
    <ele>1834.0</ele>
   </trkpt>
   <trkpt lat="-28.0922890" lon="-65.9306010">
    <ele>1834.3</ele>
   </trkpt>
   <trkpt lat="-28.0923040" lon="-65.9306180">
    <ele>1834.6</ele>
   </trkpt>
   <trkpt lat="-28.0923200" lon="-65.9306340">
    <ele>1834.9</ele>
   </trkpt>
   <trkpt lat="-28.0923370" lon="-65.9306500">
    <ele>1835.2</ele>
   </trkpt>
   <trkpt lat="-28.0923540" lon="-65.9306650">
    <ele>1835.5</ele>
   </trkpt>
   <trkpt lat="-28.0923710" lon="-65.9306810">
    <ele>1835.8</ele>
   </trkpt>
   <trkpt lat="-28.0923880" lon="-65.9306950">
    <ele>1836.0</ele>
   </trkpt>
   <trkpt lat="-28.0924060" lon="-65.9307090">
    <ele>1836.3</ele>
   </trkpt>
   <trkpt lat="-28.0924240" lon="-65.9307220">
    <ele>1836.6</ele>
   </trkpt>
   <trkpt lat="-28.0924430" lon="-65.9307360">
    <ele>1836.8</ele>
   </trkpt>
   <trkpt lat="-28.0924610" lon="-65.9307480">
    <ele>1837.1</ele>
   </trkpt>
   <trkpt lat="-28.0924800" lon="-65.9307610">
    <ele>1837.4</ele>
   </trkpt>
   <trkpt lat="-28.0924990" lon="-65.9307730">
    <ele>1837.6</ele>
   </trkpt>
   <trkpt lat="-28.0925190" lon="-65.9307840">
    <ele>1837.9</ele>
   </trkpt>
   <trkpt lat="-28.0925380" lon="-65.9307940">
    <ele>1838.1</ele>
   </trkpt>
   <trkpt lat="-28.0925580" lon="-65.9308040">
    <ele>1838.4</ele>
   </trkpt>
   <trkpt lat="-28.0925790" lon="-65.9308120">
    <ele>1838.6</ele>
   </trkpt>
   <trkpt lat="-28.0926000" lon="-65.9308200">
    <ele>1838.9</ele>
   </trkpt>
   <trkpt lat="-28.0926220" lon="-65.9308260">
    <ele>1839.1</ele>
   </trkpt>
   <trkpt lat="-28.0926440" lon="-65.9308310">
    <ele>1839.4</ele>
   </trkpt>
   <trkpt lat="-28.0926670" lon="-65.9308350">
    <ele>1839.6</ele>
   </trkpt>
   <trkpt lat="-28.0926900" lon="-65.9308390">
    <ele>1839.8</ele>
   </trkpt>
   <trkpt lat="-28.0927130" lon="-65.9308400">
    <ele>1840.1</ele>
   </trkpt>
   <trkpt lat="-28.0927360" lon="-65.9308410">
    <ele>1840.3</ele>
   </trkpt>
   <trkpt lat="-28.0927600" lon="-65.9308410">
    <ele>1840.5</ele>
   </trkpt>
   <trkpt lat="-28.0927830" lon="-65.9308400">
    <ele>1840.7</ele>
   </trkpt>
   <trkpt lat="-28.0928060" lon="-65.9308380">
    <ele>1841.0</ele>
   </trkpt>
   <trkpt lat="-28.0928280" lon="-65.9308350">
    <ele>1841.2</ele>
   </trkpt>
   <trkpt lat="-28.0928500" lon="-65.9308320">
    <ele>1841.4</ele>
   </trkpt>
   <trkpt lat="-28.0928710" lon="-65.9308280">
    <ele>1841.6</ele>
   </trkpt>
   <trkpt lat="-28.0928930" lon="-65.9308240">
    <ele>1841.9</ele>
   </trkpt>
   <trkpt lat="-28.0929140" lon="-65.9308190">
    <ele>1842.1</ele>
   </trkpt>
   <trkpt lat="-28.0929360" lon="-65.9308140">
    <ele>1842.3</ele>
   </trkpt>
   <trkpt lat="-28.0929570" lon="-65.9308080">
    <ele>1842.5</ele>
   </trkpt>
   <trkpt lat="-28.0929780" lon="-65.9308010">
    <ele>1842.8</ele>
   </trkpt>
   <trkpt lat="-28.0930000" lon="-65.9307940">
    <ele>1843.0</ele>
   </trkpt>
   <trkpt lat="-28.0930210" lon="-65.9307840">
    <ele>1843.2</ele>
   </trkpt>
   <trkpt lat="-28.0930420" lon="-65.9307750">
    <ele>1843.5</ele>
   </trkpt>
   <trkpt lat="-28.0930640" lon="-65.9307650">
    <ele>1843.7</ele>
   </trkpt>
   <trkpt lat="-28.0930850" lon="-65.9307550">
    <ele>1844.0</ele>
   </trkpt>
   <trkpt lat="-28.0931060" lon="-65.9307440">
    <ele>1844.2</ele>
   </trkpt>
   <trkpt lat="-28.0931280" lon="-65.9307330">
    <ele>1844.5</ele>
   </trkpt>
   <trkpt lat="-28.0931480" lon="-65.9307220">
    <ele>1844.8</ele>
   </trkpt>
   <trkpt lat="-28.0931690" lon="-65.9307110">
    <ele>1845.0</ele>
   </trkpt>
   <trkpt lat="-28.0931890" lon="-65.9307000">
    <ele>1845.3</ele>
   </trkpt>
   <trkpt lat="-28.0932090" lon="-65.9306880">
    <ele>1845.5</ele>
   </trkpt>
   <trkpt lat="-28.0932280" lon="-65.9306760">
    <ele>1845.8</ele>
   </trkpt>
   <trkpt lat="-28.0932470" lon="-65.9306640">
    <ele>1846.1</ele>
   </trkpt>
   <trkpt lat="-28.0932660" lon="-65.9306510">
    <ele>1846.3</ele>
   </trkpt>
   <trkpt lat="-28.0932850" lon="-65.9306380">
    <ele>1846.6</ele>
   </trkpt>
   <trkpt lat="-28.0933040" lon="-65.9306260">
    <ele>1846.9</ele>
   </trkpt>
   <trkpt lat="-28.0933240" lon="-65.9306130">
    <ele>1847.1</ele>
   </trkpt>
   <trkpt lat="-28.0933430" lon="-65.9306010">
    <ele>1847.4</ele>
   </trkpt>
   <trkpt lat="-28.0933630" lon="-65.9305900">
    <ele>1847.7</ele>
   </trkpt>
   <trkpt lat="-28.0933830" lon="-65.9305790">
    <ele>1848.0</ele>
   </trkpt>
   <trkpt lat="-28.0934030" lon="-65.9305690">
    <ele>1848.2</ele>
   </trkpt>
   <trkpt lat="-28.0934240" lon="-65.9305590">
    <ele>1848.5</ele>
   </trkpt>
   <trkpt lat="-28.0934450" lon="-65.9305500">
    <ele>1848.8</ele>
   </trkpt>
   <trkpt lat="-28.0934660" lon="-65.9305420">
    <ele>1849.1</ele>
   </trkpt>
   <trkpt lat="-28.0934880" lon="-65.9305340">
    <ele>1849.4</ele>
   </trkpt>
   <trkpt lat="-28.0935090" lon="-65.9305270">
    <ele>1849.7</ele>
   </trkpt>
   <trkpt lat="-28.0935310" lon="-65.9305210">
    <ele>1849.9</ele>
   </trkpt>
   <trkpt lat="-28.0935530" lon="-65.9305180">
    <ele>1850.2</ele>
   </trkpt>
   <trkpt lat="-28.0935750" lon="-65.9305160">
    <ele>1850.5</ele>
   </trkpt>
   <trkpt lat="-28.0935950" lon="-65.9305180">
    <ele>1850.8</ele>
   </trkpt>
   <trkpt lat="-28.0936160" lon="-65.9305200">
    <ele>1851.0</ele>
   </trkpt>
   <trkpt lat="-28.0936350" lon="-65.9305280">
    <ele>1851.3</ele>
   </trkpt>
   <trkpt lat="-28.0936540" lon="-65.9305360">
    <ele>1851.6</ele>
   </trkpt>
   <trkpt lat="-28.0936720" lon="-65.9305500">
    <ele>1851.8</ele>
   </trkpt>
   <trkpt lat="-28.0936890" lon="-65.9305640">
    <ele>1852.1</ele>
   </trkpt>
   <trkpt lat="-28.0937050" lon="-65.9305820">
    <ele>1852.4</ele>
   </trkpt>
   <trkpt lat="-28.0937200" lon="-65.9306000">
    <ele>1852.7</ele>
   </trkpt>
   <trkpt lat="-28.0937310" lon="-65.9306170">
    <ele>1852.9</ele>
   </trkpt>
   <trkpt lat="-28.0937420" lon="-65.9306340">
    <ele>1853.2</ele>
   </trkpt>
   <trkpt lat="-28.0937490" lon="-65.9306490">
    <ele>1853.4</ele>
   </trkpt>
   <trkpt lat="-28.0937550" lon="-65.9306640">
    <ele>1853.6</ele>
   </trkpt>
   <trkpt lat="-28.0937590" lon="-65.9306790">
    <ele>1853.7</ele>
   </trkpt>
   <trkpt lat="-28.0937630" lon="-65.9306930">
    <ele>1853.9</ele>
   </trkpt>
   <trkpt lat="-28.0937630" lon="-65.9307100">
    <ele>1854.1</ele>
   </trkpt>
   <trkpt lat="-28.0937640" lon="-65.9307260">
    <ele>1854.3</ele>
   </trkpt>
   <trkpt lat="-28.0937630" lon="-65.9307420">
    <ele>1854.5</ele>
   </trkpt>
   <trkpt lat="-28.0937620" lon="-65.9307590">
    <ele>1854.7</ele>
   </trkpt>
   <trkpt lat="-28.0937610" lon="-65.9307760">
    <ele>1854.9</ele>
   </trkpt>
   <trkpt lat="-28.0937590" lon="-65.9307930">
    <ele>1855.1</ele>
   </trkpt>
   <trkpt lat="-28.0937570" lon="-65.9308100">
    <ele>1855.4</ele>
   </trkpt>
   <trkpt lat="-28.0937550" lon="-65.9308260">
    <ele>1855.6</ele>
   </trkpt>
   <trkpt lat="-28.0937520" lon="-65.9308410">
    <ele>1855.8</ele>
   </trkpt>
   <trkpt lat="-28.0937490" lon="-65.9308570">
    <ele>1856.0</ele>
   </trkpt>
   <trkpt lat="-28.0937470" lon="-65.9308710">
    <ele>1856.1</ele>
   </trkpt>
   <trkpt lat="-28.0937450" lon="-65.9308860">
    <ele>1856.3</ele>
   </trkpt>
   <trkpt lat="-28.0937420" lon="-65.9309000">
    <ele>1856.5</ele>
   </trkpt>
   <trkpt lat="-28.0937390" lon="-65.9309140">
    <ele>1856.7</ele>
   </trkpt>
   <trkpt lat="-28.0937370" lon="-65.9309280">
    <ele>1856.9</ele>
   </trkpt>
   <trkpt lat="-28.0937340" lon="-65.9309420">
    <ele>1857.1</ele>
   </trkpt>
   <trkpt lat="-28.0937320" lon="-65.9309570">
    <ele>1857.3</ele>
   </trkpt>
   <trkpt lat="-28.0937300" lon="-65.9309710">
    <ele>1857.5</ele>
   </trkpt>
   <trkpt lat="-28.0937280" lon="-65.9309850">
    <ele>1857.7</ele>
   </trkpt>
   <trkpt lat="-28.0937260" lon="-65.9310000">
    <ele>1857.9</ele>
   </trkpt>
   <trkpt lat="-28.0937230" lon="-65.9310140">
    <ele>1858.1</ele>
   </trkpt>
   <trkpt lat="-28.0937210" lon="-65.9310280">
    <ele>1858.3</ele>
   </trkpt>
   <trkpt lat="-28.0937180" lon="-65.9310430">
    <ele>1858.5</ele>
   </trkpt>
   <trkpt lat="-28.0937150" lon="-65.9310570">
    <ele>1858.7</ele>
   </trkpt>
   <trkpt lat="-28.0937130" lon="-65.9310710">
    <ele>1858.9</ele>
   </trkpt>
   <trkpt lat="-28.0937100" lon="-65.9310850">
    <ele>1859.1</ele>
   </trkpt>
   <trkpt lat="-28.0937070" lon="-65.9310990">
    <ele>1859.3</ele>
   </trkpt>
   <trkpt lat="-28.0937040" lon="-65.9311130">
    <ele>1859.5</ele>
   </trkpt>
   <trkpt lat="-28.0937010" lon="-65.9311290">
    <ele>1859.7</ele>
   </trkpt>
   <trkpt lat="-28.0936980" lon="-65.9311460">
    <ele>1860.0</ele>
   </trkpt>
   <trkpt lat="-28.0936940" lon="-65.9311650">
    <ele>1860.2</ele>
   </trkpt>
   <trkpt lat="-28.0936910" lon="-65.9311850">
    <ele>1860.5</ele>
   </trkpt>
   <trkpt lat="-28.0936860" lon="-65.9312080">
    <ele>1860.8</ele>
   </trkpt>
   <trkpt lat="-28.0936820" lon="-65.9312310">
    <ele>1861.1</ele>
   </trkpt>
   <trkpt lat="-28.0936780" lon="-65.9312550">
    <ele>1861.4</ele>
   </trkpt>
   <trkpt lat="-28.0936740" lon="-65.9312790">
    <ele>1861.7</ele>
   </trkpt>
   <trkpt lat="-28.0936700" lon="-65.9313040">
    <ele>1861.9</ele>
   </trkpt>
   <trkpt lat="-28.0936660" lon="-65.9313280">
    <ele>1862.2</ele>
   </trkpt>
   <trkpt lat="-28.0936610" lon="-65.9313530">
    <ele>1862.5</ele>
   </trkpt>
   <trkpt lat="-28.0936570" lon="-65.9313780">
    <ele>1862.7</ele>
   </trkpt>
   <trkpt lat="-28.0936520" lon="-65.9314030">
    <ele>1863.0</ele>
   </trkpt>
   <trkpt lat="-28.0936480" lon="-65.9314290">
    <ele>1863.2</ele>
   </trkpt>
   <trkpt lat="-28.0936450" lon="-65.9314540">
    <ele>1863.5</ele>
   </trkpt>
   <trkpt lat="-28.0936420" lon="-65.9314790">
    <ele>1863.7</ele>
   </trkpt>
   <trkpt lat="-28.0936400" lon="-65.9315040">
    <ele>1863.9</ele>
   </trkpt>
   <trkpt lat="-28.0936390" lon="-65.9315290">
    <ele>1864.2</ele>
   </trkpt>
   <trkpt lat="-28.0936370" lon="-65.9315550">
    <ele>1864.4</ele>
   </trkpt>
   <trkpt lat="-28.0936360" lon="-65.9315810">
    <ele>1864.6</ele>
   </trkpt>
   <trkpt lat="-28.0936340" lon="-65.9316070">
    <ele>1864.9</ele>
   </trkpt>
   <trkpt lat="-28.0936330" lon="-65.9316330">
    <ele>1865.1</ele>
   </trkpt>
   <trkpt lat="-28.0936300" lon="-65.9316580">
    <ele>1865.4</ele>
   </trkpt>
   <trkpt lat="-28.0936270" lon="-65.9316830">
    <ele>1865.6</ele>
   </trkpt>
   <trkpt lat="-28.0936240" lon="-65.9317080">
    <ele>1865.8</ele>
   </trkpt>
   <trkpt lat="-28.0936200" lon="-65.9317340">
    <ele>1866.1</ele>
   </trkpt>
   <trkpt lat="-28.0936150" lon="-65.9317580">
    <ele>1866.4</ele>
   </trkpt>
   <trkpt lat="-28.0936100" lon="-65.9317830">
    <ele>1866.6</ele>
   </trkpt>
   <trkpt lat="-28.0936060" lon="-65.9318080">
    <ele>1866.9</ele>
   </trkpt>
   <trkpt lat="-28.0936010" lon="-65.9318330">
    <ele>1867.1</ele>
   </trkpt>
   <trkpt lat="-28.0935960" lon="-65.9318570">
    <ele>1867.4</ele>
   </trkpt>
   <trkpt lat="-28.0935920" lon="-65.9318810">
    <ele>1867.7</ele>
   </trkpt>
   <trkpt lat="-28.0935870" lon="-65.9319040">
    <ele>1867.9</ele>
   </trkpt>
   <trkpt lat="-28.0935830" lon="-65.9319270">
    <ele>1868.2</ele>
   </trkpt>
   <trkpt lat="-28.0935770" lon="-65.9319500">
    <ele>1868.4</ele>
   </trkpt>
   <trkpt lat="-28.0935720" lon="-65.9319730">
    <ele>1868.7</ele>
   </trkpt>
   <trkpt lat="-28.0935670" lon="-65.9319960">
    <ele>1868.9</ele>
   </trkpt>
   <trkpt lat="-28.0935630" lon="-65.9320190">
    <ele>1869.2</ele>
   </trkpt>
   <trkpt lat="-28.0935590" lon="-65.9320410">
    <ele>1869.4</ele>
   </trkpt>
   <trkpt lat="-28.0935550" lon="-65.9320640">
    <ele>1869.7</ele>
   </trkpt>
   <trkpt lat="-28.0935530" lon="-65.9320870">
    <ele>1869.9</ele>
   </trkpt>
   <trkpt lat="-28.0935500" lon="-65.9321100">
    <ele>1870.2</ele>
   </trkpt>
   <trkpt lat="-28.0935490" lon="-65.9321350">
    <ele>1870.4</ele>
   </trkpt>
   <trkpt lat="-28.0935480" lon="-65.9321590">
    <ele>1870.7</ele>
   </trkpt>
   <trkpt lat="-28.0935480" lon="-65.9321840">
    <ele>1870.9</ele>
   </trkpt>
   <trkpt lat="-28.0935490" lon="-65.9322100">
    <ele>1871.2</ele>
   </trkpt>
   <trkpt lat="-28.0935510" lon="-65.9322360">
    <ele>1871.4</ele>
   </trkpt>
   <trkpt lat="-28.0935540" lon="-65.9322620">
    <ele>1871.7</ele>
   </trkpt>
   <trkpt lat="-28.0935580" lon="-65.9322880">
    <ele>1871.9</ele>
   </trkpt>
   <trkpt lat="-28.0935620" lon="-65.9323150">
    <ele>1872.1</ele>
   </trkpt>
   <trkpt lat="-28.0935670" lon="-65.9323410">
    <ele>1872.3</ele>
   </trkpt>
   <trkpt lat="-28.0935720" lon="-65.9323670">
    <ele>1872.6</ele>
   </trkpt>
   <trkpt lat="-28.0935760" lon="-65.9323930">
    <ele>1872.8</ele>
   </trkpt>
   <trkpt lat="-28.0935810" lon="-65.9324180">
    <ele>1873.0</ele>
   </trkpt>
   <trkpt lat="-28.0935850" lon="-65.9324430">
    <ele>1873.2</ele>
   </trkpt>
   <trkpt lat="-28.0935900" lon="-65.9324680">
    <ele>1873.5</ele>
   </trkpt>
   <trkpt lat="-28.0935950" lon="-65.9324920">
    <ele>1873.7</ele>
   </trkpt>
   <trkpt lat="-28.0936000" lon="-65.9325160">
    <ele>1873.9</ele>
   </trkpt>
   <trkpt lat="-28.0936050" lon="-65.9325400">
    <ele>1874.2</ele>
   </trkpt>
   <trkpt lat="-28.0936110" lon="-65.9325640">
    <ele>1874.4</ele>
   </trkpt>
   <trkpt lat="-28.0936180" lon="-65.9325880">
    <ele>1874.7</ele>
   </trkpt>
   <trkpt lat="-28.0936240" lon="-65.9326120">
    <ele>1874.9</ele>
   </trkpt>
   <trkpt lat="-28.0936330" lon="-65.9326350">
    <ele>1875.2</ele>
   </trkpt>
   <trkpt lat="-28.0936420" lon="-65.9326580">
    <ele>1875.4</ele>
   </trkpt>
   <trkpt lat="-28.0936530" lon="-65.9326810">
    <ele>1875.7</ele>
   </trkpt>
   <trkpt lat="-28.0936650" lon="-65.9327040">
    <ele>1875.9</ele>
   </trkpt>
   <trkpt lat="-28.0936790" lon="-65.9327270">
    <ele>1876.2</ele>
   </trkpt>
   <trkpt lat="-28.0936940" lon="-65.9327490">
    <ele>1876.4</ele>
   </trkpt>
   <trkpt lat="-28.0937090" lon="-65.9327710">
    <ele>1876.7</ele>
   </trkpt>
   <trkpt lat="-28.0937250" lon="-65.9327930">
    <ele>1877.0</ele>
   </trkpt>
   <trkpt lat="-28.0937420" lon="-65.9328140">
    <ele>1877.2</ele>
   </trkpt>
   <trkpt lat="-28.0937590" lon="-65.9328340">
    <ele>1877.5</ele>
   </trkpt>
   <trkpt lat="-28.0937760" lon="-65.9328530">
    <ele>1877.7</ele>
   </trkpt>
   <trkpt lat="-28.0937930" lon="-65.9328710">
    <ele>1878.0</ele>
   </trkpt>
   <trkpt lat="-28.0938110" lon="-65.9328880">
    <ele>1878.2</ele>
   </trkpt>
   <trkpt lat="-28.0938280" lon="-65.9329040">
    <ele>1878.4</ele>
   </trkpt>
   <trkpt lat="-28.0938450" lon="-65.9329190">
    <ele>1878.7</ele>
   </trkpt>
   <trkpt lat="-28.0938630" lon="-65.9329350">
    <ele>1878.9</ele>
   </trkpt>
   <trkpt lat="-28.0938810" lon="-65.9329490">
    <ele>1879.1</ele>
   </trkpt>
   <trkpt lat="-28.0938990" lon="-65.9329640">
    <ele>1879.4</ele>
   </trkpt>
   <trkpt lat="-28.0939170" lon="-65.9329780">
    <ele>1879.6</ele>
   </trkpt>
   <trkpt lat="-28.0939360" lon="-65.9329920">
    <ele>1879.8</ele>
   </trkpt>
   <trkpt lat="-28.0939550" lon="-65.9330060">
    <ele>1880.1</ele>
   </trkpt>
   <trkpt lat="-28.0939740" lon="-65.9330190">
    <ele>1880.3</ele>
   </trkpt>
   <trkpt lat="-28.0939940" lon="-65.9330300">
    <ele>1880.5</ele>
   </trkpt>
   <trkpt lat="-28.0940140" lon="-65.9330410">
    <ele>1880.8</ele>
   </trkpt>
   <trkpt lat="-28.0940340" lon="-65.9330510">
    <ele>1881.0</ele>
   </trkpt>
   <trkpt lat="-28.0940540" lon="-65.9330610">
    <ele>1881.3</ele>
   </trkpt>
   <trkpt lat="-28.0940730" lon="-65.9330710">
    <ele>1881.5</ele>
   </trkpt>
   <trkpt lat="-28.0940930" lon="-65.9330810">
    <ele>1881.8</ele>
   </trkpt>
   <trkpt lat="-28.0941130" lon="-65.9330890">
    <ele>1882.0</ele>
   </trkpt>
   <trkpt lat="-28.0941330" lon="-65.9330970">
    <ele>1882.2</ele>
   </trkpt>
   <trkpt lat="-28.0941540" lon="-65.9331030">
    <ele>1882.5</ele>
   </trkpt>
   <trkpt lat="-28.0941760" lon="-65.9331080">
    <ele>1882.7</ele>
   </trkpt>
   <trkpt lat="-28.0941980" lon="-65.9331130">
    <ele>1882.9</ele>
   </trkpt>
   <trkpt lat="-28.0942190" lon="-65.9331180">
    <ele>1883.1</ele>
   </trkpt>
   <trkpt lat="-28.0942420" lon="-65.9331240">
    <ele>1883.4</ele>
   </trkpt>
   <trkpt lat="-28.0942640" lon="-65.9331310">
    <ele>1883.6</ele>
   </trkpt>
   <trkpt lat="-28.0942860" lon="-65.9331410">
    <ele>1883.8</ele>
   </trkpt>
   <trkpt lat="-28.0943080" lon="-65.9331510">
    <ele>1884.0</ele>
   </trkpt>
   <trkpt lat="-28.0943290" lon="-65.9331630">
    <ele>1884.2</ele>
   </trkpt>
   <trkpt lat="-28.0943510" lon="-65.9331760">
    <ele>1884.5</ele>
   </trkpt>
   <trkpt lat="-28.0943710" lon="-65.9331900">
    <ele>1884.7</ele>
   </trkpt>
   <trkpt lat="-28.0943910" lon="-65.9332040">
    <ele>1884.9</ele>
   </trkpt>
   <trkpt lat="-28.0944100" lon="-65.9332180">
    <ele>1885.2</ele>
   </trkpt>
   <trkpt lat="-28.0944290" lon="-65.9332320">
    <ele>1885.4</ele>
   </trkpt>
   <trkpt lat="-28.0944470" lon="-65.9332470">
    <ele>1885.7</ele>
   </trkpt>
   <trkpt lat="-28.0944640" lon="-65.9332610">
    <ele>1885.9</ele>
   </trkpt>
   <trkpt lat="-28.0944810" lon="-65.9332750">
    <ele>1886.1</ele>
   </trkpt>
   <trkpt lat="-28.0944970" lon="-65.9332900">
    <ele>1886.4</ele>
   </trkpt>
   <trkpt lat="-28.0945140" lon="-65.9333040">
    <ele>1886.6</ele>
   </trkpt>
   <trkpt lat="-28.0945300" lon="-65.9333190">
    <ele>1886.9</ele>
   </trkpt>
   <trkpt lat="-28.0945470" lon="-65.9333340">
    <ele>1887.1</ele>
   </trkpt>
   <trkpt lat="-28.0945640" lon="-65.9333490">
    <ele>1887.4</ele>
   </trkpt>
   <trkpt lat="-28.0945810" lon="-65.9333640">
    <ele>1887.6</ele>
   </trkpt>
   <trkpt lat="-28.0945980" lon="-65.9333790">
    <ele>1887.9</ele>
   </trkpt>
   <trkpt lat="-28.0946150" lon="-65.9333950">
    <ele>1888.2</ele>
   </trkpt>
   <trkpt lat="-28.0946320" lon="-65.9334100">
    <ele>1888.4</ele>
   </trkpt>
   <trkpt lat="-28.0946480" lon="-65.9334260">
    <ele>1888.7</ele>
   </trkpt>
   <trkpt lat="-28.0946650" lon="-65.9334420">
    <ele>1889.0</ele>
   </trkpt>
   <trkpt lat="-28.0946810" lon="-65.9334580">
    <ele>1889.2</ele>
   </trkpt>
   <trkpt lat="-28.0946970" lon="-65.9334750">
    <ele>1889.5</ele>
   </trkpt>
   <trkpt lat="-28.0947120" lon="-65.9334930">
    <ele>1889.7</ele>
   </trkpt>
   <trkpt lat="-28.0947280" lon="-65.9335110">
    <ele>1890.0</ele>
   </trkpt>
   <trkpt lat="-28.0947420" lon="-65.9335290">
    <ele>1890.3</ele>
   </trkpt>
   <trkpt lat="-28.0947570" lon="-65.9335480">
    <ele>1890.6</ele>
   </trkpt>
   <trkpt lat="-28.0947710" lon="-65.9335670">
    <ele>1890.8</ele>
   </trkpt>
   <trkpt lat="-28.0947850" lon="-65.9335870">
    <ele>1891.1</ele>
   </trkpt>
   <trkpt lat="-28.0947990" lon="-65.9336080">
    <ele>1891.4</ele>
   </trkpt>
   <trkpt lat="-28.0948120" lon="-65.9336300">
    <ele>1891.7</ele>
   </trkpt>
   <trkpt lat="-28.0948230" lon="-65.9336530">
    <ele>1891.9</ele>
   </trkpt>
   <trkpt lat="-28.0948350" lon="-65.9336760">
    <ele>1892.2</ele>
   </trkpt>
   <trkpt lat="-28.0948440" lon="-65.9337000">
    <ele>1892.5</ele>
   </trkpt>
   <trkpt lat="-28.0948540" lon="-65.9337250">
    <ele>1892.8</ele>
   </trkpt>
   <trkpt lat="-28.0948590" lon="-65.9337500">
    <ele>1893.0</ele>
   </trkpt>
   <trkpt lat="-28.0948640" lon="-65.9337760">
    <ele>1893.3</ele>
   </trkpt>
   <trkpt lat="-28.0948650" lon="-65.9338000">
    <ele>1893.6</ele>
   </trkpt>
   <trkpt lat="-28.0948660" lon="-65.9338240">
    <ele>1893.8</ele>
   </trkpt>
   <trkpt lat="-28.0948640" lon="-65.9338440">
    <ele>1894.0</ele>
   </trkpt>
   <trkpt lat="-28.0948610" lon="-65.9338630">
    <ele>1894.3</ele>
   </trkpt>
   <trkpt lat="-28.0948570" lon="-65.9338790">
    <ele>1894.5</ele>
   </trkpt>
   <trkpt lat="-28.0948530" lon="-65.9338950">
    <ele>1894.7</ele>
   </trkpt>
   <trkpt lat="-28.0948490" lon="-65.9339090">
    <ele>1894.9</ele>
   </trkpt>
   <trkpt lat="-28.0948450" lon="-65.9339230">
    <ele>1895.1</ele>
   </trkpt>
   <trkpt lat="-28.0948410" lon="-65.9339380">
    <ele>1895.3</ele>
   </trkpt>
   <trkpt lat="-28.0948370" lon="-65.9339520">
    <ele>1895.4</ele>
   </trkpt>
   <trkpt lat="-28.0948330" lon="-65.9339670">
    <ele>1895.6</ele>
   </trkpt>
   <trkpt lat="-28.0948290" lon="-65.9339820">
    <ele>1895.8</ele>
   </trkpt>
   <trkpt lat="-28.0948240" lon="-65.9339970">
    <ele>1896.0</ele>
   </trkpt>
   <trkpt lat="-28.0948190" lon="-65.9340110">
    <ele>1896.2</ele>
   </trkpt>
   <trkpt lat="-28.0948140" lon="-65.9340260">
    <ele>1896.4</ele>
   </trkpt>
   <trkpt lat="-28.0948090" lon="-65.9340400">
    <ele>1896.6</ele>
   </trkpt>
   <trkpt lat="-28.0948030" lon="-65.9340550">
    <ele>1896.8</ele>
   </trkpt>
   <trkpt lat="-28.0947970" lon="-65.9340700">
    <ele>1897.0</ele>
   </trkpt>
   <trkpt lat="-28.0947920" lon="-65.9340850">
    <ele>1897.2</ele>
   </trkpt>
   <trkpt lat="-28.0947870" lon="-65.9340990">
    <ele>1897.4</ele>
   </trkpt>
   <trkpt lat="-28.0947810" lon="-65.9341140">
    <ele>1897.6</ele>
   </trkpt>
   <trkpt lat="-28.0947760" lon="-65.9341280">
    <ele>1897.8</ele>
   </trkpt>
   <trkpt lat="-28.0947720" lon="-65.9341430">
    <ele>1898.0</ele>
   </trkpt>
   <trkpt lat="-28.0947670" lon="-65.9341570">
    <ele>1898.2</ele>
   </trkpt>
   <trkpt lat="-28.0947620" lon="-65.9341740">
    <ele>1898.4</ele>
   </trkpt>
   <trkpt lat="-28.0947570" lon="-65.9341910">
    <ele>1898.6</ele>
   </trkpt>
   <trkpt lat="-28.0947500" lon="-65.9342100">
    <ele>1898.9</ele>
   </trkpt>
   <trkpt lat="-28.0947430" lon="-65.9342300">
    <ele>1899.1</ele>
   </trkpt>
   <trkpt lat="-28.0947370" lon="-65.9342510">
    <ele>1899.4</ele>
   </trkpt>
   <trkpt lat="-28.0947310" lon="-65.9342730">
    <ele>1899.7</ele>
   </trkpt>
   <trkpt lat="-28.0947270" lon="-65.9342950">
    <ele>1900.0</ele>
   </trkpt>
   <trkpt lat="-28.0947220" lon="-65.9343170">
    <ele>1900.2</ele>
   </trkpt>
   <trkpt lat="-28.0947170" lon="-65.9343390">
    <ele>1900.5</ele>
   </trkpt>
   <trkpt lat="-28.0947130" lon="-65.9343610">
    <ele>1900.8</ele>
   </trkpt>
   <trkpt lat="-28.0947070" lon="-65.9343820">
    <ele>1901.1</ele>
   </trkpt>
   <trkpt lat="-28.0947020" lon="-65.9344040">
    <ele>1901.4</ele>
   </trkpt>
   <trkpt lat="-28.0946970" lon="-65.9344250">
    <ele>1901.7</ele>
   </trkpt>
   <trkpt lat="-28.0946910" lon="-65.9344460">
    <ele>1902.0</ele>
   </trkpt>
   <trkpt lat="-28.0946870" lon="-65.9344670">
    <ele>1902.3</ele>
   </trkpt>
   <trkpt lat="-28.0946820" lon="-65.9344890">
    <ele>1902.6</ele>
   </trkpt>
   <trkpt lat="-28.0946780" lon="-65.9345100">
    <ele>1902.9</ele>
   </trkpt>
   <trkpt lat="-28.0946740" lon="-65.9345310">
    <ele>1903.2</ele>
   </trkpt>
   <trkpt lat="-28.0946700" lon="-65.9345540">
    <ele>1903.5</ele>
   </trkpt>
   <trkpt lat="-28.0946670" lon="-65.9345760">
    <ele>1903.8</ele>
   </trkpt>
   <trkpt lat="-28.0946650" lon="-65.9345990">
    <ele>1904.2</ele>
   </trkpt>
   <trkpt lat="-28.0946630" lon="-65.9346230">
    <ele>1904.5</ele>
   </trkpt>
   <trkpt lat="-28.0946630" lon="-65.9346470">
    <ele>1904.8</ele>
   </trkpt>
   <trkpt lat="-28.0946630" lon="-65.9346710">
    <ele>1905.1</ele>
   </trkpt>
   <trkpt lat="-28.0946660" lon="-65.9346950">
    <ele>1905.4</ele>
   </trkpt>
   <trkpt lat="-28.0946700" lon="-65.9347190">
    <ele>1905.7</ele>
   </trkpt>
   <trkpt lat="-28.0946760" lon="-65.9347430">
    <ele>1906.0</ele>
   </trkpt>
   <trkpt lat="-28.0946820" lon="-65.9347680">
    <ele>1906.3</ele>
   </trkpt>
   <trkpt lat="-28.0946900" lon="-65.9347910">
    <ele>1906.5</ele>
   </trkpt>
   <trkpt lat="-28.0946970" lon="-65.9348150">
    <ele>1906.8</ele>
   </trkpt>
   <trkpt lat="-28.0947070" lon="-65.9348390">
    <ele>1907.1</ele>
   </trkpt>
   <trkpt lat="-28.0947160" lon="-65.9348620">
    <ele>1907.4</ele>
   </trkpt>
   <trkpt lat="-28.0947250" lon="-65.9348850">
    <ele>1907.7</ele>
   </trkpt>
   <trkpt lat="-28.0947340" lon="-65.9349080">
    <ele>1907.9</ele>
   </trkpt>
   <trkpt lat="-28.0947430" lon="-65.9349310">
    <ele>1908.2</ele>
   </trkpt>
   <trkpt lat="-28.0947510" lon="-65.9349540">
    <ele>1908.5</ele>
   </trkpt>
   <trkpt lat="-28.0947590" lon="-65.9349770">
    <ele>1908.7</ele>
   </trkpt>
   <trkpt lat="-28.0947670" lon="-65.9349990">
    <ele>1909.0</ele>
   </trkpt>
   <trkpt lat="-28.0947730" lon="-65.9350230">
    <ele>1909.3</ele>
   </trkpt>
   <trkpt lat="-28.0947800" lon="-65.9350460">
    <ele>1909.5</ele>
   </trkpt>
   <trkpt lat="-28.0947850" lon="-65.9350690">
    <ele>1909.8</ele>
   </trkpt>
   <trkpt lat="-28.0947890" lon="-65.9350930">
    <ele>1910.1</ele>
   </trkpt>
   <trkpt lat="-28.0947930" lon="-65.9351170">
    <ele>1910.3</ele>
   </trkpt>
   <trkpt lat="-28.0947960" lon="-65.9351410">
    <ele>1910.6</ele>
   </trkpt>
   <trkpt lat="-28.0947990" lon="-65.9351650">
    <ele>1910.9</ele>
   </trkpt>
   <trkpt lat="-28.0948010" lon="-65.9351890">
    <ele>1911.2</ele>
   </trkpt>
   <trkpt lat="-28.0948020" lon="-65.9352140">
    <ele>1911.5</ele>
   </trkpt>
   <trkpt lat="-28.0948040" lon="-65.9352380">
    <ele>1911.8</ele>
   </trkpt>
   <trkpt lat="-28.0948050" lon="-65.9352630">
    <ele>1912.0</ele>
   </trkpt>
   <trkpt lat="-28.0948060" lon="-65.9352870">
    <ele>1912.3</ele>
   </trkpt>
   <trkpt lat="-28.0948070" lon="-65.9353120">
    <ele>1912.6</ele>
   </trkpt>
   <trkpt lat="-28.0948080" lon="-65.9353360">
    <ele>1912.9</ele>
   </trkpt>
   <trkpt lat="-28.0948090" lon="-65.9353600">
    <ele>1913.2</ele>
   </trkpt>
   <trkpt lat="-28.0948110" lon="-65.9353850">
    <ele>1913.5</ele>
   </trkpt>
   <trkpt lat="-28.0948130" lon="-65.9354090">
    <ele>1913.8</ele>
   </trkpt>
   <trkpt lat="-28.0948160" lon="-65.9354340">
    <ele>1914.0</ele>
   </trkpt>
   <trkpt lat="-28.0948200" lon="-65.9354590">
    <ele>1914.3</ele>
   </trkpt>
   <trkpt lat="-28.0948250" lon="-65.9354840">
    <ele>1914.6</ele>
   </trkpt>
   <trkpt lat="-28.0948310" lon="-65.9355100">
    <ele>1914.8</ele>
   </trkpt>
   <trkpt lat="-28.0948380" lon="-65.9355360">
    <ele>1915.1</ele>
   </trkpt>
   <trkpt lat="-28.0948460" lon="-65.9355610">
    <ele>1915.4</ele>
   </trkpt>
   <trkpt lat="-28.0948550" lon="-65.9355870">
    <ele>1915.6</ele>
   </trkpt>
   <trkpt lat="-28.0948630" lon="-65.9356120">
    <ele>1915.9</ele>
   </trkpt>
   <trkpt lat="-28.0948720" lon="-65.9356370">
    <ele>1916.1</ele>
   </trkpt>
   <trkpt lat="-28.0948800" lon="-65.9356610">
    <ele>1916.4</ele>
   </trkpt>
   <trkpt lat="-28.0948870" lon="-65.9356850">
    <ele>1916.6</ele>
   </trkpt>
   <trkpt lat="-28.0948930" lon="-65.9357080">
    <ele>1916.9</ele>
   </trkpt>
   <trkpt lat="-28.0948990" lon="-65.9357310">
    <ele>1917.1</ele>
   </trkpt>
   <trkpt lat="-28.0949030" lon="-65.9357540">
    <ele>1917.4</ele>
   </trkpt>
   <trkpt lat="-28.0949070" lon="-65.9357760">
    <ele>1917.7</ele>
   </trkpt>
   <trkpt lat="-28.0949100" lon="-65.9358000">
    <ele>1917.9</ele>
   </trkpt>
   <trkpt lat="-28.0949120" lon="-65.9358230">
    <ele>1918.2</ele>
   </trkpt>
   <trkpt lat="-28.0949150" lon="-65.9358450">
    <ele>1918.5</ele>
   </trkpt>
   <trkpt lat="-28.0949170" lon="-65.9358680">
    <ele>1918.7</ele>
   </trkpt>
   <trkpt lat="-28.0949210" lon="-65.9358900">
    <ele>1919.0</ele>
   </trkpt>
   <trkpt lat="-28.0949240" lon="-65.9359120">
    <ele>1919.3</ele>
   </trkpt>
   <trkpt lat="-28.0949280" lon="-65.9359340">
    <ele>1919.5</ele>
   </trkpt>
   <trkpt lat="-28.0949320" lon="-65.9359570">
    <ele>1919.8</ele>
   </trkpt>
   <trkpt lat="-28.0949360" lon="-65.9359790">
    <ele>1920.1</ele>
   </trkpt>
   <trkpt lat="-28.0949410" lon="-65.9360010">
    <ele>1920.3</ele>
   </trkpt>
   <trkpt lat="-28.0949450" lon="-65.9360230">
    <ele>1920.6</ele>
   </trkpt>
   <trkpt lat="-28.0949490" lon="-65.9360460">
    <ele>1920.8</ele>
   </trkpt>
   <trkpt lat="-28.0949530" lon="-65.9360710">
    <ele>1921.1</ele>
   </trkpt>
   <trkpt lat="-28.0949570" lon="-65.9360950">
    <ele>1921.4</ele>
   </trkpt>
   <trkpt lat="-28.0949610" lon="-65.9361200">
    <ele>1921.6</ele>
   </trkpt>
   <trkpt lat="-28.0949660" lon="-65.9361450">
    <ele>1921.9</ele>
   </trkpt>
   <trkpt lat="-28.0949700" lon="-65.9361690">
    <ele>1922.2</ele>
   </trkpt>
   <trkpt lat="-28.0949750" lon="-65.9361940">
    <ele>1922.4</ele>
   </trkpt>
   <trkpt lat="-28.0949800" lon="-65.9362190">
    <ele>1922.7</ele>
   </trkpt>
   <trkpt lat="-28.0949850" lon="-65.9362430">
    <ele>1922.9</ele>
   </trkpt>
   <trkpt lat="-28.0949890" lon="-65.9362680">
    <ele>1923.2</ele>
   </trkpt>
   <trkpt lat="-28.0949940" lon="-65.9362920">
    <ele>1923.4</ele>
   </trkpt>
   <trkpt lat="-28.0949990" lon="-65.9363170">
    <ele>1923.7</ele>
   </trkpt>
   <trkpt lat="-28.0950040" lon="-65.9363420">
    <ele>1924.0</ele>
   </trkpt>
   <trkpt lat="-28.0950080" lon="-65.9363660">
    <ele>1924.2</ele>
   </trkpt>
   <trkpt lat="-28.0950120" lon="-65.9363910">
    <ele>1924.5</ele>
   </trkpt>
   <trkpt lat="-28.0950140" lon="-65.9364150">
    <ele>1924.7</ele>
   </trkpt>
   <trkpt lat="-28.0950170" lon="-65.9364400">
    <ele>1925.0</ele>
   </trkpt>
   <trkpt lat="-28.0950180" lon="-65.9364650">
    <ele>1925.3</ele>
   </trkpt>
   <trkpt lat="-28.0950190" lon="-65.9364900">
    <ele>1925.6</ele>
   </trkpt>
   <trkpt lat="-28.0950190" lon="-65.9365150">
    <ele>1925.9</ele>
   </trkpt>
   <trkpt lat="-28.0950190" lon="-65.9365400">
    <ele>1926.2</ele>
   </trkpt>
   <trkpt lat="-28.0950190" lon="-65.9365630">
    <ele>1926.4</ele>
   </trkpt>
   <trkpt lat="-28.0950200" lon="-65.9365870">
    <ele>1926.7</ele>
   </trkpt>
   <trkpt lat="-28.0950210" lon="-65.9366100">
    <ele>1927.0</ele>
   </trkpt>
   <trkpt lat="-28.0950230" lon="-65.9366330">
    <ele>1927.3</ele>
   </trkpt>
   <trkpt lat="-28.0950260" lon="-65.9366550">
    <ele>1927.6</ele>
   </trkpt>
   <trkpt lat="-28.0950290" lon="-65.9366780">
    <ele>1927.9</ele>
   </trkpt>
   <trkpt lat="-28.0950350" lon="-65.9366990">
    <ele>1928.2</ele>
   </trkpt>
   <trkpt lat="-28.0950410" lon="-65.9367210">
    <ele>1928.5</ele>
   </trkpt>
   <trkpt lat="-28.0950510" lon="-65.9367400">
    <ele>1928.8</ele>
   </trkpt>
   <trkpt lat="-28.0950620" lon="-65.9367600">
    <ele>1929.1</ele>
   </trkpt>
   <trkpt lat="-28.0950760" lon="-65.9367760">
    <ele>1929.3</ele>
   </trkpt>
   <trkpt lat="-28.0950910" lon="-65.9367930">
    <ele>1929.6</ele>
   </trkpt>
   <trkpt lat="-28.0951080" lon="-65.9368070">
    <ele>1929.9</ele>
   </trkpt>
   <trkpt lat="-28.0951250" lon="-65.9368210">
    <ele>1930.2</ele>
   </trkpt>
   <trkpt lat="-28.0951440" lon="-65.9368340">
    <ele>1930.5</ele>
   </trkpt>
   <trkpt lat="-28.0951630" lon="-65.9368460">
    <ele>1930.8</ele>
   </trkpt>
   <trkpt lat="-28.0951840" lon="-65.9368570">
    <ele>1931.1</ele>
   </trkpt>
   <trkpt lat="-28.0952040" lon="-65.9368690">
    <ele>1931.4</ele>
   </trkpt>
   <trkpt lat="-28.0952240" lon="-65.9368790">
    <ele>1931.6</ele>
   </trkpt>
   <trkpt lat="-28.0952440" lon="-65.9368900">
    <ele>1931.9</ele>
   </trkpt>
   <trkpt lat="-28.0952630" lon="-65.9369000">
    <ele>1932.2</ele>
   </trkpt>
   <trkpt lat="-28.0952820" lon="-65.9369100">
    <ele>1932.5</ele>
   </trkpt>
   <trkpt lat="-28.0953000" lon="-65.9369200">
    <ele>1932.7</ele>
   </trkpt>
   <trkpt lat="-28.0953180" lon="-65.9369300">
    <ele>1933.0</ele>
   </trkpt>
   <trkpt lat="-28.0953360" lon="-65.9369400">
    <ele>1933.3</ele>
   </trkpt>
   <trkpt lat="-28.0953530" lon="-65.9369500">
    <ele>1933.5</ele>
   </trkpt>
   <trkpt lat="-28.0953700" lon="-65.9369610">
    <ele>1933.8</ele>
   </trkpt>
   <trkpt lat="-28.0953880" lon="-65.9369720">
    <ele>1934.1</ele>
   </trkpt>
   <trkpt lat="-28.0954060" lon="-65.9369840">
    <ele>1934.3</ele>
   </trkpt>
   <trkpt lat="-28.0954230" lon="-65.9369960">
    <ele>1934.6</ele>
   </trkpt>
   <trkpt lat="-28.0954410" lon="-65.9370080">
    <ele>1934.9</ele>
   </trkpt>
   <trkpt lat="-28.0954590" lon="-65.9370210">
    <ele>1935.1</ele>
   </trkpt>
   <trkpt lat="-28.0954750" lon="-65.9370330">
    <ele>1935.4</ele>
   </trkpt>
   <trkpt lat="-28.0954910" lon="-65.9370460">
    <ele>1935.6</ele>
   </trkpt>
   <trkpt lat="-28.0955060" lon="-65.9370570">
    <ele>1935.9</ele>
   </trkpt>
   <trkpt lat="-28.0955200" lon="-65.9370680">
    <ele>1936.1</ele>
   </trkpt>
   <trkpt lat="-28.0955320" lon="-65.9370770">
    <ele>1936.3</ele>
   </trkpt>
   <trkpt lat="-28.0955440" lon="-65.9370860">
    <ele>1936.5</ele>
   </trkpt>
   <trkpt lat="-28.0955540" lon="-65.9370930">
    <ele>1936.6</ele>
   </trkpt>
   <trkpt lat="-28.0955650" lon="-65.9371000">
    <ele>1936.8</ele>
   </trkpt>
   <trkpt lat="-28.0955750" lon="-65.9371070">
    <ele>1936.9</ele>
   </trkpt>
   <trkpt lat="-28.0955860" lon="-65.9371140">
    <ele>1937.1</ele>
   </trkpt>
   <trkpt lat="-28.0955950" lon="-65.9371220">
    <ele>1937.2</ele>
   </trkpt>
   <trkpt lat="-28.0956050" lon="-65.9371300">
    <ele>1937.4</ele>
   </trkpt>
   <trkpt lat="-28.0956150" lon="-65.9371380">
    <ele>1937.5</ele>
   </trkpt>
   <trkpt lat="-28.0956250" lon="-65.9371470">
    <ele>1937.7</ele>
   </trkpt>
   <trkpt lat="-28.0956350" lon="-65.9371560">
    <ele>1937.8</ele>
   </trkpt>
   <trkpt lat="-28.0956460" lon="-65.9371650">
    <ele>1938.0</ele>
   </trkpt>
   <trkpt lat="-28.0956550" lon="-65.9371750">
    <ele>1938.1</ele>
   </trkpt>
   <trkpt lat="-28.0956640" lon="-65.9371850">
    <ele>1938.3</ele>
   </trkpt>
   <trkpt lat="-28.0956740" lon="-65.9371940">
    <ele>1938.5</ele>
   </trkpt>
   <trkpt lat="-28.0956830" lon="-65.9372040">
    <ele>1938.6</ele>
   </trkpt>
   <trkpt lat="-28.0956930" lon="-65.9372130">
    <ele>1938.8</ele>
   </trkpt>
   <trkpt lat="-28.0957040" lon="-65.9372230">
    <ele>1938.9</ele>
   </trkpt>
   <trkpt lat="-28.0957160" lon="-65.9372340">
    <ele>1939.1</ele>
   </trkpt>
   <trkpt lat="-28.0957280" lon="-65.9372450">
    <ele>1939.3</ele>
   </trkpt>
   <trkpt lat="-28.0957430" lon="-65.9372580">
    <ele>1939.5</ele>
   </trkpt>
   <trkpt lat="-28.0957580" lon="-65.9372720">
    <ele>1939.8</ele>
   </trkpt>
   <trkpt lat="-28.0957720" lon="-65.9372870">
    <ele>1940.0</ele>
   </trkpt>
   <trkpt lat="-28.0957870" lon="-65.9373030">
    <ele>1940.3</ele>
   </trkpt>
   <trkpt lat="-28.0958010" lon="-65.9373200">
    <ele>1940.5</ele>
   </trkpt>
   <trkpt lat="-28.0958150" lon="-65.9373370">
    <ele>1940.8</ele>
   </trkpt>
   <trkpt lat="-28.0958280" lon="-65.9373550">
    <ele>1941.0</ele>
   </trkpt>
   <trkpt lat="-28.0958410" lon="-65.9373730">
    <ele>1941.3</ele>
   </trkpt>
   <trkpt lat="-28.0958530" lon="-65.9373920">
    <ele>1941.5</ele>
   </trkpt>
   <trkpt lat="-28.0958660" lon="-65.9374110">
    <ele>1941.8</ele>
   </trkpt>
   <trkpt lat="-28.0958780" lon="-65.9374310">
    <ele>1942.1</ele>
   </trkpt>
   <trkpt lat="-28.0958900" lon="-65.9374520">
    <ele>1942.3</ele>
   </trkpt>
   <trkpt lat="-28.0959010" lon="-65.9374730">
    <ele>1942.6</ele>
   </trkpt>
   <trkpt lat="-28.0959130" lon="-65.9374950">
    <ele>1942.9</ele>
   </trkpt>
   <trkpt lat="-28.0959240" lon="-65.9375170">
    <ele>1943.2</ele>
   </trkpt>
   <trkpt lat="-28.0959340" lon="-65.9375390">
    <ele>1943.4</ele>
   </trkpt>
   <trkpt lat="-28.0959430" lon="-65.9375610">
    <ele>1943.7</ele>
   </trkpt>
   <trkpt lat="-28.0959520" lon="-65.9375840">
    <ele>1944.0</ele>
   </trkpt>
   <trkpt lat="-28.0959590" lon="-65.9376020">
    <ele>1944.2</ele>
   </trkpt>
   <trkpt lat="-28.0959660" lon="-65.9376210">
    <ele>1944.4</ele>
   </trkpt>
   <trkpt lat="-28.0959710" lon="-65.9376360">
    <ele>1944.6</ele>
   </trkpt>
   <trkpt lat="-28.0959770" lon="-65.9376500">
    <ele>1944.7</ele>
   </trkpt>
   <trkpt lat="-28.0959820" lon="-65.9376640">
    <ele>1944.9</ele>
   </trkpt>
   <trkpt lat="-28.0959870" lon="-65.9376790">
    <ele>1945.1</ele>
   </trkpt>
   <trkpt lat="-28.0959930" lon="-65.9376950">
    <ele>1945.2</ele>
   </trkpt>
   <trkpt lat="-28.0959980" lon="-65.9377120">
    <ele>1945.4</ele>
   </trkpt>
   <trkpt lat="-28.0960040" lon="-65.9377330">
    <ele>1945.7</ele>
   </trkpt>
   <trkpt lat="-28.0960110" lon="-65.9377540">
    <ele>1945.9</ele>
   </trkpt>
   <trkpt lat="-28.0960150" lon="-65.9377780">
    <ele>1946.1</ele>
   </trkpt>
   <trkpt lat="-28.0960190" lon="-65.9378020">
    <ele>1946.4</ele>
   </trkpt>
   <trkpt lat="-28.0960200" lon="-65.9378280">
    <ele>1946.6</ele>
   </trkpt>
   <trkpt lat="-28.0960220" lon="-65.9378530">
    <ele>1946.9</ele>
   </trkpt>
   <trkpt lat="-28.0960210" lon="-65.9378790">
    <ele>1947.1</ele>
   </trkpt>
   <trkpt lat="-28.0960200" lon="-65.9379050">
    <ele>1947.4</ele>
   </trkpt>
   <trkpt lat="-28.0960190" lon="-65.9379320">
    <ele>1947.6</ele>
   </trkpt>
   <trkpt lat="-28.0960180" lon="-65.9379580">
    <ele>1947.9</ele>
   </trkpt>
   <trkpt lat="-28.0960160" lon="-65.9379850">
    <ele>1948.1</ele>
   </trkpt>
   <trkpt lat="-28.0960150" lon="-65.9380120">
    <ele>1948.4</ele>
   </trkpt>
   <trkpt lat="-28.0960120" lon="-65.9380390">
    <ele>1948.6</ele>
   </trkpt>
   <trkpt lat="-28.0960090" lon="-65.9380660">
    <ele>1948.8</ele>
   </trkpt>
   <trkpt lat="-28.0960030" lon="-65.9380920">
    <ele>1949.1</ele>
   </trkpt>
   <trkpt lat="-28.0959970" lon="-65.9381180">
    <ele>1949.3</ele>
   </trkpt>
   <trkpt lat="-28.0959870" lon="-65.9381430">
    <ele>1949.5</ele>
   </trkpt>
   <trkpt lat="-28.0959770" lon="-65.9381680">
    <ele>1949.7</ele>
   </trkpt>
   <trkpt lat="-28.0959600" lon="-65.9381880">
    <ele>1949.9</ele>
   </trkpt>
   <trkpt lat="-28.0959440" lon="-65.9382080">
    <ele>1950.1</ele>
   </trkpt>
   <trkpt lat="-28.0959210" lon="-65.9382220">
    <ele>1950.3</ele>
   </trkpt>
   <trkpt lat="-28.0958990" lon="-65.9382370">
    <ele>1950.5</ele>
   </trkpt>
   <trkpt lat="-28.0958740" lon="-65.9382480">
    <ele>1950.7</ele>
   </trkpt>
   <trkpt lat="-28.0958490" lon="-65.9382590">
    <ele>1950.9</ele>
   </trkpt>
   <trkpt lat="-28.0958240" lon="-65.9382680">
    <ele>1951.1</ele>
   </trkpt>
   <trkpt lat="-28.0957990" lon="-65.9382780">
    <ele>1951.3</ele>
   </trkpt>
   <trkpt lat="-28.0957740" lon="-65.9382870">
    <ele>1951.5</ele>
   </trkpt>
   <trkpt lat="-28.0957490" lon="-65.9382960">
    <ele>1951.7</ele>
   </trkpt>
   <trkpt lat="-28.0957250" lon="-65.9383060">
    <ele>1951.9</ele>
   </trkpt>
   <trkpt lat="-28.0957020" lon="-65.9383150">
    <ele>1952.1</ele>
   </trkpt>
   <trkpt lat="-28.0956780" lon="-65.9383250">
    <ele>1952.4</ele>
   </trkpt>
   <trkpt lat="-28.0956550" lon="-65.9383350">
    <ele>1952.6</ele>
   </trkpt>
   <trkpt lat="-28.0956320" lon="-65.9383440">
    <ele>1952.8</ele>
   </trkpt>
   <trkpt lat="-28.0956100" lon="-65.9383540">
    <ele>1953.0</ele>
   </trkpt>
   <trkpt lat="-28.0955880" lon="-65.9383630">
    <ele>1953.3</ele>
   </trkpt>
   <trkpt lat="-28.0955660" lon="-65.9383720">
    <ele>1953.5</ele>
   </trkpt>
   <trkpt lat="-28.0955440" lon="-65.9383810">
    <ele>1953.8</ele>
   </trkpt>
   <trkpt lat="-28.0955220" lon="-65.9383890">
    <ele>1954.0</ele>
   </trkpt>
   <trkpt lat="-28.0955000" lon="-65.9383970">
    <ele>1954.3</ele>
   </trkpt>
   <trkpt lat="-28.0954790" lon="-65.9384060">
    <ele>1954.6</ele>
   </trkpt>
   <trkpt lat="-28.0954580" lon="-65.9384150">
    <ele>1954.8</ele>
   </trkpt>
   <trkpt lat="-28.0954380" lon="-65.9384250">
    <ele>1955.1</ele>
   </trkpt>
   <trkpt lat="-28.0954180" lon="-65.9384360">
    <ele>1955.3</ele>
   </trkpt>
   <trkpt lat="-28.0953980" lon="-65.9384470">
    <ele>1955.6</ele>
   </trkpt>
   <trkpt lat="-28.0953800" lon="-65.9384610">
    <ele>1955.8</ele>
   </trkpt>
   <trkpt lat="-28.0953620" lon="-65.9384760">
    <ele>1956.1</ele>
   </trkpt>
   <trkpt lat="-28.0953480" lon="-65.9384960">
    <ele>1956.4</ele>
   </trkpt>
   <trkpt lat="-28.0953340" lon="-65.9385150">
    <ele>1956.6</ele>
   </trkpt>
   <trkpt lat="-28.0953230" lon="-65.9385390">
    <ele>1956.9</ele>
   </trkpt>
   <trkpt lat="-28.0953130" lon="-65.9385630">
    <ele>1957.1</ele>
   </trkpt>
   <trkpt lat="-28.0953060" lon="-65.9385880">
    <ele>1957.3</ele>
   </trkpt>
   <trkpt lat="-28.0952990" lon="-65.9386140">
    <ele>1957.6</ele>
   </trkpt>
   <trkpt lat="-28.0952950" lon="-65.9386410">
    <ele>1957.8</ele>
   </trkpt>
   <trkpt lat="-28.0952920" lon="-65.9386670">
    <ele>1958.0</ele>
   </trkpt>
   <trkpt lat="-28.0952910" lon="-65.9386940">
    <ele>1958.3</ele>
   </trkpt>
   <trkpt lat="-28.0952900" lon="-65.9387210">
    <ele>1958.5</ele>
   </trkpt>
   <trkpt lat="-28.0952910" lon="-65.9387480">
    <ele>1958.7</ele>
   </trkpt>
   <trkpt lat="-28.0952910" lon="-65.9387740">
    <ele>1958.9</ele>
   </trkpt>
   <trkpt lat="-28.0952920" lon="-65.9388000">
    <ele>1959.2</ele>
   </trkpt>
   <trkpt lat="-28.0952920" lon="-65.9388260">
    <ele>1959.4</ele>
   </trkpt>
   <trkpt lat="-28.0952910" lon="-65.9388520">
    <ele>1959.6</ele>
   </trkpt>
   <trkpt lat="-28.0952900" lon="-65.9388770">
    <ele>1959.9</ele>
   </trkpt>
   <trkpt lat="-28.0952870" lon="-65.9389020">
    <ele>1960.1</ele>
   </trkpt>
   <trkpt lat="-28.0952840" lon="-65.9389280">
    <ele>1960.4</ele>
   </trkpt>
   <trkpt lat="-28.0952790" lon="-65.9389530">
    <ele>1960.6</ele>
   </trkpt>
   <trkpt lat="-28.0952740" lon="-65.9389790">
    <ele>1960.9</ele>
   </trkpt>
   <trkpt lat="-28.0952670" lon="-65.9390050">
    <ele>1961.1</ele>
   </trkpt>
   <trkpt lat="-28.0952600" lon="-65.9390310">
    <ele>1961.4</ele>
   </trkpt>
   <trkpt lat="-28.0952480" lon="-65.9390550">
    <ele>1961.7</ele>
   </trkpt>
   <trkpt lat="-28.0952370" lon="-65.9390790">
    <ele>1962.0</ele>
   </trkpt>
   <trkpt lat="-28.0952220" lon="-65.9391000">
    <ele>1962.2</ele>
   </trkpt>
   <trkpt lat="-28.0952070" lon="-65.9391210">
    <ele>1962.5</ele>
   </trkpt>
   <trkpt lat="-28.0951880" lon="-65.9391400">
    <ele>1962.8</ele>
   </trkpt>
   <trkpt lat="-28.0951700" lon="-65.9391580">
    <ele>1963.0</ele>
   </trkpt>
   <trkpt lat="-28.0951510" lon="-65.9391750">
    <ele>1963.3</ele>
   </trkpt>
   <trkpt lat="-28.0951320" lon="-65.9391930">
    <ele>1963.6</ele>
   </trkpt>
   <trkpt lat="-28.0951150" lon="-65.9392100">
    <ele>1963.8</ele>
   </trkpt>
   <trkpt lat="-28.0950990" lon="-65.9392280">
    <ele>1964.0</ele>
   </trkpt>
   <trkpt lat="-28.0950860" lon="-65.9392480">
    <ele>1964.3</ele>
   </trkpt>
   <trkpt lat="-28.0950740" lon="-65.9392680">
    <ele>1964.5</ele>
   </trkpt>
   <trkpt lat="-28.0950650" lon="-65.9392900">
    <ele>1964.7</ele>
   </trkpt>
   <trkpt lat="-28.0950560" lon="-65.9393120">
    <ele>1964.9</ele>
   </trkpt>
   <trkpt lat="-28.0950510" lon="-65.9393370">
    <ele>1965.1</ele>
   </trkpt>
   <trkpt lat="-28.0950450" lon="-65.9393610">
    <ele>1965.3</ele>
   </trkpt>
   <trkpt lat="-28.0950430" lon="-65.9393870">
    <ele>1965.5</ele>
   </trkpt>
   <trkpt lat="-28.0950410" lon="-65.9394130">
    <ele>1965.7</ele>
   </trkpt>
   <trkpt lat="-28.0950430" lon="-65.9394400">
    <ele>1965.9</ele>
   </trkpt>
   <trkpt lat="-28.0950450" lon="-65.9394680">
    <ele>1966.1</ele>
   </trkpt>
   <trkpt lat="-28.0950500" lon="-65.9394950">
    <ele>1966.3</ele>
   </trkpt>
   <trkpt lat="-28.0950550" lon="-65.9395220">
    <ele>1966.5</ele>
   </trkpt>
   <trkpt lat="-28.0950630" lon="-65.9395490">
    <ele>1966.7</ele>
   </trkpt>
   <trkpt lat="-28.0950710" lon="-65.9395760">
    <ele>1966.8</ele>
   </trkpt>
   <trkpt lat="-28.0950820" lon="-65.9396020">
    <ele>1967.0</ele>
   </trkpt>
   <trkpt lat="-28.0950920" lon="-65.9396290">
    <ele>1967.1</ele>
   </trkpt>
   <trkpt lat="-28.0951020" lon="-65.9396560">
    <ele>1967.3</ele>
   </trkpt>
   <trkpt lat="-28.0951120" lon="-65.9396830">
    <ele>1967.4</ele>
   </trkpt>
   <trkpt lat="-28.0951200" lon="-65.9397110">
    <ele>1967.6</ele>
   </trkpt>
   <trkpt lat="-28.0951270" lon="-65.9397400">
    <ele>1967.7</ele>
   </trkpt>
   <trkpt lat="-28.0951300" lon="-65.9397700">
    <ele>1967.9</ele>
   </trkpt>
   <trkpt lat="-28.0951320" lon="-65.9398000">
    <ele>1968.0</ele>
   </trkpt>
   <trkpt lat="-28.0951250" lon="-65.9398290">
    <ele>1968.1</ele>
   </trkpt>
   <trkpt lat="-28.0951190" lon="-65.9398580">
    <ele>1968.3</ele>
   </trkpt>
   <trkpt lat="-28.0951070" lon="-65.9398850">
    <ele>1968.4</ele>
   </trkpt>
   <trkpt lat="-28.0950940" lon="-65.9399120">
    <ele>1968.5</ele>
   </trkpt>
   <trkpt lat="-28.0950780" lon="-65.9399380">
    <ele>1968.6</ele>
   </trkpt>
   <trkpt lat="-28.0950620" lon="-65.9399650">
    <ele>1968.8</ele>
   </trkpt>
   <trkpt lat="-28.0950440" lon="-65.9399900">
    <ele>1968.9</ele>
   </trkpt>
   <trkpt lat="-28.0950270" lon="-65.9400150">
    <ele>1969.1</ele>
   </trkpt>
   <trkpt lat="-28.0950070" lon="-65.9400380">
    <ele>1969.2</ele>
   </trkpt>
   <trkpt lat="-28.0949870" lon="-65.9400610">
    <ele>1969.4</ele>
   </trkpt>
   <trkpt lat="-28.0949650" lon="-65.9400800">
    <ele>1969.5</ele>
   </trkpt>
   <trkpt lat="-28.0949420" lon="-65.9401000">
    <ele>1969.7</ele>
   </trkpt>
   <trkpt lat="-28.0949170" lon="-65.9401120">
    <ele>1969.9</ele>
   </trkpt>
   <trkpt lat="-28.0948920" lon="-65.9401230">
    <ele>1970.0</ele>
   </trkpt>
   <trkpt lat="-28.0948660" lon="-65.9401270">
    <ele>1970.2</ele>
   </trkpt>
   <trkpt lat="-28.0948390" lon="-65.9401310">
    <ele>1970.3</ele>
   </trkpt>
   <trkpt lat="-28.0948130" lon="-65.9401300">
    <ele>1970.5</ele>
   </trkpt>
   <trkpt lat="-28.0947870" lon="-65.9401280">
    <ele>1970.7</ele>
   </trkpt>
   <trkpt lat="-28.0947610" lon="-65.9401260">
    <ele>1970.8</ele>
   </trkpt>
   <trkpt lat="-28.0947360" lon="-65.9401230">
    <ele>1971.0</ele>
   </trkpt>
   <trkpt lat="-28.0947100" lon="-65.9401220">
    <ele>1971.2</ele>
   </trkpt>
   <trkpt lat="-28.0946850" lon="-65.9401210">
    <ele>1971.4</ele>
   </trkpt>
   <trkpt lat="-28.0946600" lon="-65.9401210">
    <ele>1971.5</ele>
   </trkpt>
   <trkpt lat="-28.0946350" lon="-65.9401210">
    <ele>1971.7</ele>
   </trkpt>
   <trkpt lat="-28.0946090" lon="-65.9401220">
    <ele>1971.9</ele>
   </trkpt>
   <trkpt lat="-28.0945840" lon="-65.9401230">
    <ele>1972.1</ele>
   </trkpt>
   <trkpt lat="-28.0945590" lon="-65.9401260">
    <ele>1972.3</ele>
   </trkpt>
   <trkpt lat="-28.0945330" lon="-65.9401290">
    <ele>1972.5</ele>
   </trkpt>
   <trkpt lat="-28.0945080" lon="-65.9401330">
    <ele>1972.6</ele>
   </trkpt>
   <trkpt lat="-28.0944830" lon="-65.9401380">
    <ele>1972.8</ele>
   </trkpt>
   <trkpt lat="-28.0944580" lon="-65.9401450">
    <ele>1973.0</ele>
   </trkpt>
   <trkpt lat="-28.0944340" lon="-65.9401520">
    <ele>1973.2</ele>
   </trkpt>
   <trkpt lat="-28.0944100" lon="-65.9401590">
    <ele>1973.3</ele>
   </trkpt>
   <trkpt lat="-28.0943860" lon="-65.9401670">
    <ele>1973.5</ele>
   </trkpt>
   <trkpt lat="-28.0943620" lon="-65.9401740">
    <ele>1973.7</ele>
   </trkpt>
   <trkpt lat="-28.0943380" lon="-65.9401810">
    <ele>1973.9</ele>
   </trkpt>
   <trkpt lat="-28.0943140" lon="-65.9401890">
    <ele>1974.0</ele>
   </trkpt>
   <trkpt lat="-28.0942900" lon="-65.9401960">
    <ele>1974.2</ele>
   </trkpt>
   <trkpt lat="-28.0942650" lon="-65.9402030">
    <ele>1974.4</ele>
   </trkpt>
   <trkpt lat="-28.0942410" lon="-65.9402100">
    <ele>1974.6</ele>
   </trkpt>
   <trkpt lat="-28.0942160" lon="-65.9402140">
    <ele>1974.8</ele>
   </trkpt>
   <trkpt lat="-28.0941920" lon="-65.9402190">
    <ele>1975.0</ele>
   </trkpt>
   <trkpt lat="-28.0941680" lon="-65.9402200">
    <ele>1975.2</ele>
   </trkpt>
   <trkpt lat="-28.0941450" lon="-65.9402210">
    <ele>1975.4</ele>
   </trkpt>
   <trkpt lat="-28.0941210" lon="-65.9402200">
    <ele>1975.7</ele>
   </trkpt>
   <trkpt lat="-28.0940980" lon="-65.9402200">
    <ele>1975.9</ele>
   </trkpt>
   <trkpt lat="-28.0940760" lon="-65.9402190">
    <ele>1976.1</ele>
   </trkpt>
   <trkpt lat="-28.0940540" lon="-65.9402180">
    <ele>1976.4</ele>
   </trkpt>
   <trkpt lat="-28.0940330" lon="-65.9402170">
    <ele>1976.6</ele>
   </trkpt>
   <trkpt lat="-28.0940120" lon="-65.9402170">
    <ele>1976.9</ele>
   </trkpt>
   <trkpt lat="-28.0939920" lon="-65.9402160">
    <ele>1977.1</ele>
   </trkpt>
   <trkpt lat="-28.0939710" lon="-65.9402150">
    <ele>1977.4</ele>
   </trkpt>
   <trkpt lat="-28.0939510" lon="-65.9402160">
    <ele>1977.7</ele>
   </trkpt>
   <trkpt lat="-28.0939300" lon="-65.9402170">
    <ele>1978.0</ele>
   </trkpt>
   <trkpt lat="-28.0939100" lon="-65.9402220">
    <ele>1978.2</ele>
   </trkpt>
   <trkpt lat="-28.0938890" lon="-65.9402280">
    <ele>1978.5</ele>
   </trkpt>
   <trkpt lat="-28.0938730" lon="-65.9402420">
    <ele>1978.8</ele>
   </trkpt>
   <trkpt lat="-28.0938570" lon="-65.9402570">
    <ele>1979.1</ele>
   </trkpt>
   <trkpt lat="-28.0938490" lon="-65.9402780">
    <ele>1979.4</ele>
   </trkpt>
   <trkpt lat="-28.0938410" lon="-65.9402990">
    <ele>1979.7</ele>
   </trkpt>
   <trkpt lat="-28.0938440" lon="-65.9403210">
    <ele>1979.9</ele>
   </trkpt>
   <trkpt lat="-28.0938470" lon="-65.9403430">
    <ele>1980.2</ele>
   </trkpt>
   <trkpt lat="-28.0938600" lon="-65.9403620">
    <ele>1980.5</ele>
   </trkpt>
   <trkpt lat="-28.0938730" lon="-65.9403820">
    <ele>1980.8</ele>
   </trkpt>
   <trkpt lat="-28.0938910" lon="-65.9403980">
    <ele>1981.1</ele>
   </trkpt>
   <trkpt lat="-28.0939100" lon="-65.9404150">
    <ele>1981.5</ele>
   </trkpt>
   <trkpt lat="-28.0939300" lon="-65.9404280">
    <ele>1981.8</ele>
   </trkpt>
   <trkpt lat="-28.0939510" lon="-65.9404410">
    <ele>1982.1</ele>
   </trkpt>
   <trkpt lat="-28.0939720" lon="-65.9404510">
    <ele>1982.5</ele>
   </trkpt>
   <trkpt lat="-28.0939930" lon="-65.9404620">
    <ele>1982.8</ele>
   </trkpt>
   <trkpt lat="-28.0940140" lon="-65.9404700">
    <ele>1983.2</ele>
   </trkpt>
   <trkpt lat="-28.0940350" lon="-65.9404770">
    <ele>1983.5</ele>
   </trkpt>
   <trkpt lat="-28.0940550" lon="-65.9404840">
    <ele>1983.9</ele>
   </trkpt>
   <trkpt lat="-28.0940760" lon="-65.9404900">
    <ele>1984.3</ele>
   </trkpt>
   <trkpt lat="-28.0940950" lon="-65.9404950">
    <ele>1984.6</ele>
   </trkpt>
   <trkpt lat="-28.0941140" lon="-65.9405010">
    <ele>1985.0</ele>
   </trkpt>
   <trkpt lat="-28.0941290" lon="-65.9405050">
    <ele>1985.3</ele>
   </trkpt>
   <trkpt lat="-28.0941450" lon="-65.9405090">
    <ele>1985.6</ele>
   </trkpt>
   <trkpt lat="-28.0941580" lon="-65.9405130">
    <ele>1985.9</ele>
   </trkpt>
   <trkpt lat="-28.0941710" lon="-65.9405160">
    <ele>1986.2</ele>
   </trkpt>
   <trkpt lat="-28.0941820" lon="-65.9405190">
    <ele>1986.4</ele>
   </trkpt>
   <trkpt lat="-28.0941940" lon="-65.9405220">
    <ele>1986.7</ele>
   </trkpt>
   <trkpt lat="-28.0942070" lon="-65.9405260">
    <ele>1987.0</ele>
   </trkpt>
   <trkpt lat="-28.0942190" lon="-65.9405300">
    <ele>1987.3</ele>
   </trkpt>
   <trkpt lat="-28.0942330" lon="-65.9405330">
    <ele>1987.6</ele>
   </trkpt>
   <trkpt lat="-28.0942470" lon="-65.9405360">
    <ele>1987.9</ele>
   </trkpt>
   <trkpt lat="-28.0942610" lon="-65.9405390">
    <ele>1988.2</ele>
   </trkpt>
   <trkpt lat="-28.0942760" lon="-65.9405420">
    <ele>1988.5</ele>
   </trkpt>
   <trkpt lat="-28.0942910" lon="-65.9405430">
    <ele>1988.8</ele>
   </trkpt>
   <trkpt lat="-28.0943070" lon="-65.9405450">
    <ele>1989.2</ele>
   </trkpt>
   <trkpt lat="-28.0943230" lon="-65.9405460">
    <ele>1989.5</ele>
   </trkpt>
   <trkpt lat="-28.0943390" lon="-65.9405470">
    <ele>1989.8</ele>
   </trkpt>
   <trkpt lat="-28.0943550" lon="-65.9405490">
    <ele>1990.2</ele>
   </trkpt>
   <trkpt lat="-28.0943720" lon="-65.9405500">
    <ele>1990.5</ele>
   </trkpt>
   <trkpt lat="-28.0943900" lon="-65.9405510">
    <ele>1990.8</ele>
   </trkpt>
   <trkpt lat="-28.0944080" lon="-65.9405520">
    <ele>1991.2</ele>
   </trkpt>
   <trkpt lat="-28.0944260" lon="-65.9405510">
    <ele>1991.5</ele>
   </trkpt>
   <trkpt lat="-28.0944440" lon="-65.9405510">
    <ele>1991.9</ele>
   </trkpt>
   <trkpt lat="-28.0944630" lon="-65.9405510">
    <ele>1992.2</ele>
   </trkpt>
   <trkpt lat="-28.0944820" lon="-65.9405500">
    <ele>1992.5</ele>
   </trkpt>
   <trkpt lat="-28.0945000" lon="-65.9405500">
    <ele>1992.8</ele>
   </trkpt>
   <trkpt lat="-28.0945190" lon="-65.9405500">
    <ele>1993.2</ele>
   </trkpt>
   <trkpt lat="-28.0945380" lon="-65.9405500">
    <ele>1993.5</ele>
   </trkpt>
   <trkpt lat="-28.0945570" lon="-65.9405510">
    <ele>1993.8</ele>
   </trkpt>
   <trkpt lat="-28.0945770" lon="-65.9405540">
    <ele>1994.1</ele>
   </trkpt>
   <trkpt lat="-28.0945960" lon="-65.9405560">
    <ele>1994.4</ele>
   </trkpt>
   <trkpt lat="-28.0946160" lon="-65.9405610">
    <ele>1994.8</ele>
   </trkpt>
   <trkpt lat="-28.0946360" lon="-65.9405650">
    <ele>1995.1</ele>
   </trkpt>
   <trkpt lat="-28.0946560" lon="-65.9405710">
    <ele>1995.4</ele>
   </trkpt>
   <trkpt lat="-28.0946760" lon="-65.9405770">
    <ele>1995.7</ele>
   </trkpt>
   <trkpt lat="-28.0946950" lon="-65.9405860">
    <ele>1996.0</ele>
   </trkpt>
   <trkpt lat="-28.0947150" lon="-65.9405940">
    <ele>1996.3</ele>
   </trkpt>
   <trkpt lat="-28.0947350" lon="-65.9406030">
    <ele>1996.6</ele>
   </trkpt>
   <trkpt lat="-28.0947540" lon="-65.9406120">
    <ele>1996.8</ele>
   </trkpt>
   <trkpt lat="-28.0947740" lon="-65.9406210">
    <ele>1997.1</ele>
   </trkpt>
   <trkpt lat="-28.0947940" lon="-65.9406300">
    <ele>1997.3</ele>
   </trkpt>
   <trkpt lat="-28.0948150" lon="-65.9406390">
    <ele>1997.6</ele>
   </trkpt>
   <trkpt lat="-28.0948350" lon="-65.9406480">
    <ele>1997.9</ele>
   </trkpt>
   <trkpt lat="-28.0948560" lon="-65.9406560">
    <ele>1998.1</ele>
   </trkpt>
   <trkpt lat="-28.0948770" lon="-65.9406650">
    <ele>1998.4</ele>
   </trkpt>
   <trkpt lat="-28.0948970" lon="-65.9406720">
    <ele>1998.7</ele>
   </trkpt>
   <trkpt lat="-28.0949180" lon="-65.9406800">
    <ele>1998.9</ele>
   </trkpt>
   <trkpt lat="-28.0949400" lon="-65.9406850">
    <ele>1999.2</ele>
   </trkpt>
   <trkpt lat="-28.0949610" lon="-65.9406900">
    <ele>1999.4</ele>
   </trkpt>
   <trkpt lat="-28.0949820" lon="-65.9406940">
    <ele>1999.7</ele>
   </trkpt>
   <trkpt lat="-28.0950030" lon="-65.9406970">
    <ele>1999.9</ele>
   </trkpt>
   <trkpt lat="-28.0950230" lon="-65.9406990">
    <ele>2000.1</ele>
   </trkpt>
   <trkpt lat="-28.0950430" lon="-65.9407000">
    <ele>2000.3</ele>
   </trkpt>
   <trkpt lat="-28.0950600" lon="-65.9407000">
    <ele>2000.5</ele>
   </trkpt>
   <trkpt lat="-28.0950760" lon="-65.9407000">
    <ele>2000.7</ele>
   </trkpt>
   <trkpt lat="-28.0950900" lon="-65.9406970">
    <ele>2000.8</ele>
   </trkpt>
   <trkpt lat="-28.0951040" lon="-65.9406950">
    <ele>2000.9</ele>
   </trkpt>
   <trkpt lat="-28.0951160" lon="-65.9406900">
    <ele>2001.1</ele>
   </trkpt>
   <trkpt lat="-28.0951290" lon="-65.9406860">
    <ele>2001.2</ele>
   </trkpt>
   <trkpt lat="-28.0951420" lon="-65.9406810">
    <ele>2001.4</ele>
   </trkpt>
   <trkpt lat="-28.0951550" lon="-65.9406760">
    <ele>2001.5</ele>
   </trkpt>
   <trkpt lat="-28.0951690" lon="-65.9406710">
    <ele>2001.6</ele>
   </trkpt>
   <trkpt lat="-28.0951820" lon="-65.9406670">
    <ele>2001.8</ele>
   </trkpt>
   <trkpt lat="-28.0951950" lon="-65.9406620">
    <ele>2001.9</ele>
   </trkpt>
   <trkpt lat="-28.0952080" lon="-65.9406580">
    <ele>2002.0</ele>
   </trkpt>
   <trkpt lat="-28.0952210" lon="-65.9406530">
    <ele>2002.2</ele>
   </trkpt>
   <trkpt lat="-28.0952330" lon="-65.9406480">
    <ele>2002.3</ele>
   </trkpt>
   <trkpt lat="-28.0952450" lon="-65.9406420">
    <ele>2002.4</ele>
   </trkpt>
   <trkpt lat="-28.0952580" lon="-65.9406360">
    <ele>2002.6</ele>
   </trkpt>
   <trkpt lat="-28.0952720" lon="-65.9406300">
    <ele>2002.7</ele>
   </trkpt>
   <trkpt lat="-28.0952870" lon="-65.9406230">
    <ele>2002.9</ele>
   </trkpt>
   <trkpt lat="-28.0953040" lon="-65.9406160">
    <ele>2003.0</ele>
   </trkpt>
   <trkpt lat="-28.0953220" lon="-65.9406090">
    <ele>2003.2</ele>
   </trkpt>
   <trkpt lat="-28.0953420" lon="-65.9406000">
    <ele>2003.4</ele>
   </trkpt>
   <trkpt lat="-28.0953620" lon="-65.9405920">
    <ele>2003.6</ele>
   </trkpt>
   <trkpt lat="-28.0953840" lon="-65.9405830">
    <ele>2003.8</ele>
   </trkpt>
   <trkpt lat="-28.0954050" lon="-65.9405750">
    <ele>2004.0</ele>
   </trkpt>
   <trkpt lat="-28.0954270" lon="-65.9405660">
    <ele>2004.3</ele>
   </trkpt>
   <trkpt lat="-28.0954490" lon="-65.9405570">
    <ele>2004.5</ele>
   </trkpt>
   <trkpt lat="-28.0954710" lon="-65.9405460">
    <ele>2004.7</ele>
   </trkpt>
   <trkpt lat="-28.0954920" lon="-65.9405360">
    <ele>2004.9</ele>
   </trkpt>
   <trkpt lat="-28.0955140" lon="-65.9405250">
    <ele>2005.1</ele>
   </trkpt>
   <trkpt lat="-28.0955360" lon="-65.9405140">
    <ele>2005.3</ele>
   </trkpt>
   <trkpt lat="-28.0955580" lon="-65.9405020">
    <ele>2005.6</ele>
   </trkpt>
   <trkpt lat="-28.0955800" lon="-65.9404900">
    <ele>2005.8</ele>
   </trkpt>
   <trkpt lat="-28.0956020" lon="-65.9404780">
    <ele>2006.1</ele>
   </trkpt>
   <trkpt lat="-28.0956230" lon="-65.9404660">
    <ele>2006.4</ele>
   </trkpt>
   <trkpt lat="-28.0956440" lon="-65.9404540">
    <ele>2006.6</ele>
   </trkpt>
   <trkpt lat="-28.0956650" lon="-65.9404430">
    <ele>2006.9</ele>
   </trkpt>
   <trkpt lat="-28.0956850" lon="-65.9404360">
    <ele>2007.2</ele>
   </trkpt>
   <trkpt lat="-28.0957050" lon="-65.9404280">
    <ele>2007.5</ele>
   </trkpt>
   <trkpt lat="-28.0957240" lon="-65.9404280">
    <ele>2007.7</ele>
   </trkpt>
   <trkpt lat="-28.0957440" lon="-65.9404290">
    <ele>2008.0</ele>
   </trkpt>
   <trkpt lat="-28.0957610" lon="-65.9404380">
    <ele>2008.3</ele>
   </trkpt>
   <trkpt lat="-28.0957790" lon="-65.9404480">
    <ele>2008.6</ele>
   </trkpt>
   <trkpt lat="-28.0957910" lon="-65.9404670">
    <ele>2008.9</ele>
   </trkpt>
   <trkpt lat="-28.0958030" lon="-65.9404850">
    <ele>2009.1</ele>
   </trkpt>
   <trkpt lat="-28.0958090" lon="-65.9405090">
    <ele>2009.4</ele>
   </trkpt>
   <trkpt lat="-28.0958140" lon="-65.9405330">
    <ele>2009.8</ele>
   </trkpt>
   <trkpt lat="-28.0958110" lon="-65.9405580">
    <ele>2010.1</ele>
   </trkpt>
   <trkpt lat="-28.0958080" lon="-65.9405830">
    <ele>2010.4</ele>
   </trkpt>
   <trkpt lat="-28.0957980" lon="-65.9406070">
    <ele>2010.7</ele>
   </trkpt>
   <trkpt lat="-28.0957880" lon="-65.9406320">
    <ele>2011.0</ele>
   </trkpt>
   <trkpt lat="-28.0957720" lon="-65.9406540">
    <ele>2011.2</ele>
   </trkpt>
   <trkpt lat="-28.0957560" lon="-65.9406770">
    <ele>2011.4</ele>
   </trkpt>
   <trkpt lat="-28.0957380" lon="-65.9406960">
    <ele>2011.7</ele>
   </trkpt>
   <trkpt lat="-28.0957190" lon="-65.9407160">
    <ele>2011.9</ele>
   </trkpt>
   <trkpt lat="-28.0956980" lon="-65.9407340">
    <ele>2012.1</ele>
   </trkpt>
   <trkpt lat="-28.0956780" lon="-65.9407520">
    <ele>2012.3</ele>
   </trkpt>
   <trkpt lat="-28.0956570" lon="-65.9407720">
    <ele>2012.5</ele>
   </trkpt>
   <trkpt lat="-28.0956370" lon="-65.9407910">
    <ele>2012.6</ele>
   </trkpt>
   <trkpt lat="-28.0956170" lon="-65.9408130">
    <ele>2012.8</ele>
   </trkpt>
   <trkpt lat="-28.0955960" lon="-65.9408350">
    <ele>2013.0</ele>
   </trkpt>
   <trkpt lat="-28.0955780" lon="-65.9408590">
    <ele>2013.1</ele>
   </trkpt>
   <trkpt lat="-28.0955590" lon="-65.9408830">
    <ele>2013.3</ele>
   </trkpt>
   <trkpt lat="-28.0955440" lon="-65.9409100">
    <ele>2013.4</ele>
   </trkpt>
   <trkpt lat="-28.0955300" lon="-65.9409370">
    <ele>2013.6</ele>
   </trkpt>
   <trkpt lat="-28.0955200" lon="-65.9409650">
    <ele>2013.7</ele>
   </trkpt>
   <trkpt lat="-28.0955100" lon="-65.9409930">
    <ele>2013.9</ele>
   </trkpt>
   <trkpt lat="-28.0955050" lon="-65.9410210">
    <ele>2014.0</ele>
   </trkpt>
   <trkpt lat="-28.0954990" lon="-65.9410490">
    <ele>2014.2</ele>
   </trkpt>
   <trkpt lat="-28.0954970" lon="-65.9410760">
    <ele>2014.3</ele>
   </trkpt>
   <trkpt lat="-28.0954960" lon="-65.9411030">
    <ele>2014.5</ele>
   </trkpt>
   <trkpt lat="-28.0954960" lon="-65.9411290">
    <ele>2014.7</ele>
   </trkpt>
   <trkpt lat="-28.0954970" lon="-65.9411560">
    <ele>2015.0</ele>
   </trkpt>
   <trkpt lat="-28.0955000" lon="-65.9411810">
    <ele>2015.2</ele>
   </trkpt>
   <trkpt lat="-28.0955020" lon="-65.9412070">
    <ele>2015.5</ele>
   </trkpt>
   <trkpt lat="-28.0955070" lon="-65.9412310">
    <ele>2015.7</ele>
   </trkpt>
   <trkpt lat="-28.0955110" lon="-65.9412560">
    <ele>2016.0</ele>
   </trkpt>
   <trkpt lat="-28.0955150" lon="-65.9412760">
    <ele>2016.3</ele>
   </trkpt>
   <trkpt lat="-28.0955200" lon="-65.9412960">
    <ele>2016.5</ele>
   </trkpt>
   <trkpt lat="-28.0955240" lon="-65.9413130">
    <ele>2016.7</ele>
   </trkpt>
   <trkpt lat="-28.0955280" lon="-65.9413290">
    <ele>2017.0</ele>
   </trkpt>
   <trkpt lat="-28.0955310" lon="-65.9413450">
    <ele>2017.2</ele>
   </trkpt>
   <trkpt lat="-28.0955340" lon="-65.9413610">
    <ele>2017.4</ele>
   </trkpt>
   <trkpt lat="-28.0955360" lon="-65.9413760">
    <ele>2017.6</ele>
   </trkpt>
   <trkpt lat="-28.0955370" lon="-65.9413910">
    <ele>2017.7</ele>
   </trkpt>
   <trkpt lat="-28.0955380" lon="-65.9414060">
    <ele>2017.9</ele>
   </trkpt>
   <trkpt lat="-28.0955390" lon="-65.9414210">
    <ele>2018.1</ele>
   </trkpt>
   <trkpt lat="-28.0955400" lon="-65.9414360">
    <ele>2018.3</ele>
   </trkpt>
   <trkpt lat="-28.0955400" lon="-65.9414520">
    <ele>2018.5</ele>
   </trkpt>
   <trkpt lat="-28.0955400" lon="-65.9414680">
    <ele>2018.7</ele>
   </trkpt>
   <trkpt lat="-28.0955400" lon="-65.9414830">
    <ele>2018.8</ele>
   </trkpt>
   <trkpt lat="-28.0955390" lon="-65.9414990">
    <ele>2019.0</ele>
   </trkpt>
   <trkpt lat="-28.0955370" lon="-65.9415150">
    <ele>2019.1</ele>
   </trkpt>
   <trkpt lat="-28.0955340" lon="-65.9415310">
    <ele>2019.3</ele>
   </trkpt>
   <trkpt lat="-28.0955300" lon="-65.9415470">
    <ele>2019.4</ele>
   </trkpt>
   <trkpt lat="-28.0955240" lon="-65.9415610">
    <ele>2019.6</ele>
   </trkpt>
   <trkpt lat="-28.0955180" lon="-65.9415750">
    <ele>2019.7</ele>
   </trkpt>
   <trkpt lat="-28.0955100" lon="-65.9415880">
    <ele>2019.8</ele>
   </trkpt>
   <trkpt lat="-28.0955030" lon="-65.9416010">
    <ele>2019.9</ele>
   </trkpt>
   <trkpt lat="-28.0954940" lon="-65.9416170">
    <ele>2020.0</ele>
   </trkpt>
   <trkpt lat="-28.0954850" lon="-65.9416330">
    <ele>2020.2</ele>
   </trkpt>
   <trkpt lat="-28.0954730" lon="-65.9416540">
    <ele>2020.3</ele>
   </trkpt>
   <trkpt lat="-28.0954620" lon="-65.9416760">
    <ele>2020.5</ele>
   </trkpt>
   <trkpt lat="-28.0954500" lon="-65.9417020">
    <ele>2020.6</ele>
   </trkpt>
   <trkpt lat="-28.0954380" lon="-65.9417280">
    <ele>2020.8</ele>
   </trkpt>
   <trkpt lat="-28.0954260" lon="-65.9417570">
    <ele>2020.9</ele>
   </trkpt>
   <trkpt lat="-28.0954150" lon="-65.9417870">
    <ele>2021.1</ele>
   </trkpt>
   <trkpt lat="-28.0954050" lon="-65.9418170">
    <ele>2021.3</ele>
   </trkpt>
   <trkpt lat="-28.0953950" lon="-65.9418480">
    <ele>2021.4</ele>
   </trkpt>
   <trkpt lat="-28.0953850" lon="-65.9418780">
    <ele>2021.6</ele>
   </trkpt>
   <trkpt lat="-28.0953750" lon="-65.9419090">
    <ele>2021.8</ele>
   </trkpt>
   <trkpt lat="-28.0953660" lon="-65.9419400">
    <ele>2022.0</ele>
   </trkpt>
   <trkpt lat="-28.0953560" lon="-65.9419710">
    <ele>2022.2</ele>
   </trkpt>
   <trkpt lat="-28.0953470" lon="-65.9420010">
    <ele>2022.3</ele>
   </trkpt>
   <trkpt lat="-28.0953380" lon="-65.9420310">
    <ele>2022.5</ele>
   </trkpt>
   <trkpt lat="-28.0953300" lon="-65.9420620">
    <ele>2022.7</ele>
   </trkpt>
   <trkpt lat="-28.0953220" lon="-65.9420920">
    <ele>2022.9</ele>
   </trkpt>
   <trkpt lat="-28.0953140" lon="-65.9421230">
    <ele>2023.1</ele>
   </trkpt>
   <trkpt lat="-28.0953060" lon="-65.9421530">
    <ele>2023.2</ele>
   </trkpt>
   <trkpt lat="-28.0952990" lon="-65.9421850">
    <ele>2023.4</ele>
   </trkpt>
   <trkpt lat="-28.0952920" lon="-65.9422160">
    <ele>2023.5</ele>
   </trkpt>
   <trkpt lat="-28.0952840" lon="-65.9422480">
    <ele>2023.6</ele>
   </trkpt>
   <trkpt lat="-28.0952770" lon="-65.9422800">
    <ele>2023.8</ele>
   </trkpt>
   <trkpt lat="-28.0952680" lon="-65.9423110">
    <ele>2023.9</ele>
   </trkpt>
   <trkpt lat="-28.0952590" lon="-65.9423430">
    <ele>2024.1</ele>
   </trkpt>
   <trkpt lat="-28.0952470" lon="-65.9423720">
    <ele>2024.2</ele>
   </trkpt>
   <trkpt lat="-28.0952350" lon="-65.9424020">
    <ele>2024.3</ele>
   </trkpt>
   <trkpt lat="-28.0952210" lon="-65.9424300">
    <ele>2024.4</ele>
   </trkpt>
   <trkpt lat="-28.0952070" lon="-65.9424590">
    <ele>2024.6</ele>
   </trkpt>
   <trkpt lat="-28.0951950" lon="-65.9424880">
    <ele>2024.7</ele>
   </trkpt>
   <trkpt lat="-28.0951830" lon="-65.9425180">
    <ele>2024.8</ele>
   </trkpt>
   <trkpt lat="-28.0951740" lon="-65.9425490">
    <ele>2024.9</ele>
   </trkpt>
   <trkpt lat="-28.0951660" lon="-65.9425790">
    <ele>2025.1</ele>
   </trkpt>
   <trkpt lat="-28.0951620" lon="-65.9426100">
    <ele>2025.3</ele>
   </trkpt>
   <trkpt lat="-28.0951580" lon="-65.9426410">
    <ele>2025.4</ele>
   </trkpt>
   <trkpt lat="-28.0951590" lon="-65.9426710">
    <ele>2025.6</ele>
   </trkpt>
   <trkpt lat="-28.0951600" lon="-65.9427010">
    <ele>2025.8</ele>
   </trkpt>
   <trkpt lat="-28.0951640" lon="-65.9427320">
    <ele>2026.1</ele>
   </trkpt>
   <trkpt lat="-28.0951680" lon="-65.9427620">
    <ele>2026.3</ele>
   </trkpt>
   <trkpt lat="-28.0951740" lon="-65.9427920">
    <ele>2026.5</ele>
   </trkpt>
   <trkpt lat="-28.0951800" lon="-65.9428220">
    <ele>2026.8</ele>
   </trkpt>
   <trkpt lat="-28.0951870" lon="-65.9428510">
    <ele>2027.1</ele>
   </trkpt>
   <trkpt lat="-28.0951950" lon="-65.9428800">
    <ele>2027.4</ele>
   </trkpt>
   <trkpt lat="-28.0952000" lon="-65.9429070">
    <ele>2027.8</ele>
   </trkpt>
   <trkpt lat="-28.0952060" lon="-65.9429340">
    <ele>2028.1</ele>
   </trkpt>
   <trkpt lat="-28.0952090" lon="-65.9429580">
    <ele>2028.4</ele>
   </trkpt>
   <trkpt lat="-28.0952130" lon="-65.9429830">
    <ele>2028.8</ele>
   </trkpt>
   <trkpt lat="-28.0952160" lon="-65.9430050">
    <ele>2029.1</ele>
   </trkpt>
   <trkpt lat="-28.0952180" lon="-65.9430280">
    <ele>2029.5</ele>
   </trkpt>
   <trkpt lat="-28.0952190" lon="-65.9430490">
    <ele>2029.8</ele>
   </trkpt>
   <trkpt lat="-28.0952210" lon="-65.9430710">
    <ele>2030.2</ele>
   </trkpt>
   <trkpt lat="-28.0952220" lon="-65.9430910">
    <ele>2030.5</ele>
   </trkpt>
   <trkpt lat="-28.0952230" lon="-65.9431120">
    <ele>2030.9</ele>
   </trkpt>
   <trkpt lat="-28.0952240" lon="-65.9431300">
    <ele>2031.2</ele>
   </trkpt>
   <trkpt lat="-28.0952250" lon="-65.9431480">
    <ele>2031.5</ele>
   </trkpt>
   <trkpt lat="-28.0952270" lon="-65.9431640">
    <ele>2031.8</ele>
   </trkpt>
   <trkpt lat="-28.0952300" lon="-65.9431790">
    <ele>2032.1</ele>
   </trkpt>
   <trkpt lat="-28.0952330" lon="-65.9431920">
    <ele>2032.3</ele>
   </trkpt>
   <trkpt lat="-28.0952370" lon="-65.9432060">
    <ele>2032.6</ele>
   </trkpt>
   <trkpt lat="-28.0952410" lon="-65.9432180">
    <ele>2032.8</ele>
   </trkpt>
   <trkpt lat="-28.0952460" lon="-65.9432310">
    <ele>2033.1</ele>
   </trkpt>
   <trkpt lat="-28.0952470" lon="-65.9432430">
    <ele>2033.3</ele>
   </trkpt>
   <trkpt lat="-28.0952480" lon="-65.9432550">
    <ele>2033.5</ele>
   </trkpt>
   <trkpt lat="-28.0952450" lon="-65.9432670">
    <ele>2033.8</ele>
   </trkpt>
   <trkpt lat="-28.0952430" lon="-65.9432790">
    <ele>2034.0</ele>
   </trkpt>
   <trkpt lat="-28.0952360" lon="-65.9432910">
    <ele>2034.3</ele>
   </trkpt>
   <trkpt lat="-28.0952300" lon="-65.9433030">
    <ele>2034.5</ele>
   </trkpt>
   <trkpt lat="-28.0952220" lon="-65.9433150">
    <ele>2034.8</ele>
   </trkpt>
   <trkpt lat="-28.0952140" lon="-65.9433270">
    <ele>2035.0</ele>
   </trkpt>
   <trkpt lat="-28.0952060" lon="-65.9433390">
    <ele>2035.3</ele>
   </trkpt>
   <trkpt lat="-28.0951970" lon="-65.9433520">
    <ele>2035.5</ele>
   </trkpt>
   <trkpt lat="-28.0951870" lon="-65.9433630">
    <ele>2035.8</ele>
   </trkpt>
   <trkpt lat="-28.0951760" lon="-65.9433750">
    <ele>2036.1</ele>
   </trkpt>
   <trkpt lat="-28.0951630" lon="-65.9433840">
    <ele>2036.3</ele>
   </trkpt>
   <trkpt lat="-28.0951510" lon="-65.9433940">
    <ele>2036.6</ele>
   </trkpt>
   <trkpt lat="-28.0951380" lon="-65.9434030">
    <ele>2036.8</ele>
   </trkpt>
   <trkpt lat="-28.0951250" lon="-65.9434110">
    <ele>2037.1</ele>
   </trkpt>
   <trkpt lat="-28.0951130" lon="-65.9434180">
    <ele>2037.3</ele>
   </trkpt>
   <trkpt lat="-28.0951010" lon="-65.9434250">
    <ele>2037.5</ele>
   </trkpt>
   <trkpt lat="-28.0950900" lon="-65.9434310">
    <ele>2037.7</ele>
   </trkpt>
   <trkpt lat="-28.0950790" lon="-65.9434370">
    <ele>2037.9</ele>
   </trkpt>
   <trkpt lat="-28.0950670" lon="-65.9434440">
    <ele>2038.1</ele>
   </trkpt>
   <trkpt lat="-28.0950550" lon="-65.9434510">
    <ele>2038.3</ele>
   </trkpt>
   <trkpt lat="-28.0950410" lon="-65.9434590">
    <ele>2038.6</ele>
   </trkpt>
   <trkpt lat="-28.0950260" lon="-65.9434680">
    <ele>2038.8</ele>
   </trkpt>
   <trkpt lat="-28.0950090" lon="-65.9434760">
    <ele>2039.1</ele>
   </trkpt>
   <trkpt lat="-28.0949920" lon="-65.9434840">
    <ele>2039.4</ele>
   </trkpt>
   <trkpt lat="-28.0949740" lon="-65.9434910">
    <ele>2039.7</ele>
   </trkpt>
   <trkpt lat="-28.0949560" lon="-65.9434980">
    <ele>2040.0</ele>
   </trkpt>
   <trkpt lat="-28.0949370" lon="-65.9435030">
    <ele>2040.2</ele>
   </trkpt>
   <trkpt lat="-28.0949180" lon="-65.9435090">
    <ele>2040.5</ele>
   </trkpt>
   <trkpt lat="-28.0948990" lon="-65.9435130">
    <ele>2040.8</ele>
   </trkpt>
   <trkpt lat="-28.0948800" lon="-65.9435160">
    <ele>2041.1</ele>
   </trkpt>
   <trkpt lat="-28.0948600" lon="-65.9435190">
    <ele>2041.4</ele>
   </trkpt>
   <trkpt lat="-28.0948410" lon="-65.9435220">
    <ele>2041.6</ele>
   </trkpt>
   <trkpt lat="-28.0948200" lon="-65.9435260">
    <ele>2041.9</ele>
   </trkpt>
   <trkpt lat="-28.0947990" lon="-65.9435310">
    <ele>2042.2</ele>
   </trkpt>
   <trkpt lat="-28.0947780" lon="-65.9435390">
    <ele>2042.5</ele>
   </trkpt>
   <trkpt lat="-28.0947580" lon="-65.9435470">
    <ele>2042.8</ele>
   </trkpt>
   <trkpt lat="-28.0947370" lon="-65.9435600">
    <ele>2043.0</ele>
   </trkpt>
   <trkpt lat="-28.0947170" lon="-65.9435730">
    <ele>2043.3</ele>
   </trkpt>
   <trkpt lat="-28.0946990" lon="-65.9435910">
    <ele>2043.5</ele>
   </trkpt>
   <trkpt lat="-28.0946810" lon="-65.9436090">
    <ele>2043.8</ele>
   </trkpt>
   <trkpt lat="-28.0946640" lon="-65.9436300">
    <ele>2044.1</ele>
   </trkpt>
   <trkpt lat="-28.0946470" lon="-65.9436510">
    <ele>2044.3</ele>
   </trkpt>
   <trkpt lat="-28.0946310" lon="-65.9436740">
    <ele>2044.6</ele>
   </trkpt>
   <trkpt lat="-28.0946150" lon="-65.9436960">
    <ele>2044.9</ele>
   </trkpt>
   <trkpt lat="-28.0946010" lon="-65.9437180">
    <ele>2045.1</ele>
   </trkpt>
   <trkpt lat="-28.0945860" lon="-65.9437410">
    <ele>2045.4</ele>
   </trkpt>
   <trkpt lat="-28.0945730" lon="-65.9437630">
    <ele>2045.6</ele>
   </trkpt>
   <trkpt lat="-28.0945600" lon="-65.9437850">
    <ele>2045.9</ele>
   </trkpt>
   <trkpt lat="-28.0945490" lon="-65.9438070">
    <ele>2046.2</ele>
   </trkpt>
   <trkpt lat="-28.0945380" lon="-65.9438290">
    <ele>2046.5</ele>
   </trkpt>
   <trkpt lat="-28.0945290" lon="-65.9438520">
    <ele>2046.7</ele>
   </trkpt>
   <trkpt lat="-28.0945190" lon="-65.9438740">
    <ele>2047.0</ele>
   </trkpt>
   <trkpt lat="-28.0945120" lon="-65.9438940">
    <ele>2047.3</ele>
   </trkpt>
   <trkpt lat="-28.0945060" lon="-65.9439140">
    <ele>2047.5</ele>
   </trkpt>
   <trkpt lat="-28.0945020" lon="-65.9439310">
    <ele>2047.7</ele>
   </trkpt>
   <trkpt lat="-28.0944980" lon="-65.9439470">
    <ele>2047.9</ele>
   </trkpt>
   <trkpt lat="-28.0944960" lon="-65.9439620">
    <ele>2048.1</ele>
   </trkpt>
   <trkpt lat="-28.0944940" lon="-65.9439770">
    <ele>2048.3</ele>
   </trkpt>
   <trkpt lat="-28.0944920" lon="-65.9439910">
    <ele>2048.4</ele>
   </trkpt>
   <trkpt lat="-28.0944900" lon="-65.9440050">
    <ele>2048.6</ele>
   </trkpt>
   <trkpt lat="-28.0944890" lon="-65.9440190">
    <ele>2048.8</ele>
   </trkpt>
   <trkpt lat="-28.0944870" lon="-65.9440320">
    <ele>2048.9</ele>
   </trkpt>
   <trkpt lat="-28.0944860" lon="-65.9440460">
    <ele>2049.1</ele>
   </trkpt>
   <trkpt lat="-28.0944850" lon="-65.9440600">
    <ele>2049.2</ele>
   </trkpt>
   <trkpt lat="-28.0944830" lon="-65.9440750">
    <ele>2049.4</ele>
   </trkpt>
   <trkpt lat="-28.0944820" lon="-65.9440900">
    <ele>2049.6</ele>
   </trkpt>
   <trkpt lat="-28.0944810" lon="-65.9441090">
    <ele>2049.8</ele>
   </trkpt>
   <trkpt lat="-28.0944800" lon="-65.9441280">
    <ele>2050.0</ele>
   </trkpt>
   <trkpt lat="-28.0944810" lon="-65.9441500">
    <ele>2050.3</ele>
   </trkpt>
   <trkpt lat="-28.0944810" lon="-65.9441730">
    <ele>2050.6</ele>
   </trkpt>
   <trkpt lat="-28.0944830" lon="-65.9441970">
    <ele>2050.8</ele>
   </trkpt>
   <trkpt lat="-28.0944860" lon="-65.9442210">
    <ele>2051.1</ele>
   </trkpt>
   <trkpt lat="-28.0944900" lon="-65.9442450">
    <ele>2051.4</ele>
   </trkpt>
   <trkpt lat="-28.0944940" lon="-65.9442700">
    <ele>2051.6</ele>
   </trkpt>
   <trkpt lat="-28.0945010" lon="-65.9442940">
    <ele>2051.9</ele>
   </trkpt>
   <trkpt lat="-28.0945070" lon="-65.9443180">
    <ele>2052.1</ele>
   </trkpt>
   <trkpt lat="-28.0945160" lon="-65.9443420">
    <ele>2052.3</ele>
   </trkpt>
   <trkpt lat="-28.0945250" lon="-65.9443660">
    <ele>2052.6</ele>
   </trkpt>
   <trkpt lat="-28.0945360" lon="-65.9443880">
    <ele>2052.8</ele>
   </trkpt>
   <trkpt lat="-28.0945480" lon="-65.9444110">
    <ele>2053.0</ele>
   </trkpt>
   <trkpt lat="-28.0945610" lon="-65.9444330">
    <ele>2053.3</ele>
   </trkpt>
   <trkpt lat="-28.0945750" lon="-65.9444550">
    <ele>2053.5</ele>
   </trkpt>
   <trkpt lat="-28.0945900" lon="-65.9444750">
    <ele>2053.7</ele>
   </trkpt>
   <trkpt lat="-28.0946050" lon="-65.9444950">
    <ele>2054.0</ele>
   </trkpt>
   <trkpt lat="-28.0946210" lon="-65.9445140">
    <ele>2054.2</ele>
   </trkpt>
   <trkpt lat="-28.0946370" lon="-65.9445330">
    <ele>2054.5</ele>
   </trkpt>
   <trkpt lat="-28.0946540" lon="-65.9445490">
    <ele>2054.7</ele>
   </trkpt>
   <trkpt lat="-28.0946720" lon="-65.9445660">
    <ele>2055.0</ele>
   </trkpt>
   <trkpt lat="-28.0946900" lon="-65.9445790">
    <ele>2055.3</ele>
   </trkpt>
   <trkpt lat="-28.0947090" lon="-65.9445930">
    <ele>2055.5</ele>
   </trkpt>
   <trkpt lat="-28.0947290" lon="-65.9446020">
    <ele>2055.8</ele>
   </trkpt>
   <trkpt lat="-28.0947500" lon="-65.9446110">
    <ele>2056.1</ele>
   </trkpt>
   <trkpt lat="-28.0947700" lon="-65.9446110">
    <ele>2056.3</ele>
   </trkpt>
   <trkpt lat="-28.0947910" lon="-65.9446120">
    <ele>2056.6</ele>
   </trkpt>
   <trkpt lat="-28.0948110" lon="-65.9446050">
    <ele>2056.8</ele>
   </trkpt>
   <trkpt lat="-28.0948300" lon="-65.9445970">
    <ele>2057.1</ele>
   </trkpt>
   <trkpt lat="-28.0948450" lon="-65.9445830">
    <ele>2057.3</ele>
   </trkpt>
   <trkpt lat="-28.0948600" lon="-65.9445680">
    <ele>2057.6</ele>
   </trkpt>
   <trkpt lat="-28.0948710" lon="-65.9445480">
    <ele>2057.9</ele>
   </trkpt>
   <trkpt lat="-28.0948830" lon="-65.9445280">
    <ele>2058.1</ele>
   </trkpt>
   <trkpt lat="-28.0948910" lon="-65.9445050">
    <ele>2058.4</ele>
   </trkpt>
   <trkpt lat="-28.0949000" lon="-65.9444810">
    <ele>2058.7</ele>
   </trkpt>
   <trkpt lat="-28.0949090" lon="-65.9444570">
    <ele>2058.9</ele>
   </trkpt>
   <trkpt lat="-28.0949170" lon="-65.9444320">
    <ele>2059.2</ele>
   </trkpt>
   <trkpt lat="-28.0949260" lon="-65.9444070">
    <ele>2059.4</ele>
   </trkpt>
   <trkpt lat="-28.0949350" lon="-65.9443820">
    <ele>2059.7</ele>
   </trkpt>
   <trkpt lat="-28.0949470" lon="-65.9443580">
    <ele>2059.9</ele>
   </trkpt>
   <trkpt lat="-28.0949580" lon="-65.9443340">
    <ele>2060.1</ele>
   </trkpt>
   <trkpt lat="-28.0949720" lon="-65.9443120">
    <ele>2060.3</ele>
   </trkpt>
   <trkpt lat="-28.0949860" lon="-65.9442900">
    <ele>2060.5</ele>
   </trkpt>
   <trkpt lat="-28.0950040" lon="-65.9442720">
    <ele>2060.8</ele>
   </trkpt>
   <trkpt lat="-28.0950210" lon="-65.9442550">
    <ele>2061.0</ele>
   </trkpt>
   <trkpt lat="-28.0950430" lon="-65.9442440">
    <ele>2061.2</ele>
   </trkpt>
   <trkpt lat="-28.0950640" lon="-65.9442340">
    <ele>2061.4</ele>
   </trkpt>
   <trkpt lat="-28.0950870" lon="-65.9442300">
    <ele>2061.6</ele>
   </trkpt>
   <trkpt lat="-28.0951100" lon="-65.9442260">
    <ele>2061.9</ele>
   </trkpt>
   <trkpt lat="-28.0951340" lon="-65.9442280">
    <ele>2062.1</ele>
   </trkpt>
   <trkpt lat="-28.0951580" lon="-65.9442310">
    <ele>2062.3</ele>
   </trkpt>
   <trkpt lat="-28.0951810" lon="-65.9442390">
    <ele>2062.6</ele>
   </trkpt>
   <trkpt lat="-28.0952040" lon="-65.9442470">
    <ele>2062.8</ele>
   </trkpt>
   <trkpt lat="-28.0952240" lon="-65.9442610">
    <ele>2063.1</ele>
   </trkpt>
   <trkpt lat="-28.0952450" lon="-65.9442760">
    <ele>2063.3</ele>
   </trkpt>
   <trkpt lat="-28.0952600" lon="-65.9442980">
    <ele>2063.6</ele>
   </trkpt>
   <trkpt lat="-28.0952750" lon="-65.9443200">
    <ele>2063.8</ele>
   </trkpt>
   <trkpt lat="-28.0952830" lon="-65.9443460">
    <ele>2064.1</ele>
   </trkpt>
   <trkpt lat="-28.0952920" lon="-65.9443720">
    <ele>2064.3</ele>
   </trkpt>
   <trkpt lat="-28.0952960" lon="-65.9443970">
    <ele>2064.6</ele>
   </trkpt>
   <trkpt lat="-28.0953010" lon="-65.9444230">
    <ele>2064.8</ele>
   </trkpt>
   <trkpt lat="-28.0953030" lon="-65.9444470">
    <ele>2065.1</ele>
   </trkpt>
   <trkpt lat="-28.0953050" lon="-65.9444710">
    <ele>2065.3</ele>
   </trkpt>
   <trkpt lat="-28.0953070" lon="-65.9444940">
    <ele>2065.6</ele>
   </trkpt>
   <trkpt lat="-28.0953090" lon="-65.9445170">
    <ele>2065.8</ele>
   </trkpt>
   <trkpt lat="-28.0953120" lon="-65.9445410">
    <ele>2066.1</ele>
   </trkpt>
   <trkpt lat="-28.0953160" lon="-65.9445650">
    <ele>2066.4</ele>
   </trkpt>
   <trkpt lat="-28.0953190" lon="-65.9445880">
    <ele>2066.7</ele>
   </trkpt>
   <trkpt lat="-28.0953230" lon="-65.9446120">
    <ele>2067.0</ele>
   </trkpt>
   <trkpt lat="-28.0953260" lon="-65.9446340">
    <ele>2067.3</ele>
   </trkpt>
   <trkpt lat="-28.0953300" lon="-65.9446570">
    <ele>2067.6</ele>
   </trkpt>
   <trkpt lat="-28.0953340" lon="-65.9446790">
    <ele>2067.8</ele>
   </trkpt>
   <trkpt lat="-28.0953390" lon="-65.9447010">
    <ele>2068.1</ele>
   </trkpt>
   <trkpt lat="-28.0953440" lon="-65.9447240">
    <ele>2068.4</ele>
   </trkpt>
   <trkpt lat="-28.0953500" lon="-65.9447460">
    <ele>2068.7</ele>
   </trkpt>
   <trkpt lat="-28.0953560" lon="-65.9447690">
    <ele>2069.0</ele>
   </trkpt>
   <trkpt lat="-28.0953630" lon="-65.9447910">
    <ele>2069.2</ele>
   </trkpt>
   <trkpt lat="-28.0953700" lon="-65.9448130">
    <ele>2069.5</ele>
   </trkpt>
   <trkpt lat="-28.0953780" lon="-65.9448350">
    <ele>2069.8</ele>
   </trkpt>
   <trkpt lat="-28.0953850" lon="-65.9448580">
    <ele>2070.1</ele>
   </trkpt>
   <trkpt lat="-28.0953930" lon="-65.9448800">
    <ele>2070.3</ele>
   </trkpt>
   <trkpt lat="-28.0954000" lon="-65.9449020">
    <ele>2070.6</ele>
   </trkpt>
   <trkpt lat="-28.0954080" lon="-65.9449250">
    <ele>2070.9</ele>
   </trkpt>
   <trkpt lat="-28.0954150" lon="-65.9449470">
    <ele>2071.1</ele>
   </trkpt>
   <trkpt lat="-28.0954220" lon="-65.9449690">
    <ele>2071.4</ele>
   </trkpt>
   <trkpt lat="-28.0954290" lon="-65.9449900">
    <ele>2071.7</ele>
   </trkpt>
   <trkpt lat="-28.0954360" lon="-65.9450120">
    <ele>2071.9</ele>
   </trkpt>
   <trkpt lat="-28.0954440" lon="-65.9450340">
    <ele>2072.2</ele>
   </trkpt>
   <trkpt lat="-28.0954510" lon="-65.9450560">
    <ele>2072.5</ele>
   </trkpt>
   <trkpt lat="-28.0954600" lon="-65.9450780">
    <ele>2072.7</ele>
   </trkpt>
   <trkpt lat="-28.0954680" lon="-65.9451000">
    <ele>2073.0</ele>
   </trkpt>
   <trkpt lat="-28.0954770" lon="-65.9451210">
    <ele>2073.3</ele>
   </trkpt>
   <trkpt lat="-28.0954860" lon="-65.9451430">
    <ele>2073.5</ele>
   </trkpt>
   <trkpt lat="-28.0954950" lon="-65.9451640">
    <ele>2073.8</ele>
   </trkpt>
   <trkpt lat="-28.0955030" lon="-65.9451860">
    <ele>2074.1</ele>
   </trkpt>
   <trkpt lat="-28.0955130" lon="-65.9452060">
    <ele>2074.4</ele>
   </trkpt>
   <trkpt lat="-28.0955220" lon="-65.9452260">
    <ele>2074.7</ele>
   </trkpt>
   <trkpt lat="-28.0955320" lon="-65.9452450">
    <ele>2074.9</ele>
   </trkpt>
   <trkpt lat="-28.0955430" lon="-65.9452640">
    <ele>2075.2</ele>
   </trkpt>
   <trkpt lat="-28.0955530" lon="-65.9452830">
    <ele>2075.5</ele>
   </trkpt>
   <trkpt lat="-28.0955640" lon="-65.9453030">
    <ele>2075.7</ele>
   </trkpt>
   <trkpt lat="-28.0955750" lon="-65.9453230">
    <ele>2076.0</ele>
   </trkpt>
   <trkpt lat="-28.0955850" lon="-65.9453430">
    <ele>2076.3</ele>
   </trkpt>
   <trkpt lat="-28.0955960" lon="-65.9453630">
    <ele>2076.6</ele>
   </trkpt>
   <trkpt lat="-28.0956070" lon="-65.9453830">
    <ele>2076.9</ele>
   </trkpt>
   <trkpt lat="-28.0956190" lon="-65.9454030">
    <ele>2077.2</ele>
   </trkpt>
   <trkpt lat="-28.0956300" lon="-65.9454220">
    <ele>2077.4</ele>
   </trkpt>
   <trkpt lat="-28.0956410" lon="-65.9454420">
    <ele>2077.7</ele>
   </trkpt>
   <trkpt lat="-28.0956530" lon="-65.9454620">
    <ele>2078.0</ele>
   </trkpt>
   <trkpt lat="-28.0956640" lon="-65.9454820">
    <ele>2078.3</ele>
   </trkpt>
   <trkpt lat="-28.0956760" lon="-65.9455020">
    <ele>2078.6</ele>
   </trkpt>
   <trkpt lat="-28.0956870" lon="-65.9455220">
    <ele>2078.9</ele>
   </trkpt>
   <trkpt lat="-28.0956970" lon="-65.9455420">
    <ele>2079.2</ele>
   </trkpt>
   <trkpt lat="-28.0957080" lon="-65.9455620">
    <ele>2079.5</ele>
   </trkpt>
   <trkpt lat="-28.0957180" lon="-65.9455810">
    <ele>2079.8</ele>
   </trkpt>
   <trkpt lat="-28.0957280" lon="-65.9456010">
    <ele>2080.1</ele>
   </trkpt>
   <trkpt lat="-28.0957370" lon="-65.9456210">
    <ele>2080.4</ele>
   </trkpt>
   <trkpt lat="-28.0957450" lon="-65.9456400">
    <ele>2080.7</ele>
   </trkpt>
   <trkpt lat="-28.0957530" lon="-65.9456590">
    <ele>2081.0</ele>
   </trkpt>
   <trkpt lat="-28.0957590" lon="-65.9456750">
    <ele>2081.3</ele>
   </trkpt>
   <trkpt lat="-28.0957650" lon="-65.9456900">
    <ele>2081.5</ele>
   </trkpt>
   <trkpt lat="-28.0957700" lon="-65.9457040">
    <ele>2081.7</ele>
   </trkpt>
   <trkpt lat="-28.0957750" lon="-65.9457170">
    <ele>2081.9</ele>
   </trkpt>
   <trkpt lat="-28.0957800" lon="-65.9457300">
    <ele>2082.1</ele>
   </trkpt>
   <trkpt lat="-28.0957850" lon="-65.9457420">
    <ele>2082.3</ele>
   </trkpt>
   <trkpt lat="-28.0957900" lon="-65.9457550">
    <ele>2082.5</ele>
   </trkpt>
   <trkpt lat="-28.0957960" lon="-65.9457680">
    <ele>2082.7</ele>
   </trkpt>
   <trkpt lat="-28.0958010" lon="-65.9457810">
    <ele>2082.9</ele>
   </trkpt>
   <trkpt lat="-28.0958070" lon="-65.9457940">
    <ele>2083.1</ele>
   </trkpt>
   <trkpt lat="-28.0958130" lon="-65.9458070">
    <ele>2083.3</ele>
   </trkpt>
   <trkpt lat="-28.0958190" lon="-65.9458200">
    <ele>2083.5</ele>
   </trkpt>
   <trkpt lat="-28.0958260" lon="-65.9458330">
    <ele>2083.7</ele>
   </trkpt>
   <trkpt lat="-28.0958320" lon="-65.9458460">
    <ele>2083.8</ele>
   </trkpt>
   <trkpt lat="-28.0958400" lon="-65.9458580">
    <ele>2084.0</ele>
   </trkpt>
   <trkpt lat="-28.0958470" lon="-65.9458700">
    <ele>2084.2</ele>
   </trkpt>
   <trkpt lat="-28.0958550" lon="-65.9458830">
    <ele>2084.4</ele>
   </trkpt>
   <trkpt lat="-28.0958630" lon="-65.9458960">
    <ele>2084.6</ele>
   </trkpt>
   <trkpt lat="-28.0958730" lon="-65.9459130">
    <ele>2084.8</ele>
   </trkpt>
   <trkpt lat="-28.0958820" lon="-65.9459290">
    <ele>2085.0</ele>
   </trkpt>
   <trkpt lat="-28.0958920" lon="-65.9459490">
    <ele>2085.3</ele>
   </trkpt>
   <trkpt lat="-28.0959030" lon="-65.9459690">
    <ele>2085.6</ele>
   </trkpt>
   <trkpt lat="-28.0959120" lon="-65.9459920">
    <ele>2085.8</ele>
   </trkpt>
   <trkpt lat="-28.0959220" lon="-65.9460150">
    <ele>2086.2</ele>
   </trkpt>
   <trkpt lat="-28.0959320" lon="-65.9460360">
    <ele>2086.5</ele>
   </trkpt>
   <trkpt lat="-28.0959430" lon="-65.9460580">
    <ele>2086.8</ele>
   </trkpt>
   <trkpt lat="-28.0959550" lon="-65.9460750">
    <ele>2087.1</ele>
   </trkpt>
   <trkpt lat="-28.0959680" lon="-65.9460930">
    <ele>2087.4</ele>
   </trkpt>
   <trkpt lat="-28.0959820" lon="-65.9461010">
    <ele>2087.6</ele>
   </trkpt>
   <trkpt lat="-28.0959970" lon="-65.9461090">
    <ele>2087.9</ele>
   </trkpt>
   <trkpt lat="-28.0960110" lon="-65.9461060">
    <ele>2088.1</ele>
   </trkpt>
   <trkpt lat="-28.0960250" lon="-65.9461020">
    <ele>2088.3</ele>
   </trkpt>
   <trkpt lat="-28.0960350" lon="-65.9460870">
    <ele>2088.5</ele>
   </trkpt>
   <trkpt lat="-28.0960440" lon="-65.9460720">
    <ele>2088.7</ele>
   </trkpt>
   <trkpt lat="-28.0960470" lon="-65.9460490">
    <ele>2089.0</ele>
   </trkpt>
   <trkpt lat="-28.0960500" lon="-65.9460260">
    <ele>2089.3</ele>
   </trkpt>
   <trkpt lat="-28.0960480" lon="-65.9459990">
    <ele>2089.6</ele>
   </trkpt>
   <trkpt lat="-28.0960460" lon="-65.9459720">
    <ele>2089.8</ele>
   </trkpt>
   <trkpt lat="-28.0960410" lon="-65.9459450">
    <ele>2090.1</ele>
   </trkpt>
   <trkpt lat="-28.0960370" lon="-65.9459180">
    <ele>2090.4</ele>
   </trkpt>
   <trkpt lat="-28.0960320" lon="-65.9458910">
    <ele>2090.6</ele>
   </trkpt>
   <trkpt lat="-28.0960270" lon="-65.9458650">
    <ele>2090.9</ele>
   </trkpt>
   <trkpt lat="-28.0960240" lon="-65.9458390">
    <ele>2091.1</ele>
   </trkpt>
   <trkpt lat="-28.0960210" lon="-65.9458130">
    <ele>2091.4</ele>
   </trkpt>
   <trkpt lat="-28.0960200" lon="-65.9457880">
    <ele>2091.7</ele>
   </trkpt>
   <trkpt lat="-28.0960180" lon="-65.9457630">
    <ele>2091.9</ele>
   </trkpt>
   <trkpt lat="-28.0960190" lon="-65.9457370">
    <ele>2092.2</ele>
   </trkpt>
   <trkpt lat="-28.0960190" lon="-65.9457120">
    <ele>2092.5</ele>
   </trkpt>
   <trkpt lat="-28.0960210" lon="-65.9456870">
    <ele>2092.7</ele>
   </trkpt>
   <trkpt lat="-28.0960230" lon="-65.9456610">
    <ele>2093.0</ele>
   </trkpt>
   <trkpt lat="-28.0960270" lon="-65.9456370">
    <ele>2093.3</ele>
   </trkpt>
   <trkpt lat="-28.0960310" lon="-65.9456120">
    <ele>2093.6</ele>
   </trkpt>
   <trkpt lat="-28.0960390" lon="-65.9455890">
    <ele>2093.9</ele>
   </trkpt>
   <trkpt lat="-28.0960470" lon="-65.9455660">
    <ele>2094.2</ele>
   </trkpt>
   <trkpt lat="-28.0960600" lon="-65.9455470">
    <ele>2094.5</ele>
   </trkpt>
   <trkpt lat="-28.0960730" lon="-65.9455290">
    <ele>2094.8</ele>
   </trkpt>
   <trkpt lat="-28.0960920" lon="-65.9455160">
    <ele>2095.1</ele>
   </trkpt>
   <trkpt lat="-28.0961100" lon="-65.9455030">
    <ele>2095.4</ele>
   </trkpt>
   <trkpt lat="-28.0961320" lon="-65.9454980">
    <ele>2095.7</ele>
   </trkpt>
   <trkpt lat="-28.0961550" lon="-65.9454930">
    <ele>2096.0</ele>
   </trkpt>
   <trkpt lat="-28.0961790" lon="-65.9454930">
    <ele>2096.3</ele>
   </trkpt>
   <trkpt lat="-28.0962030" lon="-65.9454930">
    <ele>2096.5</ele>
   </trkpt>
   <trkpt lat="-28.0962270" lon="-65.9454970">
    <ele>2096.8</ele>
   </trkpt>
   <trkpt lat="-28.0962510" lon="-65.9455000">
    <ele>2097.1</ele>
   </trkpt>
   <trkpt lat="-28.0962740" lon="-65.9455070">
    <ele>2097.3</ele>
   </trkpt>
   <trkpt lat="-28.0962980" lon="-65.9455130">
    <ele>2097.6</ele>
   </trkpt>
   <trkpt lat="-28.0963190" lon="-65.9455220">
    <ele>2097.9</ele>
   </trkpt>
   <trkpt lat="-28.0963410" lon="-65.9455310">
    <ele>2098.1</ele>
   </trkpt>
   <trkpt lat="-28.0963630" lon="-65.9455400">
    <ele>2098.4</ele>
   </trkpt>
   <trkpt lat="-28.0963840" lon="-65.9455480">
    <ele>2098.7</ele>
   </trkpt>
   <trkpt lat="-28.0964060" lon="-65.9455560">
    <ele>2098.9</ele>
   </trkpt>
   <trkpt lat="-28.0964270" lon="-65.9455640">
    <ele>2099.2</ele>
   </trkpt>
   <trkpt lat="-28.0964480" lon="-65.9455720">
    <ele>2099.5</ele>
   </trkpt>
   <trkpt lat="-28.0964680" lon="-65.9455800">
    <ele>2099.8</ele>
   </trkpt>
   <trkpt lat="-28.0964880" lon="-65.9455880">
    <ele>2100.1</ele>
   </trkpt>
   <trkpt lat="-28.0965080" lon="-65.9455950">
    <ele>2100.4</ele>
   </trkpt>
   <trkpt lat="-28.0965280" lon="-65.9456030">
    <ele>2100.8</ele>
   </trkpt>
   <trkpt lat="-28.0965470" lon="-65.9456110">
    <ele>2101.1</ele>
   </trkpt>
   <trkpt lat="-28.0965660" lon="-65.9456200">
    <ele>2101.4</ele>
   </trkpt>
   <trkpt lat="-28.0965840" lon="-65.9456290">
    <ele>2101.7</ele>
   </trkpt>
   <trkpt lat="-28.0966020" lon="-65.9456390">
    <ele>2102.0</ele>
   </trkpt>
   <trkpt lat="-28.0966200" lon="-65.9456480">
    <ele>2102.3</ele>
   </trkpt>
   <trkpt lat="-28.0966370" lon="-65.9456580">
    <ele>2102.6</ele>
   </trkpt>
   <trkpt lat="-28.0966530" lon="-65.9456690">
    <ele>2102.9</ele>
   </trkpt>
   <trkpt lat="-28.0966680" lon="-65.9456810">
    <ele>2103.2</ele>
   </trkpt>
   <trkpt lat="-28.0966830" lon="-65.9456940">
    <ele>2103.4</ele>
   </trkpt>
   <trkpt lat="-28.0966970" lon="-65.9457090">
    <ele>2103.7</ele>
   </trkpt>
   <trkpt lat="-28.0967100" lon="-65.9457250">
    <ele>2104.0</ele>
   </trkpt>
   <trkpt lat="-28.0967200" lon="-65.9457450">
    <ele>2104.3</ele>
   </trkpt>
   <trkpt lat="-28.0967300" lon="-65.9457640">
    <ele>2104.6</ele>
   </trkpt>
   <trkpt lat="-28.0967360" lon="-65.9457850">
    <ele>2104.8</ele>
   </trkpt>
   <trkpt lat="-28.0967430" lon="-65.9458060">
    <ele>2105.1</ele>
   </trkpt>
   <trkpt lat="-28.0967450" lon="-65.9458250">
    <ele>2105.3</ele>
   </trkpt>
   <trkpt lat="-28.0967460" lon="-65.9458430">
    <ele>2105.5</ele>
   </trkpt>
   <trkpt lat="-28.0967450" lon="-65.9458590">
    <ele>2105.7</ele>
   </trkpt>
   <trkpt lat="-28.0967440" lon="-65.9458760">
    <ele>2105.9</ele>
   </trkpt>
   <trkpt lat="-28.0967410" lon="-65.9458910">
    <ele>2106.1</ele>
   </trkpt>
   <trkpt lat="-28.0967390" lon="-65.9459060">
    <ele>2106.3</ele>
   </trkpt>
   <trkpt lat="-28.0967360" lon="-65.9459210">
    <ele>2106.4</ele>
   </trkpt>
   <trkpt lat="-28.0967330" lon="-65.9459360">
    <ele>2106.6</ele>
   </trkpt>
   <trkpt lat="-28.0967300" lon="-65.9459510">
    <ele>2106.8</ele>
   </trkpt>
   <trkpt lat="-28.0967270" lon="-65.9459660">
    <ele>2106.9</ele>
   </trkpt>
   <trkpt lat="-28.0967250" lon="-65.9459800">
    <ele>2107.1</ele>
   </trkpt>
   <trkpt lat="-28.0967220" lon="-65.9459950">
    <ele>2107.3</ele>
   </trkpt>
   <trkpt lat="-28.0967190" lon="-65.9460090">
    <ele>2107.4</ele>
   </trkpt>
   <trkpt lat="-28.0967160" lon="-65.9460230">
    <ele>2107.6</ele>
   </trkpt>
   <trkpt lat="-28.0967140" lon="-65.9460370">
    <ele>2107.8</ele>
   </trkpt>
   <trkpt lat="-28.0967110" lon="-65.9460510">
    <ele>2107.9</ele>
   </trkpt>
   <trkpt lat="-28.0967090" lon="-65.9460650">
    <ele>2108.1</ele>
   </trkpt>
   <trkpt lat="-28.0967070" lon="-65.9460790">
    <ele>2108.2</ele>
   </trkpt>
   <trkpt lat="-28.0967050" lon="-65.9460930">
    <ele>2108.4</ele>
   </trkpt>
   <trkpt lat="-28.0967040" lon="-65.9461070">
    <ele>2108.6</ele>
   </trkpt>
   <trkpt lat="-28.0967020" lon="-65.9461230">
    <ele>2108.7</ele>
   </trkpt>
   <trkpt lat="-28.0967000" lon="-65.9461380">
    <ele>2108.9</ele>
   </trkpt>
   <trkpt lat="-28.0966980" lon="-65.9461530">
    <ele>2109.1</ele>
   </trkpt>
   <trkpt lat="-28.0966960" lon="-65.9461680">
    <ele>2109.2</ele>
   </trkpt>
   <trkpt lat="-28.0966950" lon="-65.9461820">
    <ele>2109.4</ele>
   </trkpt>
   <trkpt lat="-28.0966940" lon="-65.9461970">
    <ele>2109.6</ele>
   </trkpt>
   <trkpt lat="-28.0966930" lon="-65.9462130">
    <ele>2109.7</ele>
   </trkpt>
   <trkpt lat="-28.0966920" lon="-65.9462290">
    <ele>2109.9</ele>
   </trkpt>
   <trkpt lat="-28.0966910" lon="-65.9462480">
    <ele>2110.1</ele>
   </trkpt>
   <trkpt lat="-28.0966900" lon="-65.9462670">
    <ele>2110.4</ele>
   </trkpt>
   <trkpt lat="-28.0966900" lon="-65.9462890">
    <ele>2110.6</ele>
   </trkpt>
   <trkpt lat="-28.0966890" lon="-65.9463110">
    <ele>2110.8</ele>
   </trkpt>
   <trkpt lat="-28.0966890" lon="-65.9463350">
    <ele>2111.1</ele>
   </trkpt>
   <trkpt lat="-28.0966890" lon="-65.9463580">
    <ele>2111.4</ele>
   </trkpt>
   <trkpt lat="-28.0966890" lon="-65.9463820">
    <ele>2111.6</ele>
   </trkpt>
   <trkpt lat="-28.0966890" lon="-65.9464060">
    <ele>2111.9</ele>
   </trkpt>
   <trkpt lat="-28.0966890" lon="-65.9464290">
    <ele>2112.1</ele>
   </trkpt>
   <trkpt lat="-28.0966890" lon="-65.9464530">
    <ele>2112.4</ele>
   </trkpt>
   <trkpt lat="-28.0966900" lon="-65.9464760">
    <ele>2112.6</ele>
   </trkpt>
   <trkpt lat="-28.0966900" lon="-65.9464990">
    <ele>2112.9</ele>
   </trkpt>
   <trkpt lat="-28.0966900" lon="-65.9465220">
    <ele>2113.1</ele>
   </trkpt>
   <trkpt lat="-28.0966900" lon="-65.9465450">
    <ele>2113.3</ele>
   </trkpt>
   <trkpt lat="-28.0966910" lon="-65.9465690">
    <ele>2113.6</ele>
   </trkpt>
   <trkpt lat="-28.0966910" lon="-65.9465930">
    <ele>2113.8</ele>
   </trkpt>
   <trkpt lat="-28.0966910" lon="-65.9466160">
    <ele>2114.1</ele>
   </trkpt>
   <trkpt lat="-28.0966910" lon="-65.9466400">
    <ele>2114.3</ele>
   </trkpt>
   <trkpt lat="-28.0966910" lon="-65.9466640">
    <ele>2114.5</ele>
   </trkpt>
   <trkpt lat="-28.0966900" lon="-65.9466890">
    <ele>2114.8</ele>
   </trkpt>
   <trkpt lat="-28.0966900" lon="-65.9467140">
    <ele>2115.0</ele>
   </trkpt>
   <trkpt lat="-28.0966900" lon="-65.9467380">
    <ele>2115.3</ele>
   </trkpt>
   <trkpt lat="-28.0966890" lon="-65.9467630">
    <ele>2115.6</ele>
   </trkpt>
   <trkpt lat="-28.0966880" lon="-65.9467880">
    <ele>2115.8</ele>
   </trkpt>
   <trkpt lat="-28.0966850" lon="-65.9468120">
    <ele>2116.1</ele>
   </trkpt>
   <trkpt lat="-28.0966820" lon="-65.9468370">
    <ele>2116.3</ele>
   </trkpt>
   <trkpt lat="-28.0966780" lon="-65.9468600">
    <ele>2116.6</ele>
   </trkpt>
   <trkpt lat="-28.0966730" lon="-65.9468830">
    <ele>2116.8</ele>
   </trkpt>
   <trkpt lat="-28.0966680" lon="-65.9469050">
    <ele>2117.1</ele>
   </trkpt>
   <trkpt lat="-28.0966620" lon="-65.9469280">
    <ele>2117.3</ele>
   </trkpt>
   <trkpt lat="-28.0966550" lon="-65.9469500">
    <ele>2117.6</ele>
   </trkpt>
   <trkpt lat="-28.0966480" lon="-65.9469720">
    <ele>2117.8</ele>
   </trkpt>
   <trkpt lat="-28.0966410" lon="-65.9469940">
    <ele>2118.0</ele>
   </trkpt>
   <trkpt lat="-28.0966340" lon="-65.9470160">
    <ele>2118.3</ele>
   </trkpt>
   <trkpt lat="-28.0966280" lon="-65.9470390">
    <ele>2118.5</ele>
   </trkpt>
   <trkpt lat="-28.0966230" lon="-65.9470610">
    <ele>2118.7</ele>
   </trkpt>
   <trkpt lat="-28.0966180" lon="-65.9470840">
    <ele>2118.9</ele>
   </trkpt>
   <trkpt lat="-28.0966140" lon="-65.9471060">
    <ele>2119.1</ele>
   </trkpt>
   <trkpt lat="-28.0966110" lon="-65.9471300">
    <ele>2119.3</ele>
   </trkpt>
   <trkpt lat="-28.0966080" lon="-65.9471530">
    <ele>2119.5</ele>
   </trkpt>
   <trkpt lat="-28.0966080" lon="-65.9471780">
    <ele>2119.7</ele>
   </trkpt>
   <trkpt lat="-28.0966070" lon="-65.9472030">
    <ele>2119.9</ele>
   </trkpt>
   <trkpt lat="-28.0966090" lon="-65.9472290">
    <ele>2120.1</ele>
   </trkpt>
   <trkpt lat="-28.0966110" lon="-65.9472550">
    <ele>2120.3</ele>
   </trkpt>
   <trkpt lat="-28.0966150" lon="-65.9472820">
    <ele>2120.5</ele>
   </trkpt>
   <trkpt lat="-28.0966190" lon="-65.9473090">
    <ele>2120.7</ele>
   </trkpt>
   <trkpt lat="-28.0966240" lon="-65.9473370">
    <ele>2120.8</ele>
   </trkpt>
   <trkpt lat="-28.0966290" lon="-65.9473650">
    <ele>2121.0</ele>
   </trkpt>
   <trkpt lat="-28.0966350" lon="-65.9473940">
    <ele>2121.2</ele>
   </trkpt>
   <trkpt lat="-28.0966420" lon="-65.9474230">
    <ele>2121.4</ele>
   </trkpt>
   <trkpt lat="-28.0966490" lon="-65.9474520">
    <ele>2121.6</ele>
   </trkpt>
   <trkpt lat="-28.0966560" lon="-65.9474800">
    <ele>2121.8</ele>
   </trkpt>
   <trkpt lat="-28.0966630" lon="-65.9475070">
    <ele>2122.0</ele>
   </trkpt>
   <trkpt lat="-28.0966710" lon="-65.9475350">
    <ele>2122.2</ele>
   </trkpt>
   <trkpt lat="-28.0966800" lon="-65.9475600">
    <ele>2122.4</ele>
   </trkpt>
   <trkpt lat="-28.0966900" lon="-65.9475860">
    <ele>2122.6</ele>
   </trkpt>
   <trkpt lat="-28.0967040" lon="-65.9476050">
    <ele>2122.9</ele>
   </trkpt>
   <trkpt lat="-28.0967180" lon="-65.9476250">
    <ele>2123.1</ele>
   </trkpt>
   <trkpt lat="-28.0967350" lon="-65.9476330">
    <ele>2123.3</ele>
   </trkpt>
   <trkpt lat="-28.0967520" lon="-65.9476410">
    <ele>2123.5</ele>
   </trkpt>
   <trkpt lat="-28.0967700" lon="-65.9476360">
    <ele>2123.7</ele>
   </trkpt>
   <trkpt lat="-28.0967870" lon="-65.9476320">
    <ele>2123.9</ele>
   </trkpt>
   <trkpt lat="-28.0968000" lon="-65.9476160">
    <ele>2124.1</ele>
   </trkpt>
   <trkpt lat="-28.0968130" lon="-65.9476000">
    <ele>2124.3</ele>
   </trkpt>
   <trkpt lat="-28.0968180" lon="-65.9475760">
    <ele>2124.5</ele>
   </trkpt>
   <trkpt lat="-28.0968230" lon="-65.9475520">
    <ele>2124.8</ele>
   </trkpt>
   <trkpt lat="-28.0968210" lon="-65.9475240">
    <ele>2125.0</ele>
   </trkpt>
   <trkpt lat="-28.0968190" lon="-65.9474960">
    <ele>2125.2</ele>
   </trkpt>
   <trkpt lat="-28.0968140" lon="-65.9474670">
    <ele>2125.5</ele>
   </trkpt>
   <trkpt lat="-28.0968090" lon="-65.9474380">
    <ele>2125.7</ele>
   </trkpt>
   <trkpt lat="-28.0968030" lon="-65.9474090">
    <ele>2125.9</ele>
   </trkpt>
   <trkpt lat="-28.0967980" lon="-65.9473800">
    <ele>2126.1</ele>
   </trkpt>
   <trkpt lat="-28.0967950" lon="-65.9473510">
    <ele>2126.3</ele>
   </trkpt>
   <trkpt lat="-28.0967920" lon="-65.9473210">
    <ele>2126.6</ele>
   </trkpt>
   <trkpt lat="-28.0967930" lon="-65.9472920">
    <ele>2126.8</ele>
   </trkpt>
   <trkpt lat="-28.0967940" lon="-65.9472620">
    <ele>2127.0</ele>
   </trkpt>
   <trkpt lat="-28.0968000" lon="-65.9472340">
    <ele>2127.1</ele>
   </trkpt>
   <trkpt lat="-28.0968060" lon="-65.9472060">
    <ele>2127.3</ele>
   </trkpt>
   <trkpt lat="-28.0968170" lon="-65.9471800">
    <ele>2127.5</ele>
   </trkpt>
   <trkpt lat="-28.0968280" lon="-65.9471550">
    <ele>2127.7</ele>
   </trkpt>
   <trkpt lat="-28.0968450" lon="-65.9471330">
    <ele>2127.8</ele>
   </trkpt>
   <trkpt lat="-28.0968620" lon="-65.9471110">
    <ele>2128.0</ele>
   </trkpt>
   <trkpt lat="-28.0968830" lon="-65.9470950">
    <ele>2128.2</ele>
   </trkpt>
   <trkpt lat="-28.0969040" lon="-65.9470790">
    <ele>2128.3</ele>
   </trkpt>
   <trkpt lat="-28.0969280" lon="-65.9470710">
    <ele>2128.5</ele>
   </trkpt>
   <trkpt lat="-28.0969520" lon="-65.9470620">
    <ele>2128.7</ele>
   </trkpt>
   <trkpt lat="-28.0969760" lon="-65.9470570">
    <ele>2128.8</ele>
   </trkpt>
   <trkpt lat="-28.0970000" lon="-65.9470520">
    <ele>2129.0</ele>
   </trkpt>
   <trkpt lat="-28.0970230" lon="-65.9470480">
    <ele>2129.1</ele>
   </trkpt>
   <trkpt lat="-28.0970460" lon="-65.9470450">
    <ele>2129.3</ele>
   </trkpt>
   <trkpt lat="-28.0970690" lon="-65.9470430">
    <ele>2129.5</ele>
   </trkpt>
   <trkpt lat="-28.0970910" lon="-65.9470410">
    <ele>2129.6</ele>
   </trkpt>
   <trkpt lat="-28.0971150" lon="-65.9470400">
    <ele>2129.8</ele>
   </trkpt>
   <trkpt lat="-28.0971390" lon="-65.9470390">
    <ele>2130.0</ele>
   </trkpt>
   <trkpt lat="-28.0971630" lon="-65.9470370">
    <ele>2130.2</ele>
   </trkpt>
   <trkpt lat="-28.0971870" lon="-65.9470350">
    <ele>2130.4</ele>
   </trkpt>
   <trkpt lat="-28.0972120" lon="-65.9470340">
    <ele>2130.6</ele>
   </trkpt>
   <trkpt lat="-28.0972360" lon="-65.9470320">
    <ele>2130.8</ele>
   </trkpt>
   <trkpt lat="-28.0972600" lon="-65.9470300">
    <ele>2131.0</ele>
   </trkpt>
   <trkpt lat="-28.0972840" lon="-65.9470280">
    <ele>2131.2</ele>
   </trkpt>
   <trkpt lat="-28.0973080" lon="-65.9470260">
    <ele>2131.4</ele>
   </trkpt>
   <trkpt lat="-28.0973320" lon="-65.9470240">
    <ele>2131.7</ele>
   </trkpt>
   <trkpt lat="-28.0973550" lon="-65.9470230">
    <ele>2131.9</ele>
   </trkpt>
   <trkpt lat="-28.0973780" lon="-65.9470220">
    <ele>2132.1</ele>
   </trkpt>
   <trkpt lat="-28.0974010" lon="-65.9470220">
    <ele>2132.3</ele>
   </trkpt>
   <trkpt lat="-28.0974230" lon="-65.9470220">
    <ele>2132.5</ele>
   </trkpt>
   <trkpt lat="-28.0974470" lon="-65.9470220">
    <ele>2132.7</ele>
   </trkpt>
   <trkpt lat="-28.0974700" lon="-65.9470220">
    <ele>2132.8</ele>
   </trkpt>
   <trkpt lat="-28.0974940" lon="-65.9470230">
    <ele>2133.0</ele>
   </trkpt>
   <trkpt lat="-28.0975180" lon="-65.9470240">
    <ele>2133.1</ele>
   </trkpt>
   <trkpt lat="-28.0975430" lon="-65.9470250">
    <ele>2133.3</ele>
   </trkpt>
   <trkpt lat="-28.0975690" lon="-65.9470270">
    <ele>2133.4</ele>
   </trkpt>
   <trkpt lat="-28.0975950" lon="-65.9470310">
    <ele>2133.5</ele>
   </trkpt>
   <trkpt lat="-28.0976210" lon="-65.9470350">
    <ele>2133.6</ele>
   </trkpt>
   <trkpt lat="-28.0976470" lon="-65.9470430">
    <ele>2133.6</ele>
   </trkpt>
   <trkpt lat="-28.0976730" lon="-65.9470520">
    <ele>2133.7</ele>
   </trkpt>
   <trkpt lat="-28.0976970" lon="-65.9470690">
    <ele>2133.7</ele>
   </trkpt>
   <trkpt lat="-28.0977210" lon="-65.9470860">
    <ele>2133.7</ele>
   </trkpt>
   <trkpt lat="-28.0977410" lon="-65.9471110">
    <ele>2133.7</ele>
   </trkpt>
   <trkpt lat="-28.0977620" lon="-65.9471360">
    <ele>2133.7</ele>
   </trkpt>
   <trkpt lat="-28.0977790" lon="-65.9471670">
    <ele>2133.7</ele>
   </trkpt>
   <trkpt lat="-28.0977960" lon="-65.9471990">
    <ele>2133.7</ele>
   </trkpt>
   <trkpt lat="-28.0978110" lon="-65.9472320">
    <ele>2133.7</ele>
   </trkpt>
   <trkpt lat="-28.0978260" lon="-65.9472650">
    <ele>2133.8</ele>
   </trkpt>
   <trkpt lat="-28.0978430" lon="-65.9472930">
    <ele>2133.8</ele>
   </trkpt>
   <trkpt lat="-28.0978600" lon="-65.9473220">
    <ele>2133.9</ele>
   </trkpt>
   <trkpt lat="-28.0978800" lon="-65.9473420">
    <ele>2134.0</ele>
   </trkpt>
   <trkpt lat="-28.0979010" lon="-65.9473630">
    <ele>2134.1</ele>
   </trkpt>
   <trkpt lat="-28.0979230" lon="-65.9473760">
    <ele>2134.2</ele>
   </trkpt>
   <trkpt lat="-28.0979450" lon="-65.9473900">
    <ele>2134.3</ele>
   </trkpt>
   <trkpt lat="-28.0979670" lon="-65.9473980">
    <ele>2134.5</ele>
   </trkpt>
   <trkpt lat="-28.0979890" lon="-65.9474070">
    <ele>2134.6</ele>
   </trkpt>
   <trkpt lat="-28.0980110" lon="-65.9474120">
    <ele>2134.8</ele>
   </trkpt>
   <trkpt lat="-28.0980330" lon="-65.9474170">
    <ele>2134.9</ele>
   </trkpt>
   <trkpt lat="-28.0980550" lon="-65.9474210">
    <ele>2135.1</ele>
   </trkpt>
   <trkpt lat="-28.0980760" lon="-65.9474240">
    <ele>2135.2</ele>
   </trkpt>
   <trkpt lat="-28.0980970" lon="-65.9474290">
    <ele>2135.3</ele>
   </trkpt>
   <trkpt lat="-28.0981180" lon="-65.9474330">
    <ele>2135.4</ele>
   </trkpt>
   <trkpt lat="-28.0981390" lon="-65.9474410">
    <ele>2135.5</ele>
   </trkpt>
   <trkpt lat="-28.0981610" lon="-65.9474480">
    <ele>2135.6</ele>
   </trkpt>
   <trkpt lat="-28.0981840" lon="-65.9474590">
    <ele>2135.7</ele>
   </trkpt>
   <trkpt lat="-28.0982070" lon="-65.9474700">
    <ele>2135.7</ele>
   </trkpt>
   <trkpt lat="-28.0982330" lon="-65.9474850">
    <ele>2135.7</ele>
   </trkpt>
   <trkpt lat="-28.0982590" lon="-65.9475000">
    <ele>2135.6</ele>
   </trkpt>
   <trkpt lat="-28.0982890" lon="-65.9475160">
    <ele>2135.5</ele>
   </trkpt>
   <trkpt lat="-28.0983200" lon="-65.9475330">
    <ele>2135.4</ele>
   </trkpt>
   <trkpt lat="-28.0983520" lon="-65.9475520">
    <ele>2135.2</ele>
   </trkpt>
   <trkpt lat="-28.0983850" lon="-65.9475720">
    <ele>2135.1</ele>
   </trkpt>
   <trkpt lat="-28.0984150" lon="-65.9475950">
    <ele>2134.9</ele>
   </trkpt>
   <trkpt lat="-28.0984460" lon="-65.9476180">
    <ele>2134.8</ele>
   </trkpt>
   <trkpt lat="-28.0984710" lon="-65.9476460">
    <ele>2134.7</ele>
   </trkpt>
   <trkpt lat="-28.0984970" lon="-65.9476740">
    <ele>2134.5</ele>
   </trkpt>
   <trkpt lat="-28.0985170" lon="-65.9477050">
    <ele>2134.5</ele>
   </trkpt>
   <trkpt lat="-28.0985370" lon="-65.9477360">
    <ele>2134.4</ele>
   </trkpt>
   <trkpt lat="-28.0985560" lon="-65.9477660">
    <ele>2134.4</ele>
   </trkpt>
   <trkpt lat="-28.0985740" lon="-65.9477960">
    <ele>2134.4</ele>
   </trkpt>
   <trkpt lat="-28.0985930" lon="-65.9478220">
    <ele>2134.4</ele>
   </trkpt>
   <trkpt lat="-28.0986120" lon="-65.9478490">
    <ele>2134.3</ele>
   </trkpt>
   <trkpt lat="-28.0986320" lon="-65.9478710">
    <ele>2134.3</ele>
   </trkpt>
   <trkpt lat="-28.0986520" lon="-65.9478940">
    <ele>2134.3</ele>
   </trkpt>
   <trkpt lat="-28.0986740" lon="-65.9479130">
    <ele>2134.3</ele>
   </trkpt>
   <trkpt lat="-28.0986970" lon="-65.9479320">
    <ele>2134.3</ele>
   </trkpt>
   <trkpt lat="-28.0987210" lon="-65.9479500">
    <ele>2134.2</ele>
   </trkpt>
   <trkpt lat="-28.0987460" lon="-65.9479670">
    <ele>2134.2</ele>
   </trkpt>
   <trkpt lat="-28.0987740" lon="-65.9479830">
    <ele>2134.1</ele>
   </trkpt>
   <trkpt lat="-28.0988020" lon="-65.9479990">
    <ele>2134.1</ele>
   </trkpt>
   <trkpt lat="-28.0988320" lon="-65.9480130">
    <ele>2134.0</ele>
   </trkpt>
   <trkpt lat="-28.0988620" lon="-65.9480270">
    <ele>2133.9</ele>
   </trkpt>
   <trkpt lat="-28.0988920" lon="-65.9480400">
    <ele>2133.8</ele>
   </trkpt>
   <trkpt lat="-28.0989220" lon="-65.9480540">
    <ele>2133.7</ele>
   </trkpt>
   <trkpt lat="-28.0989500" lon="-65.9480670">
    <ele>2133.5</ele>
   </trkpt>
   <trkpt lat="-28.0989790" lon="-65.9480810">
    <ele>2133.4</ele>
   </trkpt>
   <trkpt lat="-28.0990070" lon="-65.9480960">
    <ele>2133.2</ele>
   </trkpt>
   <trkpt lat="-28.0990360" lon="-65.9481110">
    <ele>2133.1</ele>
   </trkpt>
   <trkpt lat="-28.0990670" lon="-65.9481270">
    <ele>2132.9</ele>
   </trkpt>
   <trkpt lat="-28.0990970" lon="-65.9481420">
    <ele>2132.7</ele>
   </trkpt>
   <trkpt lat="-28.0991300" lon="-65.9481550">
    <ele>2132.6</ele>
   </trkpt>
   <trkpt lat="-28.0991640" lon="-65.9481690">
    <ele>2132.4</ele>
   </trkpt>
   <trkpt lat="-28.0991990" lon="-65.9481800">
    <ele>2132.3</ele>
   </trkpt>
   <trkpt lat="-28.0992340" lon="-65.9481920">
    <ele>2132.1</ele>
   </trkpt>
   <trkpt lat="-28.0992670" lon="-65.9482040">
    <ele>2132.1</ele>
   </trkpt>
   <trkpt lat="-28.0993010" lon="-65.9482160">
    <ele>2132.0</ele>
   </trkpt>
   <trkpt lat="-28.0993290" lon="-65.9482310">
    <ele>2132.0</ele>
   </trkpt>
   <trkpt lat="-28.0993570" lon="-65.9482470">
    <ele>2132.0</ele>
   </trkpt>
   <trkpt lat="-28.0993790" lon="-65.9482660">
    <ele>2132.0</ele>
   </trkpt>
   <trkpt lat="-28.0994010" lon="-65.9482850">
    <ele>2132.1</ele>
   </trkpt>
   <trkpt lat="-28.0994200" lon="-65.9483070">
    <ele>2132.1</ele>
   </trkpt>
   <trkpt lat="-28.0994390" lon="-65.9483290">
    <ele>2132.2</ele>
   </trkpt>
   <trkpt lat="-28.0994580" lon="-65.9483530">
    <ele>2132.3</ele>
   </trkpt>
   <trkpt lat="-28.0994770" lon="-65.9483760">
    <ele>2132.4</ele>
   </trkpt>
   <trkpt lat="-28.0994970" lon="-65.9484000">
    <ele>2132.5</ele>
   </trkpt>
   <trkpt lat="-28.0995170" lon="-65.9484240">
    <ele>2132.6</ele>
   </trkpt>
   <trkpt lat="-28.0995380" lon="-65.9484470">
    <ele>2132.8</ele>
   </trkpt>
   <trkpt lat="-28.0995590" lon="-65.9484700">
    <ele>2132.9</ele>
   </trkpt>
   <trkpt lat="-28.0995800" lon="-65.9484910">
    <ele>2133.1</ele>
   </trkpt>
   <trkpt lat="-28.0996020" lon="-65.9485120">
    <ele>2133.3</ele>
   </trkpt>
   <trkpt lat="-28.0996240" lon="-65.9485310">
    <ele>2133.4</ele>
   </trkpt>
   <trkpt lat="-28.0996460" lon="-65.9485490">
    <ele>2133.6</ele>
   </trkpt>
   <trkpt lat="-28.0996680" lon="-65.9485640">
    <ele>2133.8</ele>
   </trkpt>
   <trkpt lat="-28.0996910" lon="-65.9485790">
    <ele>2134.1</ele>
   </trkpt>
   <trkpt lat="-28.0997120" lon="-65.9485910">
    <ele>2134.3</ele>
   </trkpt>
   <trkpt lat="-28.0997340" lon="-65.9486020">
    <ele>2134.5</ele>
   </trkpt>
   <trkpt lat="-28.0997540" lon="-65.9486130">
    <ele>2134.7</ele>
   </trkpt>
   <trkpt lat="-28.0997740" lon="-65.9486230">
    <ele>2134.9</ele>
   </trkpt>
   <trkpt lat="-28.0997930" lon="-65.9486340">
    <ele>2135.1</ele>
   </trkpt>
   <trkpt lat="-28.0998120" lon="-65.9486450">
    <ele>2135.3</ele>
   </trkpt>
   <trkpt lat="-28.0998320" lon="-65.9486580">
    <ele>2135.5</ele>
   </trkpt>
   <trkpt lat="-28.0998510" lon="-65.9486700">
    <ele>2135.7</ele>
   </trkpt>
   <trkpt lat="-28.0998710" lon="-65.9486870">
    <ele>2135.9</ele>
   </trkpt>
   <trkpt lat="-28.0998900" lon="-65.9487040">
    <ele>2136.1</ele>
   </trkpt>
   <trkpt lat="-28.0999080" lon="-65.9487250">
    <ele>2136.3</ele>
   </trkpt>
   <trkpt lat="-28.0999270" lon="-65.9487470">
    <ele>2136.4</ele>
   </trkpt>
   <trkpt lat="-28.0999430" lon="-65.9487720">
    <ele>2136.6</ele>
   </trkpt>
   <trkpt lat="-28.0999590" lon="-65.9487970">
    <ele>2136.8</ele>
   </trkpt>
   <trkpt lat="-28.0999720" lon="-65.9488240">
    <ele>2136.9</ele>
   </trkpt>
   <trkpt lat="-28.0999860" lon="-65.9488510">
    <ele>2137.1</ele>
   </trkpt>
   <trkpt lat="-28.0999980" lon="-65.9488790">
    <ele>2137.3</ele>
   </trkpt>
   <trkpt lat="-28.1000100" lon="-65.9489070">
    <ele>2137.4</ele>
   </trkpt>
   <trkpt lat="-28.1000220" lon="-65.9489350">
    <ele>2137.6</ele>
   </trkpt>
   <trkpt lat="-28.1000330" lon="-65.9489630">
    <ele>2137.8</ele>
   </trkpt>
   <trkpt lat="-28.1000440" lon="-65.9489920">
    <ele>2138.0</ele>
   </trkpt>
   <trkpt lat="-28.1000560" lon="-65.9490210">
    <ele>2138.2</ele>
   </trkpt>
   <trkpt lat="-28.1000670" lon="-65.9490500">
    <ele>2138.4</ele>
   </trkpt>
   <trkpt lat="-28.1000790" lon="-65.9490790">
    <ele>2138.6</ele>
   </trkpt>
   <trkpt lat="-28.1000910" lon="-65.9491070">
    <ele>2138.8</ele>
   </trkpt>
   <trkpt lat="-28.1001030" lon="-65.9491350">
    <ele>2139.1</ele>
   </trkpt>
   <trkpt lat="-28.1001140" lon="-65.9491610">
    <ele>2139.3</ele>
   </trkpt>
   <trkpt lat="-28.1001260" lon="-65.9491880">
    <ele>2139.6</ele>
   </trkpt>
   <trkpt lat="-28.1001370" lon="-65.9492130">
    <ele>2139.8</ele>
   </trkpt>
   <trkpt lat="-28.1001480" lon="-65.9492390">
    <ele>2140.1</ele>
   </trkpt>
   <trkpt lat="-28.1001580" lon="-65.9492650">
    <ele>2140.3</ele>
   </trkpt>
   <trkpt lat="-28.1001680" lon="-65.9492910">
    <ele>2140.6</ele>
   </trkpt>
   <trkpt lat="-28.1001780" lon="-65.9493180">
    <ele>2140.9</ele>
   </trkpt>
   <trkpt lat="-28.1001870" lon="-65.9493440">
    <ele>2141.1</ele>
   </trkpt>
   <trkpt lat="-28.1001950" lon="-65.9493710">
    <ele>2141.4</ele>
   </trkpt>
   <trkpt lat="-28.1002030" lon="-65.9493980">
    <ele>2141.6</ele>
   </trkpt>
   <trkpt lat="-28.1002110" lon="-65.9494250">
    <ele>2141.9</ele>
   </trkpt>
   <trkpt lat="-28.1002190" lon="-65.9494530">
    <ele>2142.1</ele>
   </trkpt>
   <trkpt lat="-28.1002260" lon="-65.9494810">
    <ele>2142.4</ele>
   </trkpt>
   <trkpt lat="-28.1002330" lon="-65.9495090">
    <ele>2142.7</ele>
   </trkpt>
   <trkpt lat="-28.1002380" lon="-65.9495360">
    <ele>2143.0</ele>
   </trkpt>
   <trkpt lat="-28.1002430" lon="-65.9495630">
    <ele>2143.3</ele>
   </trkpt>
   <trkpt lat="-28.1002440" lon="-65.9495890">
    <ele>2143.6</ele>
   </trkpt>
   <trkpt lat="-28.1002450" lon="-65.9496150">
    <ele>2143.9</ele>
   </trkpt>
   <trkpt lat="-28.1002420" lon="-65.9496390">
    <ele>2144.1</ele>
   </trkpt>
   <trkpt lat="-28.1002390" lon="-65.9496640">
    <ele>2144.4</ele>
   </trkpt>
   <trkpt lat="-28.1002340" lon="-65.9496870">
    <ele>2144.7</ele>
   </trkpt>
   <trkpt lat="-28.1002280" lon="-65.9497100">
    <ele>2145.0</ele>
   </trkpt>
   <trkpt lat="-28.1002210" lon="-65.9497320">
    <ele>2145.3</ele>
   </trkpt>
   <trkpt lat="-28.1002140" lon="-65.9497550">
    <ele>2145.6</ele>
   </trkpt>
   <trkpt lat="-28.1002080" lon="-65.9497780">
    <ele>2145.9</ele>
   </trkpt>
   <trkpt lat="-28.1002020" lon="-65.9498010">
    <ele>2146.2</ele>
   </trkpt>
   <trkpt lat="-28.1001960" lon="-65.9498240">
    <ele>2146.5</ele>
   </trkpt>
   <trkpt lat="-28.1001910" lon="-65.9498480">
    <ele>2146.8</ele>
   </trkpt>
   <trkpt lat="-28.1001850" lon="-65.9498710">
    <ele>2147.1</ele>
   </trkpt>
   <trkpt lat="-28.1001800" lon="-65.9498940">
    <ele>2147.4</ele>
   </trkpt>
   <trkpt lat="-28.1001750" lon="-65.9499150">
    <ele>2147.7</ele>
   </trkpt>
   <trkpt lat="-28.1001690" lon="-65.9499350">
    <ele>2147.9</ele>
   </trkpt>
   <trkpt lat="-28.1001640" lon="-65.9499520">
    <ele>2148.2</ele>
   </trkpt>
   <trkpt lat="-28.1001580" lon="-65.9499690">
    <ele>2148.4</ele>
   </trkpt>
   <trkpt lat="-28.1001530" lon="-65.9499840">
    <ele>2148.6</ele>
   </trkpt>
   <trkpt lat="-28.1001480" lon="-65.9499990">
    <ele>2148.8</ele>
   </trkpt>
   <trkpt lat="-28.1001430" lon="-65.9500120">
    <ele>2149.0</ele>
   </trkpt>
   <trkpt lat="-28.1001380" lon="-65.9500260">
    <ele>2149.2</ele>
   </trkpt>
   <trkpt lat="-28.1001330" lon="-65.9500380">
    <ele>2149.4</ele>
   </trkpt>
   <trkpt lat="-28.1001280" lon="-65.9500510">
    <ele>2149.6</ele>
   </trkpt>
   <trkpt lat="-28.1001220" lon="-65.9500630">
    <ele>2149.8</ele>
   </trkpt>
   <trkpt lat="-28.1001160" lon="-65.9500750">
    <ele>2150.0</ele>
   </trkpt>
   <trkpt lat="-28.1001090" lon="-65.9500860">
    <ele>2150.2</ele>
   </trkpt>
   <trkpt lat="-28.1001020" lon="-65.9500970">
    <ele>2150.4</ele>
   </trkpt>
   <trkpt lat="-28.1000940" lon="-65.9501080">
    <ele>2150.6</ele>
   </trkpt>
   <trkpt lat="-28.1000860" lon="-65.9501200">
    <ele>2150.8</ele>
   </trkpt>
   <trkpt lat="-28.1000780" lon="-65.9501300">
    <ele>2151.0</ele>
   </trkpt>
   <trkpt lat="-28.1000700" lon="-65.9501410">
    <ele>2151.2</ele>
   </trkpt>
   <trkpt lat="-28.1000620" lon="-65.9501530">
    <ele>2151.4</ele>
   </trkpt>
   <trkpt lat="-28.1000530" lon="-65.9501640">
    <ele>2151.6</ele>
   </trkpt>
   <trkpt lat="-28.1000470" lon="-65.9501750">
    <ele>2151.8</ele>
   </trkpt>
   <trkpt lat="-28.1000410" lon="-65.9501870">
    <ele>2152.0</ele>
   </trkpt>
   <trkpt lat="-28.1000380" lon="-65.9502000">
    <ele>2152.2</ele>
   </trkpt>
   <trkpt lat="-28.1000360" lon="-65.9502130">
    <ele>2152.4</ele>
   </trkpt>
   <trkpt lat="-28.1000350" lon="-65.9502270">
    <ele>2152.6</ele>
   </trkpt>
   <trkpt lat="-28.1000340" lon="-65.9502410">
    <ele>2152.8</ele>
   </trkpt>
   <trkpt lat="-28.1000330" lon="-65.9502560">
    <ele>2153.0</ele>
   </trkpt>
   <trkpt lat="-28.1000330" lon="-65.9502710">
    <ele>2153.2</ele>
   </trkpt>
   <trkpt lat="-28.1000340" lon="-65.9502860">
    <ele>2153.4</ele>
   </trkpt>
   <trkpt lat="-28.1000340" lon="-65.9503010">
    <ele>2153.6</ele>
   </trkpt>
   <trkpt lat="-28.1000350" lon="-65.9503160">
    <ele>2153.8</ele>
   </trkpt>
   <trkpt lat="-28.1000360" lon="-65.9503310">
    <ele>2154.0</ele>
   </trkpt>
   <trkpt lat="-28.1000380" lon="-65.9503460">
    <ele>2154.2</ele>
   </trkpt>
   <trkpt lat="-28.1000390" lon="-65.9503610">
    <ele>2154.4</ele>
   </trkpt>
   <trkpt lat="-28.1000400" lon="-65.9503760">
    <ele>2154.6</ele>
   </trkpt>
   <trkpt lat="-28.1000410" lon="-65.9503920">
    <ele>2154.8</ele>
   </trkpt>
   <trkpt lat="-28.1000420" lon="-65.9504060">
    <ele>2155.0</ele>
   </trkpt>
   <trkpt lat="-28.1000430" lon="-65.9504200">
    <ele>2155.2</ele>
   </trkpt>
   <trkpt lat="-28.1000450" lon="-65.9504330">
    <ele>2155.4</ele>
   </trkpt>
   <trkpt lat="-28.1000470" lon="-65.9504470">
    <ele>2155.5</ele>
   </trkpt>
   <trkpt lat="-28.1000490" lon="-65.9504610">
    <ele>2155.7</ele>
   </trkpt>
   <trkpt lat="-28.1000520" lon="-65.9504740">
    <ele>2155.9</ele>
   </trkpt>
   <trkpt lat="-28.1000550" lon="-65.9504880">
    <ele>2156.1</ele>
   </trkpt>
   <trkpt lat="-28.1000580" lon="-65.9505020">
    <ele>2156.3</ele>
   </trkpt>
   <trkpt lat="-28.1000610" lon="-65.9505170">
    <ele>2156.5</ele>
   </trkpt>
   <trkpt lat="-28.1000640" lon="-65.9505310">
    <ele>2156.7</ele>
   </trkpt>
   <trkpt lat="-28.1000670" lon="-65.9505490">
    <ele>2156.9</ele>
   </trkpt>
   <trkpt lat="-28.1000710" lon="-65.9505660">
    <ele>2157.2</ele>
   </trkpt>
   <trkpt lat="-28.1000760" lon="-65.9505850">
    <ele>2157.4</ele>
   </trkpt>
   <trkpt lat="-28.1000800" lon="-65.9506050">
    <ele>2157.7</ele>
   </trkpt>
   <trkpt lat="-28.1000860" lon="-65.9506250">
    <ele>2158.0</ele>
   </trkpt>
   <trkpt lat="-28.1000920" lon="-65.9506460">
    <ele>2158.3</ele>
   </trkpt>
   <trkpt lat="-28.1000980" lon="-65.9506670">
    <ele>2158.6</ele>
   </trkpt>
   <trkpt lat="-28.1001050" lon="-65.9506880">
    <ele>2158.9</ele>
   </trkpt>
   <trkpt lat="-28.1001120" lon="-65.9507080">
    <ele>2159.2</ele>
   </trkpt>
   <trkpt lat="-28.1001190" lon="-65.9507280">
    <ele>2159.5</ele>
   </trkpt>
   <trkpt lat="-28.1001270" lon="-65.9507470">
    <ele>2159.8</ele>
   </trkpt>
   <trkpt lat="-28.1001340" lon="-65.9507670">
    <ele>2160.1</ele>
   </trkpt>
   <trkpt lat="-28.1001440" lon="-65.9507850">
    <ele>2160.4</ele>
   </trkpt>
   <trkpt lat="-28.1001540" lon="-65.9508040">
    <ele>2160.7</ele>
   </trkpt>
   <trkpt lat="-28.1001660" lon="-65.9508200">
    <ele>2161.0</ele>
   </trkpt>
   <trkpt lat="-28.1001770" lon="-65.9508360">
    <ele>2161.3</ele>
   </trkpt>
   <trkpt lat="-28.1001900" lon="-65.9508510">
    <ele>2161.6</ele>
   </trkpt>
   <trkpt lat="-28.1002030" lon="-65.9508660">
    <ele>2161.9</ele>
   </trkpt>
   <trkpt lat="-28.1002180" lon="-65.9508810">
    <ele>2162.2</ele>
   </trkpt>
   <trkpt lat="-28.1002330" lon="-65.9508950">
    <ele>2162.5</ele>
   </trkpt>
   <trkpt lat="-28.1002490" lon="-65.9509090">
    <ele>2162.7</ele>
   </trkpt>
   <trkpt lat="-28.1002660" lon="-65.9509230">
    <ele>2163.0</ele>
   </trkpt>
   <trkpt lat="-28.1002850" lon="-65.9509360">
    <ele>2163.3</ele>
   </trkpt>
   <trkpt lat="-28.1003030" lon="-65.9509490">
    <ele>2163.6</ele>
   </trkpt>
   <trkpt lat="-28.1003230" lon="-65.9509630">
    <ele>2163.9</ele>
   </trkpt>
   <trkpt lat="-28.1003430" lon="-65.9509770">
    <ele>2164.1</ele>
   </trkpt>
   <trkpt lat="-28.1003630" lon="-65.9509940">
    <ele>2164.3</ele>
   </trkpt>
   <trkpt lat="-28.1003820" lon="-65.9510110">
    <ele>2164.5</ele>
   </trkpt>
   <trkpt lat="-28.1004000" lon="-65.9510310">
    <ele>2164.6</ele>
   </trkpt>
   <trkpt lat="-28.1004180" lon="-65.9510520">
    <ele>2164.8</ele>
   </trkpt>
   <trkpt lat="-28.1004330" lon="-65.9510750">
    <ele>2165.0</ele>
   </trkpt>
   <trkpt lat="-28.1004480" lon="-65.9510990">
    <ele>2165.2</ele>
   </trkpt>
   <trkpt lat="-28.1004610" lon="-65.9511250">
    <ele>2165.4</ele>
   </trkpt>
   <trkpt lat="-28.1004740" lon="-65.9511500">
    <ele>2165.6</ele>
   </trkpt>
   <trkpt lat="-28.1004860" lon="-65.9511760">
    <ele>2165.8</ele>
   </trkpt>
   <trkpt lat="-28.1004980" lon="-65.9512030">
    <ele>2166.0</ele>
   </trkpt>
   <trkpt lat="-28.1005100" lon="-65.9512270">
    <ele>2166.2</ele>
   </trkpt>
   <trkpt lat="-28.1005220" lon="-65.9512520">
    <ele>2166.5</ele>
   </trkpt>
   <trkpt lat="-28.1005330" lon="-65.9512740">
    <ele>2166.7</ele>
   </trkpt>
   <trkpt lat="-28.1005450" lon="-65.9512970">
    <ele>2167.0</ele>
   </trkpt>
   <trkpt lat="-28.1005550" lon="-65.9513170">
    <ele>2167.2</ele>
   </trkpt>
   <trkpt lat="-28.1005660" lon="-65.9513370">
    <ele>2167.5</ele>
   </trkpt>
   <trkpt lat="-28.1005750" lon="-65.9513550">
    <ele>2167.7</ele>
   </trkpt>
   <trkpt lat="-28.1005850" lon="-65.9513740">
    <ele>2168.0</ele>
   </trkpt>
   <trkpt lat="-28.1005940" lon="-65.9513930">
    <ele>2168.3</ele>
   </trkpt>
   <trkpt lat="-28.1006040" lon="-65.9514120">
    <ele>2168.5</ele>
   </trkpt>
   <trkpt lat="-28.1006140" lon="-65.9514300">
    <ele>2168.8</ele>
   </trkpt>
   <trkpt lat="-28.1006240" lon="-65.9514490">
    <ele>2169.0</ele>
   </trkpt>
   <trkpt lat="-28.1006360" lon="-65.9514670">
    <ele>2169.3</ele>
   </trkpt>
   <trkpt lat="-28.1006490" lon="-65.9514850">
    <ele>2169.5</ele>
   </trkpt>
   <trkpt lat="-28.1006630" lon="-65.9515020">
    <ele>2169.8</ele>
   </trkpt>
   <trkpt lat="-28.1006770" lon="-65.9515200">
    <ele>2170.0</ele>
   </trkpt>
   <trkpt lat="-28.1006910" lon="-65.9515390">
    <ele>2170.3</ele>
   </trkpt>
   <trkpt lat="-28.1007050" lon="-65.9515580">
    <ele>2170.5</ele>
   </trkpt>
   <trkpt lat="-28.1007180" lon="-65.9515800">
    <ele>2170.7</ele>
   </trkpt>
   <trkpt lat="-28.1007320" lon="-65.9516010">
    <ele>2171.0</ele>
   </trkpt>
   <trkpt lat="-28.1007430" lon="-65.9516220">
    <ele>2171.2</ele>
   </trkpt>
   <trkpt lat="-28.1007550" lon="-65.9516440">
    <ele>2171.4</ele>
   </trkpt>
   <trkpt lat="-28.1007640" lon="-65.9516610">
    <ele>2171.6</ele>
   </trkpt>
   <trkpt lat="-28.1007730" lon="-65.9516790">
    <ele>2171.7</ele>
   </trkpt>
   <trkpt lat="-28.1007790" lon="-65.9516920">
    <ele>2171.9</ele>
   </trkpt>
   <trkpt lat="-28.1007850" lon="-65.9517060">
    <ele>2172.0</ele>
   </trkpt>
   <trkpt lat="-28.1007900" lon="-65.9517180">
    <ele>2172.1</ele>
   </trkpt>
   <trkpt lat="-28.1007960" lon="-65.9517290">
    <ele>2172.3</ele>
   </trkpt>
   <trkpt lat="-28.1008010" lon="-65.9517400">
    <ele>2172.4</ele>
   </trkpt>
   <trkpt lat="-28.1008060" lon="-65.9517510">
    <ele>2172.5</ele>
   </trkpt>
   <trkpt lat="-28.1008120" lon="-65.9517620">
    <ele>2172.6</ele>
   </trkpt>
   <trkpt lat="-28.1008180" lon="-65.9517720">
    <ele>2172.8</ele>
   </trkpt>
   <trkpt lat="-28.1008250" lon="-65.9517820">
    <ele>2172.9</ele>
   </trkpt>
   <trkpt lat="-28.1008320" lon="-65.9517930">
    <ele>2173.0</ele>
   </trkpt>
   <trkpt lat="-28.1008400" lon="-65.9518030">
    <ele>2173.2</ele>
   </trkpt>
   <trkpt lat="-28.1008480" lon="-65.9518140">
    <ele>2173.4</ele>
   </trkpt>
   <trkpt lat="-28.1008560" lon="-65.9518250">
    <ele>2173.5</ele>
   </trkpt>
   <trkpt lat="-28.1008640" lon="-65.9518360">
    <ele>2173.7</ele>
   </trkpt>
   <trkpt lat="-28.1008710" lon="-65.9518480">
    <ele>2173.8</ele>
   </trkpt>
   <trkpt lat="-28.1008790" lon="-65.9518590">
    <ele>2174.0</ele>
   </trkpt>
   <trkpt lat="-28.1008870" lon="-65.9518700">
    <ele>2174.2</ele>
   </trkpt>
   <trkpt lat="-28.1008950" lon="-65.9518810">
    <ele>2174.4</ele>
   </trkpt>
   <trkpt lat="-28.1009020" lon="-65.9518930">
    <ele>2174.5</ele>
   </trkpt>
   <trkpt lat="-28.1009090" lon="-65.9519050">
    <ele>2174.7</ele>
   </trkpt>
   <trkpt lat="-28.1009160" lon="-65.9519180">
    <ele>2174.9</ele>
   </trkpt>
   <trkpt lat="-28.1009230" lon="-65.9519320">
    <ele>2175.1</ele>
   </trkpt>
   <trkpt lat="-28.1009300" lon="-65.9519450">
    <ele>2175.3</ele>
   </trkpt>
   <trkpt lat="-28.1009380" lon="-65.9519590">
    <ele>2175.5</ele>
   </trkpt>
   <trkpt lat="-28.1009450" lon="-65.9519740">
    <ele>2175.7</ele>
   </trkpt>
   <trkpt lat="-28.1009530" lon="-65.9519880">
    <ele>2175.9</ele>
   </trkpt>
   <trkpt lat="-28.1009610" lon="-65.9520010">
    <ele>2176.1</ele>
   </trkpt>
   <trkpt lat="-28.1009690" lon="-65.9520140">
    <ele>2176.3</ele>
   </trkpt>
   <trkpt lat="-28.1009780" lon="-65.9520250">
    <ele>2176.4</ele>
   </trkpt>
   <trkpt lat="-28.1009860" lon="-65.9520370">
    <ele>2176.6</ele>
   </trkpt>
   <trkpt lat="-28.1009960" lon="-65.9520470">
    <ele>2176.8</ele>
   </trkpt>
   <trkpt lat="-28.1010050" lon="-65.9520580">
    <ele>2177.0</ele>
   </trkpt>
   <trkpt lat="-28.1010160" lon="-65.9520690">
    <ele>2177.1</ele>
   </trkpt>
   <trkpt lat="-28.1010270" lon="-65.9520800">
    <ele>2177.3</ele>
   </trkpt>
   <trkpt lat="-28.1010410" lon="-65.9520940">
    <ele>2177.5</ele>
   </trkpt>
   <trkpt lat="-28.1010560" lon="-65.9521070">
    <ele>2177.7</ele>
   </trkpt>
   <trkpt lat="-28.1010730" lon="-65.9521230">
    <ele>2178.0</ele>
   </trkpt>
   <trkpt lat="-28.1010910" lon="-65.9521390">
    <ele>2178.3</ele>
   </trkpt>
   <trkpt lat="-28.1011090" lon="-65.9521550">
    <ele>2178.5</ele>
   </trkpt>
   <trkpt lat="-28.1011280" lon="-65.9521700">
    <ele>2178.7</ele>
   </trkpt>
   <trkpt lat="-28.1011480" lon="-65.9521860">
    <ele>2178.9</ele>
   </trkpt>
   <trkpt lat="-28.1011670" lon="-65.9522020">
    <ele>2179.2</ele>
   </trkpt>
   <trkpt lat="-28.1011870" lon="-65.9522180">
    <ele>2179.4</ele>
   </trkpt>
   <trkpt lat="-28.1012060" lon="-65.9522340">
    <ele>2179.6</ele>
   </trkpt>
   <trkpt lat="-28.1012260" lon="-65.9522520">
    <ele>2179.8</ele>
   </trkpt>
   <trkpt lat="-28.1012450" lon="-65.9522700">
    <ele>2180.0</ele>
   </trkpt>
   <trkpt lat="-28.1012620" lon="-65.9522890">
    <ele>2180.2</ele>
   </trkpt>
   <trkpt lat="-28.1012800" lon="-65.9523090">
    <ele>2180.5</ele>
   </trkpt>
   <trkpt lat="-28.1012960" lon="-65.9523290">
    <ele>2180.7</ele>
   </trkpt>
   <trkpt lat="-28.1013130" lon="-65.9523500">
    <ele>2180.9</ele>
   </trkpt>
   <trkpt lat="-28.1013280" lon="-65.9523730">
    <ele>2181.1</ele>
   </trkpt>
   <trkpt lat="-28.1013440" lon="-65.9523950">
    <ele>2181.4</ele>
   </trkpt>
   <trkpt lat="-28.1013570" lon="-65.9524180">
    <ele>2181.6</ele>
   </trkpt>
   <trkpt lat="-28.1013710" lon="-65.9524420">
    <ele>2181.9</ele>
   </trkpt>
   <trkpt lat="-28.1013830" lon="-65.9524660">
    <ele>2182.1</ele>
   </trkpt>
   <trkpt lat="-28.1013940" lon="-65.9524900">
    <ele>2182.3</ele>
   </trkpt>
   <trkpt lat="-28.1014050" lon="-65.9525150">
    <ele>2182.6</ele>
   </trkpt>
   <trkpt lat="-28.1014160" lon="-65.9525400">
    <ele>2182.8</ele>
   </trkpt>
   <trkpt lat="-28.1014280" lon="-65.9525640">
    <ele>2183.1</ele>
   </trkpt>
   <trkpt lat="-28.1014400" lon="-65.9525890">
    <ele>2183.3</ele>
   </trkpt>
   <trkpt lat="-28.1014530" lon="-65.9526140">
    <ele>2183.6</ele>
   </trkpt>
   <trkpt lat="-28.1014650" lon="-65.9526390">
    <ele>2183.8</ele>
   </trkpt>
   <trkpt lat="-28.1014770" lon="-65.9526630">
    <ele>2184.0</ele>
   </trkpt>
   <trkpt lat="-28.1014890" lon="-65.9526880">
    <ele>2184.3</ele>
   </trkpt>
   <trkpt lat="-28.1014990" lon="-65.9527120">
    <ele>2184.5</ele>
   </trkpt>
   <trkpt lat="-28.1015100" lon="-65.9527370">
    <ele>2184.7</ele>
   </trkpt>
   <trkpt lat="-28.1015190" lon="-65.9527610">
    <ele>2184.9</ele>
   </trkpt>
   <trkpt lat="-28.1015280" lon="-65.9527860">
    <ele>2185.1</ele>
   </trkpt>
   <trkpt lat="-28.1015360" lon="-65.9528110">
    <ele>2185.3</ele>
   </trkpt>
   <trkpt lat="-28.1015440" lon="-65.9528360">
    <ele>2185.5</ele>
   </trkpt>
   <trkpt lat="-28.1015520" lon="-65.9528610">
    <ele>2185.7</ele>
   </trkpt>
   <trkpt lat="-28.1015590" lon="-65.9528870">
    <ele>2185.9</ele>
   </trkpt>
   <trkpt lat="-28.1015670" lon="-65.9529140">
    <ele>2186.1</ele>
   </trkpt>
   <trkpt lat="-28.1015750" lon="-65.9529410">
    <ele>2186.3</ele>
   </trkpt>
   <trkpt lat="-28.1015810" lon="-65.9529680">
    <ele>2186.5</ele>
   </trkpt>
   <trkpt lat="-28.1015880" lon="-65.9529960">
    <ele>2186.7</ele>
   </trkpt>
   <trkpt lat="-28.1015920" lon="-65.9530220">
    <ele>2186.9</ele>
   </trkpt>
   <trkpt lat="-28.1015960" lon="-65.9530480">
    <ele>2187.2</ele>
   </trkpt>
   <trkpt lat="-28.1015960" lon="-65.9530730">
    <ele>2187.4</ele>
   </trkpt>
   <trkpt lat="-28.1015970" lon="-65.9530970">
    <ele>2187.6</ele>
   </trkpt>
   <trkpt lat="-28.1015950" lon="-65.9531200">
    <ele>2187.8</ele>
   </trkpt>
   <trkpt lat="-28.1015930" lon="-65.9531430">
    <ele>2188.1</ele>
   </trkpt>
   <trkpt lat="-28.1015910" lon="-65.9531640">
    <ele>2188.3</ele>
   </trkpt>
   <trkpt lat="-28.1015890" lon="-65.9531850">
    <ele>2188.5</ele>
   </trkpt>
   <trkpt lat="-28.1015900" lon="-65.9532060">
    <ele>2188.8</ele>
   </trkpt>
   <trkpt lat="-28.1015900" lon="-65.9532270">
    <ele>2189.0</ele>
   </trkpt>
   <trkpt lat="-28.1015950" lon="-65.9532490">
    <ele>2189.2</ele>
   </trkpt>
   <trkpt lat="-28.1016000" lon="-65.9532710">
    <ele>2189.5</ele>
   </trkpt>
   <trkpt lat="-28.1016090" lon="-65.9532950">
    <ele>2189.7</ele>
   </trkpt>
   <trkpt lat="-28.1016180" lon="-65.9533180">
    <ele>2190.0</ele>
   </trkpt>
   <trkpt lat="-28.1016300" lon="-65.9533430">
    <ele>2190.3</ele>
   </trkpt>
   <trkpt lat="-28.1016430" lon="-65.9533680">
    <ele>2190.5</ele>
   </trkpt>
   <trkpt lat="-28.1016560" lon="-65.9533940">
    <ele>2190.7</ele>
   </trkpt>
   <trkpt lat="-28.1016690" lon="-65.9534200">
    <ele>2190.9</ele>
   </trkpt>
   <trkpt lat="-28.1016800" lon="-65.9534470">
    <ele>2191.1</ele>
   </trkpt>
   <trkpt lat="-28.1016900" lon="-65.9534740">
    <ele>2191.3</ele>
   </trkpt>
   <trkpt lat="-28.1016930" lon="-65.9535020">
    <ele>2191.5</ele>
   </trkpt>
   <trkpt lat="-28.1016970" lon="-65.9535290">
    <ele>2191.7</ele>
   </trkpt>
   <trkpt lat="-28.1016930" lon="-65.9535530">
    <ele>2191.9</ele>
   </trkpt>
   <trkpt lat="-28.1016890" lon="-65.9535780">
    <ele>2192.1</ele>
   </trkpt>
   <trkpt lat="-28.1016810" lon="-65.9535950">
    <ele>2192.2</ele>
   </trkpt>
   <trkpt lat="-28.1016730" lon="-65.9536120">
    <ele>2192.4</ele>
   </trkpt>
   <trkpt lat="-28.1016620" lon="-65.9536240">
    <ele>2192.5</ele>
   </trkpt>
   <trkpt lat="-28.1016510" lon="-65.9536360">
    <ele>2192.7</ele>
   </trkpt>
   <trkpt lat="-28.1016390" lon="-65.9536450">
    <ele>2192.8</ele>
   </trkpt>
   <trkpt lat="-28.1016270" lon="-65.9536540">
    <ele>2193.0</ele>
   </trkpt>
   <trkpt lat="-28.1016140" lon="-65.9536610">
    <ele>2193.1</ele>
   </trkpt>
   <trkpt lat="-28.1016010" lon="-65.9536680">
    <ele>2193.3</ele>
   </trkpt>
   <trkpt lat="-28.1015880" lon="-65.9536750">
    <ele>2193.4</ele>
   </trkpt>
   <trkpt lat="-28.1015740" lon="-65.9536820">
    <ele>2193.6</ele>
   </trkpt>
   <trkpt lat="-28.1015620" lon="-65.9536900">
    <ele>2193.7</ele>
   </trkpt>
   <trkpt lat="-28.1015490" lon="-65.9536990">
    <ele>2193.9</ele>
   </trkpt>
   <trkpt lat="-28.1015380" lon="-65.9537090">
    <ele>2194.0</ele>
   </trkpt>
   <trkpt lat="-28.1015260" lon="-65.9537180">
    <ele>2194.2</ele>
   </trkpt>
   <trkpt lat="-28.1015150" lon="-65.9537290">
    <ele>2194.3</ele>
   </trkpt>
   <trkpt lat="-28.1015030" lon="-65.9537400">
    <ele>2194.4</ele>
   </trkpt>
   <trkpt lat="-28.1014890" lon="-65.9537530">
    <ele>2194.6</ele>
   </trkpt>
   <trkpt lat="-28.1014740" lon="-65.9537660">
    <ele>2194.8</ele>
   </trkpt>
   <trkpt lat="-28.1014570" lon="-65.9537830">
    <ele>2194.9</ele>
   </trkpt>
   <trkpt lat="-28.1014410" lon="-65.9538010">
    <ele>2195.1</ele>
   </trkpt>
   <trkpt lat="-28.1014220" lon="-65.9538200">
    <ele>2195.3</ele>
   </trkpt>
   <trkpt lat="-28.1014030" lon="-65.9538390">
    <ele>2195.5</ele>
   </trkpt>
   <trkpt lat="-28.1013850" lon="-65.9538590">
    <ele>2195.7</ele>
   </trkpt>
   <trkpt lat="-28.1013670" lon="-65.9538790">
    <ele>2195.9</ele>
   </trkpt>
   <trkpt lat="-28.1013500" lon="-65.9539000">
    <ele>2196.1</ele>
   </trkpt>
   <trkpt lat="-28.1013330" lon="-65.9539210">
    <ele>2196.3</ele>
   </trkpt>
   <trkpt lat="-28.1013200" lon="-65.9539420">
    <ele>2196.5</ele>
   </trkpt>
   <trkpt lat="-28.1013060" lon="-65.9539640">
    <ele>2196.7</ele>
   </trkpt>
   <trkpt lat="-28.1012950" lon="-65.9539870">
    <ele>2196.9</ele>
   </trkpt>
   <trkpt lat="-28.1012850" lon="-65.9540090">
    <ele>2197.2</ele>
   </trkpt>
   <trkpt lat="-28.1012760" lon="-65.9540320">
    <ele>2197.4</ele>
   </trkpt>
   <trkpt lat="-28.1012670" lon="-65.9540560">
    <ele>2197.7</ele>
   </trkpt>
   <trkpt lat="-28.1012580" lon="-65.9540780">
    <ele>2198.0</ele>
   </trkpt>
   <trkpt lat="-28.1012490" lon="-65.9541010">
    <ele>2198.2</ele>
   </trkpt>
   <trkpt lat="-28.1012400" lon="-65.9541240">
    <ele>2198.5</ele>
   </trkpt>
   <trkpt lat="-28.1012300" lon="-65.9541460">
    <ele>2198.8</ele>
   </trkpt>
   <trkpt lat="-28.1012210" lon="-65.9541670">
    <ele>2199.1</ele>
   </trkpt>
   <trkpt lat="-28.1012120" lon="-65.9541880">
    <ele>2199.4</ele>
   </trkpt>
   <trkpt lat="-28.1012030" lon="-65.9542090">
    <ele>2199.7</ele>
   </trkpt>
   <trkpt lat="-28.1011940" lon="-65.9542290">
    <ele>2200.0</ele>
   </trkpt>
   <trkpt lat="-28.1011860" lon="-65.9542500">
    <ele>2200.2</ele>
   </trkpt>
   <trkpt lat="-28.1011780" lon="-65.9542710">
    <ele>2200.5</ele>
   </trkpt>
   <trkpt lat="-28.1011710" lon="-65.9542940">
    <ele>2200.8</ele>
   </trkpt>
   <trkpt lat="-28.1011640" lon="-65.9543160">
    <ele>2201.1</ele>
   </trkpt>
   <trkpt lat="-28.1011600" lon="-65.9543400">
    <ele>2201.4</ele>
   </trkpt>
   <trkpt lat="-28.1011550" lon="-65.9543630">
    <ele>2201.7</ele>
   </trkpt>
   <trkpt lat="-28.1011530" lon="-65.9543870">
    <ele>2202.0</ele>
   </trkpt>
   <trkpt lat="-28.1011520" lon="-65.9544100">
    <ele>2202.2</ele>
   </trkpt>
   <trkpt lat="-28.1011540" lon="-65.9544340">
    <ele>2202.5</ele>
   </trkpt>
   <trkpt lat="-28.1011560" lon="-65.9544580">
    <ele>2202.8</ele>
   </trkpt>
   <trkpt lat="-28.1011610" lon="-65.9544810">
    <ele>2203.0</ele>
   </trkpt>
   <trkpt lat="-28.1011660" lon="-65.9545050">
    <ele>2203.3</ele>
   </trkpt>
   <trkpt lat="-28.1011720" lon="-65.9545250">
    <ele>2203.5</ele>
   </trkpt>
   <trkpt lat="-28.1011790" lon="-65.9545450">
    <ele>2203.8</ele>
   </trkpt>
   <trkpt lat="-28.1011860" lon="-65.9545600">
    <ele>2203.9</ele>
   </trkpt>
   <trkpt lat="-28.1011940" lon="-65.9545760">
    <ele>2204.1</ele>
   </trkpt>
   <trkpt lat="-28.1012020" lon="-65.9545880">
    <ele>2204.3</ele>
   </trkpt>
   <trkpt lat="-28.1012100" lon="-65.9546010">
    <ele>2204.5</ele>
   </trkpt>
   <trkpt lat="-28.1012190" lon="-65.9546130">
    <ele>2204.7</ele>
   </trkpt>
   <trkpt lat="-28.1012270" lon="-65.9546250">
    <ele>2204.8</ele>
   </trkpt>
   <trkpt lat="-28.1012350" lon="-65.9546380">
    <ele>2205.0</ele>
   </trkpt>
   <trkpt lat="-28.1012420" lon="-65.9546510">
    <ele>2205.2</ele>
   </trkpt>
   <trkpt lat="-28.1012500" lon="-65.9546630">
    <ele>2205.3</ele>
   </trkpt>
   <trkpt lat="-28.1012570" lon="-65.9546760">
    <ele>2205.5</ele>
   </trkpt>
   <trkpt lat="-28.1012640" lon="-65.9546900">
    <ele>2205.7</ele>
   </trkpt>
   <trkpt lat="-28.1012720" lon="-65.9547030">
    <ele>2205.9</ele>
   </trkpt>
   <trkpt lat="-28.1012790" lon="-65.9547160">
    <ele>2206.0</ele>
   </trkpt>
   <trkpt lat="-28.1012860" lon="-65.9547290">
    <ele>2206.2</ele>
   </trkpt>
   <trkpt lat="-28.1012930" lon="-65.9547420">
    <ele>2206.4</ele>
   </trkpt>
   <trkpt lat="-28.1012990" lon="-65.9547550">
    <ele>2206.5</ele>
   </trkpt>
   <trkpt lat="-28.1013070" lon="-65.9547680">
    <ele>2206.7</ele>
   </trkpt>
   <trkpt lat="-28.1013140" lon="-65.9547810">
    <ele>2206.9</ele>
   </trkpt>
   <trkpt lat="-28.1013220" lon="-65.9547950">
    <ele>2207.1</ele>
   </trkpt>
   <trkpt lat="-28.1013300" lon="-65.9548090">
    <ele>2207.3</ele>
   </trkpt>
   <trkpt lat="-28.1013370" lon="-65.9548230">
    <ele>2207.5</ele>
   </trkpt>
   <trkpt lat="-28.1013450" lon="-65.9548370">
    <ele>2207.7</ele>
   </trkpt>
   <trkpt lat="-28.1013510" lon="-65.9548510">
    <ele>2207.8</ele>
   </trkpt>
   <trkpt lat="-28.1013580" lon="-65.9548650">
    <ele>2208.0</ele>
   </trkpt>
   <trkpt lat="-28.1013640" lon="-65.9548790">
    <ele>2208.2</ele>
   </trkpt>
   <trkpt lat="-28.1013700" lon="-65.9548920">
    <ele>2208.4</ele>
   </trkpt>
   <trkpt lat="-28.1013750" lon="-65.9549060">
    <ele>2208.5</ele>
   </trkpt>
   <trkpt lat="-28.1013810" lon="-65.9549190">
    <ele>2208.7</ele>
   </trkpt>
   <trkpt lat="-28.1013870" lon="-65.9549320">
    <ele>2208.9</ele>
   </trkpt>
   <trkpt lat="-28.1013930" lon="-65.9549450">
    <ele>2209.0</ele>
   </trkpt>
   <trkpt lat="-28.1013990" lon="-65.9549580">
    <ele>2209.2</ele>
   </trkpt>
   <trkpt lat="-28.1014050" lon="-65.9549720">
    <ele>2209.4</ele>
   </trkpt>
   <trkpt lat="-28.1014110" lon="-65.9549860">
    <ele>2209.6</ele>
   </trkpt>
   <trkpt lat="-28.1014170" lon="-65.9550010">
    <ele>2209.8</ele>
   </trkpt>
   <trkpt lat="-28.1014250" lon="-65.9550180">
    <ele>2210.0</ele>
   </trkpt>
   <trkpt lat="-28.1014330" lon="-65.9550350">
    <ele>2210.2</ele>
   </trkpt>
   <trkpt lat="-28.1014420" lon="-65.9550530">
    <ele>2210.5</ele>
   </trkpt>
   <trkpt lat="-28.1014520" lon="-65.9550720">
    <ele>2210.8</ele>
   </trkpt>
   <trkpt lat="-28.1014610" lon="-65.9550930">
    <ele>2211.0</ele>
   </trkpt>
   <trkpt lat="-28.1014710" lon="-65.9551130">
    <ele>2211.3</ele>
   </trkpt>
   <trkpt lat="-28.1014790" lon="-65.9551340">
    <ele>2211.6</ele>
   </trkpt>
   <trkpt lat="-28.1014860" lon="-65.9551560">
    <ele>2211.9</ele>
   </trkpt>
   <trkpt lat="-28.1014910" lon="-65.9551780">
    <ele>2212.2</ele>
   </trkpt>
   <trkpt lat="-28.1014970" lon="-65.9552000">
    <ele>2212.5</ele>
   </trkpt>
   <trkpt lat="-28.1014990" lon="-65.9552230">
    <ele>2212.7</ele>
   </trkpt>
   <trkpt lat="-28.1015020" lon="-65.9552450">
    <ele>2213.0</ele>
   </trkpt>
   <trkpt lat="-28.1015010" lon="-65.9552680">
    <ele>2213.3</ele>
   </trkpt>
   <trkpt lat="-28.1015000" lon="-65.9552900">
    <ele>2213.6</ele>
   </trkpt>
   <trkpt lat="-28.1014960" lon="-65.9553130">
    <ele>2213.9</ele>
   </trkpt>
   <trkpt lat="-28.1014930" lon="-65.9553350">
    <ele>2214.2</ele>
   </trkpt>
   <trkpt lat="-28.1014890" lon="-65.9553580">
    <ele>2214.5</ele>
   </trkpt>
   <trkpt lat="-28.1014850" lon="-65.9553800">
    <ele>2214.8</ele>
   </trkpt>
   <trkpt lat="-28.1014820" lon="-65.9554030">
    <ele>2215.0</ele>
   </trkpt>
   <trkpt lat="-28.1014790" lon="-65.9554260">
    <ele>2215.3</ele>
   </trkpt>
   <trkpt lat="-28.1014760" lon="-65.9554490">
    <ele>2215.6</ele>
   </trkpt>
   <trkpt lat="-28.1014740" lon="-65.9554710">
    <ele>2215.9</ele>
   </trkpt>
   <trkpt lat="-28.1014730" lon="-65.9554940">
    <ele>2216.2</ele>
   </trkpt>
   <trkpt lat="-28.1014720" lon="-65.9555160">
    <ele>2216.5</ele>
   </trkpt>
   <trkpt lat="-28.1014720" lon="-65.9555390">
    <ele>2216.7</ele>
   </trkpt>
   <trkpt lat="-28.1014720" lon="-65.9555620">
    <ele>2217.0</ele>
   </trkpt>
   <trkpt lat="-28.1014740" lon="-65.9555860">
    <ele>2217.3</ele>
   </trkpt>
   <trkpt lat="-28.1014750" lon="-65.9556090">
    <ele>2217.6</ele>
   </trkpt>
   <trkpt lat="-28.1014760" lon="-65.9556330">
    <ele>2217.8</ele>
   </trkpt>
   <trkpt lat="-28.1014780" lon="-65.9556560">
    <ele>2218.1</ele>
   </trkpt>
   <trkpt lat="-28.1014790" lon="-65.9556810">
    <ele>2218.3</ele>
   </trkpt>
   <trkpt lat="-28.1014810" lon="-65.9557060">
    <ele>2218.5</ele>
   </trkpt>
   <trkpt lat="-28.1014790" lon="-65.9557310">
    <ele>2218.8</ele>
   </trkpt>
   <trkpt lat="-28.1014780" lon="-65.9557570">
    <ele>2219.0</ele>
   </trkpt>
   <trkpt lat="-28.1014680" lon="-65.9557800">
    <ele>2219.2</ele>
   </trkpt>
   <trkpt lat="-28.1014590" lon="-65.9558030">
    <ele>2219.4</ele>
   </trkpt>
   <trkpt lat="-28.1014410" lon="-65.9558190">
    <ele>2219.5</ele>
   </trkpt>
   <trkpt lat="-28.1014220" lon="-65.9558350">
    <ele>2219.7</ele>
   </trkpt>
   <trkpt lat="-28.1013980" lon="-65.9558450">
    <ele>2219.9</ele>
   </trkpt>
   <trkpt lat="-28.1013740" lon="-65.9558540">
    <ele>2220.1</ele>
   </trkpt>
   <trkpt lat="-28.1013470" lon="-65.9558590">
    <ele>2220.3</ele>
   </trkpt>
   <trkpt lat="-28.1013210" lon="-65.9558640">
    <ele>2220.5</ele>
   </trkpt>
   <trkpt lat="-28.1012950" lon="-65.9558670">
    <ele>2220.7</ele>
   </trkpt>
   <trkpt lat="-28.1012700" lon="-65.9558710">
    <ele>2220.9</ele>
   </trkpt>
   <trkpt lat="-28.1012450" lon="-65.9558750">
    <ele>2221.0</ele>
   </trkpt>
   <trkpt lat="-28.1012210" lon="-65.9558800">
    <ele>2221.2</ele>
   </trkpt>
   <trkpt lat="-28.1011980" lon="-65.9558880">
    <ele>2221.4</ele>
   </trkpt>
   <trkpt lat="-28.1011750" lon="-65.9558970">
    <ele>2221.5</ele>
   </trkpt>
   <trkpt lat="-28.1011540" lon="-65.9559100">
    <ele>2221.7</ele>
   </trkpt>
   <trkpt lat="-28.1011330" lon="-65.9559240">
    <ele>2221.9</ele>
   </trkpt>
   <trkpt lat="-28.1011140" lon="-65.9559430">
    <ele>2222.1</ele>
   </trkpt>
   <trkpt lat="-28.1010950" lon="-65.9559610">
    <ele>2222.2</ele>
   </trkpt>
   <trkpt lat="-28.1010790" lon="-65.9559830">
    <ele>2222.4</ele>
   </trkpt>
   <trkpt lat="-28.1010620" lon="-65.9560050">
    <ele>2222.6</ele>
   </trkpt>
   <trkpt lat="-28.1010480" lon="-65.9560290">
    <ele>2222.8</ele>
   </trkpt>
   <trkpt lat="-28.1010350" lon="-65.9560530">
    <ele>2223.0</ele>
   </trkpt>
   <trkpt lat="-28.1010220" lon="-65.9560760">
    <ele>2223.2</ele>
   </trkpt>
   <trkpt lat="-28.1010090" lon="-65.9561000">
    <ele>2223.4</ele>
   </trkpt>
   <trkpt lat="-28.1009950" lon="-65.9561210">
    <ele>2223.6</ele>
   </trkpt>
   <trkpt lat="-28.1009810" lon="-65.9561430">
    <ele>2223.7</ele>
   </trkpt>
   <trkpt lat="-28.1009640" lon="-65.9561600">
    <ele>2223.9</ele>
   </trkpt>
   <trkpt lat="-28.1009470" lon="-65.9561760">
    <ele>2224.1</ele>
   </trkpt>
   <trkpt lat="-28.1009270" lon="-65.9561860">
    <ele>2224.3</ele>
   </trkpt>
   <trkpt lat="-28.1009070" lon="-65.9561970">
    <ele>2224.5</ele>
   </trkpt>
   <trkpt lat="-28.1008860" lon="-65.9562040">
    <ele>2224.7</ele>
   </trkpt>
   <trkpt lat="-28.1008650" lon="-65.9562110">
    <ele>2224.9</ele>
   </trkpt>
   <trkpt lat="-28.1008440" lon="-65.9562190">
    <ele>2225.1</ele>
   </trkpt>
   <trkpt lat="-28.1008240" lon="-65.9562270">
    <ele>2225.3</ele>
   </trkpt>
   <trkpt lat="-28.1008050" lon="-65.9562370">
    <ele>2225.5</ele>
   </trkpt>
   <trkpt lat="-28.1007850" lon="-65.9562470">
    <ele>2225.8</ele>
   </trkpt>
   <trkpt lat="-28.1007670" lon="-65.9562580">
    <ele>2226.0</ele>
   </trkpt>
   <trkpt lat="-28.1007490" lon="-65.9562700">
    <ele>2226.2</ele>
   </trkpt>
   <trkpt lat="-28.1007320" lon="-65.9562830">
    <ele>2226.4</ele>
   </trkpt>
   <trkpt lat="-28.1007140" lon="-65.9562960">
    <ele>2226.6</ele>
   </trkpt>
   <trkpt lat="-28.1006970" lon="-65.9563090">
    <ele>2226.8</ele>
   </trkpt>
   <trkpt lat="-28.1006800" lon="-65.9563230">
    <ele>2227.0</ele>
   </trkpt>
   <trkpt lat="-28.1006610" lon="-65.9563350">
    <ele>2227.2</ele>
   </trkpt>
   <trkpt lat="-28.1006430" lon="-65.9563480">
    <ele>2227.4</ele>
   </trkpt>
   <trkpt lat="-28.1006230" lon="-65.9563590">
    <ele>2227.6</ele>
   </trkpt>
   <trkpt lat="-28.1006040" lon="-65.9563700">
    <ele>2227.8</ele>
   </trkpt>
   <trkpt lat="-28.1005830" lon="-65.9563770">
    <ele>2228.0</ele>
   </trkpt>
   <trkpt lat="-28.1005630" lon="-65.9563850">
    <ele>2228.2</ele>
   </trkpt>
   <trkpt lat="-28.1005420" lon="-65.9563890">
    <ele>2228.4</ele>
   </trkpt>
   <trkpt lat="-28.1005210" lon="-65.9563930">
    <ele>2228.6</ele>
   </trkpt>
   <trkpt lat="-28.1004990" lon="-65.9563930">
    <ele>2228.8</ele>
   </trkpt>
   <trkpt lat="-28.1004780" lon="-65.9563940">
    <ele>2229.0</ele>
   </trkpt>
   <trkpt lat="-28.1004560" lon="-65.9563910">
    <ele>2229.2</ele>
   </trkpt>
   <trkpt lat="-28.1004350" lon="-65.9563880">
    <ele>2229.4</ele>
   </trkpt>
   <trkpt lat="-28.1004140" lon="-65.9563800">
    <ele>2229.6</ele>
   </trkpt>
   <trkpt lat="-28.1003930" lon="-65.9563720">
    <ele>2229.8</ele>
   </trkpt>
   <trkpt lat="-28.1003730" lon="-65.9563620">
    <ele>2230.0</ele>
   </trkpt>
   <trkpt lat="-28.1003530" lon="-65.9563520">
    <ele>2230.2</ele>
   </trkpt>
   <trkpt lat="-28.1003320" lon="-65.9563410">
    <ele>2230.4</ele>
   </trkpt>
   <trkpt lat="-28.1003110" lon="-65.9563300">
    <ele>2230.6</ele>
   </trkpt>
   <trkpt lat="-28.1002880" lon="-65.9563180">
    <ele>2230.7</ele>
   </trkpt>
   <trkpt lat="-28.1002660" lon="-65.9563060">
    <ele>2230.9</ele>
   </trkpt>
   <trkpt lat="-28.1002420" lon="-65.9562930">
    <ele>2231.1</ele>
   </trkpt>
   <trkpt lat="-28.1002190" lon="-65.9562800">
    <ele>2231.2</ele>
   </trkpt>
   <trkpt lat="-28.1001970" lon="-65.9562670">
    <ele>2231.3</ele>
   </trkpt>
   <trkpt lat="-28.1001740" lon="-65.9562530">
    <ele>2231.5</ele>
   </trkpt>
   <trkpt lat="-28.1001540" lon="-65.9562380">
    <ele>2231.6</ele>
   </trkpt>
   <trkpt lat="-28.1001330" lon="-65.9562230">
    <ele>2231.7</ele>
   </trkpt>
   <trkpt lat="-28.1001130" lon="-65.9562080">
    <ele>2231.8</ele>
   </trkpt>
   <trkpt lat="-28.1000930" lon="-65.9561930">
    <ele>2232.0</ele>
   </trkpt>
   <trkpt lat="-28.1000710" lon="-65.9561800">
    <ele>2232.1</ele>
   </trkpt>
   <trkpt lat="-28.1000490" lon="-65.9561680">
    <ele>2232.2</ele>
   </trkpt>
   <trkpt lat="-28.1000250" lon="-65.9561590">
    <ele>2232.4</ele>
   </trkpt>
   <trkpt lat="-28.1000010" lon="-65.9561500">
    <ele>2232.5</ele>
   </trkpt>
   <trkpt lat="-28.0999770" lon="-65.9561440">
    <ele>2232.6</ele>
   </trkpt>
   <trkpt lat="-28.0999520" lon="-65.9561380">
    <ele>2232.7</ele>
   </trkpt>
   <trkpt lat="-28.0999280" lon="-65.9561340">
    <ele>2232.9</ele>
   </trkpt>
   <trkpt lat="-28.0999040" lon="-65.9561300">
    <ele>2233.0</ele>
   </trkpt>
   <trkpt lat="-28.0998800" lon="-65.9561250">
    <ele>2233.1</ele>
   </trkpt>
   <trkpt lat="-28.0998570" lon="-65.9561200">
    <ele>2233.3</ele>
   </trkpt>
   <trkpt lat="-28.0998350" lon="-65.9561140">
    <ele>2233.4</ele>
   </trkpt>
   <trkpt lat="-28.0998120" lon="-65.9561090">
    <ele>2233.5</ele>
   </trkpt>
   <trkpt lat="-28.0997900" lon="-65.9561030">
    <ele>2233.7</ele>
   </trkpt>
   <trkpt lat="-28.0997670" lon="-65.9560980">
    <ele>2233.8</ele>
   </trkpt>
   <trkpt lat="-28.0997440" lon="-65.9560940">
    <ele>2234.0</ele>
   </trkpt>
   <trkpt lat="-28.0997200" lon="-65.9560900">
    <ele>2234.1</ele>
   </trkpt>
   <trkpt lat="-28.0996970" lon="-65.9560880">
    <ele>2234.3</ele>
   </trkpt>
   <trkpt lat="-28.0996740" lon="-65.9560860">
    <ele>2234.5</ele>
   </trkpt>
   <trkpt lat="-28.0996520" lon="-65.9560890">
    <ele>2234.6</ele>
   </trkpt>
   <trkpt lat="-28.0996300" lon="-65.9560910">
    <ele>2234.8</ele>
   </trkpt>
   <trkpt lat="-28.0996110" lon="-65.9561000">
    <ele>2234.9</ele>
   </trkpt>
   <trkpt lat="-28.0995920" lon="-65.9561100">
    <ele>2235.1</ele>
   </trkpt>
   <trkpt lat="-28.0995810" lon="-65.9561270">
    <ele>2235.3</ele>
   </trkpt>
   <trkpt lat="-28.0995700" lon="-65.9561450">
    <ele>2235.4</ele>
   </trkpt>
   <trkpt lat="-28.0995710" lon="-65.9561680">
    <ele>2235.6</ele>
   </trkpt>
   <trkpt lat="-28.0995710" lon="-65.9561920">
    <ele>2235.7</ele>
   </trkpt>
   <trkpt lat="-28.0995820" lon="-65.9562150">
    <ele>2235.9</ele>
   </trkpt>
   <trkpt lat="-28.0995920" lon="-65.9562380">
    <ele>2236.1</ele>
   </trkpt>
   <trkpt lat="-28.0996110" lon="-65.9562580">
    <ele>2236.2</ele>
   </trkpt>
   <trkpt lat="-28.0996300" lon="-65.9562770">
    <ele>2236.4</ele>
   </trkpt>
   <trkpt lat="-28.0996550" lon="-65.9562920">
    <ele>2236.5</ele>
   </trkpt>
   <trkpt lat="-28.0996800" lon="-65.9563070">
    <ele>2236.6</ele>
   </trkpt>
   <trkpt lat="-28.0997080" lon="-65.9563170">
    <ele>2236.7</ele>
   </trkpt>
   <trkpt lat="-28.0997360" lon="-65.9563280">
    <ele>2236.7</ele>
   </trkpt>
   <trkpt lat="-28.0997650" lon="-65.9563360">
    <ele>2236.7</ele>
   </trkpt>
   <trkpt lat="-28.0997950" lon="-65.9563440">
    <ele>2236.7</ele>
   </trkpt>
   <trkpt lat="-28.0998250" lon="-65.9563510">
    <ele>2236.7</ele>
   </trkpt>
   <trkpt lat="-28.0998540" lon="-65.9563570">
    <ele>2236.7</ele>
   </trkpt>
   <trkpt lat="-28.0998850" lon="-65.9563650">
    <ele>2236.7</ele>
   </trkpt>
   <trkpt lat="-28.0999170" lon="-65.9563720">
    <ele>2236.6</ele>
   </trkpt>
   <trkpt lat="-28.0999480" lon="-65.9563820">
    <ele>2236.6</ele>
   </trkpt>
   <trkpt lat="-28.0999790" lon="-65.9563920">
    <ele>2236.5</ele>
   </trkpt>
   <trkpt lat="-28.1000070" lon="-65.9564060">
    <ele>2236.5</ele>
   </trkpt>
   <trkpt lat="-28.1000360" lon="-65.9564210">
    <ele>2236.5</ele>
   </trkpt>
   <trkpt lat="-28.1000600" lon="-65.9564380">
    <ele>2236.5</ele>
   </trkpt>
   <trkpt lat="-28.1000850" lon="-65.9564550">
    <ele>2236.6</ele>
   </trkpt>
   <trkpt lat="-28.1001070" lon="-65.9564730">
    <ele>2236.6</ele>
   </trkpt>
   <trkpt lat="-28.1001300" lon="-65.9564900">
    <ele>2236.7</ele>
   </trkpt>
   <trkpt lat="-28.1001510" lon="-65.9565060">
    <ele>2236.8</ele>
   </trkpt>
   <trkpt lat="-28.1001730" lon="-65.9565220">
    <ele>2236.9</ele>
   </trkpt>
   <trkpt lat="-28.1001940" lon="-65.9565370">
    <ele>2237.0</ele>
   </trkpt>
   <trkpt lat="-28.1002150" lon="-65.9565520">
    <ele>2237.1</ele>
   </trkpt>
   <trkpt lat="-28.1002360" lon="-65.9565660">
    <ele>2237.3</ele>
   </trkpt>
   <trkpt lat="-28.1002570" lon="-65.9565790">
    <ele>2237.5</ele>
   </trkpt>
   <trkpt lat="-28.1002770" lon="-65.9565920">
    <ele>2237.6</ele>
   </trkpt>
   <trkpt lat="-28.1002970" lon="-65.9566050">
    <ele>2237.8</ele>
   </trkpt>
   <trkpt lat="-28.1003170" lon="-65.9566180">
    <ele>2238.0</ele>
   </trkpt>
   <trkpt lat="-28.1003370" lon="-65.9566300">
    <ele>2238.2</ele>
   </trkpt>
   <trkpt lat="-28.1003580" lon="-65.9566410">
    <ele>2238.4</ele>
   </trkpt>
   <trkpt lat="-28.1003790" lon="-65.9566530">
    <ele>2238.7</ele>
   </trkpt>
   <trkpt lat="-28.1004010" lon="-65.9566630">
    <ele>2238.9</ele>
   </trkpt>
   <trkpt lat="-28.1004230" lon="-65.9566740">
    <ele>2239.2</ele>
   </trkpt>
   <trkpt lat="-28.1004430" lon="-65.9566840">
    <ele>2239.4</ele>
   </trkpt>
   <trkpt lat="-28.1004640" lon="-65.9566940">
    <ele>2239.7</ele>
   </trkpt>
   <trkpt lat="-28.1004840" lon="-65.9567040">
    <ele>2239.9</ele>
   </trkpt>
   <trkpt lat="-28.1005040" lon="-65.9567140">
    <ele>2240.2</ele>
   </trkpt>
   <trkpt lat="-28.1005220" lon="-65.9567240">
    <ele>2240.4</ele>
   </trkpt>
   <trkpt lat="-28.1005410" lon="-65.9567330">
    <ele>2240.7</ele>
   </trkpt>
   <trkpt lat="-28.1005600" lon="-65.9567420">
    <ele>2241.0</ele>
   </trkpt>
   <trkpt lat="-28.1005800" lon="-65.9567510">
    <ele>2241.2</ele>
   </trkpt>
   <trkpt lat="-28.1006000" lon="-65.9567590">
    <ele>2241.5</ele>
   </trkpt>
   <trkpt lat="-28.1006200" lon="-65.9567670">
    <ele>2241.8</ele>
   </trkpt>
   <trkpt lat="-28.1006410" lon="-65.9567730">
    <ele>2242.1</ele>
   </trkpt>
   <trkpt lat="-28.1006620" lon="-65.9567790">
    <ele>2242.4</ele>
   </trkpt>
   <trkpt lat="-28.1006830" lon="-65.9567820">
    <ele>2242.6</ele>
   </trkpt>
   <trkpt lat="-28.1007040" lon="-65.9567850">
    <ele>2242.9</ele>
   </trkpt>
   <trkpt lat="-28.1007240" lon="-65.9567850">
    <ele>2243.2</ele>
   </trkpt>
   <trkpt lat="-28.1007450" lon="-65.9567860">
    <ele>2243.5</ele>
   </trkpt>
   <trkpt lat="-28.1007650" lon="-65.9567850">
    <ele>2243.8</ele>
   </trkpt>
   <trkpt lat="-28.1007850" lon="-65.9567840">
    <ele>2244.0</ele>
   </trkpt>
   <trkpt lat="-28.1008050" lon="-65.9567800">
    <ele>2244.4</ele>
   </trkpt>
   <trkpt lat="-28.1008260" lon="-65.9567770">
    <ele>2244.9</ele>
   </trkpt>
   <trkpt lat="-28.1008460" lon="-65.9567730">
    <ele>2245.3</ele>
   </trkpt>
   <trkpt lat="-28.1008670" lon="-65.9567690">
    <ele>2245.7</ele>
   </trkpt>
   <trkpt lat="-28.1008880" lon="-65.9567640">
    <ele>2246.1</ele>
   </trkpt>
   <trkpt lat="-28.1009080" lon="-65.9567590">
    <ele>2246.5</ele>
   </trkpt>
   <trkpt lat="-28.1009290" lon="-65.9567530">
    <ele>2247.0</ele>
   </trkpt>
   <trkpt lat="-28.1009500" lon="-65.9567480">
    <ele>2247.4</ele>
   </trkpt>
   <trkpt lat="-28.1009710" lon="-65.9567430">
    <ele>2247.8</ele>
   </trkpt>
   <trkpt lat="-28.1009920" lon="-65.9567380">
    <ele>2248.2</ele>
   </trkpt>
   <trkpt lat="-28.1010140" lon="-65.9567330">
    <ele>2248.6</ele>
   </trkpt>
   <trkpt lat="-28.1010350" lon="-65.9567280">
    <ele>2249.1</ele>
   </trkpt>
   <trkpt lat="-28.1010560" lon="-65.9567240">
    <ele>2249.5</ele>
   </trkpt>
   <trkpt lat="-28.1010770" lon="-65.9567200">
    <ele>2249.9</ele>
   </trkpt>
   <trkpt lat="-28.1010980" lon="-65.9567170">
    <ele>2250.3</ele>
   </trkpt>
   <trkpt lat="-28.1011190" lon="-65.9567150">
    <ele>2250.8</ele>
   </trkpt>
   <trkpt lat="-28.1011390" lon="-65.9567170">
    <ele>2251.3</ele>
   </trkpt>
   <trkpt lat="-28.1011590" lon="-65.9567190">
    <ele>2251.7</ele>
   </trkpt>
   <trkpt lat="-28.1011770" lon="-65.9567260">
    <ele>2252.1</ele>
   </trkpt>
   <trkpt lat="-28.1011960" lon="-65.9567340">
    <ele>2252.6</ele>
   </trkpt>
   <trkpt lat="-28.1012120" lon="-65.9567460">
    <ele>2253.1</ele>
   </trkpt>
   <trkpt lat="-28.1012290" lon="-65.9567580">
    <ele>2253.5</ele>
   </trkpt>
   <trkpt lat="-28.1012410" lon="-65.9567750">
    <ele>2254.0</ele>
   </trkpt>
   <trkpt lat="-28.1012530" lon="-65.9567920">
    <ele>2254.5</ele>
   </trkpt>
   <trkpt lat="-28.1012610" lon="-65.9568080">
    <ele>2254.9</ele>
   </trkpt>
   <trkpt lat="-28.1012690" lon="-65.9568250">
    <ele>2255.3</ele>
   </trkpt>
   <trkpt lat="-28.1012750" lon="-65.9568400">
    <ele>2255.7</ele>
   </trkpt>
   <trkpt lat="-28.1012810" lon="-65.9568550">
    <ele>2256.1</ele>
   </trkpt>
   <trkpt lat="-28.1012850" lon="-65.9568690">
    <ele>2256.4</ele>
   </trkpt>
   <trkpt lat="-28.1012900" lon="-65.9568830">
    <ele>2256.7</ele>
   </trkpt>
   <trkpt lat="-28.1012960" lon="-65.9568970">
    <ele>2257.1</ele>
   </trkpt>
   <trkpt lat="-28.1013010" lon="-65.9569100">
    <ele>2257.4</ele>
   </trkpt>
   <trkpt lat="-28.1013080" lon="-65.9569210">
    <ele>2257.7</ele>
   </trkpt>
   <trkpt lat="-28.1013150" lon="-65.9569330">
    <ele>2258.0</ele>
   </trkpt>
   <trkpt lat="-28.1013250" lon="-65.9569400">
    <ele>2258.3</ele>
   </trkpt>
   <trkpt lat="-28.1013340" lon="-65.9569470">
    <ele>2258.6</ele>
   </trkpt>
   <trkpt lat="-28.1013440" lon="-65.9569500">
    <ele>2258.8</ele>
   </trkpt>
   <trkpt lat="-28.1013550" lon="-65.9569530">
    <ele>2259.1</ele>
   </trkpt>
   <trkpt lat="-28.1013670" lon="-65.9569520">
    <ele>2259.4</ele>
   </trkpt>
   <trkpt lat="-28.1013790" lon="-65.9569520">
    <ele>2259.7</ele>
   </trkpt>
   <trkpt lat="-28.1013910" lon="-65.9569500">
    <ele>2260.0</ele>
   </trkpt>
   <trkpt lat="-28.1014040" lon="-65.9569480">
    <ele>2260.4</ele>
   </trkpt>
   <trkpt lat="-28.1014170" lon="-65.9569450">
    <ele>2260.7</ele>
   </trkpt>
   <trkpt lat="-28.1014300" lon="-65.9569430">
    <ele>2261.0</ele>
   </trkpt>
   <trkpt lat="-28.1014430" lon="-65.9569390">
    <ele>2261.4</ele>
   </trkpt>
   <trkpt lat="-28.1014560" lon="-65.9569350">
    <ele>2261.7</ele>
   </trkpt>
   <trkpt lat="-28.1014690" lon="-65.9569300">
    <ele>2262.0</ele>
   </trkpt>
   <trkpt lat="-28.1014820" lon="-65.9569260">
    <ele>2262.3</ele>
   </trkpt>
   <trkpt lat="-28.1014940" lon="-65.9569210">
    <ele>2262.6</ele>
   </trkpt>
   <trkpt lat="-28.1015060" lon="-65.9569170">
    <ele>2262.9</ele>
   </trkpt>
   <trkpt lat="-28.1015170" lon="-65.9569130">
    <ele>2263.2</ele>
   </trkpt>
   <trkpt lat="-28.1015280" lon="-65.9569100">
    <ele>2263.5</ele>
   </trkpt>
   <trkpt lat="-28.1015390" lon="-65.9569060">
    <ele>2263.8</ele>
   </trkpt>
   <trkpt lat="-28.1015500" lon="-65.9569030">
    <ele>2264.0</ele>
   </trkpt>
   <trkpt lat="-28.1015590" lon="-65.9569000">
    <ele>2264.3</ele>
   </trkpt>
   <trkpt lat="-28.1015690" lon="-65.9568970">
    <ele>2264.5</ele>
   </trkpt>
   <trkpt lat="-28.1015780" lon="-65.9568930">
    <ele>2264.7</ele>
   </trkpt>
   <trkpt lat="-28.1015870" lon="-65.9568900">
    <ele>2265.0</ele>
   </trkpt>
   <trkpt lat="-28.1015960" lon="-65.9568840">
    <ele>2265.2</ele>
   </trkpt>
   <trkpt lat="-28.1016050" lon="-65.9568790">
    <ele>2265.4</ele>
   </trkpt>
   <trkpt lat="-28.1016140" lon="-65.9568750">
    <ele>2265.7</ele>
   </trkpt>
   <trkpt lat="-28.1016220" lon="-65.9568700">
    <ele>2265.9</ele>
   </trkpt>
   <trkpt lat="-28.1016310" lon="-65.9568670">
    <ele>2266.1</ele>
   </trkpt>
   <trkpt lat="-28.1016390" lon="-65.9568630">
    <ele>2266.4</ele>
   </trkpt>
   <trkpt lat="-28.1016480" lon="-65.9568590">
    <ele>2266.6</ele>
   </trkpt>
   <trkpt lat="-28.1016560" lon="-65.9568540">
    <ele>2266.8</ele>
   </trkpt>
   <trkpt lat="-28.1016640" lon="-65.9568470">
    <ele>2267.1</ele>
   </trkpt>
   <trkpt lat="-28.1016720" lon="-65.9568400">
    <ele>2267.3</ele>
   </trkpt>
   <trkpt lat="-28.1016820" lon="-65.9568330">
    <ele>2267.6</ele>
   </trkpt>
   <trkpt lat="-28.1016910" lon="-65.9568260">
    <ele>2267.9</ele>
   </trkpt>
   <trkpt lat="-28.1017020" lon="-65.9568190">
    <ele>2268.2</ele>
   </trkpt>
   <trkpt lat="-28.1017120" lon="-65.9568120">
    <ele>2268.5</ele>
   </trkpt>
   <trkpt lat="-28.1017230" lon="-65.9568050">
    <ele>2268.8</ele>
   </trkpt>
   <trkpt lat="-28.1017330" lon="-65.9567970">
    <ele>2269.1</ele>
   </trkpt>
   <trkpt lat="-28.1017450" lon="-65.9567910">
    <ele>2269.4</ele>
   </trkpt>
   <trkpt lat="-28.1017560" lon="-65.9567860">
    <ele>2269.7</ele>
   </trkpt>
   <trkpt lat="-28.1017680" lon="-65.9567820">
    <ele>2270.0</ele>
   </trkpt>
   <trkpt lat="-28.1017810" lon="-65.9567790">
    <ele>2270.3</ele>
   </trkpt>
   <trkpt lat="-28.1017930" lon="-65.9567800">
    <ele>2270.6</ele>
   </trkpt>
   <trkpt lat="-28.1018050" lon="-65.9567820">
    <ele>2270.9</ele>
   </trkpt>
   <trkpt lat="-28.1018150" lon="-65.9567880">
    <ele>2271.2</ele>
   </trkpt>
   <trkpt lat="-28.1018260" lon="-65.9567950">
    <ele>2271.5</ele>
   </trkpt>
   <trkpt lat="-28.1018350" lon="-65.9568050">
    <ele>2271.9</ele>
   </trkpt>
   <trkpt lat="-28.1018440" lon="-65.9568140">
    <ele>2272.2</ele>
   </trkpt>
   <trkpt lat="-28.1018500" lon="-65.9568240">
    <ele>2272.5</ele>
   </trkpt>
   <trkpt lat="-28.1018560" lon="-65.9568350">
    <ele>2272.8</ele>
   </trkpt>
   <trkpt lat="-28.1018620" lon="-65.9568460">
    <ele>2273.1</ele>
   </trkpt>
   <trkpt lat="-28.1018670" lon="-65.9568580">
    <ele>2273.5</ele>
   </trkpt>
   <trkpt lat="-28.1018720" lon="-65.9568710">
    <ele>2273.8</ele>
   </trkpt>
   <trkpt lat="-28.1018770" lon="-65.9568840">
    <ele>2274.1</ele>
   </trkpt>
   <trkpt lat="-28.1018830" lon="-65.9568980">
    <ele>2274.4</ele>
   </trkpt>
   <trkpt lat="-28.1018880" lon="-65.9569120">
    <ele>2274.8</ele>
   </trkpt>
   <trkpt lat="-28.1018950" lon="-65.9569240">
    <ele>2275.1</ele>
   </trkpt>
   <trkpt lat="-28.1019020" lon="-65.9569370">
    <ele>2275.4</ele>
   </trkpt>
   <trkpt lat="-28.1019110" lon="-65.9569480">
    <ele>2275.7</ele>
   </trkpt>
   <trkpt lat="-28.1019190" lon="-65.9569590">
    <ele>2275.9</ele>
   </trkpt>
   <trkpt lat="-28.1019290" lon="-65.9569670">
    <ele>2276.2</ele>
   </trkpt>
   <trkpt lat="-28.1019380" lon="-65.9569760">
    <ele>2276.5</ele>
   </trkpt>
   <trkpt lat="-28.1019500" lon="-65.9569800">
    <ele>2276.7</ele>
   </trkpt>
   <trkpt lat="-28.1019620" lon="-65.9569850">
    <ele>2277.0</ele>
   </trkpt>
   <trkpt lat="-28.1019770" lon="-65.9569860">
    <ele>2277.2</ele>
   </trkpt>
   <trkpt lat="-28.1019920" lon="-65.9569870">
    <ele>2277.5</ele>
   </trkpt>
   <trkpt lat="-28.1020130" lon="-65.9569870">
    <ele>2277.8</ele>
   </trkpt>
   <trkpt lat="-28.1020340" lon="-65.9569880">
    <ele>2278.2</ele>
   </trkpt>
   <trkpt lat="-28.1020600" lon="-65.9569910">
    <ele>2278.5</ele>
   </trkpt>
   <trkpt lat="-28.1020860" lon="-65.9569940">
    <ele>2278.8</ele>
   </trkpt>
   <trkpt lat="-28.1021130" lon="-65.9570020">
    <ele>2279.1</ele>
   </trkpt>
   <trkpt lat="-28.1021390" lon="-65.9570110">
    <ele>2279.4</ele>
   </trkpt>
   <trkpt lat="-28.1021630" lon="-65.9570290">
    <ele>2279.7</ele>
   </trkpt>
   <trkpt lat="-28.1021870" lon="-65.9570470">
    <ele>2279.9</ele>
   </trkpt>
   <trkpt lat="-28.1022060" lon="-65.9570740">
    <ele>2280.2</ele>
   </trkpt>
   <trkpt lat="-28.1022260" lon="-65.9571000">
    <ele>2280.4</ele>
   </trkpt>
   <trkpt lat="-28.1022420" lon="-65.9571330">
    <ele>2280.7</ele>
   </trkpt>
   <trkpt lat="-28.1022580" lon="-65.9571650">
    <ele>2280.9</ele>
   </trkpt>
   <trkpt lat="-28.1022730" lon="-65.9572000">
    <ele>2281.0</ele>
   </trkpt>
   <trkpt lat="-28.1022880" lon="-65.9572350">
    <ele>2281.1</ele>
   </trkpt>
   <trkpt lat="-28.1023030" lon="-65.9572700">
    <ele>2281.1</ele>
   </trkpt>
   <trkpt lat="-28.1023190" lon="-65.9573040">
    <ele>2281.2</ele>
   </trkpt>
   <trkpt lat="-28.1023340" lon="-65.9573350">
    <ele>2281.4</ele>
   </trkpt>
   <trkpt lat="-28.1023490" lon="-65.9573660">
    <ele>2281.6</ele>
   </trkpt>
   <trkpt lat="-28.1023630" lon="-65.9573920">
    <ele>2281.8</ele>
   </trkpt>
   <trkpt lat="-28.1023780" lon="-65.9574180">
    <ele>2282.1</ele>
   </trkpt>
   <trkpt lat="-28.1023900" lon="-65.9574390">
    <ele>2282.4</ele>
   </trkpt>
   <trkpt lat="-28.1024030" lon="-65.9574600">
    <ele>2282.7</ele>
   </trkpt>
   <trkpt lat="-28.1024170" lon="-65.9574760">
    <ele>2283.0</ele>
   </trkpt>
   <trkpt lat="-28.1024310" lon="-65.9574920">
    <ele>2283.3</ele>
   </trkpt>
   <trkpt lat="-28.1024470" lon="-65.9575030">
    <ele>2283.6</ele>
   </trkpt>
   <trkpt lat="-28.1024630" lon="-65.9575140">
    <ele>2283.9</ele>
   </trkpt>
   <trkpt lat="-28.1024810" lon="-65.9575220">
    <ele>2284.2</ele>
   </trkpt>
   <trkpt lat="-28.1024990" lon="-65.9575300">
    <ele>2284.5</ele>
   </trkpt>
   <trkpt lat="-28.1025190" lon="-65.9575370">
    <ele>2284.8</ele>
   </trkpt>
   <trkpt lat="-28.1025390" lon="-65.9575440">
    <ele>2285.1</ele>
   </trkpt>
   <trkpt lat="-28.1025600" lon="-65.9575500">
    <ele>2285.4</ele>
   </trkpt>
   <trkpt lat="-28.1025810" lon="-65.9575560">
    <ele>2285.7</ele>
   </trkpt>
   <trkpt lat="-28.1026020" lon="-65.9575590">
    <ele>2286.0</ele>
   </trkpt>
   <trkpt lat="-28.1026240" lon="-65.9575620">
    <ele>2286.3</ele>
   </trkpt>
   <trkpt lat="-28.1026470" lon="-65.9575640">
    <ele>2286.5</ele>
   </trkpt>
   <trkpt lat="-28.1026700" lon="-65.9575660">
    <ele>2286.8</ele>
   </trkpt>
   <trkpt lat="-28.1026940" lon="-65.9575700">
    <ele>2287.1</ele>
   </trkpt>
   <trkpt lat="-28.1027170" lon="-65.9575750">
    <ele>2287.3</ele>
   </trkpt>
   <trkpt lat="-28.1027400" lon="-65.9575820">
    <ele>2287.6</ele>
   </trkpt>
   <trkpt lat="-28.1027620" lon="-65.9575900">
    <ele>2287.8</ele>
   </trkpt>
   <trkpt lat="-28.1027820" lon="-65.9576020">
    <ele>2288.0</ele>
   </trkpt>
   <trkpt lat="-28.1028020" lon="-65.9576150">
    <ele>2288.2</ele>
   </trkpt>
   <trkpt lat="-28.1028200" lon="-65.9576330">
    <ele>2288.4</ele>
   </trkpt>
   <trkpt lat="-28.1028370" lon="-65.9576510">
    <ele>2288.7</ele>
   </trkpt>
   <trkpt lat="-28.1028510" lon="-65.9576750">
    <ele>2288.9</ele>
   </trkpt>
   <trkpt lat="-28.1028650" lon="-65.9576990">
    <ele>2289.1</ele>
   </trkpt>
   <trkpt lat="-28.1028750" lon="-65.9577260">
    <ele>2289.2</ele>
   </trkpt>
   <trkpt lat="-28.1028850" lon="-65.9577530">
    <ele>2289.4</ele>
   </trkpt>
   <trkpt lat="-28.1028960" lon="-65.9577800">
    <ele>2289.6</ele>
   </trkpt>
   <trkpt lat="-28.1029060" lon="-65.9578070">
    <ele>2289.8</ele>
   </trkpt>
   <trkpt lat="-28.1029190" lon="-65.9578310">
    <ele>2290.0</ele>
   </trkpt>
   <trkpt lat="-28.1029330" lon="-65.9578560">
    <ele>2290.2</ele>
   </trkpt>
   <trkpt lat="-28.1029490" lon="-65.9578760">
    <ele>2290.5</ele>
   </trkpt>
   <trkpt lat="-28.1029660" lon="-65.9578960">
    <ele>2290.7</ele>
   </trkpt>
   <trkpt lat="-28.1029850" lon="-65.9579120">
    <ele>2291.0</ele>
   </trkpt>
   <trkpt lat="-28.1030030" lon="-65.9579290">
    <ele>2291.2</ele>
   </trkpt>
   <trkpt lat="-28.1030190" lon="-65.9579420">
    <ele>2291.4</ele>
   </trkpt>
   <trkpt lat="-28.1030350" lon="-65.9579550">
    <ele>2291.7</ele>
   </trkpt>
   <trkpt lat="-28.1030470" lon="-65.9579660">
    <ele>2291.9</ele>
   </trkpt>
   <trkpt lat="-28.1030590" lon="-65.9579760">
    <ele>2292.0</ele>
   </trkpt>
   <trkpt lat="-28.1030680" lon="-65.9579850">
    <ele>2292.2</ele>
   </trkpt>
   <trkpt lat="-28.1030780" lon="-65.9579930">
    <ele>2292.4</ele>
   </trkpt>
   <trkpt lat="-28.1030860" lon="-65.9580040">
    <ele>2292.5</ele>
   </trkpt>
   <trkpt lat="-28.1030940" lon="-65.9580140">
    <ele>2292.7</ele>
   </trkpt>
   <trkpt lat="-28.1031010" lon="-65.9580260">
    <ele>2292.9</ele>
   </trkpt>
   <trkpt lat="-28.1031080" lon="-65.9580380">
    <ele>2293.1</ele>
   </trkpt>
   <trkpt lat="-28.1031140" lon="-65.9580500">
    <ele>2293.2</ele>
   </trkpt>
   <trkpt lat="-28.1031210" lon="-65.9580620">
    <ele>2293.4</ele>
   </trkpt>
   <trkpt lat="-28.1031270" lon="-65.9580750">
    <ele>2293.6</ele>
   </trkpt>
   <trkpt lat="-28.1031340" lon="-65.9580870">
    <ele>2293.8</ele>
   </trkpt>
   <trkpt lat="-28.1031420" lon="-65.9580980">
    <ele>2294.0</ele>
   </trkpt>
   <trkpt lat="-28.1031490" lon="-65.9581100">
    <ele>2294.2</ele>
   </trkpt>
   <trkpt lat="-28.1031570" lon="-65.9581210">
    <ele>2294.4</ele>
   </trkpt>
   <trkpt lat="-28.1031650" lon="-65.9581320">
    <ele>2294.6</ele>
   </trkpt>
   <trkpt lat="-28.1031740" lon="-65.9581420">
    <ele>2294.8</ele>
   </trkpt>
   <trkpt lat="-28.1031820" lon="-65.9581520">
    <ele>2295.0</ele>
   </trkpt>
   <trkpt lat="-28.1031910" lon="-65.9581620">
    <ele>2295.2</ele>
   </trkpt>
   <trkpt lat="-28.1031990" lon="-65.9581720">
    <ele>2295.4</ele>
   </trkpt>
   <trkpt lat="-28.1032080" lon="-65.9581820">
    <ele>2295.6</ele>
   </trkpt>
   <trkpt lat="-28.1032170" lon="-65.9581920">
    <ele>2295.8</ele>
   </trkpt>
   <trkpt lat="-28.1032270" lon="-65.9582010">
    <ele>2296.0</ele>
   </trkpt>
   <trkpt lat="-28.1032370" lon="-65.9582100">
    <ele>2296.2</ele>
   </trkpt>
   <trkpt lat="-28.1032470" lon="-65.9582190">
    <ele>2296.4</ele>
   </trkpt>
   <trkpt lat="-28.1032580" lon="-65.9582280">
    <ele>2296.6</ele>
   </trkpt>
   <trkpt lat="-28.1032690" lon="-65.9582360">
    <ele>2296.8</ele>
   </trkpt>
   <trkpt lat="-28.1032810" lon="-65.9582440">
    <ele>2297.0</ele>
   </trkpt>
   <trkpt lat="-28.1032930" lon="-65.9582510">
    <ele>2297.2</ele>
   </trkpt>
   <trkpt lat="-28.1033050" lon="-65.9582580">
    <ele>2297.3</ele>
   </trkpt>
   <trkpt lat="-28.1033180" lon="-65.9582640">
    <ele>2297.5</ele>
   </trkpt>
   <trkpt lat="-28.1033310" lon="-65.9582690">
    <ele>2297.6</ele>
   </trkpt>
   <trkpt lat="-28.1033440" lon="-65.9582740">
    <ele>2297.8</ele>
   </trkpt>
   <trkpt lat="-28.1033580" lon="-65.9582780">
    <ele>2297.9</ele>
   </trkpt>
   <trkpt lat="-28.1033730" lon="-65.9582810">
    <ele>2298.0</ele>
   </trkpt>
   <trkpt lat="-28.1033880" lon="-65.9582850">
    <ele>2298.2</ele>
   </trkpt>
   <trkpt lat="-28.1034070" lon="-65.9582860">
    <ele>2298.3</ele>
   </trkpt>
   <trkpt lat="-28.1034260" lon="-65.9582880">
    <ele>2298.4</ele>
   </trkpt>
   <trkpt lat="-28.1034500" lon="-65.9582860">
    <ele>2298.5</ele>
   </trkpt>
   <trkpt lat="-28.1034750" lon="-65.9582850">
    <ele>2298.6</ele>
   </trkpt>
   <trkpt lat="-28.1035020" lon="-65.9582800">
    <ele>2298.7</ele>
   </trkpt>
   <trkpt lat="-28.1035300" lon="-65.9582750">
    <ele>2298.8</ele>
   </trkpt>
   <trkpt lat="-28.1035580" lon="-65.9582670">
    <ele>2298.8</ele>
   </trkpt>
   <trkpt lat="-28.1035870" lon="-65.9582600">
    <ele>2298.9</ele>
   </trkpt>
   <trkpt lat="-28.1036150" lon="-65.9582470">
    <ele>2298.9</ele>
   </trkpt>
   <trkpt lat="-28.1036430" lon="-65.9582350">
    <ele>2299.0</ele>
   </trkpt>
   <trkpt lat="-28.1036690" lon="-65.9582170">
    <ele>2299.0</ele>
   </trkpt>
   <trkpt lat="-28.1036950" lon="-65.9581990">
    <ele>2299.1</ele>
   </trkpt>
   <trkpt lat="-28.1037170" lon="-65.9581750">
    <ele>2299.1</ele>
   </trkpt>
   <trkpt lat="-28.1037390" lon="-65.9581510">
    <ele>2299.2</ele>
   </trkpt>
   <trkpt lat="-28.1037570" lon="-65.9581240">
    <ele>2299.2</ele>
   </trkpt>
   <trkpt lat="-28.1037760" lon="-65.9580960">
    <ele>2299.3</ele>
   </trkpt>
   <trkpt lat="-28.1037930" lon="-65.9580670">
    <ele>2299.4</ele>
   </trkpt>
   <trkpt lat="-28.1038100" lon="-65.9580380">
    <ele>2299.4</ele>
   </trkpt>
   <trkpt lat="-28.1038270" lon="-65.9580110">
    <ele>2299.5</ele>
   </trkpt>
   <trkpt lat="-28.1038440" lon="-65.9579830">
    <ele>2299.5</ele>
   </trkpt>
   <trkpt lat="-28.1038630" lon="-65.9579560">
    <ele>2299.5</ele>
   </trkpt>
   <trkpt lat="-28.1038820" lon="-65.9579280">
    <ele>2299.6</ele>
   </trkpt>
   <trkpt lat="-28.1039020" lon="-65.9579010">
    <ele>2299.6</ele>
   </trkpt>
   <trkpt lat="-28.1039220" lon="-65.9578730">
    <ele>2299.6</ele>
   </trkpt>
   <trkpt lat="-28.1039420" lon="-65.9578450">
    <ele>2299.7</ele>
   </trkpt>
   <trkpt lat="-28.1039620" lon="-65.9578170">
    <ele>2299.8</ele>
   </trkpt>
   <trkpt lat="-28.1039810" lon="-65.9577900">
    <ele>2299.8</ele>
   </trkpt>
   <trkpt lat="-28.1040010" lon="-65.9577630">
    <ele>2300.0</ele>
   </trkpt>
   <trkpt lat="-28.1040190" lon="-65.9577370">
    <ele>2300.1</ele>
   </trkpt>
   <trkpt lat="-28.1040380" lon="-65.9577120">
    <ele>2300.3</ele>
   </trkpt>
   <trkpt lat="-28.1040560" lon="-65.9576880">
    <ele>2300.4</ele>
   </trkpt>
   <trkpt lat="-28.1040740" lon="-65.9576640">
    <ele>2300.7</ele>
   </trkpt>
   <trkpt lat="-28.1040910" lon="-65.9576410">
    <ele>2300.9</ele>
   </trkpt>
   <trkpt lat="-28.1041080" lon="-65.9576180">
    <ele>2301.2</ele>
   </trkpt>
   <trkpt lat="-28.1041250" lon="-65.9575980">
    <ele>2301.5</ele>
   </trkpt>
   <trkpt lat="-28.1041420" lon="-65.9575770">
    <ele>2301.8</ele>
   </trkpt>
   <trkpt lat="-28.1041610" lon="-65.9575640">
    <ele>2302.1</ele>
   </trkpt>
   <trkpt lat="-28.1041790" lon="-65.9575510">
    <ele>2302.4</ele>
   </trkpt>
   <trkpt lat="-28.1041970" lon="-65.9575500">
    <ele>2302.7</ele>
   </trkpt>
   <trkpt lat="-28.1042150" lon="-65.9575480">
    <ele>2303.0</ele>
   </trkpt>
   <trkpt lat="-28.1042270" lon="-65.9575560">
    <ele>2303.3</ele>
   </trkpt>
   <trkpt lat="-28.1042390" lon="-65.9575650">
    <ele>2303.5</ele>
   </trkpt>
   <trkpt lat="-28.1042440" lon="-65.9575790">
    <ele>2303.8</ele>
   </trkpt>
   <trkpt lat="-28.1042490" lon="-65.9575930">
    <ele>2304.0</ele>
   </trkpt>
   <trkpt lat="-28.1042480" lon="-65.9576100">
    <ele>2304.3</ele>
   </trkpt>
   <trkpt lat="-28.1042480" lon="-65.9576270">
    <ele>2304.6</ele>
   </trkpt>
   <trkpt lat="-28.1042450" lon="-65.9576440">
    <ele>2304.9</ele>
   </trkpt>
   <trkpt lat="-28.1042410" lon="-65.9576610">
    <ele>2305.1</ele>
   </trkpt>
   <trkpt lat="-28.1042360" lon="-65.9576770">
    <ele>2305.4</ele>
   </trkpt>
   <trkpt lat="-28.1042310" lon="-65.9576930">
    <ele>2305.7</ele>
   </trkpt>
   <trkpt lat="-28.1042240" lon="-65.9577080">
    <ele>2306.0</ele>
   </trkpt>
   <trkpt lat="-28.1042170" lon="-65.9577230">
    <ele>2306.2</ele>
   </trkpt>
   <trkpt lat="-28.1042090" lon="-65.9577370">
    <ele>2306.5</ele>
   </trkpt>
   <trkpt lat="-28.1042020" lon="-65.9577510">
    <ele>2306.7</ele>
   </trkpt>
   <trkpt lat="-28.1041940" lon="-65.9577650">
    <ele>2306.9</ele>
   </trkpt>
   <trkpt lat="-28.1041860" lon="-65.9577780">
    <ele>2307.2</ele>
   </trkpt>
   <trkpt lat="-28.1041780" lon="-65.9577910">
    <ele>2307.4</ele>
   </trkpt>
   <trkpt lat="-28.1041700" lon="-65.9578030">
    <ele>2307.6</ele>
   </trkpt>
   <trkpt lat="-28.1041630" lon="-65.9578160">
    <ele>2307.8</ele>
   </trkpt>
   <trkpt lat="-28.1041550" lon="-65.9578290">
    <ele>2308.0</ele>
   </trkpt>
   <trkpt lat="-28.1041480" lon="-65.9578430">
    <ele>2308.2</ele>
   </trkpt>
   <trkpt lat="-28.1041400" lon="-65.9578570">
    <ele>2308.5</ele>
   </trkpt>
   <trkpt lat="-28.1041330" lon="-65.9578700">
    <ele>2308.7</ele>
   </trkpt>
   <trkpt lat="-28.1041250" lon="-65.9578830">
    <ele>2308.9</ele>
   </trkpt>
   <trkpt lat="-28.1041180" lon="-65.9578960">
    <ele>2309.1</ele>
   </trkpt>
   <trkpt lat="-28.1041100" lon="-65.9579090">
    <ele>2309.3</ele>
   </trkpt>
   <trkpt lat="-28.1041040" lon="-65.9579210">
    <ele>2309.4</ele>
   </trkpt>
   <trkpt lat="-28.1040970" lon="-65.9579330">
    <ele>2309.6</ele>
   </trkpt>
   <trkpt lat="-28.1040900" lon="-65.9579450">
    <ele>2309.8</ele>
   </trkpt>
   <trkpt lat="-28.1040840" lon="-65.9579560">
    <ele>2309.9</ele>
   </trkpt>
   <trkpt lat="-28.1040770" lon="-65.9579680">
    <ele>2310.1</ele>
   </trkpt>
   <trkpt lat="-28.1040710" lon="-65.9579790">
    <ele>2310.2</ele>
   </trkpt>
   <trkpt lat="-28.1040640" lon="-65.9579920">
    <ele>2310.4</ele>
   </trkpt>
   <trkpt lat="-28.1040580" lon="-65.9580050">
    <ele>2310.6</ele>
   </trkpt>
   <trkpt lat="-28.1040520" lon="-65.9580220">
    <ele>2310.8</ele>
   </trkpt>
   <trkpt lat="-28.1040460" lon="-65.9580380">
    <ele>2311.0</ele>
   </trkpt>
   <trkpt lat="-28.1040390" lon="-65.9580580">
    <ele>2311.2</ele>
   </trkpt>
   <trkpt lat="-28.1040310" lon="-65.9580780">
    <ele>2311.4</ele>
   </trkpt>
   <trkpt lat="-28.1040230" lon="-65.9580990">
    <ele>2311.7</ele>
   </trkpt>
   <trkpt lat="-28.1040150" lon="-65.9581200">
    <ele>2311.9</ele>
   </trkpt>
   <trkpt lat="-28.1040050" lon="-65.9581410">
    <ele>2312.1</ele>
   </trkpt>
   <trkpt lat="-28.1039960" lon="-65.9581630">
    <ele>2312.4</ele>
   </trkpt>
   <trkpt lat="-28.1039860" lon="-65.9581840">
    <ele>2312.6</ele>
   </trkpt>
   <trkpt lat="-28.1039760" lon="-65.9582050">
    <ele>2312.9</ele>
   </trkpt>
   <trkpt lat="-28.1039660" lon="-65.9582270">
    <ele>2313.1</ele>
   </trkpt>
   <trkpt lat="-28.1039560" lon="-65.9582480">
    <ele>2313.4</ele>
   </trkpt>
   <trkpt lat="-28.1039460" lon="-65.9582690">
    <ele>2313.6</ele>
   </trkpt>
   <trkpt lat="-28.1039360" lon="-65.9582900">
    <ele>2313.9</ele>
   </trkpt>
   <trkpt lat="-28.1039260" lon="-65.9583100">
    <ele>2314.1</ele>
   </trkpt>
   <trkpt lat="-28.1039160" lon="-65.9583300">
    <ele>2314.4</ele>
   </trkpt>
   <trkpt lat="-28.1039070" lon="-65.9583490">
    <ele>2314.7</ele>
   </trkpt>
   <trkpt lat="-28.1038970" lon="-65.9583690">
    <ele>2315.0</ele>
   </trkpt>
   <trkpt lat="-28.1038880" lon="-65.9583890">
    <ele>2315.2</ele>
   </trkpt>
   <trkpt lat="-28.1038790" lon="-65.9584100">
    <ele>2315.5</ele>
   </trkpt>
   <trkpt lat="-28.1038710" lon="-65.9584310">
    <ele>2315.8</ele>
   </trkpt>
   <trkpt lat="-28.1038620" lon="-65.9584520">
    <ele>2316.1</ele>
   </trkpt>
   <trkpt lat="-28.1038550" lon="-65.9584750">
    <ele>2316.4</ele>
   </trkpt>
   <trkpt lat="-28.1038480" lon="-65.9584970">
    <ele>2316.7</ele>
   </trkpt>
   <trkpt lat="-28.1038420" lon="-65.9585200">
    <ele>2317.0</ele>
   </trkpt>
   <trkpt lat="-28.1038360" lon="-65.9585430">
    <ele>2317.2</ele>
   </trkpt>
   <trkpt lat="-28.1038300" lon="-65.9585670">
    <ele>2317.5</ele>
   </trkpt>
   <trkpt lat="-28.1038240" lon="-65.9585910">
    <ele>2317.8</ele>
   </trkpt>
   <trkpt lat="-28.1038190" lon="-65.9586140">
    <ele>2318.1</ele>
   </trkpt>
   <trkpt lat="-28.1038130" lon="-65.9586370">
    <ele>2318.3</ele>
   </trkpt>
   <trkpt lat="-28.1038090" lon="-65.9586590">
    <ele>2318.6</ele>
   </trkpt>
   <trkpt lat="-28.1038050" lon="-65.9586820">
    <ele>2318.9</ele>
   </trkpt>
   <trkpt lat="-28.1038010" lon="-65.9587030">
    <ele>2319.1</ele>
   </trkpt>
   <trkpt lat="-28.1037980" lon="-65.9587250">
    <ele>2319.4</ele>
   </trkpt>
   <trkpt lat="-28.1037940" lon="-65.9587440">
    <ele>2319.6</ele>
   </trkpt>
   <trkpt lat="-28.1037910" lon="-65.9587630">
    <ele>2319.9</ele>
   </trkpt>
   <trkpt lat="-28.1037870" lon="-65.9587790">
    <ele>2320.1</ele>
   </trkpt>
   <trkpt lat="-28.1037840" lon="-65.9587950">
    <ele>2320.3</ele>
   </trkpt>
   <trkpt lat="-28.1037810" lon="-65.9588090">
    <ele>2320.5</ele>
   </trkpt>
   <trkpt lat="-28.1037770" lon="-65.9588240">
    <ele>2320.7</ele>
   </trkpt>
   <trkpt lat="-28.1037720" lon="-65.9588380">
    <ele>2320.9</ele>
   </trkpt>
   <trkpt lat="-28.1037670" lon="-65.9588520">
    <ele>2321.1</ele>
   </trkpt>
   <trkpt lat="-28.1037620" lon="-65.9588660">
    <ele>2321.3</ele>
   </trkpt>
   <trkpt lat="-28.1037560" lon="-65.9588800">
    <ele>2321.5</ele>
   </trkpt>
   <trkpt lat="-28.1037500" lon="-65.9588930">
    <ele>2321.7</ele>
   </trkpt>
   <trkpt lat="-28.1037440" lon="-65.9589070">
    <ele>2321.9</ele>
   </trkpt>
   <trkpt lat="-28.1037370" lon="-65.9589190">
    <ele>2322.1</ele>
   </trkpt>
   <trkpt lat="-28.1037300" lon="-65.9589320">
    <ele>2322.3</ele>
   </trkpt>
   <trkpt lat="-28.1037230" lon="-65.9589440">
    <ele>2322.5</ele>
   </trkpt>
   <trkpt lat="-28.1037160" lon="-65.9589570">
    <ele>2322.7</ele>
   </trkpt>
   <trkpt lat="-28.1037080" lon="-65.9589690">
    <ele>2322.9</ele>
   </trkpt>
   <trkpt lat="-28.1037010" lon="-65.9589810">
    <ele>2323.1</ele>
   </trkpt>
   <trkpt lat="-28.1036930" lon="-65.9589920">
    <ele>2323.3</ele>
   </trkpt>
   <trkpt lat="-28.1036850" lon="-65.9590040">
    <ele>2323.5</ele>
   </trkpt>
   <trkpt lat="-28.1036760" lon="-65.9590150">
    <ele>2323.6</ele>
   </trkpt>
   <trkpt lat="-28.1036680" lon="-65.9590250">
    <ele>2323.8</ele>
   </trkpt>
   <trkpt lat="-28.1036590" lon="-65.9590360">
    <ele>2324.0</ele>
   </trkpt>
   <trkpt lat="-28.1036500" lon="-65.9590470">
    <ele>2324.2</ele>
   </trkpt>
   <trkpt lat="-28.1036420" lon="-65.9590590">
    <ele>2324.4</ele>
   </trkpt>
   <trkpt lat="-28.1036340" lon="-65.9590720">
    <ele>2324.6</ele>
   </trkpt>
   <trkpt lat="-28.1036290" lon="-65.9590850">
    <ele>2324.8</ele>
   </trkpt>
   <trkpt lat="-28.1036250" lon="-65.9590990">
    <ele>2325.0</ele>
   </trkpt>
   <trkpt lat="-28.1036230" lon="-65.9591130">
    <ele>2325.2</ele>
   </trkpt>
   <trkpt lat="-28.1036220" lon="-65.9591280">
    <ele>2325.4</ele>
   </trkpt>
   <trkpt lat="-28.1036240" lon="-65.9591410">
    <ele>2325.6</ele>
   </trkpt>
   <trkpt lat="-28.1036270" lon="-65.9591540">
    <ele>2325.8</ele>
   </trkpt>
   <trkpt lat="-28.1036320" lon="-65.9591660">
    <ele>2326.0</ele>
   </trkpt>
   <trkpt lat="-28.1036380" lon="-65.9591780">
    <ele>2326.2</ele>
   </trkpt>
   <trkpt lat="-28.1036460" lon="-65.9591880">
    <ele>2326.4</ele>
   </trkpt>
   <trkpt lat="-28.1036540" lon="-65.9591980">
    <ele>2326.6</ele>
   </trkpt>
   <trkpt lat="-28.1036640" lon="-65.9592050">
    <ele>2326.6</ele>
   </trkpt>
   <trkpt lat="-28.1036740" lon="-65.9592130">
    <ele>2329.8</ele>
   </trkpt>
   <trkpt lat="-28.1036850" lon="-65.9592200">
    <ele>2329.8</ele>
   </trkpt>
   <trkpt lat="-28.1036950" lon="-65.9592270">
    <ele>2329.8</ele>
   </trkpt>
   <trkpt lat="-28.1037060" lon="-65.9592340">
    <ele>2329.8</ele>
   </trkpt>
   <trkpt lat="-28.1037170" lon="-65.9592400">
    <ele>2331.7</ele>
   </trkpt>
   <trkpt lat="-28.1037290" lon="-65.9592470">
    <ele>2331.7</ele>
   </trkpt>
   <trkpt lat="-28.1037410" lon="-65.9592530">
    <ele>2331.7</ele>
   </trkpt>
   <trkpt lat="-28.1037520" lon="-65.9592600">
    <ele>2334.7</ele>
   </trkpt>
   <trkpt lat="-28.1037630" lon="-65.9592670">
    <ele>2334.6</ele>
   </trkpt>
   <trkpt lat="-28.1037720" lon="-65.9592750">
    <ele>2334.6</ele>
   </trkpt>
   <trkpt lat="-28.1037810" lon="-65.9592820">
    <ele>2334.6</ele>
   </trkpt>
   <trkpt lat="-28.1037880" lon="-65.9592890">
    <ele>2336.6</ele>
   </trkpt>
   <trkpt lat="-28.1037950" lon="-65.9592950">
    <ele>2336.6</ele>
   </trkpt>
   <trkpt lat="-28.1038010" lon="-65.9593000">
    <ele>2337.0</ele>
   </trkpt>
   <trkpt lat="-28.1038070" lon="-65.9593050">
    <ele>2337.0</ele>
   </trkpt>
   <trkpt lat="-28.1038130" lon="-65.9593080">
    <ele>2337.0</ele>
   </trkpt>
   <trkpt lat="-28.1038180" lon="-65.9593110">
    <ele>2336.9</ele>
   </trkpt>
   <trkpt lat="-28.1038250" lon="-65.9593140">
    <ele>2338.7</ele>
   </trkpt>
   <trkpt lat="-28.1038320" lon="-65.9593170">
    <ele>2338.6</ele>
   </trkpt>
   <trkpt lat="-28.1038410" lon="-65.9593220">
    <ele>2338.6</ele>
   </trkpt>
   <trkpt lat="-28.1038500" lon="-65.9593260">
    <ele>2338.6</ele>
   </trkpt>
   <trkpt lat="-28.1038590" lon="-65.9593300">
    <ele>2338.6</ele>
   </trkpt>
   <trkpt lat="-28.1038690" lon="-65.9593340">
    <ele>2340.1</ele>
   </trkpt>
   <trkpt lat="-28.1038780" lon="-65.9593380">
    <ele>2340.1</ele>
   </trkpt>
   <trkpt lat="-28.1038870" lon="-65.9593430">
    <ele>2340.0</ele>
   </trkpt>
   <trkpt lat="-28.1038940" lon="-65.9593460">
    <ele>2340.0</ele>
   </trkpt>
   <trkpt lat="-28.1039020" lon="-65.9593490">
    <ele>2341.3</ele>
   </trkpt>
   <trkpt lat="-28.1039100" lon="-65.9593500">
    <ele>2341.2</ele>
   </trkpt>
   <trkpt lat="-28.1039170" lon="-65.9593520">
    <ele>2341.2</ele>
   </trkpt>
   <trkpt lat="-28.1039240" lon="-65.9593510">
    <ele>2341.2</ele>
   </trkpt>
   <trkpt lat="-28.1039310" lon="-65.9593500">
    <ele>2341.2</ele>
   </trkpt>
   <trkpt lat="-28.1039380" lon="-65.9593480">
    <ele>2342.3</ele>
   </trkpt>
   <trkpt lat="-28.1039440" lon="-65.9593470">
    <ele>2342.3</ele>
   </trkpt>
   <trkpt lat="-28.1039510" lon="-65.9593450">
    <ele>2342.3</ele>
   </trkpt>
   <trkpt lat="-28.1039570" lon="-65.9593440">
    <ele>2342.3</ele>
   </trkpt>
   <trkpt lat="-28.1039640" lon="-65.9593440">
    <ele>2342.2</ele>
   </trkpt>
   <trkpt lat="-28.1039700" lon="-65.9593440">
    <ele>2342.2</ele>
   </trkpt>
   <trkpt lat="-28.1039770" lon="-65.9593430">
    <ele>2343.3</ele>
   </trkpt>
   <trkpt lat="-28.1039830" lon="-65.9593430">
    <ele>2343.3</ele>
   </trkpt>
   <trkpt lat="-28.1039900" lon="-65.9593430">
    <ele>2343.3</ele>
   </trkpt>
   <trkpt lat="-28.1039960" lon="-65.9593420">
    <ele>2343.2</ele>
   </trkpt>
   <trkpt lat="-28.1040020" lon="-65.9593410">
    <ele>2343.2</ele>
   </trkpt>
   <trkpt lat="-28.1040090" lon="-65.9593400">
    <ele>2343.2</ele>
   </trkpt>
   <trkpt lat="-28.1040160" lon="-65.9593390">
    <ele>2344.8</ele>
   </trkpt>
   <trkpt lat="-28.1040220" lon="-65.9593380">
    <ele>2344.8</ele>
   </trkpt>
   <trkpt lat="-28.1040290" lon="-65.9593370">
    <ele>2344.8</ele>
   </trkpt>
   <trkpt lat="-28.1040360" lon="-65.9593360">
    <ele>2344.8</ele>
   </trkpt>
   <trkpt lat="-28.1040420" lon="-65.9593330">
    <ele>2344.7</ele>
   </trkpt>
   <trkpt lat="-28.1040470" lon="-65.9593300">
    <ele>2344.7</ele>
   </trkpt>
   <trkpt lat="-28.1040500" lon="-65.9593230">
    <ele>2345.9</ele>
   </trkpt>
   <trkpt lat="-28.1040520" lon="-65.9593170">
    <ele>2345.9</ele>
   </trkpt>
   <trkpt lat="-28.1040530" lon="-65.9593080">
    <ele>2345.9</ele>
   </trkpt>
   <trkpt lat="-28.1040540" lon="-65.9593000">
    <ele>2345.9</ele>
   </trkpt>
   <trkpt lat="-28.1040570" lon="-65.9592920">
    <ele>2346.4</ele>
   </trkpt>
   <trkpt lat="-28.1040590" lon="-65.9592840">
    <ele>2346.4</ele>
   </trkpt>
   <trkpt lat="-28.1040650" lon="-65.9592800">
    <ele>2346.4</ele>
   </trkpt>
   <trkpt lat="-28.1040700" lon="-65.9592760">
    <ele>2346.4</ele>
   </trkpt>
   <trkpt lat="-28.1040780" lon="-65.9592770">
    <ele>2346.3</ele>
   </trkpt>
   <trkpt lat="-28.1040860" lon="-65.9592770">
    <ele>2346.3</ele>
   </trkpt>
   <trkpt lat="-28.1040960" lon="-65.9592800">
    <ele>2347.6</ele>
   </trkpt>
   <trkpt lat="-28.1041060" lon="-65.9592830">
    <ele>2347.6</ele>
   </trkpt>
   <trkpt lat="-28.1041160" lon="-65.9592870">
    <ele>2347.5</ele>
   </trkpt>
   <trkpt lat="-28.1041270" lon="-65.9592900">
    <ele>2348.5</ele>
   </trkpt>
   <trkpt lat="-28.1041370" lon="-65.9592940">
    <ele>2348.5</ele>
   </trkpt>
   <trkpt lat="-28.1041480" lon="-65.9592970">
    <ele>2347.7</ele>
   </trkpt>
   <trkpt lat="-28.1041590" lon="-65.9593010">
    <ele>2347.7</ele>
   </trkpt>
   <trkpt lat="-28.1041710" lon="-65.9593040">
    <ele>2348.2</ele>
   </trkpt>
   <trkpt lat="-28.1041820" lon="-65.9593050">
    <ele>2348.2</ele>
   </trkpt>
   <trkpt lat="-28.1041930" lon="-65.9593050">
    <ele>2348.2</ele>
   </trkpt>
   <trkpt lat="-28.1042040" lon="-65.9593030">
    <ele>2348.4</ele>
   </trkpt>
   <trkpt lat="-28.1042150" lon="-65.9593010">
    <ele>2348.4</ele>
   </trkpt>
   <trkpt lat="-28.1042260" lon="-65.9592990">
    <ele>2348.4</ele>
   </trkpt>
   <trkpt lat="-28.1042370" lon="-65.9592970">
    <ele>2348.4</ele>
   </trkpt>
   <trkpt lat="-28.1042480" lon="-65.9592950">
    <ele>2348.9</ele>
   </trkpt>
   <trkpt lat="-28.1042590" lon="-65.9592930">
    <ele>2348.9</ele>
   </trkpt>
   <trkpt lat="-28.1042700" lon="-65.9592940">
    <ele>2348.9</ele>
   </trkpt>
   <trkpt lat="-28.1042820" lon="-65.9592940">
    <ele>2348.7</ele>
   </trkpt>
   <trkpt lat="-28.1042930" lon="-65.9592970">
    <ele>2348.1</ele>
   </trkpt>
   <trkpt lat="-28.1043050" lon="-65.9593000">
    <ele>2348.1</ele>
   </trkpt>
   <trkpt lat="-28.1043190" lon="-65.9593030">
    <ele>2347.8</ele>
   </trkpt>
   <trkpt lat="-28.1043330" lon="-65.9593070">
    <ele>2347.8</ele>
   </trkpt>
   <trkpt lat="-28.1043510" lon="-65.9593110">
    <ele>2347.8</ele>
   </trkpt>
   <trkpt lat="-28.1043690" lon="-65.9593140">
    <ele>2347.5</ele>
   </trkpt>
   <trkpt lat="-28.1043880" lon="-65.9593160">
    <ele>2347.4</ele>
   </trkpt>
   <trkpt lat="-28.1044080" lon="-65.9593170">
    <ele>2347.2</ele>
   </trkpt>
   <trkpt lat="-28.1044270" lon="-65.9593190">
    <ele>2347.2</ele>
   </trkpt>
   <trkpt lat="-28.1044460" lon="-65.9593210">
    <ele>2347.1</ele>
   </trkpt>
   <trkpt lat="-28.1044690" lon="-65.9593250">
    <ele>2347.2</ele>
   </trkpt>
   <trkpt lat="-28.1044910" lon="-65.9593290">
    <ele>2347.2</ele>
   </trkpt>
   <trkpt lat="-28.1045180" lon="-65.9593330">
    <ele>2347.5</ele>
   </trkpt>
   <trkpt lat="-28.1045440" lon="-65.9593360">
    <ele>2348.0</ele>
   </trkpt>
   <trkpt lat="-28.1045710" lon="-65.9593380">
    <ele>2348.0</ele>
   </trkpt>
   <trkpt lat="-28.1045980" lon="-65.9593400">
    <ele>2347.2</ele>
   </trkpt>
   <trkpt lat="-28.1046220" lon="-65.9593390">
    <ele>2349.3</ele>
   </trkpt>
   <trkpt lat="-28.1046460" lon="-65.9593390">
    <ele>2349.3</ele>
   </trkpt>
   <trkpt lat="-28.1046650" lon="-65.9593370">
    <ele>2350.0</ele>
   </trkpt>
   <trkpt lat="-28.1046840" lon="-65.9593350">
    <ele>2350.0</ele>
   </trkpt>
   <trkpt lat="-28.1047000" lon="-65.9593340">
    <ele>2350.7</ele>
   </trkpt>
   <trkpt lat="-28.1047160" lon="-65.9593340">
    <ele>2350.7</ele>
   </trkpt>
   <trkpt lat="-28.1047300" lon="-65.9593360">
    <ele>2351.4</ele>
   </trkpt>
   <trkpt lat="-28.1047430" lon="-65.9593380">
    <ele>2351.3</ele>
   </trkpt>
   <trkpt lat="-28.1047550" lon="-65.9593400">
    <ele>2349.6</ele>
   </trkpt>
   <trkpt lat="-28.1047660" lon="-65.9593430">
    <ele>2349.6</ele>
   </trkpt>
   <trkpt lat="-28.1047760" lon="-65.9593440">
    <ele>2350.2</ele>
   </trkpt>
   <trkpt lat="-28.1047870" lon="-65.9593460">
    <ele>2350.2</ele>
   </trkpt>
   <trkpt lat="-28.1047970" lon="-65.9593440">
    <ele>2350.2</ele>
   </trkpt>
   <trkpt lat="-28.1048070" lon="-65.9593430">
    <ele>2350.8</ele>
   </trkpt>
   <trkpt lat="-28.1048170" lon="-65.9593370">
    <ele>2352.4</ele>
   </trkpt>
   <trkpt lat="-28.1048270" lon="-65.9593320">
    <ele>2352.4</ele>
   </trkpt>
   <trkpt lat="-28.1048340" lon="-65.9593250">
    <ele>2352.3</ele>
   </trkpt>
   <trkpt lat="-28.1048420" lon="-65.9593180">
    <ele>2352.3</ele>
   </trkpt>
   <trkpt lat="-28.1048460" lon="-65.9593090">
    <ele>2352.7</ele>
   </trkpt>
   <trkpt lat="-28.1048500" lon="-65.9593000">
    <ele>2352.7</ele>
   </trkpt>
   <trkpt lat="-28.1048510" lon="-65.9592900">
    <ele>2353.7</ele>
   </trkpt>
   <trkpt lat="-28.1048510" lon="-65.9592800">
    <ele>2353.7</ele>
   </trkpt>
   <trkpt lat="-28.1048480" lon="-65.9592690">
    <ele>2353.6</ele>
   </trkpt>
   <trkpt lat="-28.1048460" lon="-65.9592590">
    <ele>2353.6</ele>
   </trkpt>
   <trkpt lat="-28.1048410" lon="-65.9592500">
    <ele>2353.9</ele>
   </trkpt>
   <trkpt lat="-28.1048370" lon="-65.9592400">
    <ele>2353.9</ele>
   </trkpt>
   <trkpt lat="-28.1048320" lon="-65.9592310">
    <ele>2353.9</ele>
   </trkpt>
   <trkpt lat="-28.1048270" lon="-65.9592210">
    <ele>2353.9</ele>
   </trkpt>
   <trkpt lat="-28.1048210" lon="-65.9592120">
    <ele>2353.8</ele>
   </trkpt>
   <trkpt lat="-28.1048150" lon="-65.9592020">
    <ele>2354.0</ele>
   </trkpt>
   <trkpt lat="-28.1048100" lon="-65.9591920">
    <ele>2354.0</ele>
   </trkpt>
   <trkpt lat="-28.1048040" lon="-65.9591820">
    <ele>2353.6</ele>
   </trkpt>
   <trkpt lat="-28.1048020" lon="-65.9591710">
    <ele>2353.6</ele>
   </trkpt>
   <trkpt lat="-28.1048010" lon="-65.9591610">
    <ele>2353.5</ele>
   </trkpt>
   <trkpt lat="-28.1048030" lon="-65.9591500">
    <ele>2353.4</ele>
   </trkpt>
   <trkpt lat="-28.1048050" lon="-65.9591400">
    <ele>2353.4</ele>
   </trkpt>
   <trkpt lat="-28.1048100" lon="-65.9591310">
    <ele>2353.7</ele>
   </trkpt>
   <trkpt lat="-28.1048150" lon="-65.9591210">
    <ele>2353.3</ele>
   </trkpt>
   <trkpt lat="-28.1048230" lon="-65.9591130">
    <ele>2353.2</ele>
   </trkpt>
   <trkpt lat="-28.1048310" lon="-65.9591060">
    <ele>2353.2</ele>
   </trkpt>
   <trkpt lat="-28.1048420" lon="-65.9591030">
    <ele>2353.2</ele>
   </trkpt>
   <trkpt lat="-28.1048530" lon="-65.9591000">
    <ele>2353.4</ele>
   </trkpt>
   <trkpt lat="-28.1048660" lon="-65.9591000">
    <ele>2353.3</ele>
   </trkpt>
   <trkpt lat="-28.1048800" lon="-65.9591010">
    <ele>2353.3</ele>
   </trkpt>
   <trkpt lat="-28.1048930" lon="-65.9591030">
    <ele>2353.4</ele>
   </trkpt>
   <trkpt lat="-28.1049070" lon="-65.9591050">
    <ele>2353.4</ele>
   </trkpt>
   <trkpt lat="-28.1049220" lon="-65.9591080">
    <ele>2353.5</ele>
   </trkpt>
   <trkpt lat="-28.1049360" lon="-65.9591100">
    <ele>2353.5</ele>
   </trkpt>
   <trkpt lat="-28.1049500" lon="-65.9591120">
    <ele>2353.4</ele>
   </trkpt>
   <trkpt lat="-28.1049640" lon="-65.9591130">
    <ele>2353.5</ele>
   </trkpt>
   <trkpt lat="-28.1049770" lon="-65.9591120">
    <ele>2353.5</ele>
   </trkpt>
   <trkpt lat="-28.1049910" lon="-65.9591110">
    <ele>2353.5</ele>
   </trkpt>
   <trkpt lat="-28.1050030" lon="-65.9591080">
    <ele>2353.6</ele>
   </trkpt>
   <trkpt lat="-28.1050150" lon="-65.9591040">
    <ele>2353.6</ele>
   </trkpt>
   <trkpt lat="-28.1050270" lon="-65.9590990">
    <ele>2353.6</ele>
   </trkpt>
   <trkpt lat="-28.1050390" lon="-65.9590950">
    <ele>2353.8</ele>
   </trkpt>
   <trkpt lat="-28.1050520" lon="-65.9590900">
    <ele>2353.8</ele>
   </trkpt>
   <trkpt lat="-28.1050640" lon="-65.9590850">
    <ele>2353.8</ele>
   </trkpt>
   <trkpt lat="-28.1050770" lon="-65.9590810">
    <ele>2354.8</ele>
   </trkpt>
   <trkpt lat="-28.1050900" lon="-65.9590770">
    <ele>2354.8</ele>
   </trkpt>
   <trkpt lat="-28.1051020" lon="-65.9590750">
    <ele>2354.8</ele>
   </trkpt>
   <trkpt lat="-28.1051150" lon="-65.9590740">
    <ele>2355.5</ele>
   </trkpt>
   <trkpt lat="-28.1051280" lon="-65.9590740">
    <ele>2355.5</ele>
   </trkpt>
   <trkpt lat="-28.1051420" lon="-65.9590740">
    <ele>2355.4</ele>
   </trkpt>
   <trkpt lat="-28.1051570" lon="-65.9590770">
    <ele>2356.2</ele>
   </trkpt>
   <trkpt lat="-28.1051720" lon="-65.9590800">
    <ele>2356.2</ele>
   </trkpt>
   <trkpt lat="-28.1051860" lon="-65.9590830">
    <ele>2356.4</ele>
   </trkpt>
   <trkpt lat="-28.1052000" lon="-65.9590870">
    <ele>2356.3</ele>
   </trkpt>
   <trkpt lat="-28.1052140" lon="-65.9590890">
    <ele>2356.3</ele>
   </trkpt>
   <trkpt lat="-28.1052280" lon="-65.9590910">
    <ele>2357.1</ele>
   </trkpt>
   <trkpt lat="-28.1052400" lon="-65.9590920">
    <ele>2357.1</ele>
   </trkpt>
   <trkpt lat="-28.1052520" lon="-65.9590930">
    <ele>2357.0</ele>
   </trkpt>
   <trkpt lat="-28.1052640" lon="-65.9590930">
    <ele>2357.8</ele>
   </trkpt>
   <trkpt lat="-28.1052760" lon="-65.9590930">
    <ele>2357.7</ele>
   </trkpt>
   <trkpt lat="-28.1052890" lon="-65.9590930">
    <ele>2357.7</ele>
   </trkpt>
   <trkpt lat="-28.1053010" lon="-65.9590930">
    <ele>2358.4</ele>
   </trkpt>
   <trkpt lat="-28.1053140" lon="-65.9590930">
    <ele>2358.4</ele>
   </trkpt>
   <trkpt lat="-28.1053270" lon="-65.9590930">
    <ele>2358.4</ele>
   </trkpt>
   <trkpt lat="-28.1053400" lon="-65.9590930">
    <ele>2359.1</ele>
   </trkpt>
   <trkpt lat="-28.1053540" lon="-65.9590930">
    <ele>2359.1</ele>
   </trkpt>
   <trkpt lat="-28.1053670" lon="-65.9590950">
    <ele>2359.1</ele>
   </trkpt>
   <trkpt lat="-28.1053800" lon="-65.9590970">
    <ele>2359.9</ele>
   </trkpt>
   <trkpt lat="-28.1053930" lon="-65.9591010">
    <ele>2359.8</ele>
   </trkpt>
   <trkpt lat="-28.1054050" lon="-65.9591040">
    <ele>2359.8</ele>
   </trkpt>
   <trkpt lat="-28.1054180" lon="-65.9591070">
    <ele>2360.7</ele>
   </trkpt>
   <trkpt lat="-28.1054310" lon="-65.9591110">
    <ele>2360.6</ele>
   </trkpt>
   <trkpt lat="-28.1054430" lon="-65.9591130">
    <ele>2360.6</ele>
   </trkpt>
   <trkpt lat="-28.1054550" lon="-65.9591150">
    <ele>2361.4</ele>
   </trkpt>
   <trkpt lat="-28.1054680" lon="-65.9591160">
    <ele>2361.4</ele>
   </trkpt>
   <trkpt lat="-28.1054810" lon="-65.9591170">
    <ele>2361.4</ele>
   </trkpt>
   <trkpt lat="-28.1054930" lon="-65.9591190">
    <ele>2362.1</ele>
   </trkpt>
   <trkpt lat="-28.1055060" lon="-65.9591200">
    <ele>2362.1</ele>
   </trkpt>
   <trkpt lat="-28.1055200" lon="-65.9591220">
    <ele>2362.0</ele>
   </trkpt>
   <trkpt lat="-28.1055340" lon="-65.9591240">
    <ele>2362.6</ele>
   </trkpt>
   <trkpt lat="-28.1055500" lon="-65.9591290">
    <ele>2362.3</ele>
   </trkpt>
   <trkpt lat="-28.1055670" lon="-65.9591350">
    <ele>2362.9</ele>
   </trkpt>
   <trkpt lat="-28.1055880" lon="-65.9591430">
    <ele>2362.9</ele>
   </trkpt>
   <trkpt lat="-28.1056090" lon="-65.9591510">
    <ele>2363.3</ele>
   </trkpt>
   <trkpt lat="-28.1056290" lon="-65.9591580">
    <ele>2363.2</ele>
   </trkpt>
   <trkpt lat="-28.1056500" lon="-65.9591650">
    <ele>2363.5</ele>
   </trkpt>
   <trkpt lat="-28.1056660" lon="-65.9591660">
    <ele>2363.5</ele>
   </trkpt>
   <trkpt lat="-28.1056830" lon="-65.9591670">
    <ele>2363.6</ele>
   </trkpt>
   <trkpt lat="-28.1056990" lon="-65.9591650">
    <ele>2363.6</ele>
   </trkpt>
   <trkpt lat="-28.1057140" lon="-65.9591630">
    <ele>2363.6</ele>
   </trkpt>
   <trkpt lat="-28.1057290" lon="-65.9591630">
    <ele>2363.6</ele>
   </trkpt>
   <trkpt lat="-28.1057430" lon="-65.9591620">
    <ele>2363.6</ele>
   </trkpt>
   <trkpt lat="-28.1057620" lon="-65.9591660">
    <ele>2363.6</ele>
   </trkpt>
   <trkpt lat="-28.1057800" lon="-65.9591690">
    <ele>2363.7</ele>
   </trkpt>
   <trkpt lat="-28.1058030" lon="-65.9591740">
    <ele>2363.8</ele>
   </trkpt>
   <trkpt lat="-28.1058260" lon="-65.9591800">
    <ele>2363.8</ele>
   </trkpt>
   <trkpt lat="-28.1058510" lon="-65.9591830">
    <ele>2363.8</ele>
   </trkpt>
   <trkpt lat="-28.1058760" lon="-65.9591860">
    <ele>2364.0</ele>
   </trkpt>
   <trkpt lat="-28.1059010" lon="-65.9591860">
    <ele>2364.0</ele>
   </trkpt>
   <trkpt lat="-28.1059260" lon="-65.9591870">
    <ele>2364.2</ele>
   </trkpt>
   <trkpt lat="-28.1059490" lon="-65.9591870">
    <ele>2364.6</ele>
   </trkpt>
   <trkpt lat="-28.1059720" lon="-65.9591870">
    <ele>2364.6</ele>
   </trkpt>
   <trkpt lat="-28.1059930" lon="-65.9591880">
    <ele>2365.1</ele>
   </trkpt>
   <trkpt lat="-28.1060140" lon="-65.9591890">
    <ele>2365.1</ele>
   </trkpt>
   <trkpt lat="-28.1060340" lon="-65.9591900">
    <ele>2365.8</ele>
   </trkpt>
   <trkpt lat="-28.1060540" lon="-65.9591910">
    <ele>2365.8</ele>
   </trkpt>
   <trkpt lat="-28.1060740" lon="-65.9591910">
    <ele>2366.5</ele>
   </trkpt>
   <trkpt lat="-28.1060930" lon="-65.9591910">
    <ele>2367.3</ele>
   </trkpt>
   <trkpt lat="-28.1061130" lon="-65.9591900">
    <ele>2367.3</ele>
   </trkpt>
   <trkpt lat="-28.1061320" lon="-65.9591890">
    <ele>2368.0</ele>
   </trkpt>
   <trkpt lat="-28.1061520" lon="-65.9591880">
    <ele>2368.0</ele>
   </trkpt>
   <trkpt lat="-28.1061720" lon="-65.9591880">
    <ele>2368.7</ele>
   </trkpt>
   <trkpt lat="-28.1061910" lon="-65.9591890">
    <ele>2368.6</ele>
   </trkpt>
   <trkpt lat="-28.1062110" lon="-65.9591900">
    <ele>2369.3</ele>
   </trkpt>
   <trkpt lat="-28.1062310" lon="-65.9591910">
    <ele>2369.3</ele>
   </trkpt>
   <trkpt lat="-28.1062510" lon="-65.9591930">
    <ele>2370.0</ele>
   </trkpt>
   <trkpt lat="-28.1062710" lon="-65.9591940">
    <ele>2370.0</ele>
   </trkpt>
   <trkpt lat="-28.1062910" lon="-65.9591960">
    <ele>2370.8</ele>
   </trkpt>
   <trkpt lat="-28.1063090" lon="-65.9591980">
    <ele>2370.7</ele>
   </trkpt>
   <trkpt lat="-28.1063280" lon="-65.9592010">
    <ele>2371.6</ele>
   </trkpt>
   <trkpt lat="-28.1063420" lon="-65.9592050">
    <ele>2371.6</ele>
   </trkpt>
   <trkpt lat="-28.1063570" lon="-65.9592100">
    <ele>2371.5</ele>
   </trkpt>
   <trkpt lat="-28.1063700" lon="-65.9592130">
    <ele>2373.5</ele>
   </trkpt>
   <trkpt lat="-28.1063820" lon="-65.9592160">
    <ele>2373.5</ele>
   </trkpt>
   <trkpt lat="-28.1063950" lon="-65.9592190">
    <ele>2373.5</ele>
   </trkpt>
   <trkpt lat="-28.1064080" lon="-65.9592210">
    <ele>2374.3</ele>
   </trkpt>
   <trkpt lat="-28.1064210" lon="-65.9592240">
    <ele>2374.3</ele>
   </trkpt>
   <trkpt lat="-28.1064340" lon="-65.9592260">
    <ele>2375.0</ele>
   </trkpt>
   <trkpt lat="-28.1064470" lon="-65.9592270">
    <ele>2374.9</ele>
   </trkpt>
   <trkpt lat="-28.1064610" lon="-65.9592270">
    <ele>2374.9</ele>
   </trkpt>
   <trkpt lat="-28.1064740" lon="-65.9592300">
    <ele>2375.4</ele>
   </trkpt>
   <trkpt lat="-28.1064870" lon="-65.9592320">
    <ele>2375.3</ele>
   </trkpt>
   <trkpt lat="-28.1065010" lon="-65.9592360">
    <ele>2375.3</ele>
   </trkpt>
   <trkpt lat="-28.1065150" lon="-65.9592410">
    <ele>2375.6</ele>
   </trkpt>
   <trkpt lat="-28.1065290" lon="-65.9592450">
    <ele>2375.6</ele>
   </trkpt>
   <trkpt lat="-28.1065440" lon="-65.9592490">
    <ele>2375.6</ele>
   </trkpt>
   <trkpt lat="-28.1065580" lon="-65.9592520">
    <ele>2375.7</ele>
   </trkpt>
   <trkpt lat="-28.1065730" lon="-65.9592560">
    <ele>2376.5</ele>
   </trkpt>
   <trkpt lat="-28.1065860" lon="-65.9592560">
    <ele>2376.4</ele>
   </trkpt>
   <trkpt lat="-28.1066000" lon="-65.9592570">
    <ele>2376.4</ele>
   </trkpt>
   <trkpt lat="-28.1066140" lon="-65.9592570">
    <ele>2376.4</ele>
   </trkpt>
   <trkpt lat="-28.1066270" lon="-65.9592580">
    <ele>2376.3</ele>
   </trkpt>
   <trkpt lat="-28.1066400" lon="-65.9592610">
    <ele>2376.2</ele>
   </trkpt>
   <trkpt lat="-28.1066530" lon="-65.9592640">
    <ele>2376.2</ele>
   </trkpt>
   <trkpt lat="-28.1066660" lon="-65.9592690">
    <ele>2376.1</ele>
   </trkpt>
   <trkpt lat="-28.1066780" lon="-65.9592740">
    <ele>2376.1</ele>
   </trkpt>
   <trkpt lat="-28.1066910" lon="-65.9592790">
    <ele>2376.1</ele>
   </trkpt>
   <trkpt lat="-28.1067040" lon="-65.9592830">
    <ele>2376.1</ele>
   </trkpt>
   <trkpt lat="-28.1067170" lon="-65.9592870">
    <ele>2376.1</ele>
   </trkpt>
   <trkpt lat="-28.1067300" lon="-65.9592920">
    <ele>2376.1</ele>
   </trkpt>
   <trkpt lat="-28.1067440" lon="-65.9592960">
    <ele>2376.3</ele>
   </trkpt>
   <trkpt lat="-28.1067570" lon="-65.9593000">
    <ele>2376.9</ele>
   </trkpt>
   <trkpt lat="-28.1067710" lon="-65.9593030">
    <ele>2376.9</ele>
   </trkpt>
   <trkpt lat="-28.1067850" lon="-65.9593070">
    <ele>2377.3</ele>
   </trkpt>
   <trkpt lat="-28.1067980" lon="-65.9593110">
    <ele>2377.2</ele>
   </trkpt>
   <trkpt lat="-28.1068110" lon="-65.9593140">
    <ele>2377.2</ele>
   </trkpt>
   <trkpt lat="-28.1068230" lon="-65.9593180">
    <ele>2377.7</ele>
   </trkpt>
   <trkpt lat="-28.1068360" lon="-65.9593210">
    <ele>2377.7</ele>
   </trkpt>
   <trkpt lat="-28.1068490" lon="-65.9593230">
    <ele>2377.7</ele>
   </trkpt>
   <trkpt lat="-28.1068620" lon="-65.9593250">
    <ele>2378.2</ele>
   </trkpt>
   <trkpt lat="-28.1068760" lon="-65.9593250">
    <ele>2378.1</ele>
   </trkpt>
   <trkpt lat="-28.1068900" lon="-65.9593240">
    <ele>2378.6</ele>
   </trkpt>
   <trkpt lat="-28.1069060" lon="-65.9593250">
    <ele>2378.6</ele>
   </trkpt>
   <trkpt lat="-28.1069220" lon="-65.9593250">
    <ele>2378.6</ele>
   </trkpt>
   <trkpt lat="-28.1069420" lon="-65.9593250">
    <ele>2379.0</ele>
   </trkpt>
   <trkpt lat="-28.1069620" lon="-65.9593260">
    <ele>2379.0</ele>
   </trkpt>
   <trkpt lat="-28.1069820" lon="-65.9593260">
    <ele>2379.4</ele>
   </trkpt>
   <trkpt lat="-28.1070020" lon="-65.9593260">
    <ele>2379.8</ele>
   </trkpt>
   <trkpt lat="-28.1070170" lon="-65.9593290">
    <ele>2379.8</ele>
   </trkpt>
   <trkpt lat="-28.1070320" lon="-65.9593310">
    <ele>2379.8</ele>
   </trkpt>
   <trkpt lat="-28.1070470" lon="-65.9593360">
    <ele>2380.3</ele>
   </trkpt>
   <trkpt lat="-28.1070620" lon="-65.9593410">
    <ele>2380.6</ele>
   </trkpt>
   <trkpt lat="-28.1070810" lon="-65.9593470">
    <ele>2381.1</ele>
   </trkpt>
   <trkpt lat="-28.1071010" lon="-65.9593530">
    <ele>2381.1</ele>
   </trkpt>
   <trkpt lat="-28.1071230" lon="-65.9593580">
    <ele>2381.7</ele>
   </trkpt>
   <trkpt lat="-28.1071460" lon="-65.9593630">
    <ele>2381.6</ele>
   </trkpt>
   <trkpt lat="-28.1071690" lon="-65.9593700">
    <ele>2382.0</ele>
   </trkpt>
   <trkpt lat="-28.1071930" lon="-65.9593770">
    <ele>2382.2</ele>
   </trkpt>
   <trkpt lat="-28.1072170" lon="-65.9593860">
    <ele>2382.4</ele>
   </trkpt>
   <trkpt lat="-28.1072410" lon="-65.9593950">
    <ele>2382.4</ele>
   </trkpt>
   <trkpt lat="-28.1072650" lon="-65.9594040">
    <ele>2382.4</ele>
   </trkpt>
   <trkpt lat="-28.1072890" lon="-65.9594120">
    <ele>2382.1</ele>
   </trkpt>
   <trkpt lat="-28.1073130" lon="-65.9594190">
    <ele>2381.6</ele>
   </trkpt>
   <trkpt lat="-28.1073380" lon="-65.9594260">
    <ele>2381.7</ele>
   </trkpt>
   <trkpt lat="-28.1073620" lon="-65.9594340">
    <ele>2380.9</ele>
   </trkpt>
   <trkpt lat="-28.1073860" lon="-65.9594420">
    <ele>2379.9</ele>
   </trkpt>
   <trkpt lat="-28.1074130" lon="-65.9594490">
    <ele>2379.9</ele>
   </trkpt>
   <trkpt lat="-28.1074390" lon="-65.9594560">
    <ele>2378.8</ele>
   </trkpt>
   <trkpt lat="-28.1074690" lon="-65.9594590">
    <ele>2377.7</ele>
   </trkpt>
   <trkpt lat="-28.1074980" lon="-65.9594620">
    <ele>2376.8</ele>
   </trkpt>
   <trkpt lat="-28.1075280" lon="-65.9594630">
    <ele>2376.8</ele>
   </trkpt>
   <trkpt lat="-28.1075580" lon="-65.9594640">
    <ele>2376.1</ele>
   </trkpt>
   <trkpt lat="-28.1075870" lon="-65.9594670">
    <ele>2375.6</ele>
   </trkpt>
   <trkpt lat="-28.1076160" lon="-65.9594700">
    <ele>2375.2</ele>
   </trkpt>
   <trkpt lat="-28.1076460" lon="-65.9594760">
    <ele>2374.9</ele>
   </trkpt>
   <trkpt lat="-28.1076760" lon="-65.9594810">
    <ele>2374.9</ele>
   </trkpt>
   <trkpt lat="-28.1077090" lon="-65.9594890">
    <ele>2374.7</ele>
   </trkpt>
   <trkpt lat="-28.1077420" lon="-65.9594960">
    <ele>2374.5</ele>
   </trkpt>
   <trkpt lat="-28.1077780" lon="-65.9595030">
    <ele>2374.4</ele>
   </trkpt>
   <trkpt lat="-28.1078140" lon="-65.9595090">
    <ele>2374.3</ele>
   </trkpt>
   <trkpt lat="-28.1078500" lon="-65.9595130">
    <ele>2374.6</ele>
   </trkpt>
   <trkpt lat="-28.1078860" lon="-65.9595170">
    <ele>2374.7</ele>
   </trkpt>
   <trkpt lat="-28.1079210" lon="-65.9595200">
    <ele>2374.9</ele>
   </trkpt>
   <trkpt lat="-28.1079560" lon="-65.9595220">
    <ele>2375.0</ele>
   </trkpt>
   <trkpt lat="-28.1079900" lon="-65.9595230">
    <ele>2375.2</ele>
   </trkpt>
   <trkpt lat="-28.1080240" lon="-65.9595230">
    <ele>2375.3</ele>
   </trkpt>
   <trkpt lat="-28.1080580" lon="-65.9595200">
    <ele>2375.3</ele>
   </trkpt>
   <trkpt lat="-28.1080920" lon="-65.9595180">
    <ele>2375.3</ele>
   </trkpt>
   <trkpt lat="-28.1081250" lon="-65.9595140">
    <ele>2375.2</ele>
   </trkpt>
   <trkpt lat="-28.1081580" lon="-65.9595110">
    <ele>2374.9</ele>
   </trkpt>
   <trkpt lat="-28.1081900" lon="-65.9595080">
    <ele>2374.5</ele>
   </trkpt>
   <trkpt lat="-28.1082220" lon="-65.9595060">
    <ele>2374.3</ele>
   </trkpt>
   <trkpt lat="-28.1082520" lon="-65.9595060">
    <ele>2374.2</ele>
   </trkpt>
   <trkpt lat="-28.1082820" lon="-65.9595060">
    <ele>2374.2</ele>
   </trkpt>
   <trkpt lat="-28.1083090" lon="-65.9595080">
    <ele>2374.4</ele>
   </trkpt>
   <trkpt lat="-28.1083370" lon="-65.9595100">
    <ele>2374.8</ele>
   </trkpt>
   <trkpt lat="-28.1083600" lon="-65.9595140">
    <ele>2374.9</ele>
   </trkpt>
   <trkpt lat="-28.1083830" lon="-65.9595180">
    <ele>2375.4</ele>
   </trkpt>
   <trkpt lat="-28.1084040" lon="-65.9595250">
    <ele>2375.9</ele>
   </trkpt>
   <trkpt lat="-28.1084250" lon="-65.9595320">
    <ele>2375.9</ele>
   </trkpt>
   <trkpt lat="-28.1084480" lon="-65.9595400">
    <ele>2376.4</ele>
   </trkpt>
   <trkpt lat="-28.1084700" lon="-65.9595480">
    <ele>2376.4</ele>
   </trkpt>
   <trkpt lat="-28.1084940" lon="-65.9595580">
    <ele>2376.8</ele>
   </trkpt>
   <trkpt lat="-28.1085180" lon="-65.9595680">
    <ele>2377.3</ele>
   </trkpt>
   <trkpt lat="-28.1085420" lon="-65.9595800">
    <ele>2377.2</ele>
   </trkpt>
   <trkpt lat="-28.1085650" lon="-65.9595930">
    <ele>2377.6</ele>
   </trkpt>
   <trkpt lat="-28.1085900" lon="-65.9596070">
    <ele>2377.5</ele>
   </trkpt>
   <trkpt lat="-28.1086150" lon="-65.9596200">
    <ele>2377.7</ele>
   </trkpt>
   <trkpt lat="-28.1086410" lon="-65.9596330">
    <ele>2377.7</ele>
   </trkpt>
   <trkpt lat="-28.1086660" lon="-65.9596470">
    <ele>2377.6</ele>
   </trkpt>
   <trkpt lat="-28.1086910" lon="-65.9596620">
    <ele>2377.4</ele>
   </trkpt>
   <trkpt lat="-28.1087160" lon="-65.9596780">
    <ele>2377.0</ele>
   </trkpt>
   <trkpt lat="-28.1087380" lon="-65.9597000">
    <ele>2376.7</ele>
   </trkpt>
   <trkpt lat="-28.1087600" lon="-65.9597210">
    <ele>2376.0</ele>
   </trkpt>
   <trkpt lat="-28.1087790" lon="-65.9597490">
    <ele>2375.6</ele>
   </trkpt>
   <trkpt lat="-28.1087970" lon="-65.9597770">
    <ele>2374.4</ele>
   </trkpt>
   <trkpt lat="-28.1088130" lon="-65.9598100">
    <ele>2374.4</ele>
   </trkpt>
   <trkpt lat="-28.1088290" lon="-65.9598430">
    <ele>2373.3</ele>
   </trkpt>
   <trkpt lat="-28.1088450" lon="-65.9598780">
    <ele>2373.0</ele>
   </trkpt>
   <trkpt lat="-28.1088600" lon="-65.9599130">
    <ele>2372.3</ele>
   </trkpt>
   <trkpt lat="-28.1088760" lon="-65.9599470">
    <ele>2371.9</ele>
   </trkpt>
   <trkpt lat="-28.1088920" lon="-65.9599820">
    <ele>2371.8</ele>
   </trkpt>
   <trkpt lat="-28.1089090" lon="-65.9600160">
    <ele>2371.1</ele>
   </trkpt>
   <trkpt lat="-28.1089250" lon="-65.9600510">
    <ele>2370.4</ele>
   </trkpt>
   <trkpt lat="-28.1089420" lon="-65.9600840">
    <ele>2369.6</ele>
   </trkpt>
   <trkpt lat="-28.1089580" lon="-65.9601180">
    <ele>2368.8</ele>
   </trkpt>
   <trkpt lat="-28.1089740" lon="-65.9601510">
    <ele>2368.7</ele>
   </trkpt>
   <trkpt lat="-28.1089900" lon="-65.9601850">
    <ele>2367.7</ele>
   </trkpt>
   <trkpt lat="-28.1090060" lon="-65.9602200">
    <ele>2366.7</ele>
   </trkpt>
   <trkpt lat="-28.1090220" lon="-65.9602550">
    <ele>2365.5</ele>
   </trkpt>
   <trkpt lat="-28.1090370" lon="-65.9602890">
    <ele>2364.6</ele>
   </trkpt>
   <trkpt lat="-28.1090520" lon="-65.9603240">
    <ele>2364.5</ele>
   </trkpt>
   <trkpt lat="-28.1090670" lon="-65.9603510">
    <ele>2363.7</ele>
   </trkpt>
   <trkpt lat="-28.1090820" lon="-65.9603770">
    <ele>2363.0</ele>
   </trkpt>
   <trkpt lat="-28.1090960" lon="-65.9603920">
    <ele>2362.8</ele>
   </trkpt>
   <trkpt lat="-28.1091110" lon="-65.9604060">
    <ele>2362.8</ele>
   </trkpt>
   <trkpt lat="-28.1091260" lon="-65.9604130">
    <ele>2361.6</ele>
   </trkpt>
   <trkpt lat="-28.1091420" lon="-65.9604210">
    <ele>2361.6</ele>
   </trkpt>
   <trkpt lat="-28.1091590" lon="-65.9604290">
    <ele>2361.3</ele>
   </trkpt>
   <trkpt lat="-28.1091760" lon="-65.9604370">
    <ele>2361.3</ele>
   </trkpt>
   <trkpt lat="-28.1091930" lon="-65.9604510">
    <ele>2361.3</ele>
   </trkpt>
   <trkpt lat="-28.1092110" lon="-65.9604640">
    <ele>2360.0</ele>
   </trkpt>
   <trkpt lat="-28.1092210" lon="-65.9604830">
    <ele>2360.0</ele>
   </trkpt>
   <trkpt lat="-28.1092310" lon="-65.9605010">
    <ele>2360.0</ele>
   </trkpt>
   <trkpt lat="-28.1092260" lon="-65.9605220">
    <ele>2360.0</ele>
   </trkpt>
   <trkpt lat="-28.1092220" lon="-65.9605440">
    <ele>2360.0</ele>
   </trkpt>
   <trkpt lat="-28.1092110" lon="-65.9605640">
    <ele>2360.0</ele>
   </trkpt>
   <trkpt lat="-28.1092000" lon="-65.9605840">
    <ele>2360.0</ele>
   </trkpt>
   <trkpt lat="-28.1092000" lon="-65.9606040">
    <ele>2359.9</ele>
   </trkpt>
   <trkpt lat="-28.1092000" lon="-65.9606230">
    <ele>2359.8</ele>
   </trkpt>
   <trkpt lat="-28.1092170" lon="-65.9606400">
    <ele>2359.7</ele>
   </trkpt>
   <trkpt lat="-28.1092340" lon="-65.9606580">
    <ele>2359.6</ele>
   </trkpt>
   <trkpt lat="-28.1092610" lon="-65.9606730">
    <ele>2359.4</ele>
   </trkpt>
   <trkpt lat="-28.1092890" lon="-65.9606890">
    <ele>2359.1</ele>
   </trkpt>
   <trkpt lat="-28.1093170" lon="-65.9607090">
    <ele>2358.7</ele>
   </trkpt>
   <trkpt lat="-28.1093460" lon="-65.9607300">
    <ele>2358.3</ele>
   </trkpt>
   <trkpt lat="-28.1093670" lon="-65.9607600">
    <ele>2357.8</ele>
   </trkpt>
   <trkpt lat="-28.1093880" lon="-65.9607900">
    <ele>2357.3</ele>
   </trkpt>
   <trkpt lat="-28.1094000" lon="-65.9608290">
    <ele>2356.7</ele>
   </trkpt>
   <trkpt lat="-28.1094120" lon="-65.9608670">
    <ele>2356.1</ele>
   </trkpt>
   <trkpt lat="-28.1094200" lon="-65.9609100">
    <ele>2355.5</ele>
   </trkpt>
   <trkpt lat="-28.1094280" lon="-65.9609530">
    <ele>2354.9</ele>
   </trkpt>
   <trkpt lat="-28.1094420" lon="-65.9609920">
    <ele>2354.3</ele>
   </trkpt>
   <trkpt lat="-28.1094560" lon="-65.9610310">
    <ele>2353.7</ele>
   </trkpt>
   <trkpt lat="-28.1094800" lon="-65.9610550">
    <ele>2353.3</ele>
   </trkpt>
   <trkpt lat="-28.1095040" lon="-65.9610780">
    <ele>2352.8</ele>
   </trkpt>
   <trkpt lat="-28.1095330" lon="-65.9610810">
    <ele>2352.3</ele>
   </trkpt>
   <trkpt lat="-28.1095620" lon="-65.9610850">
    <ele>2351.8</ele>
   </trkpt>
   <trkpt lat="-28.1095910" lon="-65.9610780">
    <ele>2351.4</ele>
   </trkpt>
   <trkpt lat="-28.1096210" lon="-65.9610720">
    <ele>2350.8</ele>
   </trkpt>
   <trkpt lat="-28.1096530" lon="-65.9610680">
    <ele>2350.3</ele>
   </trkpt>
   <trkpt lat="-28.1096850" lon="-65.9610640">
    <ele>2349.7</ele>
   </trkpt>
   <trkpt lat="-28.1097170" lon="-65.9610680">
    <ele>2349.1</ele>
   </trkpt>
   <trkpt lat="-28.1097500" lon="-65.9610730">
    <ele>2348.4</ele>
   </trkpt>
   <trkpt lat="-28.1097800" lon="-65.9610870">
    <ele>2347.8</ele>
   </trkpt>
   <trkpt lat="-28.1098090" lon="-65.9611010">
    <ele>2347.2</ele>
   </trkpt>
   <trkpt lat="-28.1098300" lon="-65.9611230">
    <ele>2346.6</ele>
   </trkpt>
   <trkpt lat="-28.1098510" lon="-65.9611460">
    <ele>2346.0</ele>
   </trkpt>
   <trkpt lat="-28.1098610" lon="-65.9611740">
    <ele>2345.8</ele>
   </trkpt>
   <trkpt lat="-28.1098710" lon="-65.9612020">
    <ele>2345.7</ele>
   </trkpt>
   <trkpt lat="-28.1098750" lon="-65.9612330">
    <ele>2345.6</ele>
   </trkpt>
   <trkpt lat="-28.1098790" lon="-65.9612650">
    <ele>2345.5</ele>
   </trkpt>
   <trkpt lat="-28.1098850" lon="-65.9613010">
    <ele>2345.4</ele>
   </trkpt>
   <trkpt lat="-28.1098900" lon="-65.9613370">
    <ele>2345.3</ele>
   </trkpt>
   <trkpt lat="-28.1099010" lon="-65.9613770">
    <ele>2345.3</ele>
   </trkpt>
   <trkpt lat="-28.1099110" lon="-65.9614180">
    <ele>2345.4</ele>
   </trkpt>
   <trkpt lat="-28.1099230" lon="-65.9614570">
    <ele>2345.5</ele>
   </trkpt>
   <trkpt lat="-28.1099340" lon="-65.9614960">
    <ele>2345.7</ele>
   </trkpt>
   <trkpt lat="-28.1099440" lon="-65.9615310">
    <ele>2346.0</ele>
   </trkpt>
   <trkpt lat="-28.1099530" lon="-65.9615660">
    <ele>2346.3</ele>
   </trkpt>
   <trkpt lat="-28.1099580" lon="-65.9615930">
    <ele>2346.6</ele>
   </trkpt>
   <trkpt lat="-28.1099640" lon="-65.9616200">
    <ele>2347.0</ele>
   </trkpt>
   <trkpt lat="-28.1099650" lon="-65.9616400">
    <ele>2347.2</ele>
   </trkpt>
   <trkpt lat="-28.1099670" lon="-65.9616600">
    <ele>2347.5</ele>
   </trkpt>
   <trkpt lat="-28.1099670" lon="-65.9616770">
    <ele>2347.7</ele>
   </trkpt>
   <trkpt lat="-28.1099660" lon="-65.9616940">
    <ele>2348.0</ele>
   </trkpt>
   <trkpt lat="-28.1099680" lon="-65.9617110">
    <ele>2348.2</ele>
   </trkpt>
   <trkpt lat="-28.1099700" lon="-65.9617270">
    <ele>2348.5</ele>
   </trkpt>
   <trkpt lat="-28.1099780" lon="-65.9617380">
    <ele>2348.7</ele>
   </trkpt>
   <trkpt lat="-28.1099860" lon="-65.9617480">
    <ele>2349.0</ele>
   </trkpt>
   <trkpt lat="-28.1099990" lon="-65.9617490">
    <ele>2349.2</ele>
   </trkpt>
   <trkpt lat="-28.1100120" lon="-65.9617500">
    <ele>2349.5</ele>
   </trkpt>
   <trkpt lat="-28.1100280" lon="-65.9617460">
    <ele>2349.8</ele>
   </trkpt>
   <trkpt lat="-28.1100440" lon="-65.9617420">
    <ele>2350.1</ele>
   </trkpt>
   <trkpt lat="-28.1100630" lon="-65.9617410">
    <ele>2350.5</ele>
   </trkpt>
   <trkpt lat="-28.1100820" lon="-65.9617400">
    <ele>2351.0</ele>
   </trkpt>
   <trkpt lat="-28.1101020" lon="-65.9617460">
    <ele>2351.4</ele>
   </trkpt>
   <trkpt lat="-28.1101220" lon="-65.9617520">
    <ele>2351.9</ele>
   </trkpt>
   <trkpt lat="-28.1101410" lon="-65.9617670">
    <ele>2352.5</ele>
   </trkpt>
   <trkpt lat="-28.1101600" lon="-65.9617820">
    <ele>2353.0</ele>
   </trkpt>
   <trkpt lat="-28.1101780" lon="-65.9618030">
    <ele>2353.0</ele>
   </trkpt>
   <trkpt lat="-28.1101960" lon="-65.9618240">
    <ele>2353.1</ele>
   </trkpt>
   <trkpt lat="-28.1102140" lon="-65.9618480">
    <ele>2353.1</ele>
   </trkpt>
   <trkpt lat="-28.1102320" lon="-65.9618720">
    <ele>2353.1</ele>
   </trkpt>
   <trkpt lat="-28.1102470" lon="-65.9618980">
    <ele>2353.1</ele>
   </trkpt>
   <trkpt lat="-28.1102610" lon="-65.9619240">
    <ele>2353.1</ele>
   </trkpt>
   <trkpt lat="-28.1102640" lon="-65.9619500">
    <ele>2353.2</ele>
   </trkpt>
   <trkpt lat="-28.1102670" lon="-65.9619760">
    <ele>2353.2</ele>
   </trkpt>
   <trkpt lat="-28.1102590" lon="-65.9619900">
    <ele>2353.2</ele>
   </trkpt>
   <trkpt lat="-28.1102510" lon="-65.9620030">
    <ele>2353.2</ele>
   </trkpt>
   <trkpt lat="-28.1102460" lon="-65.9620020">
    <ele>2353.1</ele>
   </trkpt>
   <trkpt lat="-28.1102420" lon="-65.9620010">
    <ele>2353.1</ele>
   </trkpt>
   <trkpt lat="-28.1102370" lon="-65.9620000">
    <ele>2353.1</ele>
   </trkpt>
   <trkpt lat="-28.1102330" lon="-65.9619990">
    <ele>2353.1</ele>
   </trkpt>
   <trkpt lat="-28.1102280" lon="-65.9619920">
    <ele>2353.0</ele>
   </trkpt>
   <trkpt lat="-28.1102240" lon="-65.9619860">
    <ele>2353.0</ele>
   </trkpt>
   <trkpt lat="-28.1102240" lon="-65.9619760">
    <ele>2352.8</ele>
   </trkpt>
   <trkpt lat="-28.1102240" lon="-65.9619660">
    <ele>2352.7</ele>
   </trkpt>
   <trkpt lat="-28.1102320" lon="-65.9619490">
    <ele>2352.3</ele>
   </trkpt>
   <trkpt lat="-28.1102390" lon="-65.9619320">
    <ele>2352.0</ele>
   </trkpt>
   <trkpt lat="-28.1102490" lon="-65.9619080">
    <ele>2351.6</ele>
   </trkpt>
   <trkpt lat="-28.1102590" lon="-65.9618840">
    <ele>2351.1</ele>
   </trkpt>
   <trkpt lat="-28.1102580" lon="-65.9618530">
    <ele>2350.6</ele>
   </trkpt>
   <trkpt lat="-28.1102570" lon="-65.9618230">
    <ele>2350.2</ele>
   </trkpt>
   <trkpt lat="-28.1102430" lon="-65.9617900">
    <ele>2349.6</ele>
   </trkpt>
   <trkpt lat="-28.1102300" lon="-65.9617580">
    <ele>2349.1</ele>
   </trkpt>
   <trkpt lat="-28.1102080" lon="-65.9617270">
    <ele>2348.6</ele>
   </trkpt>
   <trkpt lat="-28.1101860" lon="-65.9616960">
    <ele>2348.1</ele>
   </trkpt>
   <trkpt lat="-28.1101580" lon="-65.9616690">
    <ele>2347.6</ele>
   </trkpt>
   <trkpt lat="-28.1101310" lon="-65.9616420">
    <ele>2347.1</ele>
   </trkpt>
   <trkpt lat="-28.1101010" lon="-65.9616170">
    <ele>2346.7</ele>
   </trkpt>
   <trkpt lat="-28.1100710" lon="-65.9615930">
    <ele>2346.3</ele>
   </trkpt>
   <trkpt lat="-28.1100410" lon="-65.9615680">
    <ele>2346.0</ele>
   </trkpt>
   <trkpt lat="-28.1100120" lon="-65.9615430">
    <ele>2345.8</ele>
   </trkpt>
   <trkpt lat="-28.1099860" lon="-65.9615160">
    <ele>2345.6</ele>
   </trkpt>
   <trkpt lat="-28.1099590" lon="-65.9614890">
    <ele>2345.4</ele>
   </trkpt>
   <trkpt lat="-28.1099370" lon="-65.9614600">
    <ele>2345.4</ele>
   </trkpt>
   <trkpt lat="-28.1099160" lon="-65.9614310">
    <ele>2345.3</ele>
   </trkpt>
   <trkpt lat="-28.1099010" lon="-65.9614030">
    <ele>2345.3</ele>
   </trkpt>
   <trkpt lat="-28.1098860" lon="-65.9613750">
    <ele>2345.3</ele>
   </trkpt>
   <trkpt lat="-28.1098770" lon="-65.9613500">
    <ele>2345.4</ele>
   </trkpt>
   <trkpt lat="-28.1098670" lon="-65.9613250">
    <ele>2345.4</ele>
   </trkpt>
   <trkpt lat="-28.1098620" lon="-65.9613030">
    <ele>2345.5</ele>
   </trkpt>
   <trkpt lat="-28.1098560" lon="-65.9612820">
    <ele>2345.5</ele>
   </trkpt>
   <trkpt lat="-28.1098530" lon="-65.9612640">
    <ele>2345.6</ele>
   </trkpt>
   <trkpt lat="-28.1098500" lon="-65.9612470">
    <ele>2345.6</ele>
   </trkpt>
   <trkpt lat="-28.1098480" lon="-65.9612320">
    <ele>2345.7</ele>
   </trkpt>
   <trkpt lat="-28.1098450" lon="-65.9612170">
    <ele>2345.7</ele>
   </trkpt>
   <trkpt lat="-28.1098440" lon="-65.9612040">
    <ele>2345.8</ele>
   </trkpt>
   <trkpt lat="-28.1098420" lon="-65.9611900">
    <ele>2345.8</ele>
   </trkpt>
   <trkpt lat="-28.1098420" lon="-65.9611780">
    <ele>2345.9</ele>
   </trkpt>
   <trkpt lat="-28.1098410" lon="-65.9611650">
    <ele>2345.9</ele>
   </trkpt>
   <trkpt lat="-28.1098390" lon="-65.9611530">
    <ele>2346.0</ele>
   </trkpt>
   <trkpt lat="-28.1098380" lon="-65.9611410">
    <ele>2346.1</ele>
   </trkpt>
   <trkpt lat="-28.1098330" lon="-65.9611290">
    <ele>2346.4</ele>
   </trkpt>
   <trkpt lat="-28.1098280" lon="-65.9611170">
    <ele>2346.6</ele>
   </trkpt>
   <trkpt lat="-28.1098190" lon="-65.9611060">
    <ele>2346.9</ele>
   </trkpt>
   <trkpt lat="-28.1098090" lon="-65.9610950">
    <ele>2347.2</ele>
   </trkpt>
   <trkpt lat="-28.1097960" lon="-65.9610820">
    <ele>2347.6</ele>
   </trkpt>
   <trkpt lat="-28.1097820" lon="-65.9610700">
    <ele>2348.0</ele>
   </trkpt>
   <trkpt lat="-28.1097650" lon="-65.9610590">
    <ele>2348.4</ele>
   </trkpt>
   <trkpt lat="-28.1097470" lon="-65.9610480">
    <ele>2348.8</ele>
   </trkpt>
   <trkpt lat="-28.1097270" lon="-65.9610400">
    <ele>2349.2</ele>
   </trkpt>
   <trkpt lat="-28.1097080" lon="-65.9610330">
    <ele>2349.7</ele>
   </trkpt>
   <trkpt lat="-28.1096880" lon="-65.9610280">
    <ele>2350.1</ele>
   </trkpt>
   <trkpt lat="-28.1096690" lon="-65.9610240">
    <ele>2350.5</ele>
   </trkpt>
   <trkpt lat="-28.1096520" lon="-65.9610210">
    <ele>2350.8</ele>
   </trkpt>
   <trkpt lat="-28.1096360" lon="-65.9610180">
    <ele>2351.1</ele>
   </trkpt>
   <trkpt lat="-28.1096220" lon="-65.9610170">
    <ele>2351.4</ele>
   </trkpt>
   <trkpt lat="-28.1096070" lon="-65.9610170">
    <ele>2351.6</ele>
   </trkpt>
   <trkpt lat="-28.1095940" lon="-65.9610170">
    <ele>2351.9</ele>
   </trkpt>
   <trkpt lat="-28.1095810" lon="-65.9610180">
    <ele>2352.1</ele>
   </trkpt>
   <trkpt lat="-28.1095680" lon="-65.9610190">
    <ele>2352.3</ele>
   </trkpt>
   <trkpt lat="-28.1095550" lon="-65.9610200">
    <ele>2352.5</ele>
   </trkpt>
   <trkpt lat="-28.1095420" lon="-65.9610220">
    <ele>2352.8</ele>
   </trkpt>
   <trkpt lat="-28.1095280" lon="-65.9610230">
    <ele>2353.0</ele>
   </trkpt>
   <trkpt lat="-28.1095150" lon="-65.9610260">
    <ele>2353.2</ele>
   </trkpt>
   <trkpt lat="-28.1095010" lon="-65.9610300">
    <ele>2353.5</ele>
   </trkpt>
   <trkpt lat="-28.1094860" lon="-65.9610290">
    <ele>2353.7</ele>
   </trkpt>
   <trkpt lat="-28.1094710" lon="-65.9610290">
    <ele>2354.0</ele>
   </trkpt>
   <trkpt lat="-28.1094580" lon="-65.9610200">
    <ele>2354.2</ele>
   </trkpt>
   <trkpt lat="-28.1094440" lon="-65.9610120">
    <ele>2354.5</ele>
   </trkpt>
   <trkpt lat="-28.1094340" lon="-65.9609960">
    <ele>2354.8</ele>
   </trkpt>
   <trkpt lat="-28.1094240" lon="-65.9609810">
    <ele>2355.1</ele>
   </trkpt>
   <trkpt lat="-28.1094180" lon="-65.9609600">
    <ele>2355.4</ele>
   </trkpt>
   <trkpt lat="-28.1094110" lon="-65.9609390">
    <ele>2355.8</ele>
   </trkpt>
   <trkpt lat="-28.1094070" lon="-65.9609150">
    <ele>2356.1</ele>
   </trkpt>
   <trkpt lat="-28.1094020" lon="-65.9608920">
    <ele>2356.5</ele>
   </trkpt>
   <trkpt lat="-28.1093980" lon="-65.9608690">
    <ele>2356.9</ele>
   </trkpt>
   <trkpt lat="-28.1093940" lon="-65.9608450">
    <ele>2357.2</ele>
   </trkpt>
   <trkpt lat="-28.1093930" lon="-65.9608220">
    <ele>2357.6</ele>
   </trkpt>
   <trkpt lat="-28.1093920" lon="-65.9607990">
    <ele>2358.0</ele>
   </trkpt>
   <trkpt lat="-28.1093950" lon="-65.9607750">
    <ele>2358.3</ele>
   </trkpt>
   <trkpt lat="-28.1093980" lon="-65.9607520">
    <ele>2358.6</ele>
   </trkpt>
   <trkpt lat="-28.1094000" lon="-65.9607270">
    <ele>2358.9</ele>
   </trkpt>
   <trkpt lat="-28.1094030" lon="-65.9607030">
    <ele>2359.1</ele>
   </trkpt>
   <trkpt lat="-28.1094010" lon="-65.9606770">
    <ele>2359.3</ele>
   </trkpt>
   <trkpt lat="-28.1093980" lon="-65.9606520">
    <ele>2359.5</ele>
   </trkpt>
   <trkpt lat="-28.1093920" lon="-65.9606250">
    <ele>2359.7</ele>
   </trkpt>
   <trkpt lat="-28.1093860" lon="-65.9605980">
    <ele>2359.8</ele>
   </trkpt>
   <trkpt lat="-28.1093780" lon="-65.9605710">
    <ele>2360.0</ele>
   </trkpt>
   <trkpt lat="-28.1093700" lon="-65.9605440">
    <ele>2360.0</ele>
   </trkpt>
   <trkpt lat="-28.1093620" lon="-65.9605150">
    <ele>2360.0</ele>
   </trkpt>
   <trkpt lat="-28.1093550" lon="-65.9604870">
    <ele>2360.0</ele>
   </trkpt>
   <trkpt lat="-28.1093510" lon="-65.9604560">
    <ele>2360.0</ele>
   </trkpt>
   <trkpt lat="-28.1093460" lon="-65.9604260">
    <ele>2360.0</ele>
   </trkpt>
   <trkpt lat="-28.1093430" lon="-65.9603920">
    <ele>2360.0</ele>
   </trkpt>
   <trkpt lat="-28.1093390" lon="-65.9603590">
    <ele>2360.0</ele>
   </trkpt>
   <trkpt lat="-28.1093360" lon="-65.9603240">
    <ele>2360.0</ele>
   </trkpt>
   <trkpt lat="-28.1093320" lon="-65.9602890">
    <ele>2360.0</ele>
   </trkpt>
   <trkpt lat="-28.1093290" lon="-65.9602520">
    <ele>2360.0</ele>
   </trkpt>
   <trkpt lat="-28.1093260" lon="-65.9602160">
    <ele>2360.0</ele>
   </trkpt>
   <trkpt lat="-28.1093240" lon="-65.9601800">
    <ele>2360.0</ele>
   </trkpt>
   <trkpt lat="-28.1093220" lon="-65.9601430">
    <ele>2360.1</ele>
   </trkpt>
   <trkpt lat="-28.1093240" lon="-65.9601080">
    <ele>2360.2</ele>
   </trkpt>
   <trkpt lat="-28.1093250" lon="-65.9600730">
    <ele>2360.3</ele>
   </trkpt>
   <trkpt lat="-28.1093290" lon="-65.9600400">
    <ele>2360.4</ele>
   </trkpt>
   <trkpt lat="-28.1093330" lon="-65.9600060">
    <ele>2360.5</ele>
   </trkpt>
   <trkpt lat="-28.1093400" lon="-65.9599750">
    <ele>2360.7</ele>
   </trkpt>
   <trkpt lat="-28.1093460" lon="-65.9599430">
    <ele>2360.8</ele>
   </trkpt>
   <trkpt lat="-28.1093520" lon="-65.9599130">
    <ele>2360.9</ele>
   </trkpt>
   <trkpt lat="-28.1093590" lon="-65.9598820">
    <ele>2361.1</ele>
   </trkpt>
   <trkpt lat="-28.1093660" lon="-65.9598510">
    <ele>2361.2</ele>
   </trkpt>
   <trkpt lat="-28.1093730" lon="-65.9598210">
    <ele>2361.3</ele>
   </trkpt>
   <trkpt lat="-28.1093790" lon="-65.9597880">
    <ele>2361.3</ele>
   </trkpt>
   <trkpt lat="-28.1093850" lon="-65.9597560">
    <ele>2361.4</ele>
   </trkpt>
   <trkpt lat="-28.1093880" lon="-65.9597200">
    <ele>2361.5</ele>
   </trkpt>
   <trkpt lat="-28.1093920" lon="-65.9596850">
    <ele>2361.5</ele>
   </trkpt>
   <trkpt lat="-28.1093900" lon="-65.9596490">
    <ele>2361.5</ele>
   </trkpt>
   <trkpt lat="-28.1093890" lon="-65.9596130">
    <ele>2361.5</ele>
   </trkpt>
   <trkpt lat="-28.1093820" lon="-65.9595760">
    <ele>2361.5</ele>
   </trkpt>
   <trkpt lat="-28.1093750" lon="-65.9595400">
    <ele>2361.6</ele>
   </trkpt>
   <trkpt lat="-28.1093630" lon="-65.9595050">
    <ele>2361.6</ele>
   </trkpt>
   <trkpt lat="-28.1093510" lon="-65.9594710">
    <ele>2361.6</ele>
   </trkpt>
   <trkpt lat="-28.1093360" lon="-65.9594380">
    <ele>2361.7</ele>
   </trkpt>
   <trkpt lat="-28.1093220" lon="-65.9594060">
    <ele>2361.8</ele>
   </trkpt>
   <trkpt lat="-28.1093070" lon="-65.9593770">
    <ele>2361.9</ele>
   </trkpt>
   <trkpt lat="-28.1092920" lon="-65.9593480">
    <ele>2362.0</ele>
   </trkpt>
   <trkpt lat="-28.1092760" lon="-65.9593210">
    <ele>2362.1</ele>
   </trkpt>
   <trkpt lat="-28.1092600" lon="-65.9592940">
    <ele>2362.2</ele>
   </trkpt>
   <trkpt lat="-28.1092410" lon="-65.9592700">
    <ele>2362.3</ele>
   </trkpt>
   <trkpt lat="-28.1092220" lon="-65.9592450">
    <ele>2362.4</ele>
   </trkpt>
   <trkpt lat="-28.1091990" lon="-65.9592240">
    <ele>2362.5</ele>
   </trkpt>
   <trkpt lat="-28.1091760" lon="-65.9592030">
    <ele>2362.6</ele>
   </trkpt>
   <trkpt lat="-28.1091480" lon="-65.9591850">
    <ele>2362.7</ele>
   </trkpt>
   <trkpt lat="-28.1091210" lon="-65.9591670">
    <ele>2362.8</ele>
   </trkpt>
   <trkpt lat="-28.1090920" lon="-65.9591510">
    <ele>2362.9</ele>
   </trkpt>
   <trkpt lat="-28.1090630" lon="-65.9591340">
    <ele>2363.0</ele>
   </trkpt>
   <trkpt lat="-28.1090370" lon="-65.9591160">
    <ele>2363.1</ele>
   </trkpt>
   <trkpt lat="-28.1090100" lon="-65.9590970">
    <ele>2363.2</ele>
   </trkpt>
   <trkpt lat="-28.1089880" lon="-65.9590740">
    <ele>2363.3</ele>
   </trkpt>
   <trkpt lat="-28.1089650" lon="-65.9590510">
    <ele>2363.4</ele>
   </trkpt>
   <trkpt lat="-28.1089470" lon="-65.9590240">
    <ele>2363.5</ele>
   </trkpt>
   <trkpt lat="-28.1089290" lon="-65.9589970">
    <ele>2363.6</ele>
   </trkpt>
   <trkpt lat="-28.1089120" lon="-65.9589680">
    <ele>2363.8</ele>
   </trkpt>
   <trkpt lat="-28.1088950" lon="-65.9589400">
    <ele>2363.9</ele>
   </trkpt>
   <trkpt lat="-28.1088780" lon="-65.9589120">
    <ele>2364.1</ele>
   </trkpt>
   <trkpt lat="-28.1088600" lon="-65.9588840">
    <ele>2364.2</ele>
   </trkpt>
   <trkpt lat="-28.1088430" lon="-65.9588570">
    <ele>2364.4</ele>
   </trkpt>
   <trkpt lat="-28.1088250" lon="-65.9588290">
    <ele>2364.5</ele>
   </trkpt>
   <trkpt lat="-28.1088120" lon="-65.9587990">
    <ele>2364.0</ele>
   </trkpt>
   <trkpt lat="-28.1087990" lon="-65.9587690">
    <ele>2362.9</ele>
   </trkpt>
   <trkpt lat="-28.1087930" lon="-65.9587360">
    <ele>2361.9</ele>
   </trkpt>
   <trkpt lat="-28.1087870" lon="-65.9587030">
    <ele>2361.9</ele>
   </trkpt>
   <trkpt lat="-28.1087810" lon="-65.9586680">
    <ele>2361.0</ele>
   </trkpt>
   <trkpt lat="-28.1087750" lon="-65.9586330">
    <ele>2360.9</ele>
   </trkpt>
   <trkpt lat="-28.1087680" lon="-65.9585980">
    <ele>2360.0</ele>
   </trkpt>
   <trkpt lat="-28.1087610" lon="-65.9585640">
    <ele>2359.1</ele>
   </trkpt>
   <trkpt lat="-28.1087570" lon="-65.9585300">
    <ele>2359.1</ele>
   </trkpt>
   <trkpt lat="-28.1087530" lon="-65.9584960">
    <ele>2358.0</ele>
   </trkpt>
   <trkpt lat="-28.1087530" lon="-65.9584650">
    <ele>2357.0</ele>
   </trkpt>
   <trkpt lat="-28.1087530" lon="-65.9584340">
    <ele>2356.0</ele>
   </trkpt>
   <trkpt lat="-28.1087570" lon="-65.9584090">
    <ele>2356.0</ele>
   </trkpt>
   <trkpt lat="-28.1087610" lon="-65.9583840">
    <ele>2355.3</ele>
   </trkpt>
   <trkpt lat="-28.1087720" lon="-65.9583670">
    <ele>2355.3</ele>
   </trkpt>
   <trkpt lat="-28.1087830" lon="-65.9583500">
    <ele>2355.1</ele>
   </trkpt>
   <trkpt lat="-28.1088020" lon="-65.9583390">
    <ele>2355.1</ele>
   </trkpt>
   <trkpt lat="-28.1088210" lon="-65.9583280">
    <ele>2355.4</ele>
   </trkpt>
   <trkpt lat="-28.1088390" lon="-65.9583160">
    <ele>2355.4</ele>
   </trkpt>
   <trkpt lat="-28.1088570" lon="-65.9583040">
    <ele>2355.1</ele>
   </trkpt>
   <trkpt lat="-28.1088650" lon="-65.9582870">
    <ele>2355.1</ele>
   </trkpt>
   <trkpt lat="-28.1088730" lon="-65.9582710">
    <ele>2355.1</ele>
   </trkpt>
   <trkpt lat="-28.1088750" lon="-65.9582510">
    <ele>2354.6</ele>
   </trkpt>
   <trkpt lat="-28.1088780" lon="-65.9582320">
    <ele>2354.6</ele>
   </trkpt>
   <trkpt lat="-28.1088810" lon="-65.9582070">
    <ele>2354.0</ele>
   </trkpt>
   <trkpt lat="-28.1088840" lon="-65.9581820">
    <ele>2354.0</ele>
   </trkpt>
   <trkpt lat="-28.1088880" lon="-65.9581510">
    <ele>2353.3</ele>
   </trkpt>
   <trkpt lat="-28.1088910" lon="-65.9581200">
    <ele>2352.5</ele>
   </trkpt>
   <trkpt lat="-28.1088990" lon="-65.9580870">
    <ele>2352.2</ele>
   </trkpt>
   <trkpt lat="-28.1089060" lon="-65.9580530">
    <ele>2352.2</ele>
   </trkpt>
   <trkpt lat="-28.1089190" lon="-65.9580240">
    <ele>2351.5</ele>
   </trkpt>
   <trkpt lat="-28.1089320" lon="-65.9579940">
    <ele>2351.3</ele>
   </trkpt>
   <trkpt lat="-28.1089480" lon="-65.9579680">
    <ele>2351.3</ele>
   </trkpt>
   <trkpt lat="-28.1089630" lon="-65.9579420">
    <ele>2350.7</ele>
   </trkpt>
   <trkpt lat="-28.1089780" lon="-65.9579170">
    <ele>2350.5</ele>
   </trkpt>
   <trkpt lat="-28.1089920" lon="-65.9578920">
    <ele>2350.5</ele>
   </trkpt>
   <trkpt lat="-28.1090010" lon="-65.9578700">
    <ele>2349.9</ele>
   </trkpt>
   <trkpt lat="-28.1090090" lon="-65.9578480">
    <ele>2350.0</ele>
   </trkpt>
   <trkpt lat="-28.1090100" lon="-65.9578260">
    <ele>2349.3</ele>
   </trkpt>
   <trkpt lat="-28.1090110" lon="-65.9578040">
    <ele>2349.3</ele>
   </trkpt>
   <trkpt lat="-28.1090080" lon="-65.9577780">
    <ele>2348.6</ele>
   </trkpt>
   <trkpt lat="-28.1090060" lon="-65.9577530">
    <ele>2348.4</ele>
   </trkpt>
   <trkpt lat="-28.1090030" lon="-65.9577230">
    <ele>2347.6</ele>
   </trkpt>
   <trkpt lat="-28.1090000" lon="-65.9576940">
    <ele>2346.6</ele>
   </trkpt>
   <trkpt lat="-28.1089960" lon="-65.9576630">
    <ele>2345.6</ele>
   </trkpt>
   <trkpt lat="-28.1089920" lon="-65.9576330">
    <ele>2345.6</ele>
   </trkpt>
   <trkpt lat="-28.1089920" lon="-65.9576040">
    <ele>2344.6</ele>
   </trkpt>
   <trkpt lat="-28.1089920" lon="-65.9575750">
    <ele>2343.5</ele>
   </trkpt>
   <trkpt lat="-28.1089980" lon="-65.9575490">
    <ele>2343.5</ele>
   </trkpt>
   <trkpt lat="-28.1090030" lon="-65.9575230">
    <ele>2342.5</ele>
   </trkpt>
   <trkpt lat="-28.1090100" lon="-65.9575000">
    <ele>2343.0</ele>
   </trkpt>
   <trkpt lat="-28.1090160" lon="-65.9574780">
    <ele>2342.1</ele>
   </trkpt>
   <trkpt lat="-28.1090210" lon="-65.9574550">
    <ele>2342.1</ele>
   </trkpt>
   <trkpt lat="-28.1090270" lon="-65.9574330">
    <ele>2341.4</ele>
   </trkpt>
   <trkpt lat="-28.1090330" lon="-65.9574100">
    <ele>2341.4</ele>
   </trkpt>
   <trkpt lat="-28.1090390" lon="-65.9573870">
    <ele>2340.8</ele>
   </trkpt>
   <trkpt lat="-28.1090450" lon="-65.9573630">
    <ele>2340.4</ele>
   </trkpt>
   <trkpt lat="-28.1090500" lon="-65.9573390">
    <ele>2340.9</ele>
   </trkpt>
   <trkpt lat="-28.1090570" lon="-65.9573150">
    <ele>2340.6</ele>
   </trkpt>
   <trkpt lat="-28.1090640" lon="-65.9572900">
    <ele>2340.6</ele>
   </trkpt>
   <trkpt lat="-28.1090720" lon="-65.9572650">
    <ele>2340.2</ele>
   </trkpt>
   <trkpt lat="-28.1090790" lon="-65.9572410">
    <ele>2340.2</ele>
   </trkpt>
   <trkpt lat="-28.1090870" lon="-65.9572140">
    <ele>2339.9</ele>
   </trkpt>
   <trkpt lat="-28.1090960" lon="-65.9571870">
    <ele>2339.0</ele>
   </trkpt>
   <trkpt lat="-28.1091050" lon="-65.9571600">
    <ele>2339.0</ele>
   </trkpt>
   <trkpt lat="-28.1091150" lon="-65.9571330">
    <ele>2337.8</ele>
   </trkpt>
   <trkpt lat="-28.1091260" lon="-65.9571050">
    <ele>2336.5</ele>
   </trkpt>
   <trkpt lat="-28.1091370" lon="-65.9570770">
    <ele>2336.5</ele>
   </trkpt>
   <trkpt lat="-28.1091470" lon="-65.9570490">
    <ele>2335.1</ele>
   </trkpt>
   <trkpt lat="-28.1091570" lon="-65.9570200">
    <ele>2333.8</ele>
   </trkpt>
   <trkpt lat="-28.1091650" lon="-65.9569930">
    <ele>2333.8</ele>
   </trkpt>
   <trkpt lat="-28.1091740" lon="-65.9569650">
    <ele>2332.6</ele>
   </trkpt>
   <trkpt lat="-28.1091770" lon="-65.9569400">
    <ele>2332.6</ele>
   </trkpt>
   <trkpt lat="-28.1091810" lon="-65.9569150">
    <ele>2331.6</ele>
   </trkpt>
   <trkpt lat="-28.1091800" lon="-65.9568920">
    <ele>2330.8</ele>
   </trkpt>
   <trkpt lat="-28.1091800" lon="-65.9568700">
    <ele>2330.8</ele>
   </trkpt>
   <trkpt lat="-28.1091790" lon="-65.9568500">
    <ele>2330.1</ele>
   </trkpt>
   <trkpt lat="-28.1091780" lon="-65.9568300">
    <ele>2330.1</ele>
   </trkpt>
   <trkpt lat="-28.1091770" lon="-65.9568130">
    <ele>2330.1</ele>
   </trkpt>
   <trkpt lat="-28.1091770" lon="-65.9567970">
    <ele>2329.5</ele>
   </trkpt>
   <trkpt lat="-28.1091760" lon="-65.9567790">
    <ele>2329.5</ele>
   </trkpt>
   <trkpt lat="-28.1091750" lon="-65.9567610">
    <ele>2329.0</ele>
   </trkpt>
   <trkpt lat="-28.1091720" lon="-65.9567380">
    <ele>2329.0</ele>
   </trkpt>
   <trkpt lat="-28.1091700" lon="-65.9567160">
    <ele>2328.6</ele>
   </trkpt>
   <trkpt lat="-28.1091720" lon="-65.9566880">
    <ele>2328.6</ele>
   </trkpt>
   <trkpt lat="-28.1091750" lon="-65.9566610">
    <ele>2328.2</ele>
   </trkpt>
   <trkpt lat="-28.1091810" lon="-65.9566300">
    <ele>2327.9</ele>
   </trkpt>
   <trkpt lat="-28.1091880" lon="-65.9565990">
    <ele>2327.9</ele>
   </trkpt>
   <trkpt lat="-28.1091950" lon="-65.9565670">
    <ele>2327.6</ele>
   </trkpt>
   <trkpt lat="-28.1092020" lon="-65.9565360">
    <ele>2327.3</ele>
   </trkpt>
   <trkpt lat="-28.1092070" lon="-65.9565040">
    <ele>2327.4</ele>
   </trkpt>
   <trkpt lat="-28.1092120" lon="-65.9564720">
    <ele>2327.4</ele>
   </trkpt>
   <trkpt lat="-28.1092130" lon="-65.9564390">
    <ele>2327.7</ele>
   </trkpt>
   <trkpt lat="-28.1092140" lon="-65.9564070">
    <ele>2328.1</ele>
   </trkpt>
   <trkpt lat="-28.1092120" lon="-65.9563750">
    <ele>2328.5</ele>
   </trkpt>
   <trkpt lat="-28.1092090" lon="-65.9563430">
    <ele>2328.5</ele>
   </trkpt>
   <trkpt lat="-28.1092040" lon="-65.9563120">
    <ele>2329.0</ele>
   </trkpt>
   <trkpt lat="-28.1091990" lon="-65.9562820">
    <ele>2329.6</ele>
   </trkpt>
   <trkpt lat="-28.1091900" lon="-65.9562550">
    <ele>2329.3</ele>
   </trkpt>
   <trkpt lat="-28.1091810" lon="-65.9562270">
    <ele>2329.9</ele>
   </trkpt>
   <trkpt lat="-28.1091690" lon="-65.9562000">
    <ele>2330.4</ele>
   </trkpt>
   <trkpt lat="-28.1091580" lon="-65.9561730">
    <ele>2330.0</ele>
   </trkpt>
   <trkpt lat="-28.1091470" lon="-65.9561450">
    <ele>2330.5</ele>
   </trkpt>
   <trkpt lat="-28.1091370" lon="-65.9561170">
    <ele>2331.0</ele>
   </trkpt>
   <trkpt lat="-28.1091290" lon="-65.9560910">
    <ele>2331.0</ele>
   </trkpt>
   <trkpt lat="-28.1091210" lon="-65.9560650">
    <ele>2330.7</ele>
   </trkpt>
   <trkpt lat="-28.1091140" lon="-65.9560420">
    <ele>2330.7</ele>
   </trkpt>
   <trkpt lat="-28.1091060" lon="-65.9560190">
    <ele>2331.1</ele>
   </trkpt>
   <trkpt lat="-28.1091000" lon="-65.9559980">
    <ele>2331.1</ele>
   </trkpt>
   <trkpt lat="-28.1090930" lon="-65.9559770">
    <ele>2331.5</ele>
   </trkpt>
   <trkpt lat="-28.1090910" lon="-65.9559600">
    <ele>2331.5</ele>
   </trkpt>
   <trkpt lat="-28.1090890" lon="-65.9559430">
    <ele>2331.8</ele>
   </trkpt>
   <trkpt lat="-28.1090890" lon="-65.9559290">
    <ele>2331.8</ele>
   </trkpt>
   <trkpt lat="-28.1090890" lon="-65.9559140">
    <ele>2331.8</ele>
   </trkpt>
   <trkpt lat="-28.1090880" lon="-65.9558970">
    <ele>2332.0</ele>
   </trkpt>
   <trkpt lat="-28.1090860" lon="-65.9558800">
    <ele>2332.0</ele>
   </trkpt>
   <trkpt lat="-28.1090810" lon="-65.9558570">
    <ele>2330.7</ele>
   </trkpt>
   <trkpt lat="-28.1090760" lon="-65.9558350">
    <ele>2330.7</ele>
   </trkpt>
   <trkpt lat="-28.1090720" lon="-65.9558090">
    <ele>2330.3</ele>
   </trkpt>
   <trkpt lat="-28.1090680" lon="-65.9557840">
    <ele>2330.3</ele>
   </trkpt>
   <trkpt lat="-28.1090670" lon="-65.9557620">
    <ele>2329.7</ele>
   </trkpt>
   <trkpt lat="-28.1090660" lon="-65.9557400">
    <ele>2329.7</ele>
   </trkpt>
   <trkpt lat="-28.1090660" lon="-65.9557200">
    <ele>2328.8</ele>
   </trkpt>
   <trkpt lat="-28.1090650" lon="-65.9557010">
    <ele>2328.8</ele>
   </trkpt>
   <trkpt lat="-28.1090630" lon="-65.9556820">
    <ele>2327.8</ele>
   </trkpt>
   <trkpt lat="-28.1090600" lon="-65.9556630">
    <ele>2327.8</ele>
   </trkpt>
   <trkpt lat="-28.1090540" lon="-65.9556460">
    <ele>2326.7</ele>
   </trkpt>
   <trkpt lat="-28.1090490" lon="-65.9556300">
    <ele>2326.7</ele>
   </trkpt>
   <trkpt lat="-28.1090430" lon="-65.9556110">
    <ele>2325.6</ele>
   </trkpt>
   <trkpt lat="-28.1090380" lon="-65.9555930">
    <ele>2324.4</ele>
   </trkpt>
   <trkpt lat="-28.1090360" lon="-65.9555770">
    <ele>2324.4</ele>
   </trkpt>
   <trkpt lat="-28.1090340" lon="-65.9555600">
    <ele>2323.2</ele>
   </trkpt>
   <trkpt lat="-28.1090360" lon="-65.9555430">
    <ele>2323.2</ele>
   </trkpt>
   <trkpt lat="-28.1090380" lon="-65.9555270">
    <ele>2323.2</ele>
   </trkpt>
   <trkpt lat="-28.1090410" lon="-65.9555080">
    <ele>2321.9</ele>
   </trkpt>
   <trkpt lat="-28.1090440" lon="-65.9554890">
    <ele>2321.9</ele>
   </trkpt>
   <trkpt lat="-28.1090470" lon="-65.9554690">
    <ele>2322.0</ele>
   </trkpt>
   <trkpt lat="-28.1090510" lon="-65.9554480">
    <ele>2322.0</ele>
   </trkpt>
   <trkpt lat="-28.1090540" lon="-65.9554300">
    <ele>2320.9</ele>
   </trkpt>
   <trkpt lat="-28.1090560" lon="-65.9554110">
    <ele>2320.9</ele>
   </trkpt>
   <trkpt lat="-28.1090540" lon="-65.9553960">
    <ele>2320.9</ele>
   </trkpt>
   <trkpt lat="-28.1090520" lon="-65.9553800">
    <ele>2319.7</ele>
   </trkpt>
   <trkpt lat="-28.1090500" lon="-65.9553650">
    <ele>2319.7</ele>
   </trkpt>
   <trkpt lat="-28.1090490" lon="-65.9553490">
    <ele>2319.7</ele>
   </trkpt>
   <trkpt lat="-28.1090450" lon="-65.9553350">
    <ele>2316.9</ele>
   </trkpt>
   <trkpt lat="-28.1090410" lon="-65.9553200">
    <ele>2316.9</ele>
   </trkpt>
   <trkpt lat="-28.1090320" lon="-65.9553100">
    <ele>2316.9</ele>
   </trkpt>
   <trkpt lat="-28.1090240" lon="-65.9553000">
    <ele>2315.8</ele>
   </trkpt>
   <trkpt lat="-28.1090120" lon="-65.9552950">
    <ele>2315.8</ele>
   </trkpt>
   <trkpt lat="-28.1090000" lon="-65.9552900">
    <ele>2314.1</ele>
   </trkpt>
   <trkpt lat="-28.1089950" lon="-65.9552820">
    <ele>2314.1</ele>
   </trkpt>
   <trkpt lat="-28.1089900" lon="-65.9552740">
    <ele>2314.1</ele>
   </trkpt>
   <trkpt lat="-28.1089960" lon="-65.9552640">
    <ele>2314.1</ele>
   </trkpt>
   <trkpt lat="-28.1090010" lon="-65.9552540">
    <ele>2313.1</ele>
   </trkpt>
   <trkpt lat="-28.1090120" lon="-65.9552410">
    <ele>2314.8</ele>
   </trkpt>
   <trkpt lat="-28.1090240" lon="-65.9552280">
    <ele>2314.8</ele>
   </trkpt>
   <trkpt lat="-28.1090370" lon="-65.9552150">
    <ele>2313.8</ele>
   </trkpt>
   <trkpt lat="-28.1090500" lon="-65.9552010">
    <ele>2315.2</ele>
   </trkpt>
   <trkpt lat="-28.1090650" lon="-65.9551880">
    <ele>2315.2</ele>
   </trkpt>
   <trkpt lat="-28.1090790" lon="-65.9551750">
    <ele>2314.1</ele>
   </trkpt>
   <trkpt lat="-28.1090930" lon="-65.9551600">
    <ele>2315.2</ele>
   </trkpt>
   <trkpt lat="-28.1091070" lon="-65.9551450">
    <ele>2315.2</ele>
   </trkpt>
   <trkpt lat="-28.1091180" lon="-65.9551240">
    <ele>2314.0</ele>
   </trkpt>
   <trkpt lat="-28.1091280" lon="-65.9551020">
    <ele>2314.9</ele>
   </trkpt>
   <trkpt lat="-28.1091330" lon="-65.9550760">
    <ele>2313.9</ele>
   </trkpt>
   <trkpt lat="-28.1091380" lon="-65.9550490">
    <ele>2313.9</ele>
   </trkpt>
   <trkpt lat="-28.1091370" lon="-65.9550230">
    <ele>2313.1</ele>
   </trkpt>
   <trkpt lat="-28.1091370" lon="-65.9549960">
    <ele>2312.5</ele>
   </trkpt>
   <trkpt lat="-28.1091350" lon="-65.9549690">
    <ele>2312.5</ele>
   </trkpt>
   <trkpt lat="-28.1091320" lon="-65.9549430">
    <ele>2312.1</ele>
   </trkpt>
   <trkpt lat="-28.1091260" lon="-65.9549130">
    <ele>2311.8</ele>
   </trkpt>
   <trkpt lat="-28.1091200" lon="-65.9548830">
    <ele>2310.9</ele>
   </trkpt>
   <trkpt lat="-28.1091110" lon="-65.9548530">
    <ele>2310.8</ele>
   </trkpt>
   <trkpt lat="-28.1091020" lon="-65.9548240">
    <ele>2310.8</ele>
   </trkpt>
   <trkpt lat="-28.1090930" lon="-65.9547970">
    <ele>2310.8</ele>
   </trkpt>
   <trkpt lat="-28.1090830" lon="-65.9547700">
    <ele>2310.0</ele>
   </trkpt>
   <trkpt lat="-28.1090770" lon="-65.9547450">
    <ele>2310.0</ele>
   </trkpt>
   <trkpt lat="-28.1090700" lon="-65.9547210">
    <ele>2310.0</ele>
   </trkpt>
   <trkpt lat="-28.1090680" lon="-65.9546940">
    <ele>2309.9</ele>
   </trkpt>
   <trkpt lat="-28.1090650" lon="-65.9546680">
    <ele>2309.9</ele>
   </trkpt>
   <trkpt lat="-28.1090660" lon="-65.9546410">
    <ele>2309.7</ele>
   </trkpt>
   <trkpt lat="-28.1090660" lon="-65.9546130">
    <ele>2309.5</ele>
   </trkpt>
   <trkpt lat="-28.1090660" lon="-65.9545850">
    <ele>2309.5</ele>
   </trkpt>
   <trkpt lat="-28.1090670" lon="-65.9545580">
    <ele>2309.3</ele>
   </trkpt>
   <trkpt lat="-28.1090620" lon="-65.9545330">
    <ele>2309.3</ele>
   </trkpt>
   <trkpt lat="-28.1090570" lon="-65.9545090">
    <ele>2309.0</ele>
   </trkpt>
   <trkpt lat="-28.1090500" lon="-65.9544850">
    <ele>2308.7</ele>
   </trkpt>
   <trkpt lat="-28.1090430" lon="-65.9544610">
    <ele>2308.2</ele>
   </trkpt>
   <trkpt lat="-28.1090420" lon="-65.9544340">
    <ele>2308.0</ele>
   </trkpt>
   <trkpt lat="-28.1090410" lon="-65.9544070">
    <ele>2308.0</ele>
   </trkpt>
   <trkpt lat="-28.1090470" lon="-65.9543790">
    <ele>2308.4</ele>
   </trkpt>
   <trkpt lat="-28.1090530" lon="-65.9543510">
    <ele>2308.3</ele>
   </trkpt>
   <trkpt lat="-28.1090610" lon="-65.9543250">
    <ele>2308.3</ele>
   </trkpt>
   <trkpt lat="-28.1090700" lon="-65.9542980">
    <ele>2308.1</ele>
   </trkpt>
   <trkpt lat="-28.1090770" lon="-65.9542740">
    <ele>2307.9</ele>
   </trkpt>
   <trkpt lat="-28.1090850" lon="-65.9542500">
    <ele>2308.7</ele>
   </trkpt>
   <trkpt lat="-28.1090900" lon="-65.9542230">
    <ele>2308.4</ele>
   </trkpt>
   <trkpt lat="-28.1090950" lon="-65.9541950">
    <ele>2308.4</ele>
   </trkpt>
   <trkpt lat="-28.1090980" lon="-65.9541650">
    <ele>2307.9</ele>
   </trkpt>
   <trkpt lat="-28.1091020" lon="-65.9541350">
    <ele>2307.3</ele>
   </trkpt>
   <trkpt lat="-28.1091090" lon="-65.9541040">
    <ele>2307.3</ele>
   </trkpt>
   <trkpt lat="-28.1091160" lon="-65.9540730">
    <ele>2306.4</ele>
   </trkpt>
   <trkpt lat="-28.1091290" lon="-65.9540430">
    <ele>2306.0</ele>
   </trkpt>
   <trkpt lat="-28.1091430" lon="-65.9540140">
    <ele>2304.7</ele>
   </trkpt>
   <trkpt lat="-28.1091640" lon="-65.9539900">
    <ele>2305.2</ele>
   </trkpt>
   <trkpt lat="-28.1091840" lon="-65.9539660">
    <ele>2303.9</ele>
   </trkpt>
   <trkpt lat="-28.1092080" lon="-65.9539500">
    <ele>2304.5</ele>
   </trkpt>
   <trkpt lat="-28.1092320" lon="-65.9539340">
    <ele>2304.5</ele>
   </trkpt>
   <trkpt lat="-28.1092530" lon="-65.9539220">
    <ele>2304.2</ele>
   </trkpt>
   <trkpt lat="-28.1092740" lon="-65.9539100">
    <ele>2305.0</ele>
   </trkpt>
   <trkpt lat="-28.1092880" lon="-65.9539000">
    <ele>2305.0</ele>
   </trkpt>
   <trkpt lat="-28.1093020" lon="-65.9538890">
    <ele>2305.0</ele>
   </trkpt>
   <trkpt lat="-28.1093110" lon="-65.9538780">
    <ele>2304.9</ele>
   </trkpt>
   <trkpt lat="-28.1093200" lon="-65.9538670">
    <ele>2304.9</ele>
   </trkpt>
   <trkpt lat="-28.1093260" lon="-65.9538500">
    <ele>2304.9</ele>
   </trkpt>
   <trkpt lat="-28.1093320" lon="-65.9538330">
    <ele>2303.9</ele>
   </trkpt>
   <trkpt lat="-28.1093380" lon="-65.9538100">
    <ele>2303.9</ele>
   </trkpt>
   <trkpt lat="-28.1093440" lon="-65.9537870">
    <ele>2302.9</ele>
   </trkpt>
   <trkpt lat="-28.1093520" lon="-65.9537620">
    <ele>2303.8</ele>
   </trkpt>
   <trkpt lat="-28.1093610" lon="-65.9537370">
    <ele>2302.8</ele>
   </trkpt>
   <trkpt lat="-28.1093710" lon="-65.9537080">
    <ele>2301.7</ele>
   </trkpt>
   <trkpt lat="-28.1093820" lon="-65.9536780">
    <ele>2301.7</ele>
   </trkpt>
   <trkpt lat="-28.1093950" lon="-65.9536450">
    <ele>2301.5</ele>
   </trkpt>
   <trkpt lat="-28.1094090" lon="-65.9536120">
    <ele>2300.2</ele>
   </trkpt>
   <trkpt lat="-28.1094230" lon="-65.9535800">
    <ele>2298.8</ele>
   </trkpt>
   <trkpt lat="-28.1094380" lon="-65.9535480">
    <ele>2299.8</ele>
   </trkpt>
   <trkpt lat="-28.1094490" lon="-65.9535200">
    <ele>2298.1</ele>
   </trkpt>
   <trkpt lat="-28.1094610" lon="-65.9534910">
    <ele>2296.3</ele>
   </trkpt>
   <trkpt lat="-28.1094700" lon="-65.9534650">
    <ele>2297.2</ele>
   </trkpt>
   <trkpt lat="-28.1094780" lon="-65.9534380">
    <ele>2295.4</ele>
   </trkpt>
   <trkpt lat="-28.1094900" lon="-65.9534140">
    <ele>2293.8</ele>
   </trkpt>
   <trkpt lat="-28.1095010" lon="-65.9533900">
    <ele>2294.7</ele>
   </trkpt>
   <trkpt lat="-28.1095170" lon="-65.9533650">
    <ele>2293.1</ele>
   </trkpt>
   <trkpt lat="-28.1095330" lon="-65.9533410">
    <ele>2293.1</ele>
   </trkpt>
   <trkpt lat="-28.1095490" lon="-65.9533150">
    <ele>2292.4</ele>
   </trkpt>
   <trkpt lat="-28.1095660" lon="-65.9532900">
    <ele>2292.4</ele>
   </trkpt>
   <trkpt lat="-28.1095820" lon="-65.9532630">
    <ele>2291.6</ele>
   </trkpt>
   <trkpt lat="-28.1095970" lon="-65.9532370">
    <ele>2289.9</ele>
   </trkpt>
   <trkpt lat="-28.1096120" lon="-65.9532110">
    <ele>2289.9</ele>
   </trkpt>
   <trkpt lat="-28.1096260" lon="-65.9531840">
    <ele>2289.0</ele>
   </trkpt>
   <trkpt lat="-28.1096430" lon="-65.9531620">
    <ele>2289.0</ele>
   </trkpt>
   <trkpt lat="-28.1096600" lon="-65.9531390">
    <ele>2288.3</ele>
   </trkpt>
   <trkpt lat="-28.1096810" lon="-65.9531220">
    <ele>2288.3</ele>
   </trkpt>
   <trkpt lat="-28.1097030" lon="-65.9531040">
    <ele>2287.8</ele>
   </trkpt>
   <trkpt lat="-28.1097280" lon="-65.9530890">
    <ele>2289.2</ele>
   </trkpt>
   <trkpt lat="-28.1097530" lon="-65.9530750">
    <ele>2289.2</ele>
   </trkpt>
   <trkpt lat="-28.1097790" lon="-65.9530640">
    <ele>2289.0</ele>
   </trkpt>
   <trkpt lat="-28.1098050" lon="-65.9530530">
    <ele>2290.7</ele>
   </trkpt>
   <trkpt lat="-28.1098320" lon="-65.9530510">
    <ele>2290.7</ele>
   </trkpt>
   <trkpt lat="-28.1098590" lon="-65.9530480">
    <ele>2292.5</ele>
   </trkpt>
   <trkpt lat="-28.1098860" lon="-65.9530460">
    <ele>2294.3</ele>
   </trkpt>
   <trkpt lat="-28.1099140" lon="-65.9530440">
    <ele>2294.3</ele>
   </trkpt>
   <trkpt lat="-28.1099420" lon="-65.9530390">
    <ele>2296.0</ele>
   </trkpt>
   <trkpt lat="-28.1099700" lon="-65.9530330">
    <ele>2297.4</ele>
   </trkpt>
   <trkpt lat="-28.1099990" lon="-65.9530260">
    <ele>2296.5</ele>
   </trkpt>
   <trkpt lat="-28.1100280" lon="-65.9530200">
    <ele>2296.5</ele>
   </trkpt>
   <trkpt lat="-28.1100520" lon="-65.9530100">
    <ele>2297.4</ele>
   </trkpt>
   <trkpt lat="-28.1100750" lon="-65.9530010">
    <ele>2298.1</ele>
   </trkpt>
   <trkpt lat="-28.1100890" lon="-65.9529840">
    <ele>2295.5</ele>
   </trkpt>
   <trkpt lat="-28.1101030" lon="-65.9529670">
    <ele>2295.5</ele>
   </trkpt>
   <trkpt lat="-28.1101100" lon="-65.9529470">
    <ele>2296.0</ele>
   </trkpt>
   <trkpt lat="-28.1101180" lon="-65.9529260">
    <ele>2293.4</ele>
   </trkpt>
   <trkpt lat="-28.1101200" lon="-65.9529110">
    <ele>2293.4</ele>
   </trkpt>
   <trkpt lat="-28.1101230" lon="-65.9528950">
    <ele>2291.0</ele>
   </trkpt>
   <trkpt lat="-28.1101190" lon="-65.9528900">
    <ele>2291.0</ele>
   </trkpt>
   <trkpt lat="-28.1101150" lon="-65.9528850">
    <ele>2291.0</ele>
   </trkpt>
   <trkpt lat="-28.1101060" lon="-65.9528830">
    <ele>2291.0</ele>
   </trkpt>
   <trkpt lat="-28.1100970" lon="-65.9528820">
    <ele>2290.6</ele>
   </trkpt>
   <trkpt lat="-28.1100900" lon="-65.9528730">
    <ele>2290.6</ele>
   </trkpt>
   <trkpt lat="-28.1100830" lon="-65.9528640">
    <ele>2290.6</ele>
   </trkpt>
   <trkpt lat="-28.1100790" lon="-65.9528470">
    <ele>2288.5</ele>
   </trkpt>
   <trkpt lat="-28.1100760" lon="-65.9528300">
    <ele>2288.5</ele>
   </trkpt>
   <trkpt lat="-28.1100740" lon="-65.9528040">
    <ele>2286.6</ele>
   </trkpt>
   <trkpt lat="-28.1100710" lon="-65.9527790">
    <ele>2286.6</ele>
   </trkpt>
   <trkpt lat="-28.1100710" lon="-65.9527490">
    <ele>2284.7</ele>
   </trkpt>
   <trkpt lat="-28.1100700" lon="-65.9527190">
    <ele>2282.7</ele>
   </trkpt>
   <trkpt lat="-28.1100760" lon="-65.9526910">
    <ele>2282.7</ele>
   </trkpt>
   <trkpt lat="-28.1100810" lon="-65.9526630">
    <ele>2280.7</ele>
   </trkpt>
   <trkpt lat="-28.1100880" lon="-65.9526430">
    <ele>2278.6</ele>
   </trkpt>
   <trkpt lat="-28.1100940" lon="-65.9526230">
    <ele>2278.6</ele>
   </trkpt>
   <trkpt lat="-28.1100920" lon="-65.9526090">
    <ele>2278.6</ele>
   </trkpt>
   <trkpt lat="-28.1100900" lon="-65.9525950">
    <ele>2276.6</ele>
   </trkpt>
   <trkpt lat="-28.1100800" lon="-65.9525810">
    <ele>2276.6</ele>
   </trkpt>
   <trkpt lat="-28.1100690" lon="-65.9525680">
    <ele>2276.6</ele>
   </trkpt>
   <trkpt lat="-28.1100570" lon="-65.9525600">
    <ele>2276.7</ele>
   </trkpt>
   <trkpt lat="-28.1100460" lon="-65.9525510">
    <ele>2274.9</ele>
   </trkpt>
   <trkpt lat="-28.1100360" lon="-65.9525550">
    <ele>2274.9</ele>
   </trkpt>
   <trkpt lat="-28.1100270" lon="-65.9525590">
    <ele>2276.6</ele>
   </trkpt>
   <trkpt lat="-28.1100200" lon="-65.9525720">
    <ele>2276.6</ele>
   </trkpt>
   <trkpt lat="-28.1100130" lon="-65.9525850">
    <ele>2276.6</ele>
   </trkpt>
   <trkpt lat="-28.1100050" lon="-65.9526000">
    <ele>2276.6</ele>
   </trkpt>
   <trkpt lat="-28.1099960" lon="-65.9526150">
    <ele>2278.4</ele>
   </trkpt>
   <trkpt lat="-28.1099850" lon="-65.9526280">
    <ele>2278.0</ele>
   </trkpt>
   <trkpt lat="-28.1099740" lon="-65.9526410">
    <ele>2278.0</ele>
   </trkpt>
   <trkpt lat="-28.1099580" lon="-65.9526540">
    <ele>2279.9</ele>
   </trkpt>
   <trkpt lat="-28.1099430" lon="-65.9526660">
    <ele>2279.2</ele>
   </trkpt>
   <trkpt lat="-28.1099240" lon="-65.9526740">
    <ele>2279.2</ele>
   </trkpt>
   <trkpt lat="-28.1099060" lon="-65.9526810">
    <ele>2278.3</ele>
   </trkpt>
   <trkpt lat="-28.1098860" lon="-65.9526760">
    <ele>2278.3</ele>
   </trkpt>
   <trkpt lat="-28.1098670" lon="-65.9526710">
    <ele>2277.1</ele>
   </trkpt>
   <trkpt lat="-28.1098450" lon="-65.9526600">
    <ele>2277.1</ele>
   </trkpt>
   <trkpt lat="-28.1098230" lon="-65.9526490">
    <ele>2275.8</ele>
   </trkpt>
   <trkpt lat="-28.1098000" lon="-65.9526390">
    <ele>2272.6</ele>
   </trkpt>
   <trkpt lat="-28.1097760" lon="-65.9526290">
    <ele>2272.6</ele>
   </trkpt>
   <trkpt lat="-28.1097530" lon="-65.9526230">
    <ele>2271.2</ele>
   </trkpt>
   <trkpt lat="-28.1097290" lon="-65.9526170">
    <ele>2271.2</ele>
   </trkpt>
   <trkpt lat="-28.1097040" lon="-65.9526150">
    <ele>2269.9</ele>
   </trkpt>
   <trkpt lat="-28.1096790" lon="-65.9526130">
    <ele>2268.7</ele>
   </trkpt>
   <trkpt lat="-28.1096530" lon="-65.9526150">
    <ele>2268.7</ele>
   </trkpt>
   <trkpt lat="-28.1096270" lon="-65.9526170">
    <ele>2267.5</ele>
   </trkpt>
   <trkpt lat="-28.1096020" lon="-65.9526230">
    <ele>2266.3</ele>
   </trkpt>
   <trkpt lat="-28.1095770" lon="-65.9526280">
    <ele>2266.4</ele>
   </trkpt>
   <trkpt lat="-28.1095510" lon="-65.9526320">
    <ele>2265.2</ele>
   </trkpt>
   <trkpt lat="-28.1095250" lon="-65.9526350">
    <ele>2264.1</ele>
   </trkpt>
   <trkpt lat="-28.1094970" lon="-65.9526360">
    <ele>2263.0</ele>
   </trkpt>
   <trkpt lat="-28.1094690" lon="-65.9526370">
    <ele>2263.0</ele>
   </trkpt>
   <trkpt lat="-28.1094410" lon="-65.9526380">
    <ele>2261.8</ele>
   </trkpt>
   <trkpt lat="-28.1094130" lon="-65.9526400">
    <ele>2260.6</ele>
   </trkpt>
   <trkpt lat="-28.1093900" lon="-65.9526420">
    <ele>2260.6</ele>
   </trkpt>
   <trkpt lat="-28.1093670" lon="-65.9526450">
    <ele>2261.4</ele>
   </trkpt>
   <trkpt lat="-28.1093480" lon="-65.9526500">
    <ele>2260.3</ele>
   </trkpt>
   <trkpt lat="-28.1093280" lon="-65.9526550">
    <ele>2260.3</ele>
   </trkpt>
   <trkpt lat="-28.1093110" lon="-65.9526640">
    <ele>2260.3</ele>
   </trkpt>
   <trkpt lat="-28.1092930" lon="-65.9526730">
    <ele>2259.3</ele>
   </trkpt>
   <trkpt lat="-28.1092780" lon="-65.9526840">
    <ele>2259.3</ele>
   </trkpt>
   <trkpt lat="-28.1092630" lon="-65.9526950">
    <ele>2260.3</ele>
   </trkpt>
   <trkpt lat="-28.1092510" lon="-65.9527000">
    <ele>2260.3</ele>
   </trkpt>
   <trkpt lat="-28.1092380" lon="-65.9527050">
    <ele>2260.3</ele>
   </trkpt>
   <trkpt lat="-28.1092320" lon="-65.9526980">
    <ele>2259.6</ele>
   </trkpt>
   <trkpt lat="-28.1092250" lon="-65.9526900">
    <ele>2259.6</ele>
   </trkpt>
   <trkpt lat="-28.1092260" lon="-65.9526740">
    <ele>2258.0</ele>
   </trkpt>
   <trkpt lat="-28.1092260" lon="-65.9526590">
    <ele>2258.0</ele>
   </trkpt>
   <trkpt lat="-28.1092280" lon="-65.9526390">
    <ele>2256.6</ele>
   </trkpt>
   <trkpt lat="-28.1092310" lon="-65.9526190">
    <ele>2256.6</ele>
   </trkpt>
   <trkpt lat="-28.1092360" lon="-65.9525990">
    <ele>2255.6</ele>
   </trkpt>
   <trkpt lat="-28.1092410" lon="-65.9525780">
    <ele>2255.6</ele>
   </trkpt>
   <trkpt lat="-28.1092480" lon="-65.9525570">
    <ele>2254.2</ele>
   </trkpt>
   <trkpt lat="-28.1092550" lon="-65.9525350">
    <ele>2254.2</ele>
   </trkpt>
   <trkpt lat="-28.1092660" lon="-65.9525150">
    <ele>2252.8</ele>
   </trkpt>
   <trkpt lat="-28.1092760" lon="-65.9524940">
    <ele>2253.3</ele>
   </trkpt>
   <trkpt lat="-28.1092900" lon="-65.9524790">
    <ele>2253.3</ele>
   </trkpt>
   <trkpt lat="-28.1093040" lon="-65.9524630">
    <ele>2252.0</ele>
   </trkpt>
   <trkpt lat="-28.1093170" lon="-65.9524520">
    <ele>2252.8</ele>
   </trkpt>
   <trkpt lat="-28.1093310" lon="-65.9524420">
    <ele>2252.8</ele>
   </trkpt>
   <trkpt lat="-28.1093430" lon="-65.9524330">
    <ele>2252.8</ele>
   </trkpt>
   <trkpt lat="-28.1093540" lon="-65.9524250">
    <ele>2252.5</ele>
   </trkpt>
   <trkpt lat="-28.1093560" lon="-65.9524170">
    <ele>2252.5</ele>
   </trkpt>
   <trkpt lat="-28.1093580" lon="-65.9524080">
    <ele>2252.5</ele>
   </trkpt>
   <trkpt lat="-28.1093460" lon="-65.9524010">
    <ele>2251.6</ele>
   </trkpt>
   <trkpt lat="-28.1093340" lon="-65.9523950">
    <ele>2251.6</ele>
   </trkpt>
   <trkpt lat="-28.1093130" lon="-65.9523900">
    <ele>2251.6</ele>
   </trkpt>
   <trkpt lat="-28.1092920" lon="-65.9523850">
    <ele>2249.6</ele>
   </trkpt>
   <trkpt lat="-28.1092680" lon="-65.9523820">
    <ele>2248.8</ele>
   </trkpt>
   <trkpt lat="-28.1092440" lon="-65.9523790">
    <ele>2248.8</ele>
   </trkpt>
   <trkpt lat="-28.1092190" lon="-65.9523830">
    <ele>2248.0</ele>
   </trkpt>
   <trkpt lat="-28.1091950" lon="-65.9523860">
    <ele>2247.4</ele>
   </trkpt>
   <trkpt lat="-28.1091730" lon="-65.9523990">
    <ele>2248.8</ele>
   </trkpt>
   <trkpt lat="-28.1091510" lon="-65.9524110">
    <ele>2248.2</ele>
   </trkpt>
   <trkpt lat="-28.1091330" lon="-65.9524180">
    <ele>2248.2</ele>
   </trkpt>
   <trkpt lat="-28.1091150" lon="-65.9524250">
    <ele>2247.6</ele>
   </trkpt>
   <trkpt lat="-28.1091040" lon="-65.9524130">
    <ele>2247.6</ele>
   </trkpt>
   <trkpt lat="-28.1090930" lon="-65.9524010">
    <ele>2247.6</ele>
   </trkpt>
   <trkpt lat="-28.1090900" lon="-65.9523740">
    <ele>2246.3</ele>
   </trkpt>
   <trkpt lat="-28.1090860" lon="-65.9523460">
    <ele>2246.3</ele>
   </trkpt>
   <trkpt lat="-28.1090890" lon="-65.9523090">
    <ele>2245.1</ele>
   </trkpt>
   <trkpt lat="-28.1090920" lon="-65.9522730">
    <ele>2243.9</ele>
   </trkpt>
   <trkpt lat="-28.1091040" lon="-65.9522360">
    <ele>2242.6</ele>
   </trkpt>
   <trkpt lat="-28.1091150" lon="-65.9521990">
    <ele>2241.3</ele>
   </trkpt>
   <trkpt lat="-28.1091320" lon="-65.9521750">
    <ele>2241.9</ele>
   </trkpt>
   <trkpt lat="-28.1091490" lon="-65.9521500">
    <ele>2240.5</ele>
   </trkpt>
   <trkpt lat="-28.1091680" lon="-65.9521410">
    <ele>2241.2</ele>
   </trkpt>
   <trkpt lat="-28.1091870" lon="-65.9521320">
    <ele>2241.2</ele>
   </trkpt>
   <trkpt lat="-28.1092040" lon="-65.9521270">
    <ele>2240.7</ele>
   </trkpt>
   <trkpt lat="-28.1092220" lon="-65.9521220">
    <ele>2240.7</ele>
   </trkpt>
   <trkpt lat="-28.1092380" lon="-65.9521100">
    <ele>2241.5</ele>
   </trkpt>
   <trkpt lat="-28.1092550" lon="-65.9520990">
    <ele>2241.5</ele>
   </trkpt>
   <trkpt lat="-28.1092740" lon="-65.9520790">
    <ele>2241.1</ele>
   </trkpt>
   <trkpt lat="-28.1092930" lon="-65.9520590">
    <ele>2241.1</ele>
   </trkpt>
   <trkpt lat="-28.1093140" lon="-65.9520300">
    <ele>2240.5</ele>
   </trkpt>
   <trkpt lat="-28.1093350" lon="-65.9520010">
    <ele>2240.5</ele>
   </trkpt>
   <trkpt lat="-28.1093570" lon="-65.9519650">
    <ele>2239.4</ele>
   </trkpt>
   <trkpt lat="-28.1093800" lon="-65.9519280">
    <ele>2237.7</ele>
   </trkpt>
   <trkpt lat="-28.1094010" lon="-65.9518920">
    <ele>2236.0</ele>
   </trkpt>
   <trkpt lat="-28.1094230" lon="-65.9518570">
    <ele>2234.2</ele>
   </trkpt>
   <trkpt lat="-28.1094390" lon="-65.9518260">
    <ele>2232.5</ele>
   </trkpt>
   <trkpt lat="-28.1094560" lon="-65.9517950">
    <ele>2232.5</ele>
   </trkpt>
   <trkpt lat="-28.1094660" lon="-65.9517660">
    <ele>2230.9</ele>
   </trkpt>
   <trkpt lat="-28.1094760" lon="-65.9517360">
    <ele>2229.6</ele>
   </trkpt>
   <trkpt lat="-28.1094840" lon="-65.9517090">
    <ele>2229.6</ele>
   </trkpt>
   <trkpt lat="-28.1094930" lon="-65.9516820">
    <ele>2228.4</ele>
   </trkpt>
   <trkpt lat="-28.1095040" lon="-65.9516610">
    <ele>2228.2</ele>
   </trkpt>
   <trkpt lat="-28.1095150" lon="-65.9516390">
    <ele>2227.3</ele>
   </trkpt>
   <trkpt lat="-28.1095260" lon="-65.9516200">
    <ele>2227.3</ele>
   </trkpt>
   <trkpt lat="-28.1095370" lon="-65.9516010">
    <ele>2226.6</ele>
   </trkpt>
   <trkpt lat="-28.1095430" lon="-65.9515810">
    <ele>2226.4</ele>
   </trkpt>
   <trkpt lat="-28.1095500" lon="-65.9515600">
    <ele>2226.0</ele>
   </trkpt>
   <trkpt lat="-28.1095540" lon="-65.9515400">
    <ele>2226.0</ele>
   </trkpt>
   <trkpt lat="-28.1095570" lon="-65.9515200">
    <ele>2225.8</ele>
   </trkpt>
   <trkpt lat="-28.1095610" lon="-65.9515020">
    <ele>2225.8</ele>
   </trkpt>
   <trkpt lat="-28.1095640" lon="-65.9514840">
    <ele>2225.7</ele>
   </trkpt>
   <trkpt lat="-28.1095670" lon="-65.9514680">
    <ele>2225.7</ele>
   </trkpt>
   <trkpt lat="-28.1095690" lon="-65.9514530">
    <ele>2225.8</ele>
   </trkpt>
   <trkpt lat="-28.1095740" lon="-65.9514390">
    <ele>2225.7</ele>
   </trkpt>
   <trkpt lat="-28.1095780" lon="-65.9514250">
    <ele>2225.9</ele>
   </trkpt>
   <trkpt lat="-28.1095840" lon="-65.9514050">
    <ele>2225.9</ele>
   </trkpt>
   <trkpt lat="-28.1095900" lon="-65.9513860">
    <ele>2225.8</ele>
   </trkpt>
   <trkpt lat="-28.1095960" lon="-65.9513580">
    <ele>2225.8</ele>
   </trkpt>
   <trkpt lat="-28.1096020" lon="-65.9513300">
    <ele>2225.7</ele>
   </trkpt>
   <trkpt lat="-28.1096070" lon="-65.9512960">
    <ele>2225.3</ele>
   </trkpt>
   <trkpt lat="-28.1096120" lon="-65.9512620">
    <ele>2224.9</ele>
   </trkpt>
   <trkpt lat="-28.1096160" lon="-65.9512230">
    <ele>2224.2</ele>
   </trkpt>
   <trkpt lat="-28.1096200" lon="-65.9511840">
    <ele>2223.6</ele>
   </trkpt>
   <trkpt lat="-28.1096220" lon="-65.9511430">
    <ele>2223.6</ele>
   </trkpt>
   <trkpt lat="-28.1096240" lon="-65.9511030">
    <ele>2223.1</ele>
   </trkpt>
   <trkpt lat="-28.1096260" lon="-65.9510630">
    <ele>2222.7</ele>
   </trkpt>
   <trkpt lat="-28.1096290" lon="-65.9510220">
    <ele>2222.2</ele>
   </trkpt>
   <trkpt lat="-28.1096340" lon="-65.9509830">
    <ele>2221.6</ele>
   </trkpt>
   <trkpt lat="-28.1096390" lon="-65.9509440">
    <ele>2220.9</ele>
   </trkpt>
   <trkpt lat="-28.1096470" lon="-65.9509080">
    <ele>2219.7</ele>
   </trkpt>
   <trkpt lat="-28.1096560" lon="-65.9508710">
    <ele>2218.4</ele>
   </trkpt>
   <trkpt lat="-28.1096670" lon="-65.9508410">
    <ele>2217.6</ele>
   </trkpt>
   <trkpt lat="-28.1096780" lon="-65.9508110">
    <ele>2217.6</ele>
   </trkpt>
   <trkpt lat="-28.1096900" lon="-65.9507850">
    <ele>2216.1</ele>
   </trkpt>
   <trkpt lat="-28.1097020" lon="-65.9507580">
    <ele>2216.1</ele>
   </trkpt>
   <trkpt lat="-28.1097140" lon="-65.9507330">
    <ele>2215.4</ele>
   </trkpt>
   <trkpt lat="-28.1097270" lon="-65.9507080">
    <ele>2213.8</ele>
   </trkpt>
   <trkpt lat="-28.1097400" lon="-65.9506810">
    <ele>2213.8</ele>
   </trkpt>
   <trkpt lat="-28.1097540" lon="-65.9506530">
    <ele>2213.1</ele>
   </trkpt>
   <trkpt lat="-28.1097650" lon="-65.9506210">
    <ele>2211.5</ele>
   </trkpt>
   <trkpt lat="-28.1097760" lon="-65.9505880">
    <ele>2211.5</ele>
   </trkpt>
   <trkpt lat="-28.1097830" lon="-65.9505510">
    <ele>2211.0</ele>
   </trkpt>
   <trkpt lat="-28.1097900" lon="-65.9505150">
    <ele>2210.7</ele>
   </trkpt>
   <trkpt lat="-28.1097920" lon="-65.9504760">
    <ele>2210.5</ele>
   </trkpt>
   <trkpt lat="-28.1097940" lon="-65.9504370">
    <ele>2210.5</ele>
   </trkpt>
   <trkpt lat="-28.1097930" lon="-65.9503960">
    <ele>2210.5</ele>
   </trkpt>
   <trkpt lat="-28.1097930" lon="-65.9503550">
    <ele>2210.6</ele>
   </trkpt>
   <trkpt lat="-28.1097910" lon="-65.9503140">
    <ele>2210.7</ele>
   </trkpt>
   <trkpt lat="-28.1097900" lon="-65.9502730">
    <ele>2210.8</ele>
   </trkpt>
   <trkpt lat="-28.1097870" lon="-65.9502340">
    <ele>2210.8</ele>
   </trkpt>
   <trkpt lat="-28.1097840" lon="-65.9501940">
    <ele>2210.7</ele>
   </trkpt>
   <trkpt lat="-28.1097780" lon="-65.9501570">
    <ele>2210.7</ele>
   </trkpt>
   <trkpt lat="-28.1097720" lon="-65.9501200">
    <ele>2210.7</ele>
   </trkpt>
   <trkpt lat="-28.1097620" lon="-65.9500840">
    <ele>2210.9</ele>
   </trkpt>
   <trkpt lat="-28.1097530" lon="-65.9500480">
    <ele>2210.6</ele>
   </trkpt>
   <trkpt lat="-28.1097420" lon="-65.9500130">
    <ele>2210.1</ele>
   </trkpt>
   <trkpt lat="-28.1097300" lon="-65.9499770">
    <ele>2209.5</ele>
   </trkpt>
   <trkpt lat="-28.1097180" lon="-65.9499450">
    <ele>2209.2</ele>
   </trkpt>
   <trkpt lat="-28.1097060" lon="-65.9499130">
    <ele>2208.4</ele>
   </trkpt>
   <trkpt lat="-28.1096950" lon="-65.9498830">
    <ele>2207.6</ele>
   </trkpt>
   <trkpt lat="-28.1096830" lon="-65.9498530">
    <ele>2206.1</ele>
   </trkpt>
   <trkpt lat="-28.1096790" lon="-65.9498240">
    <ele>2206.1</ele>
   </trkpt>
   <trkpt lat="-28.1096740" lon="-65.9497950">
    <ele>2205.5</ele>
   </trkpt>
   <trkpt lat="-28.1096740" lon="-65.9497650">
    <ele>2204.9</ele>
   </trkpt>
   <trkpt lat="-28.1096750" lon="-65.9497350">
    <ele>2204.9</ele>
   </trkpt>
   <trkpt lat="-28.1096780" lon="-65.9497050">
    <ele>2204.3</ele>
   </trkpt>
   <trkpt lat="-28.1096810" lon="-65.9496750">
    <ele>2203.6</ele>
   </trkpt>
   <trkpt lat="-28.1096820" lon="-65.9496440">
    <ele>2203.6</ele>
   </trkpt>
   <trkpt lat="-28.1096830" lon="-65.9496140">
    <ele>2202.6</ele>
   </trkpt>
   <trkpt lat="-28.1096850" lon="-65.9495850">
    <ele>2201.5</ele>
   </trkpt>
   <trkpt lat="-28.1096870" lon="-65.9495570">
    <ele>2201.5</ele>
   </trkpt>
   <trkpt lat="-28.1096940" lon="-65.9495340">
    <ele>2200.4</ele>
   </trkpt>
   <trkpt lat="-28.1097010" lon="-65.9495120">
    <ele>2200.4</ele>
   </trkpt>
   <trkpt lat="-28.1097080" lon="-65.9495010">
    <ele>2199.5</ele>
   </trkpt>
   <trkpt lat="-28.1097140" lon="-65.9494910">
    <ele>2199.5</ele>
   </trkpt>
   <trkpt lat="-28.1097210" lon="-65.9494800">
    <ele>2199.5</ele>
   </trkpt>
   <trkpt lat="-28.1097310" lon="-65.9494710">
    <ele>2199.4</ele>
   </trkpt>
   <trkpt lat="-28.1097410" lon="-65.9494610">
    <ele>2198.9</ele>
   </trkpt>
   <trkpt lat="-28.1097520" lon="-65.9494510">
    <ele>2198.9</ele>
   </trkpt>
   <trkpt lat="-28.1097630" lon="-65.9494410">
    <ele>2198.9</ele>
   </trkpt>
   <trkpt lat="-28.1097760" lon="-65.9494260">
    <ele>2198.6</ele>
   </trkpt>
   <trkpt lat="-28.1097890" lon="-65.9494120">
    <ele>2198.3</ele>
   </trkpt>
   <trkpt lat="-28.1098050" lon="-65.9493910">
    <ele>2197.7</ele>
   </trkpt>
   <trkpt lat="-28.1098210" lon="-65.9493700">
    <ele>2197.6</ele>
   </trkpt>
   <trkpt lat="-28.1098400" lon="-65.9493480">
    <ele>2197.6</ele>
   </trkpt>
   <trkpt lat="-28.1098590" lon="-65.9493250">
    <ele>2196.7</ele>
   </trkpt>
   <trkpt lat="-28.1098770" lon="-65.9492990">
    <ele>2196.7</ele>
   </trkpt>
   <trkpt lat="-28.1098950" lon="-65.9492730">
    <ele>2195.7</ele>
   </trkpt>
   <trkpt lat="-28.1099110" lon="-65.9492410">
    <ele>2195.5</ele>
   </trkpt>
   <trkpt lat="-28.1099280" lon="-65.9492090">
    <ele>2194.5</ele>
   </trkpt>
   <trkpt lat="-28.1099460" lon="-65.9491780">
    <ele>2194.5</ele>
   </trkpt>
   <trkpt lat="-28.1099650" lon="-65.9491470">
    <ele>2193.3</ele>
   </trkpt>
   <trkpt lat="-28.1099850" lon="-65.9491210">
    <ele>2192.7</ele>
   </trkpt>
   <trkpt lat="-28.1100060" lon="-65.9490940">
    <ele>2191.7</ele>
   </trkpt>
   <trkpt lat="-28.1100260" lon="-65.9490710">
    <ele>2191.0</ele>
   </trkpt>
   <trkpt lat="-28.1100460" lon="-65.9490470">
    <ele>2189.9</ele>
   </trkpt>
   <trkpt lat="-28.1100620" lon="-65.9490230">
    <ele>2189.1</ele>
   </trkpt>
   <trkpt lat="-28.1100770" lon="-65.9489980">
    <ele>2187.9</ele>
   </trkpt>
   <trkpt lat="-28.1100860" lon="-65.9489690">
    <ele>2187.1</ele>
   </trkpt>
   <trkpt lat="-28.1100940" lon="-65.9489410">
    <ele>2186.2</ele>
   </trkpt>
   <trkpt lat="-28.1100950" lon="-65.9489130">
    <ele>2186.2</ele>
   </trkpt>
   <trkpt lat="-28.1100960" lon="-65.9488860">
    <ele>2185.2</ele>
   </trkpt>
   <trkpt lat="-28.1100920" lon="-65.9488630">
    <ele>2184.2</ele>
   </trkpt>
   <trkpt lat="-28.1100890" lon="-65.9488410">
    <ele>2184.2</ele>
   </trkpt>
   <trkpt lat="-28.1100880" lon="-65.9488220">
    <ele>2183.1</ele>
   </trkpt>
   <trkpt lat="-28.1100880" lon="-65.9488030">
    <ele>2183.1</ele>
   </trkpt>
   <trkpt lat="-28.1100890" lon="-65.9487880">
    <ele>2183.1</ele>
   </trkpt>
   <trkpt lat="-28.1100900" lon="-65.9487730">
    <ele>2182.0</ele>
   </trkpt>
   <trkpt lat="-28.1100890" lon="-65.9487590">
    <ele>2182.1</ele>
   </trkpt>
   <trkpt lat="-28.1100880" lon="-65.9487450">
    <ele>2182.1</ele>
   </trkpt>
   <trkpt lat="-28.1100830" lon="-65.9487290">
    <ele>2181.0</ele>
   </trkpt>
   <trkpt lat="-28.1100780" lon="-65.9487130">
    <ele>2181.0</ele>
   </trkpt>
   <trkpt lat="-28.1100710" lon="-65.9486930">
    <ele>2179.9</ele>
   </trkpt>
   <trkpt lat="-28.1100640" lon="-65.9486730">
    <ele>2181.4</ele>
   </trkpt>
   <trkpt lat="-28.1100610" lon="-65.9486470">
    <ele>2180.6</ele>
   </trkpt>
   <trkpt lat="-28.1100570" lon="-65.9486200">
    <ele>2180.6</ele>
   </trkpt>
   <trkpt lat="-28.1100540" lon="-65.9485880">
    <ele>2180.0</ele>
   </trkpt>
   <trkpt lat="-28.1100520" lon="-65.9485570">
    <ele>2179.5</ele>
   </trkpt>
   <trkpt lat="-28.1100490" lon="-65.9485220">
    <ele>2179.1</ele>
   </trkpt>
   <trkpt lat="-28.1100460" lon="-65.9484870">
    <ele>2179.1</ele>
   </trkpt>
   <trkpt lat="-28.1100450" lon="-65.9484570">
    <ele>2178.7</ele>
   </trkpt>
   <trkpt lat="-28.1100430" lon="-65.9484260">
    <ele>2178.3</ele>
   </trkpt>
   <trkpt lat="-28.1100440" lon="-65.9484020">
    <ele>2178.3</ele>
   </trkpt>
   <trkpt lat="-28.1100450" lon="-65.9483770">
    <ele>2178.0</ele>
   </trkpt>
   <trkpt lat="-28.1100500" lon="-65.9483580">
    <ele>2178.0</ele>
   </trkpt>
   <trkpt lat="-28.1100540" lon="-65.9483380">
    <ele>2177.7</ele>
   </trkpt>
   <trkpt lat="-28.1100600" lon="-65.9483210">
    <ele>2177.7</ele>
   </trkpt>
   <trkpt lat="-28.1100660" lon="-65.9483040">
    <ele>2177.5</ele>
   </trkpt>
   <trkpt lat="-28.1100720" lon="-65.9482870">
    <ele>2175.8</ele>
   </trkpt>
   <trkpt lat="-28.1100790" lon="-65.9482700">
    <ele>2175.8</ele>
   </trkpt>
   <trkpt lat="-28.1100850" lon="-65.9482510">
    <ele>2175.9</ele>
   </trkpt>
   <trkpt lat="-28.1100900" lon="-65.9482330">
    <ele>2175.9</ele>
   </trkpt>
   <trkpt lat="-28.1100940" lon="-65.9482150">
    <ele>2176.1</ele>
   </trkpt>
   <trkpt lat="-28.1100970" lon="-65.9481960">
    <ele>2176.1</ele>
   </trkpt>
   <trkpt lat="-28.1100970" lon="-65.9481800">
    <ele>2176.7</ele>
   </trkpt>
   <trkpt lat="-28.1100980" lon="-65.9481630">
    <ele>2176.7</ele>
   </trkpt>
   <trkpt lat="-28.1100960" lon="-65.9481490">
    <ele>2176.7</ele>
   </trkpt>
   <trkpt lat="-28.1100940" lon="-65.9481350">
    <ele>2177.6</ele>
   </trkpt>
   <trkpt lat="-28.1100890" lon="-65.9481230">
    <ele>2177.6</ele>
   </trkpt>
   <trkpt lat="-28.1100850" lon="-65.9481110">
    <ele>2177.6</ele>
   </trkpt>
   <trkpt lat="-28.1100820" lon="-65.9481000">
    <ele>2177.6</ele>
   </trkpt>
   <trkpt lat="-28.1100790" lon="-65.9480890">
    <ele>2178.9</ele>
   </trkpt>
   <trkpt lat="-28.1100760" lon="-65.9480800">
    <ele>2178.9</ele>
   </trkpt>
   <trkpt lat="-28.1100730" lon="-65.9480700">
    <ele>2178.9</ele>
   </trkpt>
   <trkpt lat="-28.1100690" lon="-65.9480600">
    <ele>2178.9</ele>
   </trkpt>
   <trkpt lat="-28.1100650" lon="-65.9480490">
    <ele>2181.4</ele>
   </trkpt>
   <trkpt lat="-28.1100600" lon="-65.9480370">
    <ele>2181.5</ele>
   </trkpt>
   <trkpt lat="-28.1100550" lon="-65.9480250">
    <ele>2181.5</ele>
   </trkpt>
   <trkpt lat="-28.1100470" lon="-65.9480130">
    <ele>2181.5</ele>
   </trkpt>
   <trkpt lat="-28.1100400" lon="-65.9480010">
    <ele>2183.3</ele>
   </trkpt>
   <trkpt lat="-28.1100310" lon="-65.9479880">
    <ele>2183.3</ele>
   </trkpt>
   <trkpt lat="-28.1100220" lon="-65.9479760">
    <ele>2184.2</ele>
   </trkpt>
   <trkpt lat="-28.1100120" lon="-65.9479620">
    <ele>2186.2</ele>
   </trkpt>
   <trkpt lat="-28.1100030" lon="-65.9479480">
    <ele>2186.2</ele>
   </trkpt>
   <trkpt lat="-28.1099950" lon="-65.9479330">
    <ele>2186.2</ele>
   </trkpt>
   <trkpt lat="-28.1099870" lon="-65.9479180">
    <ele>2188.9</ele>
   </trkpt>
   <trkpt lat="-28.1099820" lon="-65.9479030">
    <ele>2188.9</ele>
   </trkpt>
   <trkpt lat="-28.1099770" lon="-65.9478880">
    <ele>2188.9</ele>
   </trkpt>
   <trkpt lat="-28.1099740" lon="-65.9478730">
    <ele>2190.8</ele>
   </trkpt>
   <trkpt lat="-28.1099700" lon="-65.9478580">
    <ele>2190.8</ele>
   </trkpt>
   <trkpt lat="-28.1099680" lon="-65.9478450">
    <ele>2190.8</ele>
   </trkpt>
   <trkpt lat="-28.1099660" lon="-65.9478310">
    <ele>2192.6</ele>
   </trkpt>
   <trkpt lat="-28.1099650" lon="-65.9478180">
    <ele>2192.6</ele>
   </trkpt>
   <trkpt lat="-28.1099630" lon="-65.9478050">
    <ele>2192.6</ele>
   </trkpt>
   <trkpt lat="-28.1099610" lon="-65.9477930">
    <ele>2194.2</ele>
   </trkpt>
   <trkpt lat="-28.1099590" lon="-65.9477800">
    <ele>2194.2</ele>
   </trkpt>
   <trkpt lat="-28.1099550" lon="-65.9477670">
    <ele>2194.2</ele>
   </trkpt>
   <trkpt lat="-28.1099510" lon="-65.9477540">
    <ele>2194.7</ele>
   </trkpt>
   <trkpt lat="-28.1099440" lon="-65.9477410">
    <ele>2196.1</ele>
   </trkpt>
   <trkpt lat="-28.1099360" lon="-65.9477270">
    <ele>2196.1</ele>
   </trkpt>
   <trkpt lat="-28.1099230" lon="-65.9477120">
    <ele>2196.1</ele>
   </trkpt>
   <trkpt lat="-28.1099090" lon="-65.9476970">
    <ele>2197.4</ele>
   </trkpt>
   <trkpt lat="-28.1098910" lon="-65.9476820">
    <ele>2197.4</ele>
   </trkpt>
   <trkpt lat="-28.1098730" lon="-65.9476680">
    <ele>2197.3</ele>
   </trkpt>
   <trkpt lat="-28.1098550" lon="-65.9476530">
    <ele>2198.2</ele>
   </trkpt>
   <trkpt lat="-28.1098360" lon="-65.9476380">
    <ele>2197.9</ele>
   </trkpt>
   <trkpt lat="-28.1098210" lon="-65.9476230">
    <ele>2198.8</ele>
   </trkpt>
   <trkpt lat="-28.1098050" lon="-65.9476080">
    <ele>2198.8</ele>
   </trkpt>
   <trkpt lat="-28.1097910" lon="-65.9475930">
    <ele>2198.3</ele>
   </trkpt>
   <trkpt lat="-28.1097770" lon="-65.9475780">
    <ele>2199.0</ele>
   </trkpt>
   <trkpt lat="-28.1097670" lon="-65.9475640">
    <ele>2199.0</ele>
   </trkpt>
   <trkpt lat="-28.1097570" lon="-65.9475500">
    <ele>2198.3</ele>
   </trkpt>
   <trkpt lat="-28.1097500" lon="-65.9475370">
    <ele>2198.9</ele>
   </trkpt>
   <trkpt lat="-28.1097440" lon="-65.9475240">
    <ele>2198.9</ele>
   </trkpt>
   <trkpt lat="-28.1097350" lon="-65.9475110">
    <ele>2198.9</ele>
   </trkpt>
   <trkpt lat="-28.1097260" lon="-65.9474980">
    <ele>2197.9</ele>
   </trkpt>
   <trkpt lat="-28.1097120" lon="-65.9474840">
    <ele>2198.3</ele>
   </trkpt>
   <trkpt lat="-28.1096970" lon="-65.9474700">
    <ele>2198.4</ele>
   </trkpt>
   <trkpt lat="-28.1096790" lon="-65.9474560">
    <ele>2197.0</ele>
   </trkpt>
   <trkpt lat="-28.1096600" lon="-65.9474420">
    <ele>2197.3</ele>
   </trkpt>
   <trkpt lat="-28.1096410" lon="-65.9474260">
    <ele>2195.8</ele>
   </trkpt>
   <trkpt lat="-28.1096220" lon="-65.9474100">
    <ele>2195.8</ele>
   </trkpt>
   <trkpt lat="-28.1096040" lon="-65.9473900">
    <ele>2194.3</ele>
   </trkpt>
   <trkpt lat="-28.1095850" lon="-65.9473700">
    <ele>2194.3</ele>
   </trkpt>
   <trkpt lat="-28.1095690" lon="-65.9473470">
    <ele>2193.0</ele>
   </trkpt>
   <trkpt lat="-28.1095520" lon="-65.9473240">
    <ele>2193.0</ele>
   </trkpt>
   <trkpt lat="-28.1095370" lon="-65.9472980">
    <ele>2192.0</ele>
   </trkpt>
   <trkpt lat="-28.1095210" lon="-65.9472720">
    <ele>2192.5</ele>
   </trkpt>
   <trkpt lat="-28.1095040" lon="-65.9472460">
    <ele>2192.5</ele>
   </trkpt>
   <trkpt lat="-28.1094870" lon="-65.9472200">
    <ele>2192.2</ele>
   </trkpt>
   <trkpt lat="-28.1094670" lon="-65.9471950">
    <ele>2192.2</ele>
   </trkpt>
   <trkpt lat="-28.1094470" lon="-65.9471700">
    <ele>2191.9</ele>
   </trkpt>
   <trkpt lat="-28.1094240" lon="-65.9471440">
    <ele>2192.5</ele>
   </trkpt>
   <trkpt lat="-28.1094020" lon="-65.9471190">
    <ele>2191.5</ele>
   </trkpt>
   <trkpt lat="-28.1093780" lon="-65.9470950">
    <ele>2190.8</ele>
   </trkpt>
   <trkpt lat="-28.1093530" lon="-65.9470710">
    <ele>2190.8</ele>
   </trkpt>
   <trkpt lat="-28.1093300" lon="-65.9470490">
    <ele>2189.9</ele>
   </trkpt>
   <trkpt lat="-28.1093060" lon="-65.9470270">
    <ele>2188.9</ele>
   </trkpt>
   <trkpt lat="-28.1092820" lon="-65.9470090">
    <ele>2189.1</ele>
   </trkpt>
   <trkpt lat="-28.1092590" lon="-65.9469910">
    <ele>2188.2</ele>
   </trkpt>
   <trkpt lat="-28.1092340" lon="-65.9469760">
    <ele>2187.5</ele>
   </trkpt>
   <trkpt lat="-28.1092090" lon="-65.9469600">
    <ele>2187.5</ele>
   </trkpt>
   <trkpt lat="-28.1091860" lon="-65.9469480">
    <ele>2186.5</ele>
   </trkpt>
   <trkpt lat="-28.1091640" lon="-65.9469350">
    <ele>2186.7</ele>
   </trkpt>
   <trkpt lat="-28.1091420" lon="-65.9469220">
    <ele>2185.8</ele>
   </trkpt>
   <trkpt lat="-28.1091210" lon="-65.9469090">
    <ele>2184.8</ele>
   </trkpt>
   <trkpt lat="-28.1090990" lon="-65.9468950">
    <ele>2184.8</ele>
   </trkpt>
   <trkpt lat="-28.1090760" lon="-65.9468820">
    <ele>2184.2</ele>
   </trkpt>
   <trkpt lat="-28.1090540" lon="-65.9468670">
    <ele>2184.2</ele>
   </trkpt>
   <trkpt lat="-28.1090330" lon="-65.9468520">
    <ele>2183.2</ele>
   </trkpt>
   <trkpt lat="-28.1090170" lon="-65.9468370">
    <ele>2183.7</ele>
   </trkpt>
   <trkpt lat="-28.1090020" lon="-65.9468220">
    <ele>2182.6</ele>
   </trkpt>
   <trkpt lat="-28.1089920" lon="-65.9468050">
    <ele>2183.2</ele>
   </trkpt>
   <trkpt lat="-28.1089830" lon="-65.9467880">
    <ele>2183.2</ele>
   </trkpt>
   <trkpt lat="-28.1089810" lon="-65.9467630">
    <ele>2183.7</ele>
   </trkpt>
   <trkpt lat="-28.1089790" lon="-65.9467390">
    <ele>2183.7</ele>
   </trkpt>
   <trkpt lat="-28.1089840" lon="-65.9467140">
    <ele>2184.3</ele>
   </trkpt>
   <trkpt lat="-28.1089880" lon="-65.9466890">
    <ele>2184.3</ele>
   </trkpt>
   <trkpt lat="-28.1089920" lon="-65.9466700">
    <ele>2184.7</ele>
   </trkpt>
   <trkpt lat="-28.1089950" lon="-65.9466510">
    <ele>2184.7</ele>
   </trkpt>
   <trkpt lat="-28.1089960" lon="-65.9466350">
    <ele>2185.1</ele>
   </trkpt>
   <trkpt lat="-28.1089960" lon="-65.9466190">
    <ele>2185.1</ele>
   </trkpt>
   <trkpt lat="-28.1089960" lon="-65.9466020">
    <ele>2185.1</ele>
   </trkpt>
   <trkpt lat="-28.1089970" lon="-65.9465860">
    <ele>2185.2</ele>
   </trkpt>
   <trkpt lat="-28.1089990" lon="-65.9465670">
    <ele>2185.2</ele>
   </trkpt>
   <trkpt lat="-28.1090020" lon="-65.9465470">
    <ele>2185.1</ele>
   </trkpt>
   <trkpt lat="-28.1090070" lon="-65.9465220">
    <ele>2185.1</ele>
   </trkpt>
   <trkpt lat="-28.1090120" lon="-65.9464970">
    <ele>2185.2</ele>
   </trkpt>
   <trkpt lat="-28.1090130" lon="-65.9464730">
    <ele>2185.2</ele>
   </trkpt>
   <trkpt lat="-28.1090150" lon="-65.9464480">
    <ele>2184.7</ele>
   </trkpt>
   <trkpt lat="-28.1090080" lon="-65.9464280">
    <ele>2184.7</ele>
   </trkpt>
   <trkpt lat="-28.1090010" lon="-65.9464070">
    <ele>2183.7</ele>
   </trkpt>
   <trkpt lat="-28.1089870" lon="-65.9463900">
    <ele>2183.7</ele>
   </trkpt>
   <trkpt lat="-28.1089730" lon="-65.9463730">
    <ele>2183.0</ele>
   </trkpt>
   <trkpt lat="-28.1089570" lon="-65.9463540">
    <ele>2182.4</ele>
   </trkpt>
   <trkpt lat="-28.1089410" lon="-65.9463350">
    <ele>2181.7</ele>
   </trkpt>
   <trkpt lat="-28.1089280" lon="-65.9463170">
    <ele>2180.8</ele>
   </trkpt>
   <trkpt lat="-28.1089160" lon="-65.9462980">
    <ele>2180.8</ele>
   </trkpt>
   <trkpt lat="-28.1089080" lon="-65.9462830">
    <ele>2179.9</ele>
   </trkpt>
   <trkpt lat="-28.1089000" lon="-65.9462690">
    <ele>2179.9</ele>
   </trkpt>
   <trkpt lat="-28.1088930" lon="-65.9462570">
    <ele>2178.8</ele>
   </trkpt>
   <trkpt lat="-28.1088860" lon="-65.9462460">
    <ele>2177.7</ele>
   </trkpt>
   <trkpt lat="-28.1088780" lon="-65.9462340">
    <ele>2177.7</ele>
   </trkpt>
   <trkpt lat="-28.1088690" lon="-65.9462220">
    <ele>2177.7</ele>
   </trkpt>
   <trkpt lat="-28.1088630" lon="-65.9462060">
    <ele>2176.5</ele>
   </trkpt>
   <trkpt lat="-28.1088560" lon="-65.9461900">
    <ele>2175.0</ele>
   </trkpt>
   <trkpt lat="-28.1088560" lon="-65.9461740">
    <ele>2175.0</ele>
   </trkpt>
   <trkpt lat="-28.1088550" lon="-65.9461570">
    <ele>2173.7</ele>
   </trkpt>
   <trkpt lat="-28.1088580" lon="-65.9461390">
    <ele>2175.3</ele>
   </trkpt>
   <trkpt lat="-28.1088600" lon="-65.9461220">
    <ele>2175.3</ele>
   </trkpt>
   <trkpt lat="-28.1088640" lon="-65.9460990">
    <ele>2174.0</ele>
   </trkpt>
   <trkpt lat="-28.1088680" lon="-65.9460760">
    <ele>2172.8</ele>
   </trkpt>
   <trkpt lat="-28.1088720" lon="-65.9460490">
    <ele>2172.8</ele>
   </trkpt>
   <trkpt lat="-28.1088770" lon="-65.9460220">
    <ele>2171.5</ele>
   </trkpt>
   <trkpt lat="-28.1088830" lon="-65.9459940">
    <ele>2171.5</ele>
   </trkpt>
   <trkpt lat="-28.1088890" lon="-65.9459650">
    <ele>2170.3</ele>
   </trkpt>
   <trkpt lat="-28.1088930" lon="-65.9459350">
    <ele>2169.1</ele>
   </trkpt>
   <trkpt lat="-28.1088970" lon="-65.9459060">
    <ele>2169.2</ele>
   </trkpt>
   <trkpt lat="-28.1088980" lon="-65.9458740">
    <ele>2169.2</ele>
   </trkpt>
   <trkpt lat="-28.1088980" lon="-65.9458420">
    <ele>2167.9</ele>
   </trkpt>
   <trkpt lat="-28.1088980" lon="-65.9458080">
    <ele>2166.5</ele>
   </trkpt>
   <trkpt lat="-28.1088980" lon="-65.9457750">
    <ele>2165.2</ele>
   </trkpt>
   <trkpt lat="-28.1088970" lon="-65.9457410">
    <ele>2165.2</ele>
   </trkpt>
   <trkpt lat="-28.1088960" lon="-65.9457080">
    <ele>2163.9</ele>
   </trkpt>
   <trkpt lat="-28.1088950" lon="-65.9456760">
    <ele>2162.7</ele>
   </trkpt>
   <trkpt lat="-28.1088940" lon="-65.9456450">
    <ele>2161.7</ele>
   </trkpt>
   <trkpt lat="-28.1088940" lon="-65.9456180">
    <ele>2161.7</ele>
   </trkpt>
   <trkpt lat="-28.1088950" lon="-65.9455920">
    <ele>2160.7</ele>
   </trkpt>
   <trkpt lat="-28.1088900" lon="-65.9455750">
    <ele>2159.6</ele>
   </trkpt>
   <trkpt lat="-28.1088860" lon="-65.9455570">
    <ele>2158.6</ele>
   </trkpt>
   <trkpt lat="-28.1088740" lon="-65.9455460">
    <ele>2158.6</ele>
   </trkpt>
   <trkpt lat="-28.1088620" lon="-65.9455350">
    <ele>2158.6</ele>
   </trkpt>
   <trkpt lat="-28.1088460" lon="-65.9455320">
    <ele>2157.4</ele>
   </trkpt>
   <trkpt lat="-28.1088300" lon="-65.9455290">
    <ele>2157.4</ele>
   </trkpt>
   <trkpt lat="-28.1088130" lon="-65.9455340">
    <ele>2156.1</ele>
   </trkpt>
   <trkpt lat="-28.1087970" lon="-65.9455400">
    <ele>2156.1</ele>
   </trkpt>
   <trkpt lat="-28.1087820" lon="-65.9455400">
    <ele>2156.1</ele>
   </trkpt>
   <trkpt lat="-28.1087670" lon="-65.9455410">
    <ele>2154.7</ele>
   </trkpt>
   <trkpt lat="-28.1087530" lon="-65.9455310">
    <ele>2154.7</ele>
   </trkpt>
   <trkpt lat="-28.1087400" lon="-65.9455220">
    <ele>2153.5</ele>
   </trkpt>
   <trkpt lat="-28.1087260" lon="-65.9455060">
    <ele>2152.8</ele>
   </trkpt>
   <trkpt lat="-28.1087120" lon="-65.9454900">
    <ele>2152.9</ele>
   </trkpt>
   <trkpt lat="-28.1086940" lon="-65.9454710">
    <ele>2151.4</ele>
   </trkpt>
   <trkpt lat="-28.1086760" lon="-65.9454530">
    <ele>2151.4</ele>
   </trkpt>
   <trkpt lat="-28.1086500" lon="-65.9454350">
    <ele>2150.8</ele>
   </trkpt>
   <trkpt lat="-28.1086250" lon="-65.9454170">
    <ele>2149.9</ele>
   </trkpt>
   <trkpt lat="-28.1085920" lon="-65.9454010">
    <ele>2149.9</ele>
   </trkpt>
   <trkpt lat="-28.1085590" lon="-65.9453840">
    <ele>2149.1</ele>
   </trkpt>
   <trkpt lat="-28.1085250" lon="-65.9453650">
    <ele>2148.7</ele>
   </trkpt>
   <trkpt lat="-28.1084910" lon="-65.9453460">
    <ele>2148.3</ele>
   </trkpt>
   <trkpt lat="-28.1084610" lon="-65.9453210">
    <ele>2148.1</ele>
   </trkpt>
   <trkpt lat="-28.1084310" lon="-65.9452970">
    <ele>2148.0</ele>
   </trkpt>
   <trkpt lat="-28.1084040" lon="-65.9452680">
    <ele>2148.0</ele>
   </trkpt>
   <trkpt lat="-28.1083770" lon="-65.9452390">
    <ele>2148.0</ele>
   </trkpt>
   <trkpt lat="-28.1083530" lon="-65.9452090">
    <ele>2148.0</ele>
   </trkpt>
   <trkpt lat="-28.1083280" lon="-65.9451780">
    <ele>2148.0</ele>
   </trkpt>
   <trkpt lat="-28.1083050" lon="-65.9451480">
    <ele>2148.0</ele>
   </trkpt>
   <trkpt lat="-28.1082820" lon="-65.9451170">
    <ele>2147.8</ele>
   </trkpt>
   <trkpt lat="-28.1082620" lon="-65.9450870">
    <ele>2147.5</ele>
   </trkpt>
   <trkpt lat="-28.1082410" lon="-65.9450580">
    <ele>2147.4</ele>
   </trkpt>
   <trkpt lat="-28.1082200" lon="-65.9450290">
    <ele>2147.0</ele>
   </trkpt>
   <trkpt lat="-28.1082000" lon="-65.9450000">
    <ele>2146.5</ele>
   </trkpt>
   <trkpt lat="-28.1081810" lon="-65.9449710">
    <ele>2146.5</ele>
   </trkpt>
   <trkpt lat="-28.1081610" lon="-65.9449410">
    <ele>2146.0</ele>
   </trkpt>
   <trkpt lat="-28.1081450" lon="-65.9449110">
    <ele>2145.7</ele>
   </trkpt>
   <trkpt lat="-28.1081290" lon="-65.9448810">
    <ele>2145.5</ele>
   </trkpt>
   <trkpt lat="-28.1081120" lon="-65.9448530">
    <ele>2145.2</ele>
   </trkpt>
   <trkpt lat="-28.1080950" lon="-65.9448260">
    <ele>2144.7</ele>
   </trkpt>
   <trkpt lat="-28.1080760" lon="-65.9448010">
    <ele>2144.7</ele>
   </trkpt>
   <trkpt lat="-28.1080560" lon="-65.9447760">
    <ele>2144.3</ele>
   </trkpt>
   <trkpt lat="-28.1080370" lon="-65.9447520">
    <ele>2144.3</ele>
   </trkpt>
   <trkpt lat="-28.1080170" lon="-65.9447270">
    <ele>2143.9</ele>
   </trkpt>
   <trkpt lat="-28.1079980" lon="-65.9447010">
    <ele>2143.5</ele>
   </trkpt>
   <trkpt lat="-28.1079790" lon="-65.9446750">
    <ele>2143.3</ele>
   </trkpt>
   <trkpt lat="-28.1079600" lon="-65.9446470">
    <ele>2142.9</ele>
   </trkpt>
   <trkpt lat="-28.1079420" lon="-65.9446180">
    <ele>2141.9</ele>
   </trkpt>
   <trkpt lat="-28.1079240" lon="-65.9445880">
    <ele>2141.9</ele>
   </trkpt>
   <trkpt lat="-28.1079060" lon="-65.9445570">
    <ele>2140.7</ele>
   </trkpt>
   <trkpt lat="-28.1078880" lon="-65.9445270">
    <ele>2140.1</ele>
   </trkpt>
   <trkpt lat="-28.1078690" lon="-65.9444960">
    <ele>2139.8</ele>
   </trkpt>
   <trkpt lat="-28.1078490" lon="-65.9444680">
    <ele>2139.2</ele>
   </trkpt>
   <trkpt lat="-28.1078290" lon="-65.9444390">
    <ele>2138.2</ele>
   </trkpt>
   <trkpt lat="-28.1078060" lon="-65.9444130">
    <ele>2138.2</ele>
   </trkpt>
   <trkpt lat="-28.1077820" lon="-65.9443860">
    <ele>2137.3</ele>
   </trkpt>
   <trkpt lat="-28.1077550" lon="-65.9443630">
    <ele>2137.1</ele>
   </trkpt>
   <trkpt lat="-28.1077290" lon="-65.9443410">
    <ele>2136.4</ele>
   </trkpt>
   <trkpt lat="-28.1077040" lon="-65.9443200">
    <ele>2136.3</ele>
   </trkpt>
   <trkpt lat="-28.1076800" lon="-65.9443000">
    <ele>2135.8</ele>
   </trkpt>
   <trkpt lat="-28.1076690" lon="-65.9442840">
    <ele>2135.9</ele>
   </trkpt>
   <trkpt lat="-28.1076570" lon="-65.9442670">
    <ele>2135.5</ele>
   </trkpt>
   <trkpt lat="-28.1076540" lon="-65.9442500">
    <ele>2135.6</ele>
   </trkpt>
   <trkpt lat="-28.1076500" lon="-65.9442330">
    <ele>2135.6</ele>
   </trkpt>
   <trkpt lat="-28.1076420" lon="-65.9442110">
    <ele>2135.7</ele>
   </trkpt>
   <trkpt lat="-28.1076340" lon="-65.9441900">
    <ele>2135.6</ele>
   </trkpt>
   <trkpt lat="-28.1076170" lon="-65.9441640">
    <ele>2135.6</ele>
   </trkpt>
   <trkpt lat="-28.1076000" lon="-65.9441390">
    <ele>2135.9</ele>
   </trkpt>
   <trkpt lat="-28.1075790" lon="-65.9441130">
    <ele>2136.0</ele>
   </trkpt>
   <trkpt lat="-28.1075590" lon="-65.9440870">
    <ele>2136.3</ele>
   </trkpt>
   <trkpt lat="-28.1075390" lon="-65.9440610">
    <ele>2135.9</ele>
   </trkpt>
   <trkpt lat="-28.1075190" lon="-65.9440360">
    <ele>2136.4</ele>
   </trkpt>
   <trkpt lat="-28.1075000" lon="-65.9440110">
    <ele>2136.1</ele>
   </trkpt>
   <trkpt lat="-28.1074820" lon="-65.9439870">
    <ele>2136.5</ele>
   </trkpt>
   <trkpt lat="-28.1074680" lon="-65.9439630">
    <ele>2136.2</ele>
   </trkpt>
   <trkpt lat="-28.1074530" lon="-65.9439380">
    <ele>2136.5</ele>
   </trkpt>
   <trkpt lat="-28.1074440" lon="-65.9439110">
    <ele>2136.2</ele>
   </trkpt>
   <trkpt lat="-28.1074340" lon="-65.9438840">
    <ele>2135.8</ele>
   </trkpt>
   <trkpt lat="-28.1074260" lon="-65.9438580">
    <ele>2135.8</ele>
   </trkpt>
   <trkpt lat="-28.1074170" lon="-65.9438330">
    <ele>2135.5</ele>
   </trkpt>
   <trkpt lat="-28.1074050" lon="-65.9438140">
    <ele>2135.5</ele>
   </trkpt>
   <trkpt lat="-28.1073930" lon="-65.9437950">
    <ele>2134.7</ele>
   </trkpt>
   <trkpt lat="-28.1073790" lon="-65.9437800">
    <ele>2134.7</ele>
   </trkpt>
   <trkpt lat="-28.1073650" lon="-65.9437660">
    <ele>2134.8</ele>
   </trkpt>
   <trkpt lat="-28.1073530" lon="-65.9437520">
    <ele>2133.8</ele>
   </trkpt>
   <trkpt lat="-28.1073420" lon="-65.9437380">
    <ele>2133.8</ele>
   </trkpt>
   <trkpt lat="-28.1073320" lon="-65.9437250">
    <ele>2133.9</ele>
   </trkpt>
   <trkpt lat="-28.1073230" lon="-65.9437120">
    <ele>2132.8</ele>
   </trkpt>
   <trkpt lat="-28.1073130" lon="-65.9437030">
    <ele>2132.8</ele>
   </trkpt>
   <trkpt lat="-28.1073040" lon="-65.9436930">
    <ele>2132.9</ele>
   </trkpt>
   <trkpt lat="-28.1072950" lon="-65.9436860">
    <ele>2132.9</ele>
   </trkpt>
   <trkpt lat="-28.1072850" lon="-65.9436790">
    <ele>2132.9</ele>
   </trkpt>
   <trkpt lat="-28.1072760" lon="-65.9436710">
    <ele>2131.9</ele>
   </trkpt>
   <trkpt lat="-28.1072670" lon="-65.9436640">
    <ele>2131.9</ele>
   </trkpt>
   <trkpt lat="-28.1072590" lon="-65.9436550">
    <ele>2131.9</ele>
   </trkpt>
   <trkpt lat="-28.1072510" lon="-65.9436470">
    <ele>2131.9</ele>
   </trkpt>
   <trkpt lat="-28.1072420" lon="-65.9436370">
    <ele>2131.9</ele>
   </trkpt>
   <trkpt lat="-28.1072330" lon="-65.9436270">
    <ele>2130.9</ele>
   </trkpt>
   <trkpt lat="-28.1072230" lon="-65.9436150">
    <ele>2130.8</ele>
   </trkpt>
   <trkpt lat="-28.1072140" lon="-65.9436030">
    <ele>2130.8</ele>
   </trkpt>
   <trkpt lat="-28.1072040" lon="-65.9435900">
    <ele>2130.8</ele>
   </trkpt>
   <trkpt lat="-28.1071940" lon="-65.9435770">
    <ele>2129.9</ele>
   </trkpt>
   <trkpt lat="-28.1071840" lon="-65.9435640">
    <ele>2129.9</ele>
   </trkpt>
   <trkpt lat="-28.1071740" lon="-65.9435520">
    <ele>2129.9</ele>
   </trkpt>
   <trkpt lat="-28.1071650" lon="-65.9435410">
    <ele>2129.2</ele>
   </trkpt>
   <trkpt lat="-28.1071570" lon="-65.9435300">
    <ele>2129.2</ele>
   </trkpt>
   <trkpt lat="-28.1071510" lon="-65.9435180">
    <ele>2129.3</ele>
   </trkpt>
   <trkpt lat="-28.1071460" lon="-65.9435050">
    <ele>2129.3</ele>
   </trkpt>
   <trkpt lat="-28.1071430" lon="-65.9434920">
    <ele>2128.9</ele>
   </trkpt>
   <trkpt lat="-28.1071410" lon="-65.9434790">
    <ele>2128.9</ele>
   </trkpt>
   <trkpt lat="-28.1071380" lon="-65.9434670">
    <ele>2128.9</ele>
   </trkpt>
   <trkpt lat="-28.1071360" lon="-65.9434560">
    <ele>2128.5</ele>
   </trkpt>
   <trkpt lat="-28.1071360" lon="-65.9434450">
    <ele>2128.6</ele>
   </trkpt>
   <trkpt lat="-28.1071350" lon="-65.9434350">
    <ele>2128.6</ele>
   </trkpt>
   <trkpt lat="-28.1071360" lon="-65.9434190">
    <ele>2128.6</ele>
   </trkpt>
   <trkpt lat="-28.1071370" lon="-65.9434030">
    <ele>2128.3</ele>
   </trkpt>
   <trkpt lat="-28.1071370" lon="-65.9433800">
    <ele>2128.3</ele>
   </trkpt>
   <trkpt lat="-28.1071360" lon="-65.9433560">
    <ele>2128.0</ele>
   </trkpt>
   <trkpt lat="-28.1071300" lon="-65.9433300">
    <ele>2127.6</ele>
   </trkpt>
   <trkpt lat="-28.1071230" lon="-65.9433040">
    <ele>2127.6</ele>
   </trkpt>
   <trkpt lat="-28.1071100" lon="-65.9432750">
    <ele>2127.6</ele>
   </trkpt>
   <trkpt lat="-28.1070970" lon="-65.9432460">
    <ele>2127.6</ele>
   </trkpt>
   <trkpt lat="-28.1070820" lon="-65.9432140">
    <ele>2126.8</ele>
   </trkpt>
   <trkpt lat="-28.1070670" lon="-65.9431820">
    <ele>2126.5</ele>
   </trkpt>
   <trkpt lat="-28.1070510" lon="-65.9431480">
    <ele>2125.7</ele>
   </trkpt>
   <trkpt lat="-28.1070350" lon="-65.9431140">
    <ele>2125.1</ele>
   </trkpt>
   <trkpt lat="-28.1070170" lon="-65.9430790">
    <ele>2125.1</ele>
   </trkpt>
   <trkpt lat="-28.1069990" lon="-65.9430450">
    <ele>2124.2</ele>
   </trkpt>
   <trkpt lat="-28.1069800" lon="-65.9430090">
    <ele>2123.4</ele>
   </trkpt>
   <trkpt lat="-28.1069620" lon="-65.9429740">
    <ele>2122.7</ele>
   </trkpt>
   <trkpt lat="-28.1069450" lon="-65.9429370">
    <ele>2121.8</ele>
   </trkpt>
   <trkpt lat="-28.1069290" lon="-65.9429010">
    <ele>2120.9</ele>
   </trkpt>
   <trkpt lat="-28.1069150" lon="-65.9428630">
    <ele>2121.1</ele>
   </trkpt>
   <trkpt lat="-28.1069010" lon="-65.9428250">
    <ele>2120.1</ele>
   </trkpt>
   <trkpt lat="-28.1068920" lon="-65.9427860">
    <ele>2119.0</ele>
   </trkpt>
   <trkpt lat="-28.1068830" lon="-65.9427470">
    <ele>2117.8</ele>
   </trkpt>
   <trkpt lat="-28.1068770" lon="-65.9427070">
    <ele>2116.8</ele>
   </trkpt>
   <trkpt lat="-28.1068720" lon="-65.9426670">
    <ele>2115.8</ele>
   </trkpt>
   <trkpt lat="-28.1068660" lon="-65.9426300">
    <ele>2114.8</ele>
   </trkpt>
   <trkpt lat="-28.1068590" lon="-65.9425930">
    <ele>2114.0</ele>
   </trkpt>
   <trkpt lat="-28.1068500" lon="-65.9425630">
    <ele>2114.0</ele>
   </trkpt>
   <trkpt lat="-28.1068410" lon="-65.9425330">
    <ele>2113.2</ele>
   </trkpt>
   <trkpt lat="-28.1068340" lon="-65.9425070">
    <ele>2112.7</ele>
   </trkpt>
   <trkpt lat="-28.1068270" lon="-65.9424820">
    <ele>2112.7</ele>
   </trkpt>
   <trkpt lat="-28.1068230" lon="-65.9424560">
    <ele>2112.3</ele>
   </trkpt>
   <trkpt lat="-28.1068200" lon="-65.9424300">
    <ele>2112.1</ele>
   </trkpt>
   <trkpt lat="-28.1068210" lon="-65.9424000">
    <ele>2112.1</ele>
   </trkpt>
   <trkpt lat="-28.1068220" lon="-65.9423700">
    <ele>2112.0</ele>
   </trkpt>
   <trkpt lat="-28.1068260" lon="-65.9423360">
    <ele>2112.0</ele>
   </trkpt>
   <trkpt lat="-28.1068300" lon="-65.9423020">
    <ele>2112.0</ele>
   </trkpt>
   <trkpt lat="-28.1068340" lon="-65.9422670">
    <ele>2112.1</ele>
   </trkpt>
   <trkpt lat="-28.1068370" lon="-65.9422310">
    <ele>2112.1</ele>
   </trkpt>
   <trkpt lat="-28.1068430" lon="-65.9421960">
    <ele>2112.1</ele>
   </trkpt>
   <trkpt lat="-28.1068480" lon="-65.9421620">
    <ele>2112.0</ele>
   </trkpt>
   <trkpt lat="-28.1068560" lon="-65.9421290">
    <ele>2111.7</ele>
   </trkpt>
   <trkpt lat="-28.1068650" lon="-65.9420970">
    <ele>2111.7</ele>
   </trkpt>
   <trkpt lat="-28.1068720" lon="-65.9420650">
    <ele>2111.3</ele>
   </trkpt>
   <trkpt lat="-28.1068790" lon="-65.9420320">
    <ele>2110.8</ele>
   </trkpt>
   <trkpt lat="-28.1068840" lon="-65.9419990">
    <ele>2110.3</ele>
   </trkpt>
   <trkpt lat="-28.1068900" lon="-65.9419660">
    <ele>2110.2</ele>
   </trkpt>
   <trkpt lat="-28.1068940" lon="-65.9419310">
    <ele>2109.7</ele>
   </trkpt>
   <trkpt lat="-28.1068980" lon="-65.9418960">
    <ele>2109.2</ele>
   </trkpt>
   <trkpt lat="-28.1069030" lon="-65.9418610">
    <ele>2108.7</ele>
   </trkpt>
   <trkpt lat="-28.1069080" lon="-65.9418250">
    <ele>2108.2</ele>
   </trkpt>
   <trkpt lat="-28.1069160" lon="-65.9417900">
    <ele>2108.2</ele>
   </trkpt>
   <trkpt lat="-28.1069240" lon="-65.9417540">
    <ele>2107.7</ele>
   </trkpt>
   <trkpt lat="-28.1069330" lon="-65.9417210">
    <ele>2106.4</ele>
   </trkpt>
   <trkpt lat="-28.1069430" lon="-65.9416870">
    <ele>2105.8</ele>
   </trkpt>
   <trkpt lat="-28.1069480" lon="-65.9416550">
    <ele>2105.2</ele>
   </trkpt>
   <trkpt lat="-28.1069530" lon="-65.9416220">
    <ele>2105.2</ele>
   </trkpt>
   <trkpt lat="-28.1069500" lon="-65.9415900">
    <ele>2104.6</ele>
   </trkpt>
   <trkpt lat="-28.1069470" lon="-65.9415590">
    <ele>2104.2</ele>
   </trkpt>
   <trkpt lat="-28.1069370" lon="-65.9415260">
    <ele>2103.9</ele>
   </trkpt>
   <trkpt lat="-28.1069270" lon="-65.9414940">
    <ele>2103.9</ele>
   </trkpt>
   <trkpt lat="-28.1069150" lon="-65.9414600">
    <ele>2103.8</ele>
   </trkpt>
   <trkpt lat="-28.1069020" lon="-65.9414260">
    <ele>2103.6</ele>
   </trkpt>
   <trkpt lat="-28.1068930" lon="-65.9413930">
    <ele>2103.2</ele>
   </trkpt>
   <trkpt lat="-28.1068830" lon="-65.9413590">
    <ele>2103.5</ele>
   </trkpt>
   <trkpt lat="-28.1068840" lon="-65.9413280">
    <ele>2102.9</ele>
   </trkpt>
   <trkpt lat="-28.1068840" lon="-65.9412970">
    <ele>2102.1</ele>
   </trkpt>
   <trkpt lat="-28.1068930" lon="-65.9412730">
    <ele>2101.7</ele>
   </trkpt>
   <trkpt lat="-28.1069010" lon="-65.9412490">
    <ele>2100.8</ele>
   </trkpt>
   <trkpt lat="-28.1069100" lon="-65.9412270">
    <ele>2100.1</ele>
   </trkpt>
   <trkpt lat="-28.1069190" lon="-65.9412050">
    <ele>2100.1</ele>
   </trkpt>
   <trkpt lat="-28.1069240" lon="-65.9411840">
    <ele>2099.6</ele>
   </trkpt>
   <trkpt lat="-28.1069290" lon="-65.9411630">
    <ele>2099.1</ele>
   </trkpt>
   <trkpt lat="-28.1069330" lon="-65.9411430">
    <ele>2098.7</ele>
   </trkpt>
   <trkpt lat="-28.1069370" lon="-65.9411220">
    <ele>2098.7</ele>
   </trkpt>
   <trkpt lat="-28.1069430" lon="-65.9411030">
    <ele>2098.7</ele>
   </trkpt>
   <trkpt lat="-28.1069480" lon="-65.9410830">
    <ele>2098.3</ele>
   </trkpt>
   <trkpt lat="-28.1069560" lon="-65.9410600">
    <ele>2098.3</ele>
   </trkpt>
   <trkpt lat="-28.1069640" lon="-65.9410360">
    <ele>2097.5</ele>
   </trkpt>
   <trkpt lat="-28.1069710" lon="-65.9410080">
    <ele>2096.9</ele>
   </trkpt>
   <trkpt lat="-28.1069790" lon="-65.9409800">
    <ele>2096.9</ele>
   </trkpt>
   <trkpt lat="-28.1069790" lon="-65.9409530">
    <ele>2096.2</ele>
   </trkpt>
   <trkpt lat="-28.1069790" lon="-65.9409260">
    <ele>2095.4</ele>
   </trkpt>
   <trkpt lat="-28.1069690" lon="-65.9409010">
    <ele>2095.4</ele>
   </trkpt>
   <trkpt lat="-28.1069580" lon="-65.9408760">
    <ele>2094.8</ele>
   </trkpt>
   <trkpt lat="-28.1069400" lon="-65.9408520">
    <ele>2094.8</ele>
   </trkpt>
   <trkpt lat="-28.1069230" lon="-65.9408280">
    <ele>2093.9</ele>
   </trkpt>
   <trkpt lat="-28.1068990" lon="-65.9408070">
    <ele>2093.9</ele>
   </trkpt>
   <trkpt lat="-28.1068760" lon="-65.9407850">
    <ele>2092.8</ele>
   </trkpt>
   <trkpt lat="-28.1068480" lon="-65.9407690">
    <ele>2093.3</ele>
   </trkpt>
   <trkpt lat="-28.1068200" lon="-65.9407530">
    <ele>2091.7</ele>
   </trkpt>
   <trkpt lat="-28.1067910" lon="-65.9407400">
    <ele>2092.3</ele>
   </trkpt>
   <trkpt lat="-28.1067610" lon="-65.9407270">
    <ele>2092.6</ele>
   </trkpt>
   <trkpt lat="-28.1067380" lon="-65.9407110">
    <ele>2091.1</ele>
   </trkpt>
   <trkpt lat="-28.1067140" lon="-65.9406950">
    <ele>2091.3</ele>
   </trkpt>
   <trkpt lat="-28.1067010" lon="-65.9406740">
    <ele>2091.3</ele>
   </trkpt>
   <trkpt lat="-28.1066880" lon="-65.9406540">
    <ele>2089.8</ele>
   </trkpt>
   <trkpt lat="-28.1066780" lon="-65.9406290">
    <ele>2089.8</ele>
   </trkpt>
   <trkpt lat="-28.1066670" lon="-65.9406050">
    <ele>2088.3</ele>
   </trkpt>
   <trkpt lat="-28.1066530" lon="-65.9405830">
    <ele>2086.8</ele>
   </trkpt>
   <trkpt lat="-28.1066390" lon="-65.9405600">
    <ele>2086.8</ele>
   </trkpt>
   <trkpt lat="-28.1066220" lon="-65.9405360">
    <ele>2085.3</ele>
   </trkpt>
   <trkpt lat="-28.1066060" lon="-65.9405120">
    <ele>2085.3</ele>
   </trkpt>
   <trkpt lat="-28.1065870" lon="-65.9404890">
    <ele>2083.6</ele>
   </trkpt>
   <trkpt lat="-28.1065680" lon="-65.9404650">
    <ele>2083.7</ele>
   </trkpt>
   <trkpt lat="-28.1065450" lon="-65.9404470">
    <ele>2082.2</ele>
   </trkpt>
   <trkpt lat="-28.1065220" lon="-65.9404280">
    <ele>2082.2</ele>
   </trkpt>
   <trkpt lat="-28.1064940" lon="-65.9404140">
    <ele>2082.3</ele>
   </trkpt>
   <trkpt lat="-28.1064650" lon="-65.9404000">
    <ele>2081.4</ele>
   </trkpt>
   <trkpt lat="-28.1064330" lon="-65.9403890">
    <ele>2081.7</ele>
   </trkpt>
   <trkpt lat="-28.1064020" lon="-65.9403790">
    <ele>2081.7</ele>
   </trkpt>
   <trkpt lat="-28.1063700" lon="-65.9403690">
    <ele>2081.1</ele>
   </trkpt>
   <trkpt lat="-28.1063380" lon="-65.9403590">
    <ele>2081.4</ele>
   </trkpt>
   <trkpt lat="-28.1063090" lon="-65.9403470">
    <ele>2081.5</ele>
   </trkpt>
   <trkpt lat="-28.1062810" lon="-65.9403340">
    <ele>2081.4</ele>
   </trkpt>
   <trkpt lat="-28.1062580" lon="-65.9403180">
    <ele>2080.8</ele>
   </trkpt>
   <trkpt lat="-28.1062360" lon="-65.9403020">
    <ele>2080.6</ele>
   </trkpt>
   <trkpt lat="-28.1062210" lon="-65.9402780">
    <ele>2079.8</ele>
   </trkpt>
   <trkpt lat="-28.1062060" lon="-65.9402550">
    <ele>2079.4</ele>
   </trkpt>
   <trkpt lat="-28.1062010" lon="-65.9402280">
    <ele>2078.5</ele>
   </trkpt>
   <trkpt lat="-28.1061960" lon="-65.9402010">
    <ele>2078.5</ele>
   </trkpt>
   <trkpt lat="-28.1062010" lon="-65.9401790">
    <ele>2077.3</ele>
   </trkpt>
   <trkpt lat="-28.1062050" lon="-65.9401570">
    <ele>2077.4</ele>
   </trkpt>
   <trkpt lat="-28.1062190" lon="-65.9401430">
    <ele>2076.1</ele>
   </trkpt>
   <trkpt lat="-28.1062330" lon="-65.9401290">
    <ele>2076.1</ele>
   </trkpt>
   <trkpt lat="-28.1062560" lon="-65.9401170">
    <ele>2075.9</ele>
   </trkpt>
   <trkpt lat="-28.1062800" lon="-65.9401050">
    <ele>2074.2</ele>
   </trkpt>
   <trkpt lat="-28.1063110" lon="-65.9400940">
    <ele>2073.7</ele>
   </trkpt>
   <trkpt lat="-28.1063410" lon="-65.9400830">
    <ele>2073.0</ele>
   </trkpt>
   <trkpt lat="-28.1063740" lon="-65.9400720">
    <ele>2072.1</ele>
   </trkpt>
   <trkpt lat="-28.1064080" lon="-65.9400610">
    <ele>2069.4</ele>
   </trkpt>
   <trkpt lat="-28.1064420" lon="-65.9400460">
    <ele>2068.7</ele>
   </trkpt>
   <trkpt lat="-28.1064760" lon="-65.9400310">
    <ele>2068.1</ele>
   </trkpt>
   <trkpt lat="-28.1065090" lon="-65.9400120">
    <ele>2066.5</ele>
   </trkpt>
   <trkpt lat="-28.1065420" lon="-65.9399930">
    <ele>2066.1</ele>
   </trkpt>
   <trkpt lat="-28.1065730" lon="-65.9399730">
    <ele>2064.1</ele>
   </trkpt>
   <trkpt lat="-28.1066040" lon="-65.9399520">
    <ele>2063.6</ele>
   </trkpt>
   <trkpt lat="-28.1066320" lon="-65.9399300">
    <ele>2060.5</ele>
   </trkpt>
   <trkpt lat="-28.1066600" lon="-65.9399080">
    <ele>2060.5</ele>
   </trkpt>
   <trkpt lat="-28.1066870" lon="-65.9398850">
    <ele>2058.6</ele>
   </trkpt>
   <trkpt lat="-28.1067140" lon="-65.9398630">
    <ele>2058.2</ele>
   </trkpt>
   <trkpt lat="-28.1067390" lon="-65.9398420">
    <ele>2057.0</ele>
   </trkpt>
   <trkpt lat="-28.1067650" lon="-65.9398210">
    <ele>2057.0</ele>
   </trkpt>
   <trkpt lat="-28.1067870" lon="-65.9398010">
    <ele>2056.4</ele>
   </trkpt>
   <trkpt lat="-28.1068100" lon="-65.9397820">
    <ele>2056.4</ele>
   </trkpt>
   <trkpt lat="-28.1068300" lon="-65.9397610">
    <ele>2056.0</ele>
   </trkpt>
   <trkpt lat="-28.1068500" lon="-65.9397400">
    <ele>2055.8</ele>
   </trkpt>
   <trkpt lat="-28.1068650" lon="-65.9397170">
    <ele>2055.9</ele>
   </trkpt>
   <trkpt lat="-28.1068810" lon="-65.9396950">
    <ele>2055.9</ele>
   </trkpt>
   <trkpt lat="-28.1068940" lon="-65.9396710">
    <ele>2056.0</ele>
   </trkpt>
   <trkpt lat="-28.1069060" lon="-65.9396460">
    <ele>2056.0</ele>
   </trkpt>
   <trkpt lat="-28.1069190" lon="-65.9396210">
    <ele>2056.5</ele>
   </trkpt>
   <trkpt lat="-28.1069310" lon="-65.9395950">
    <ele>2056.5</ele>
   </trkpt>
   <trkpt lat="-28.1069450" lon="-65.9395680">
    <ele>2056.5</ele>
   </trkpt>
   <trkpt lat="-28.1069580" lon="-65.9395410">
    <ele>2056.9</ele>
   </trkpt>
   <trkpt lat="-28.1069720" lon="-65.9395130">
    <ele>2056.1</ele>
   </trkpt>
   <trkpt lat="-28.1069850" lon="-65.9394840">
    <ele>2056.3</ele>
   </trkpt>
   <trkpt lat="-28.1070000" lon="-65.9394550">
    <ele>2056.5</ele>
   </trkpt>
   <trkpt lat="-28.1070150" lon="-65.9394250">
    <ele>2056.0</ele>
   </trkpt>
   <trkpt lat="-28.1070310" lon="-65.9393940">
    <ele>2056.0</ele>
   </trkpt>
   <trkpt lat="-28.1070480" lon="-65.9393640">
    <ele>2055.5</ele>
   </trkpt>
   <trkpt lat="-28.1070620" lon="-65.9393320">
    <ele>2055.5</ele>
   </trkpt>
   <trkpt lat="-28.1070750" lon="-65.9393010">
    <ele>2055.5</ele>
   </trkpt>
   <trkpt lat="-28.1070860" lon="-65.9392700">
    <ele>2054.4</ele>
   </trkpt>
   <trkpt lat="-28.1070970" lon="-65.9392380">
    <ele>2054.2</ele>
   </trkpt>
   <trkpt lat="-28.1071070" lon="-65.9392060">
    <ele>2053.7</ele>
   </trkpt>
   <trkpt lat="-28.1071160" lon="-65.9391730">
    <ele>2052.5</ele>
   </trkpt>
   <trkpt lat="-28.1071270" lon="-65.9391400">
    <ele>2051.8</ele>
   </trkpt>
   <trkpt lat="-28.1071380" lon="-65.9391070">
    <ele>2050.9</ele>
   </trkpt>
   <trkpt lat="-28.1071530" lon="-65.9390760">
    <ele>2047.9</ele>
   </trkpt>
   <trkpt lat="-28.1071680" lon="-65.9390450">
    <ele>2047.9</ele>
   </trkpt>
   <trkpt lat="-28.1071840" lon="-65.9390150">
    <ele>2046.5</ele>
   </trkpt>
   <trkpt lat="-28.1072000" lon="-65.9389850">
    <ele>2042.8</ele>
   </trkpt>
   <trkpt lat="-28.1072100" lon="-65.9389520">
    <ele>2041.4</ele>
   </trkpt>
   <trkpt lat="-28.1072200" lon="-65.9389190">
    <ele>2041.4</ele>
   </trkpt>
   <trkpt lat="-28.1072220" lon="-65.9388810">
    <ele>2040.2</ele>
   </trkpt>
   <trkpt lat="-28.1072240" lon="-65.9388420">
    <ele>2039.2</ele>
   </trkpt>
   <trkpt lat="-28.1072240" lon="-65.9388000">
    <ele>2038.4</ele>
   </trkpt>
   <trkpt lat="-28.1072240" lon="-65.9387570">
    <ele>2038.0</ele>
   </trkpt>
   <trkpt lat="-28.1072250" lon="-65.9387140">
    <ele>2037.9</ele>
   </trkpt>
   <trkpt lat="-28.1072260" lon="-65.9386710">
    <ele>2038.0</ele>
   </trkpt>
   <trkpt lat="-28.1072290" lon="-65.9386300">
    <ele>2036.0</ele>
   </trkpt>
   <trkpt lat="-28.1072330" lon="-65.9385890">
    <ele>2036.5</ele>
   </trkpt>
   <trkpt lat="-28.1072360" lon="-65.9385500">
    <ele>2037.2</ele>
   </trkpt>
   <trkpt lat="-28.1072390" lon="-65.9385110">
    <ele>2037.9</ele>
   </trkpt>
   <trkpt lat="-28.1072390" lon="-65.9384740">
    <ele>2038.7</ele>
   </trkpt>
   <trkpt lat="-28.1072390" lon="-65.9384370">
    <ele>2039.4</ele>
   </trkpt>
   <trkpt lat="-28.1072370" lon="-65.9384020">
    <ele>2039.4</ele>
   </trkpt>
   <trkpt lat="-28.1072340" lon="-65.9383680">
    <ele>2039.9</ele>
   </trkpt>
   <trkpt lat="-28.1072330" lon="-65.9383360">
    <ele>2040.2</ele>
   </trkpt>
   <trkpt lat="-28.1072320" lon="-65.9383030">
    <ele>2040.1</ele>
   </trkpt>
   <trkpt lat="-28.1072340" lon="-65.9382720">
    <ele>2040.1</ele>
   </trkpt>
   <trkpt lat="-28.1072360" lon="-65.9382420">
    <ele>2039.7</ele>
   </trkpt>
   <trkpt lat="-28.1072390" lon="-65.9382120">
    <ele>2039.1</ele>
   </trkpt>
   <trkpt lat="-28.1072430" lon="-65.9381820">
    <ele>2039.1</ele>
   </trkpt>
   <trkpt lat="-28.1072450" lon="-65.9381500">
    <ele>2038.2</ele>
   </trkpt>
   <trkpt lat="-28.1072470" lon="-65.9381180">
    <ele>2037.3</ele>
   </trkpt>
   <trkpt lat="-28.1072470" lon="-65.9380860">
    <ele>2036.3</ele>
   </trkpt>
   <trkpt lat="-28.1072470" lon="-65.9380540">
    <ele>2036.3</ele>
   </trkpt>
   <trkpt lat="-28.1072450" lon="-65.9380220">
    <ele>2035.3</ele>
   </trkpt>
   <trkpt lat="-28.1072430" lon="-65.9379900">
    <ele>2034.3</ele>
   </trkpt>
   <trkpt lat="-28.1072370" lon="-65.9379590">
    <ele>2033.3</ele>
   </trkpt>
   <trkpt lat="-28.1072300" lon="-65.9379280">
    <ele>2033.3</ele>
   </trkpt>
   <trkpt lat="-28.1072160" lon="-65.9378980">
    <ele>2034.4</ele>
   </trkpt>
   <trkpt lat="-28.1072020" lon="-65.9378690">
    <ele>2033.4</ele>
   </trkpt>
   <trkpt lat="-28.1071810" lon="-65.9378420">
    <ele>2035.4</ele>
   </trkpt>
   <trkpt lat="-28.1071600" lon="-65.9378150">
    <ele>2034.4</ele>
   </trkpt>
   <trkpt lat="-28.1071360" lon="-65.9377870">
    <ele>2035.3</ele>
   </trkpt>
   <trkpt lat="-28.1071130" lon="-65.9377600">
    <ele>2037.1</ele>
   </trkpt>
   <trkpt lat="-28.1070900" lon="-65.9377310">
    <ele>2036.1</ele>
   </trkpt>
   <trkpt lat="-28.1070670" lon="-65.9377020">
    <ele>2036.4</ele>
   </trkpt>
   <trkpt lat="-28.1070440" lon="-65.9376720">
    <ele>2036.4</ele>
   </trkpt>
   <trkpt lat="-28.1070210" lon="-65.9376410">
    <ele>2035.9</ele>
   </trkpt>
   <trkpt lat="-28.1069960" lon="-65.9376110">
    <ele>2034.7</ele>
   </trkpt>
   <trkpt lat="-28.1069720" lon="-65.9375810">
    <ele>2033.1</ele>
   </trkpt>
   <trkpt lat="-28.1069470" lon="-65.9375490">
    <ele>2033.2</ele>
   </trkpt>
   <trkpt lat="-28.1069230" lon="-65.9375180">
    <ele>2031.8</ele>
   </trkpt>
   <trkpt lat="-28.1069000" lon="-65.9374850">
    <ele>2030.4</ele>
   </trkpt>
   <trkpt lat="-28.1068760" lon="-65.9374520">
    <ele>2029.3</ele>
   </trkpt>
   <trkpt lat="-28.1068550" lon="-65.9374200">
    <ele>2029.3</ele>
   </trkpt>
   <trkpt lat="-28.1068330" lon="-65.9373880">
    <ele>2028.2</ele>
   </trkpt>
   <trkpt lat="-28.1068170" lon="-65.9373590">
    <ele>2027.1</ele>
   </trkpt>
   <trkpt lat="-28.1068010" lon="-65.9373310">
    <ele>2027.3</ele>
   </trkpt>
   <trkpt lat="-28.1067920" lon="-65.9373060">
    <ele>2026.2</ele>
   </trkpt>
   <trkpt lat="-28.1067840" lon="-65.9372810">
    <ele>2026.2</ele>
   </trkpt>
   <trkpt lat="-28.1067860" lon="-65.9372580">
    <ele>2025.1</ele>
   </trkpt>
   <trkpt lat="-28.1067870" lon="-65.9372360">
    <ele>2024.0</ele>
   </trkpt>
   <trkpt lat="-28.1067930" lon="-65.9372150">
    <ele>2024.0</ele>
   </trkpt>
   <trkpt lat="-28.1067980" lon="-65.9371940">
    <ele>2022.6</ele>
   </trkpt>
   <trkpt lat="-28.1068020" lon="-65.9371720">
    <ele>2022.6</ele>
   </trkpt>
   <trkpt lat="-28.1068060" lon="-65.9371500">
    <ele>2021.1</ele>
   </trkpt>
   <trkpt lat="-28.1068100" lon="-65.9371270">
    <ele>2021.1</ele>
   </trkpt>
   <trkpt lat="-28.1068150" lon="-65.9371040">
    <ele>2018.4</ele>
   </trkpt>
   <trkpt lat="-28.1068230" lon="-65.9370810">
    <ele>2018.4</ele>
   </trkpt>
   <trkpt lat="-28.1068300" lon="-65.9370580">
    <ele>2016.1</ele>
   </trkpt>
   <trkpt lat="-28.1068350" lon="-65.9370340">
    <ele>2016.1</ele>
   </trkpt>
   <trkpt lat="-28.1068410" lon="-65.9370110">
    <ele>2013.6</ele>
   </trkpt>
   <trkpt lat="-28.1068390" lon="-65.9369860">
    <ele>2013.6</ele>
   </trkpt>
   <trkpt lat="-28.1068370" lon="-65.9369620">
    <ele>2010.9</ele>
   </trkpt>
   <trkpt lat="-28.1068300" lon="-65.9369360">
    <ele>2008.1</ele>
   </trkpt>
   <trkpt lat="-28.1068220" lon="-65.9369100">
    <ele>2008.1</ele>
   </trkpt>
   <trkpt lat="-28.1068120" lon="-65.9368860">
    <ele>2005.2</ele>
   </trkpt>
   <trkpt lat="-28.1068020" lon="-65.9368620">
    <ele>2007.0</ele>
   </trkpt>
   <trkpt lat="-28.1067880" lon="-65.9368440">
    <ele>2004.3</ele>
   </trkpt>
   <trkpt lat="-28.1067750" lon="-65.9368270">
    <ele>2004.3</ele>
   </trkpt>
   <trkpt lat="-28.1067580" lon="-65.9368190">
    <ele>2006.0</ele>
   </trkpt>
   <trkpt lat="-28.1067410" lon="-65.9368120">
    <ele>2006.0</ele>
   </trkpt>
   <trkpt lat="-28.1067280" lon="-65.9368050">
    <ele>2004.8</ele>
   </trkpt>
   <trkpt lat="-28.1067140" lon="-65.9367980">
    <ele>2004.8</ele>
   </trkpt>
   <trkpt lat="-28.1067080" lon="-65.9367850">
    <ele>2004.8</ele>
   </trkpt>
   <trkpt lat="-28.1067010" lon="-65.9367710">
    <ele>2004.8</ele>
   </trkpt>
   <trkpt lat="-28.1066930" lon="-65.9367590">
    <ele>2003.5</ele>
   </trkpt>
   <trkpt lat="-28.1066850" lon="-65.9367470">
    <ele>2003.5</ele>
   </trkpt>
   <trkpt lat="-28.1066780" lon="-65.9367320">
    <ele>2003.5</ele>
   </trkpt>
   <trkpt lat="-28.1066710" lon="-65.9367180">
    <ele>2001.4</ele>
   </trkpt>
   <trkpt lat="-28.1066700" lon="-65.9367020">
    <ele>2001.4</ele>
   </trkpt>
   <trkpt lat="-28.1066690" lon="-65.9366850">
    <ele>2001.4</ele>
   </trkpt>
   <trkpt lat="-28.1066750" lon="-65.9366670">
    <ele>1999.6</ele>
   </trkpt>
   <trkpt lat="-28.1066800" lon="-65.9366490">
    <ele>1999.6</ele>
   </trkpt>
   <trkpt lat="-28.1066850" lon="-65.9366290">
    <ele>1998.1</ele>
   </trkpt>
   <trkpt lat="-28.1066900" lon="-65.9366090">
    <ele>1998.1</ele>
   </trkpt>
   <trkpt lat="-28.1066840" lon="-65.9365870">
    <ele>1996.9</ele>
   </trkpt>
   <trkpt lat="-28.1066770" lon="-65.9365660">
    <ele>1996.9</ele>
   </trkpt>
   <trkpt lat="-28.1066610" lon="-65.9365460">
    <ele>1996.0</ele>
   </trkpt>
   <trkpt lat="-28.1066450" lon="-65.9365250">
    <ele>1997.2</ele>
   </trkpt>
   <trkpt lat="-28.1066290" lon="-65.9365040">
    <ele>1996.3</ele>
   </trkpt>
   <trkpt lat="-28.1066140" lon="-65.9364830">
    <ele>1996.9</ele>
   </trkpt>
   <trkpt lat="-28.1066080" lon="-65.9364580">
    <ele>1995.7</ele>
   </trkpt>
   <trkpt lat="-28.1066020" lon="-65.9364330">
    <ele>1995.7</ele>
   </trkpt>
   <trkpt lat="-28.1066000" lon="-65.9364040">
    <ele>1994.4</ele>
   </trkpt>
   <trkpt lat="-28.1065990" lon="-65.9363760">
    <ele>1992.9</ele>
   </trkpt>
   <trkpt lat="-28.1065950" lon="-65.9363480">
    <ele>1992.9</ele>
   </trkpt>
   <trkpt lat="-28.1065910" lon="-65.9363190">
    <ele>1991.4</ele>
   </trkpt>
   <trkpt lat="-28.1065830" lon="-65.9362900">
    <ele>1989.9</ele>
   </trkpt>
   <trkpt lat="-28.1065750" lon="-65.9362610">
    <ele>1989.9</ele>
   </trkpt>
   <trkpt lat="-28.1065690" lon="-65.9362320">
    <ele>1988.5</ele>
   </trkpt>
   <trkpt lat="-28.1065620" lon="-65.9362040">
    <ele>1987.2</ele>
   </trkpt>
   <trkpt lat="-28.1065530" lon="-65.9361790">
    <ele>1987.2</ele>
   </trkpt>
   <trkpt lat="-28.1065450" lon="-65.9361540">
    <ele>1986.0</ele>
   </trkpt>
   <trkpt lat="-28.1065340" lon="-65.9361310">
    <ele>1986.0</ele>
   </trkpt>
   <trkpt lat="-28.1065230" lon="-65.9361080">
    <ele>1984.8</ele>
   </trkpt>
   <trkpt lat="-28.1065130" lon="-65.9360850">
    <ele>1984.8</ele>
   </trkpt>
   <trkpt lat="-28.1065030" lon="-65.9360620">
    <ele>1983.2</ele>
   </trkpt>
   <trkpt lat="-28.1064910" lon="-65.9360380">
    <ele>1983.2</ele>
   </trkpt>
   <trkpt lat="-28.1064790" lon="-65.9360150">
    <ele>1981.9</ele>
   </trkpt>
   <trkpt lat="-28.1064610" lon="-65.9359950">
    <ele>1981.3</ele>
   </trkpt>
   <trkpt lat="-28.1064430" lon="-65.9359750">
    <ele>1979.8</ele>
   </trkpt>
   <trkpt lat="-28.1064200" lon="-65.9359610">
    <ele>1979.2</ele>
   </trkpt>
   <trkpt lat="-28.1063960" lon="-65.9359470">
    <ele>1977.7</ele>
   </trkpt>
   <trkpt lat="-28.1063710" lon="-65.9359340">
    <ele>1977.1</ele>
   </trkpt>
   <trkpt lat="-28.1063460" lon="-65.9359220">
    <ele>1976.6</ele>
   </trkpt>
   <trkpt lat="-28.1063200" lon="-65.9359110">
    <ele>1976.6</ele>
   </trkpt>
   <trkpt lat="-28.1062950" lon="-65.9359010">
    <ele>1974.9</ele>
   </trkpt>
   <trkpt lat="-28.1062710" lon="-65.9358900">
    <ele>1974.5</ele>
   </trkpt>
   <trkpt lat="-28.1062470" lon="-65.9358790">
    <ele>1974.5</ele>
   </trkpt>
   <trkpt lat="-28.1062270" lon="-65.9358640">
    <ele>1973.2</ele>
   </trkpt>
   <trkpt lat="-28.1062070" lon="-65.9358500">
    <ele>1973.2</ele>
   </trkpt>
   <trkpt lat="-28.1061970" lon="-65.9358280">
    <ele>1972.8</ele>
   </trkpt>
   <trkpt lat="-28.1061880" lon="-65.9358060">
    <ele>1972.1</ele>
   </trkpt>
   <trkpt lat="-28.1061860" lon="-65.9357790">
    <ele>1972.1</ele>
   </trkpt>
   <trkpt lat="-28.1061850" lon="-65.9357530">
    <ele>1971.3</ele>
   </trkpt>
   <trkpt lat="-28.1061810" lon="-65.9357290">
    <ele>1970.4</ele>
   </trkpt>
   <trkpt lat="-28.1061780" lon="-65.9357050">
    <ele>1970.4</ele>
   </trkpt>
   <trkpt lat="-28.1061660" lon="-65.9356880">
    <ele>1969.0</ele>
   </trkpt>
   <trkpt lat="-28.1061540" lon="-65.9356720">
    <ele>1969.0</ele>
   </trkpt>
   <trkpt lat="-28.1061370" lon="-65.9356590">
    <ele>1969.0</ele>
   </trkpt>
   <trkpt lat="-28.1061200" lon="-65.9356450">
    <ele>1967.2</ele>
   </trkpt>
   <trkpt lat="-28.1061030" lon="-65.9356310">
    <ele>1967.2</ele>
   </trkpt>
   <trkpt lat="-28.1060860" lon="-65.9356170">
    <ele>1966.6</ele>
   </trkpt>
   <trkpt lat="-28.1060690" lon="-65.9356030">
    <ele>1965.1</ele>
   </trkpt>
   <trkpt lat="-28.1060520" lon="-65.9355900">
    <ele>1964.4</ele>
   </trkpt>
   <trkpt lat="-28.1060320" lon="-65.9355810">
    <ele>1964.4</ele>
   </trkpt>
   <trkpt lat="-28.1060110" lon="-65.9355720">
    <ele>1963.6</ele>
   </trkpt>
   <trkpt lat="-28.1059870" lon="-65.9355630">
    <ele>1961.8</ele>
   </trkpt>
   <trkpt lat="-28.1059620" lon="-65.9355540">
    <ele>1961.0</ele>
   </trkpt>
   <trkpt lat="-28.1059360" lon="-65.9355460">
    <ele>1960.3</ele>
   </trkpt>
   <trkpt lat="-28.1059090" lon="-65.9355380">
    <ele>1960.3</ele>
   </trkpt>
   <trkpt lat="-28.1058800" lon="-65.9355320">
    <ele>1959.6</ele>
   </trkpt>
   <trkpt lat="-28.1058520" lon="-65.9355250">
    <ele>1958.8</ele>
   </trkpt>
   <trkpt lat="-28.1058240" lon="-65.9355180">
    <ele>1955.8</ele>
   </trkpt>
   <trkpt lat="-28.1057950" lon="-65.9355110">
    <ele>1955.8</ele>
   </trkpt>
   <trkpt lat="-28.1057700" lon="-65.9354980">
    <ele>1954.7</ele>
   </trkpt>
   <trkpt lat="-28.1057450" lon="-65.9354850">
    <ele>1953.6</ele>
   </trkpt>
   <trkpt lat="-28.1057240" lon="-65.9354700">
    <ele>1951.5</ele>
   </trkpt>
   <trkpt lat="-28.1057030" lon="-65.9354540">
    <ele>1950.6</ele>
   </trkpt>
   <trkpt lat="-28.1056810" lon="-65.9354460">
    <ele>1950.6</ele>
   </trkpt>
   <trkpt lat="-28.1056590" lon="-65.9354380">
    <ele>1949.7</ele>
   </trkpt>
   <trkpt lat="-28.1056350" lon="-65.9354350">
    <ele>1947.4</ele>
   </trkpt>
   <trkpt lat="-28.1056110" lon="-65.9354330">
    <ele>1947.5</ele>
   </trkpt>
   <trkpt lat="-28.1055860" lon="-65.9354280">
    <ele>1946.9</ele>
   </trkpt>
   <trkpt lat="-28.1055620" lon="-65.9354230">
    <ele>1946.3</ele>
   </trkpt>
   <trkpt lat="-28.1055370" lon="-65.9354200">
    <ele>1946.3</ele>
   </trkpt>
   <trkpt lat="-28.1055130" lon="-65.9354170">
    <ele>1945.7</ele>
   </trkpt>
   <trkpt lat="-28.1054940" lon="-65.9354250">
    <ele>1945.7</ele>
   </trkpt>
   <trkpt lat="-28.1054750" lon="-65.9354330">
    <ele>1944.9</ele>
   </trkpt>
   <trkpt lat="-28.1054610" lon="-65.9354450">
    <ele>1945.8</ele>
   </trkpt>
   <trkpt lat="-28.1054470" lon="-65.9354580">
    <ele>1944.9</ele>
   </trkpt>
   <trkpt lat="-28.1054310" lon="-65.9354630">
    <ele>1944.9</ele>
   </trkpt>
   <trkpt lat="-28.1054150" lon="-65.9354680">
    <ele>1944.9</ele>
   </trkpt>
   <trkpt lat="-28.1054000" lon="-65.9354610">
    <ele>1944.1</ele>
   </trkpt>
   <trkpt lat="-28.1053840" lon="-65.9354550">
    <ele>1944.1</ele>
   </trkpt>
   <trkpt lat="-28.1053690" lon="-65.9354430">
    <ele>1943.4</ele>
   </trkpt>
   <trkpt lat="-28.1053540" lon="-65.9354320">
    <ele>1942.7</ele>
   </trkpt>
   <trkpt lat="-28.1053370" lon="-65.9354270">
    <ele>1942.7</ele>
   </trkpt>
   <trkpt lat="-28.1053200" lon="-65.9354230">
    <ele>1942.1</ele>
   </trkpt>
   <trkpt lat="-28.1053030" lon="-65.9354220">
    <ele>1942.1</ele>
   </trkpt>
   <trkpt lat="-28.1052860" lon="-65.9354210">
    <ele>1941.6</ele>
   </trkpt>
   <trkpt lat="-28.1052700" lon="-65.9354130">
    <ele>1941.6</ele>
   </trkpt>
   <trkpt lat="-28.1052540" lon="-65.9354050">
    <ele>1941.1</ele>
   </trkpt>
   <trkpt lat="-28.1052430" lon="-65.9353860">
    <ele>1940.4</ele>
   </trkpt>
   <trkpt lat="-28.1052330" lon="-65.9353670">
    <ele>1940.4</ele>
   </trkpt>
   <trkpt lat="-28.1052310" lon="-65.9353400">
    <ele>1939.5</ele>
   </trkpt>
   <trkpt lat="-28.1052300" lon="-65.9353140">
    <ele>1939.5</ele>
   </trkpt>
   <trkpt lat="-28.1052280" lon="-65.9352910">
    <ele>1938.4</ele>
   </trkpt>
   <trkpt lat="-28.1052270" lon="-65.9352680">
    <ele>1938.4</ele>
   </trkpt>
   <trkpt lat="-28.1052180" lon="-65.9352560">
    <ele>1937.2</ele>
   </trkpt>
   <trkpt lat="-28.1052080" lon="-65.9352450">
    <ele>1937.2</ele>
   </trkpt>
   <trkpt lat="-28.1051910" lon="-65.9352450">
    <ele>1937.2</ele>
   </trkpt>
   <trkpt lat="-28.1051730" lon="-65.9352450">
    <ele>1937.1</ele>
   </trkpt>
   <trkpt lat="-28.1051540" lon="-65.9352520">
    <ele>1937.2</ele>
   </trkpt>
   <trkpt lat="-28.1051350" lon="-65.9352600">
    <ele>1937.1</ele>
   </trkpt>
   <trkpt lat="-28.1051180" lon="-65.9352720">
    <ele>1938.0</ele>
   </trkpt>
   <trkpt lat="-28.1051020" lon="-65.9352850">
    <ele>1937.8</ele>
   </trkpt>
   <trkpt lat="-28.1050860" lon="-65.9352980">
    <ele>1937.8</ele>
   </trkpt>
   <trkpt lat="-28.1050710" lon="-65.9353110">
    <ele>1938.3</ele>
   </trkpt>
   <trkpt lat="-28.1050570" lon="-65.9353220">
    <ele>1937.9</ele>
   </trkpt>
   <trkpt lat="-28.1050430" lon="-65.9353330">
    <ele>1937.9</ele>
   </trkpt>
   <trkpt lat="-28.1050300" lon="-65.9353390">
    <ele>1937.5</ele>
   </trkpt>
   <trkpt lat="-28.1050170" lon="-65.9353450">
    <ele>1937.6</ele>
   </trkpt>
   <trkpt lat="-28.1050060" lon="-65.9353410">
    <ele>1937.6</ele>
   </trkpt>
   <trkpt lat="-28.1049950" lon="-65.9353370">
    <ele>1937.6</ele>
   </trkpt>
   <trkpt lat="-28.1049860" lon="-65.9353220">
    <ele>1937.2</ele>
   </trkpt>
   <trkpt lat="-28.1049760" lon="-65.9353070">
    <ele>1937.2</ele>
   </trkpt>
   <trkpt lat="-28.1049670" lon="-65.9352860">
    <ele>1936.8</ele>
   </trkpt>
   <trkpt lat="-28.1049590" lon="-65.9352650">
    <ele>1936.8</ele>
   </trkpt>
   <trkpt lat="-28.1049500" lon="-65.9352370">
    <ele>1936.0</ele>
   </trkpt>
   <trkpt lat="-28.1049410" lon="-65.9352090">
    <ele>1935.5</ele>
   </trkpt>
   <trkpt lat="-28.1049340" lon="-65.9351770">
    <ele>1934.9</ele>
   </trkpt>
   <trkpt lat="-28.1049260" lon="-65.9351440">
    <ele>1934.9</ele>
   </trkpt>
   <trkpt lat="-28.1049190" lon="-65.9351090">
    <ele>1934.0</ele>
   </trkpt>
   <trkpt lat="-28.1049120" lon="-65.9350750">
    <ele>1933.2</ele>
   </trkpt>
   <trkpt lat="-28.1049040" lon="-65.9350430">
    <ele>1932.2</ele>
   </trkpt>
   <trkpt lat="-28.1048950" lon="-65.9350110">
    <ele>1932.2</ele>
   </trkpt>
   <trkpt lat="-28.1048840" lon="-65.9349870">
    <ele>1930.9</ele>
   </trkpt>
   <trkpt lat="-28.1048730" lon="-65.9349620">
    <ele>1929.4</ele>
   </trkpt>
   <trkpt lat="-28.1048620" lon="-65.9349460">
    <ele>1929.4</ele>
   </trkpt>
   <trkpt lat="-28.1048510" lon="-65.9349300">
    <ele>1929.4</ele>
   </trkpt>
   <trkpt lat="-28.1048390" lon="-65.9349150">
    <ele>1927.6</ele>
   </trkpt>
   <trkpt lat="-28.1048280" lon="-65.9348990">
    <ele>1927.6</ele>
   </trkpt>
   <trkpt lat="-28.1048140" lon="-65.9348840">
    <ele>1927.6</ele>
   </trkpt>
   <trkpt lat="-28.1048010" lon="-65.9348690">
    <ele>1925.7</ele>
   </trkpt>
   <trkpt lat="-28.1047850" lon="-65.9348540">
    <ele>1925.7</ele>
   </trkpt>
   <trkpt lat="-28.1047690" lon="-65.9348390">
    <ele>1925.7</ele>
   </trkpt>
   <trkpt lat="-28.1047510" lon="-65.9348220">
    <ele>1923.7</ele>
   </trkpt>
   <trkpt lat="-28.1047330" lon="-65.9348050">
    <ele>1923.7</ele>
   </trkpt>
   <trkpt lat="-28.1047130" lon="-65.9347880">
    <ele>1921.7</ele>
   </trkpt>
   <trkpt lat="-28.1046920" lon="-65.9347710">
    <ele>1921.8</ele>
   </trkpt>
   <trkpt lat="-28.1046700" lon="-65.9347570">
    <ele>1921.8</ele>
   </trkpt>
   <trkpt lat="-28.1046480" lon="-65.9347420">
    <ele>1919.7</ele>
   </trkpt>
   <trkpt lat="-28.1046260" lon="-65.9347330">
    <ele>1919.7</ele>
   </trkpt>
   <trkpt lat="-28.1046040" lon="-65.9347240">
    <ele>1920.0</ele>
   </trkpt>
   <trkpt lat="-28.1045850" lon="-65.9347180">
    <ele>1920.0</ele>
   </trkpt>
   <trkpt lat="-28.1045650" lon="-65.9347110">
    <ele>1920.3</ele>
   </trkpt>
   <trkpt lat="-28.1045490" lon="-65.9347030">
    <ele>1918.2</ele>
   </trkpt>
   <trkpt lat="-28.1045330" lon="-65.9346950">
    <ele>1918.5</ele>
   </trkpt>
   <trkpt lat="-28.1045300" lon="-65.9346840">
    <ele>1918.5</ele>
   </trkpt>
   <trkpt lat="-28.1045270" lon="-65.9346730">
    <ele>1918.5</ele>
   </trkpt>
   <trkpt lat="-28.1045390" lon="-65.9346590">
    <ele>1916.6</ele>
   </trkpt>
   <trkpt lat="-28.1045510" lon="-65.9346450">
    <ele>1916.3</ele>
   </trkpt>
   <trkpt lat="-28.1045710" lon="-65.9346300">
    <ele>1916.3</ele>
   </trkpt>
   <trkpt lat="-28.1045920" lon="-65.9346150">
    <ele>1913.9</ele>
   </trkpt>
   <trkpt lat="-28.1046070" lon="-65.9345990">
    <ele>1913.9</ele>
   </trkpt>
   <trkpt lat="-28.1046230" lon="-65.9345840">
    <ele>1913.4</ele>
   </trkpt>
   <trkpt lat="-28.1046310" lon="-65.9345670">
    <ele>1911.4</ele>
   </trkpt>
   <trkpt lat="-28.1046380" lon="-65.9345500">
    <ele>1911.4</ele>
   </trkpt>
   <trkpt lat="-28.1046450" lon="-65.9345360">
    <ele>1911.4</ele>
   </trkpt>
   <trkpt lat="-28.1046520" lon="-65.9345220">
    <ele>1909.4</ele>
   </trkpt>
   <trkpt lat="-28.1046590" lon="-65.9345120">
    <ele>1908.6</ele>
   </trkpt>
   <trkpt lat="-28.1046670" lon="-65.9345020">
    <ele>1908.6</ele>
   </trkpt>
   <trkpt lat="-28.1046710" lon="-65.9344910">
    <ele>1906.7</ele>
   </trkpt>
   <trkpt lat="-28.1046750" lon="-65.9344800">
    <ele>1906.7</ele>
   </trkpt>
   <trkpt lat="-28.1046800" lon="-65.9344710">
    <ele>1906.7</ele>
   </trkpt>
   <trkpt lat="-28.1046850" lon="-65.9344620">
    <ele>1906.7</ele>
   </trkpt>
   <trkpt lat="-28.1046970" lon="-65.9344610">
    <ele>1905.9</ele>
   </trkpt>
   <trkpt lat="-28.1047080" lon="-65.9344600">
    <ele>1905.9</ele>
   </trkpt>
   <trkpt lat="-28.1047220" lon="-65.9344650">
    <ele>1905.9</ele>
   </trkpt>
   <trkpt lat="-28.1047370" lon="-65.9344700">
    <ele>1905.2</ele>
   </trkpt>
   <trkpt lat="-28.1047530" lon="-65.9344750">
    <ele>1905.2</ele>
   </trkpt>
   <trkpt lat="-28.1047690" lon="-65.9344810">
    <ele>1904.6</ele>
   </trkpt>
   <trkpt lat="-28.1047870" lon="-65.9344860">
    <ele>1904.6</ele>
   </trkpt>
   <trkpt lat="-28.1048050" lon="-65.9344910">
    <ele>1904.6</ele>
   </trkpt>
   <trkpt lat="-28.1048240" lon="-65.9344950">
    <ele>1906.3</ele>
   </trkpt>
   <trkpt lat="-28.1048430" lon="-65.9344980">
    <ele>1906.3</ele>
   </trkpt>
   <trkpt lat="-28.1048620" lon="-65.9345010">
    <ele>1906.1</ele>
   </trkpt>
   <trkpt lat="-28.1048820" lon="-65.9345030">
    <ele>1905.9</ele>
   </trkpt>
   <trkpt lat="-28.1049000" lon="-65.9345030">
    <ele>1905.9</ele>
   </trkpt>
   <trkpt lat="-28.1049170" lon="-65.9345030">
    <ele>1905.9</ele>
   </trkpt>
   <trkpt lat="-28.1049270" lon="-65.9345000">
    <ele>1905.6</ele>
   </trkpt>
   <trkpt lat="-28.1049370" lon="-65.9344960">
    <ele>1905.6</ele>
   </trkpt>
   <trkpt lat="-28.1049370" lon="-65.9344890">
    <ele>1903.5</ele>
   </trkpt>
   <trkpt lat="-28.1049370" lon="-65.9344810">
    <ele>1903.5</ele>
   </trkpt>
   <trkpt lat="-28.1049320" lon="-65.9344700">
    <ele>1903.5</ele>
   </trkpt>
   <trkpt lat="-28.1049260" lon="-65.9344600">
    <ele>1903.5</ele>
   </trkpt>
   <trkpt lat="-28.1049180" lon="-65.9344440">
    <ele>1901.8</ele>
   </trkpt>
   <trkpt lat="-28.1049100" lon="-65.9344290">
    <ele>1901.8</ele>
   </trkpt>
   <trkpt lat="-28.1049040" lon="-65.9344070">
    <ele>1901.8</ele>
   </trkpt>
   <trkpt lat="-28.1048980" lon="-65.9343850">
    <ele>1899.9</ele>
   </trkpt>
   <trkpt lat="-28.1048980" lon="-65.9343620">
    <ele>1898.3</ele>
   </trkpt>
   <trkpt lat="-28.1048970" lon="-65.9343400">
    <ele>1898.3</ele>
   </trkpt>
   <trkpt lat="-28.1049000" lon="-65.9343180">
    <ele>1896.9</ele>
   </trkpt>
   <trkpt lat="-28.1049030" lon="-65.9342950">
    <ele>1896.9</ele>
   </trkpt>
   <trkpt lat="-28.1049040" lon="-65.9342720">
    <ele>1895.6</ele>
   </trkpt>
   <trkpt lat="-28.1049040" lon="-65.9342490">
    <ele>1895.6</ele>
   </trkpt>
   <trkpt lat="-28.1049000" lon="-65.9342230">
    <ele>1894.5</ele>
   </trkpt>
   <trkpt lat="-28.1048960" lon="-65.9341970">
    <ele>1894.5</ele>
   </trkpt>
   <trkpt lat="-28.1048890" lon="-65.9341710">
    <ele>1893.6</ele>
   </trkpt>
   <trkpt lat="-28.1048830" lon="-65.9341440">
    <ele>1892.8</ele>
   </trkpt>
   <trkpt lat="-28.1048770" lon="-65.9341150">
    <ele>1892.9</ele>
   </trkpt>
   <trkpt lat="-28.1048700" lon="-65.9340850">
    <ele>1892.0</ele>
   </trkpt>
   <trkpt lat="-28.1048650" lon="-65.9340530">
    <ele>1891.2</ele>
   </trkpt>
   <trkpt lat="-28.1048610" lon="-65.9340210">
    <ele>1891.2</ele>
   </trkpt>
   <trkpt lat="-28.1048570" lon="-65.9339870">
    <ele>1890.4</ele>
   </trkpt>
   <trkpt lat="-28.1048540" lon="-65.9339530">
    <ele>1889.6</ele>
   </trkpt>
   <trkpt lat="-28.1048470" lon="-65.9339200">
    <ele>1888.7</ele>
   </trkpt>
   <trkpt lat="-28.1048400" lon="-65.9338870">
    <ele>1887.6</ele>
   </trkpt>
   <trkpt lat="-28.1048250" lon="-65.9338600">
    <ele>1887.6</ele>
   </trkpt>
   <trkpt lat="-28.1048090" lon="-65.9338330">
    <ele>1886.7</ele>
   </trkpt>
   <trkpt lat="-28.1047900" lon="-65.9338110">
    <ele>1886.7</ele>
   </trkpt>
   <trkpt lat="-28.1047710" lon="-65.9337890">
    <ele>1886.0</ele>
   </trkpt>
   <trkpt lat="-28.1047520" lon="-65.9337690">
    <ele>1886.2</ele>
   </trkpt>
   <trkpt lat="-28.1047330" lon="-65.9337490">
    <ele>1885.5</ele>
   </trkpt>
   <trkpt lat="-28.1047120" lon="-65.9337300">
    <ele>1885.9</ele>
   </trkpt>
   <trkpt lat="-28.1046900" lon="-65.9337120">
    <ele>1885.9</ele>
   </trkpt>
   <trkpt lat="-28.1046650" lon="-65.9336980">
    <ele>1885.9</ele>
   </trkpt>
   <trkpt lat="-28.1046390" lon="-65.9336840">
    <ele>1886.1</ele>
   </trkpt>
   <trkpt lat="-28.1046100" lon="-65.9336720">
    <ele>1886.0</ele>
   </trkpt>
   <trkpt lat="-28.1045810" lon="-65.9336590">
    <ele>1886.0</ele>
   </trkpt>
   <trkpt lat="-28.1045510" lon="-65.9336480">
    <ele>1885.9</ele>
   </trkpt>
   <trkpt lat="-28.1045210" lon="-65.9336360">
    <ele>1885.6</ele>
   </trkpt>
   <trkpt lat="-28.1044910" lon="-65.9336270">
    <ele>1885.3</ele>
   </trkpt>
   <trkpt lat="-28.1044600" lon="-65.9336190">
    <ele>1885.1</ele>
   </trkpt>
   <trkpt lat="-28.1044280" lon="-65.9336110">
    <ele>1885.1</ele>
   </trkpt>
   <trkpt lat="-28.1043960" lon="-65.9336030">
    <ele>1885.1</ele>
   </trkpt>
   <trkpt lat="-28.1043660" lon="-65.9335950">
    <ele>1885.0</ele>
   </trkpt>
   <trkpt lat="-28.1043360" lon="-65.9335870">
    <ele>1885.2</ele>
   </trkpt>
   <trkpt lat="-28.1043080" lon="-65.9335800">
    <ele>1884.9</ele>
   </trkpt>
   <trkpt lat="-28.1042790" lon="-65.9335730">
    <ele>1884.9</ele>
   </trkpt>
   <trkpt lat="-28.1042550" lon="-65.9335680">
    <ele>1884.2</ele>
   </trkpt>
   <trkpt lat="-28.1042300" lon="-65.9335630">
    <ele>1883.3</ele>
   </trkpt>
   <trkpt lat="-28.1042120" lon="-65.9335610">
    <ele>1883.3</ele>
   </trkpt>
   <trkpt lat="-28.1041940" lon="-65.9335600">
    <ele>1882.1</ele>
   </trkpt>
   <trkpt lat="-28.1041820" lon="-65.9335660">
    <ele>1882.1</ele>
   </trkpt>
   <trkpt lat="-28.1041700" lon="-65.9335730">
    <ele>1882.1</ele>
   </trkpt>
   <trkpt lat="-28.1041600" lon="-65.9335890">
    <ele>1880.7</ele>
   </trkpt>
   <trkpt lat="-28.1041510" lon="-65.9336060">
    <ele>1880.7</ele>
   </trkpt>
   <trkpt lat="-28.1041410" lon="-65.9336310">
    <ele>1880.7</ele>
   </trkpt>
   <trkpt lat="-28.1041320" lon="-65.9336560">
    <ele>1880.7</ele>
   </trkpt>
   <trkpt lat="-28.1041220" lon="-65.9336850">
    <ele>1879.5</ele>
   </trkpt>
   <trkpt lat="-28.1041120" lon="-65.9337150">
    <ele>1879.5</ele>
   </trkpt>
   <trkpt lat="-28.1041020" lon="-65.9337420">
    <ele>1879.7</ele>
   </trkpt>
   <trkpt lat="-28.1040910" lon="-65.9337690">
    <ele>1879.9</ele>
   </trkpt>
   <trkpt lat="-28.1040780" lon="-65.9337930">
    <ele>1878.5</ele>
   </trkpt>
   <trkpt lat="-28.1040650" lon="-65.9338170">
    <ele>1878.8</ele>
   </trkpt>
   <trkpt lat="-28.1040510" lon="-65.9338390">
    <ele>1878.8</ele>
   </trkpt>
   <trkpt lat="-28.1040380" lon="-65.9338610">
    <ele>1877.6</ele>
   </trkpt>
   <trkpt lat="-28.1040230" lon="-65.9338810">
    <ele>1877.6</ele>
   </trkpt>
   <trkpt lat="-28.1040090" lon="-65.9339020">
    <ele>1876.3</ele>
   </trkpt>
   <trkpt lat="-28.1039940" lon="-65.9339240">
    <ele>1876.4</ele>
   </trkpt>
   <trkpt lat="-28.1039790" lon="-65.9339450">
    <ele>1877.1</ele>
   </trkpt>
   <trkpt lat="-28.1039630" lon="-65.9339670">
    <ele>1875.0</ele>
   </trkpt>
   <trkpt lat="-28.1039460" lon="-65.9339880">
    <ele>1875.8</ele>
   </trkpt>
   <trkpt lat="-28.1039270" lon="-65.9340040">
    <ele>1873.5</ele>
   </trkpt>
   <trkpt lat="-28.1039070" lon="-65.9340190">
    <ele>1873.5</ele>
   </trkpt>
   <trkpt lat="-28.1038890" lon="-65.9340300">
    <ele>1872.0</ele>
   </trkpt>
   <trkpt lat="-28.1038710" lon="-65.9340410">
    <ele>1872.0</ele>
   </trkpt>
   <trkpt lat="-28.1038530" lon="-65.9340530">
    <ele>1869.8</ele>
   </trkpt>
   <trkpt lat="-28.1038360" lon="-65.9340650">
    <ele>1870.8</ele>
   </trkpt>
   <trkpt lat="-28.1038180" lon="-65.9340820">
    <ele>1869.0</ele>
   </trkpt>
   <trkpt lat="-28.1038010" lon="-65.9340990">
    <ele>1869.0</ele>
   </trkpt>
   <trkpt lat="-28.1037820" lon="-65.9341180">
    <ele>1869.0</ele>
   </trkpt>
   <trkpt lat="-28.1037630" lon="-65.9341370">
    <ele>1869.0</ele>
   </trkpt>
   <trkpt lat="-28.1037440" lon="-65.9341560">
    <ele>1869.8</ele>
   </trkpt>
   <trkpt lat="-28.1037260" lon="-65.9341750">
    <ele>1869.8</ele>
   </trkpt>
   <trkpt lat="-28.1037070" lon="-65.9341950">
    <ele>1871.1</ele>
   </trkpt>
   <trkpt lat="-28.1036890" lon="-65.9342140">
    <ele>1871.1</ele>
   </trkpt>
   <trkpt lat="-28.1036710" lon="-65.9342250">
    <ele>1871.1</ele>
   </trkpt>
   <trkpt lat="-28.1036530" lon="-65.9342360">
    <ele>1872.9</ele>
   </trkpt>
   <trkpt lat="-28.1036330" lon="-65.9342340">
    <ele>1872.9</ele>
   </trkpt>
   <trkpt lat="-28.1036130" lon="-65.9342310">
    <ele>1869.3</ele>
   </trkpt>
   <trkpt lat="-28.1035890" lon="-65.9342230">
    <ele>1868.4</ele>
   </trkpt>
   <trkpt lat="-28.1035640" lon="-65.9342150">
    <ele>1868.4</ele>
   </trkpt>
   <trkpt lat="-28.1035380" lon="-65.9342090">
    <ele>1867.6</ele>
   </trkpt>
   <trkpt lat="-28.1035120" lon="-65.9342030">
    <ele>1866.8</ele>
   </trkpt>
   <trkpt lat="-28.1034860" lon="-65.9341990">
    <ele>1866.8</ele>
   </trkpt>
   <trkpt lat="-28.1034590" lon="-65.9341950">
    <ele>1866.1</ele>
   </trkpt>
   <trkpt lat="-28.1034360" lon="-65.9341900">
    <ele>1862.1</ele>
   </trkpt>
   <trkpt lat="-28.1034140" lon="-65.9341860">
    <ele>1862.1</ele>
   </trkpt>
   <trkpt lat="-28.1033980" lon="-65.9341790">
    <ele>1861.5</ele>
   </trkpt>
   <trkpt lat="-28.1033820" lon="-65.9341720">
    <ele>1861.5</ele>
   </trkpt>
   <trkpt lat="-28.1033690" lon="-65.9341650">
    <ele>1861.5</ele>
   </trkpt>
   <trkpt lat="-28.1033570" lon="-65.9341580">
    <ele>1861.0</ele>
   </trkpt>
   <trkpt lat="-28.1033460" lon="-65.9341510">
    <ele>1861.0</ele>
   </trkpt>
   <trkpt lat="-28.1033340" lon="-65.9341450">
    <ele>1857.5</ele>
   </trkpt>
   <trkpt lat="-28.1033200" lon="-65.9341370">
    <ele>1857.1</ele>
   </trkpt>
   <trkpt lat="-28.1033050" lon="-65.9341290">
    <ele>1857.1</ele>
   </trkpt>
   <trkpt lat="-28.1032840" lon="-65.9341220">
    <ele>1856.7</ele>
   </trkpt>
   <trkpt lat="-28.1032640" lon="-65.9341160">
    <ele>1856.7</ele>
   </trkpt>
   <trkpt lat="-28.1032380" lon="-65.9341120">
    <ele>1856.4</ele>
   </trkpt>
   <trkpt lat="-28.1032120" lon="-65.9341090">
    <ele>1856.1</ele>
   </trkpt>
   <trkpt lat="-28.1031850" lon="-65.9341080">
    <ele>1856.1</ele>
   </trkpt>
   <trkpt lat="-28.1031570" lon="-65.9341070">
    <ele>1855.9</ele>
   </trkpt>
   <trkpt lat="-28.1031320" lon="-65.9341060">
    <ele>1855.6</ele>
   </trkpt>
   <trkpt lat="-28.1031070" lon="-65.9341050">
    <ele>1855.6</ele>
   </trkpt>
   <trkpt lat="-28.1030850" lon="-65.9340980">
    <ele>1852.7</ele>
   </trkpt>
   <trkpt lat="-28.1030620" lon="-65.9340920">
    <ele>1852.5</ele>
   </trkpt>
   <trkpt lat="-28.1030410" lon="-65.9340770">
    <ele>1852.5</ele>
   </trkpt>
   <trkpt lat="-28.1030190" lon="-65.9340630">
    <ele>1852.3</ele>
   </trkpt>
   <trkpt lat="-28.1029960" lon="-65.9340420">
    <ele>1849.8</ele>
   </trkpt>
   <trkpt lat="-28.1029730" lon="-65.9340220">
    <ele>1849.7</ele>
   </trkpt>
   <trkpt lat="-28.1029500" lon="-65.9340010">
    <ele>1847.3</ele>
   </trkpt>
   <trkpt lat="-28.1029260" lon="-65.9339800">
    <ele>1847.3</ele>
   </trkpt>
   <trkpt lat="-28.1029070" lon="-65.9339570">
    <ele>1845.3</ele>
   </trkpt>
   <trkpt lat="-28.1028880" lon="-65.9339350">
    <ele>1845.3</ele>
   </trkpt>
   <trkpt lat="-28.1028760" lon="-65.9339120">
    <ele>1843.2</ele>
   </trkpt>
   <trkpt lat="-28.1028640" lon="-65.9338890">
    <ele>1841.7</ele>
   </trkpt>
   <trkpt lat="-28.1028550" lon="-65.9338670">
    <ele>1841.7</ele>
   </trkpt>
   <trkpt lat="-28.1028470" lon="-65.9338450">
    <ele>1839.9</ele>
   </trkpt>
   <trkpt lat="-28.1028350" lon="-65.9338210">
    <ele>1840.4</ele>
   </trkpt>
   <trkpt lat="-28.1028240" lon="-65.9337980">
    <ele>1838.9</ele>
   </trkpt>
   <trkpt lat="-28.1028100" lon="-65.9337740">
    <ele>1838.9</ele>
   </trkpt>
   <trkpt lat="-28.1027960" lon="-65.9337510">
    <ele>1838.3</ele>
   </trkpt>
   <trkpt lat="-28.1027780" lon="-65.9337290">
    <ele>1838.3</ele>
   </trkpt>
   <trkpt lat="-28.1027600" lon="-65.9337070">
    <ele>1838.1</ele>
   </trkpt>
   <trkpt lat="-28.1027390" lon="-65.9336870">
    <ele>1838.1</ele>
   </trkpt>
   <trkpt lat="-28.1027190" lon="-65.9336670">
    <ele>1838.1</ele>
   </trkpt>
   <trkpt lat="-28.1027000" lon="-65.9336500">
    <ele>1838.1</ele>
   </trkpt>
   <trkpt lat="-28.1026820" lon="-65.9336330">
    <ele>1838.7</ele>
   </trkpt>
   <trkpt lat="-28.1026620" lon="-65.9336210">
    <ele>1838.0</ele>
   </trkpt>
   <trkpt lat="-28.1026420" lon="-65.9336090">
    <ele>1838.5</ele>
   </trkpt>
   <trkpt lat="-28.1026170" lon="-65.9335980">
    <ele>1838.5</ele>
   </trkpt>
   <trkpt lat="-28.1025920" lon="-65.9335860">
    <ele>1838.2</ele>
   </trkpt>
   <trkpt lat="-28.1025650" lon="-65.9335710">
    <ele>1838.6</ele>
   </trkpt>
   <trkpt lat="-28.1025380" lon="-65.9335550">
    <ele>1838.6</ele>
   </trkpt>
   <trkpt lat="-28.1025130" lon="-65.9335360">
    <ele>1838.5</ele>
   </trkpt>
   <trkpt lat="-28.1024880" lon="-65.9335170">
    <ele>1838.9</ele>
   </trkpt>
   <trkpt lat="-28.1024640" lon="-65.9334980">
    <ele>1838.4</ele>
   </trkpt>
   <trkpt lat="-28.1024410" lon="-65.9334790">
    <ele>1838.9</ele>
   </trkpt>
   <trkpt lat="-28.1024210" lon="-65.9334690">
    <ele>1838.9</ele>
   </trkpt>
   <trkpt lat="-28.1024020" lon="-65.9334600">
    <ele>1838.8</ele>
   </trkpt>
   <trkpt lat="-28.1023850" lon="-65.9334560">
    <ele>1838.8</ele>
   </trkpt>
   <trkpt lat="-28.1023690" lon="-65.9334530">
    <ele>1839.3</ele>
   </trkpt>
   <trkpt lat="-28.1023560" lon="-65.9334460">
    <ele>1839.3</ele>
   </trkpt>
   <trkpt lat="-28.1023430" lon="-65.9334390">
    <ele>1839.8</ele>
   </trkpt>
   <trkpt lat="-28.1023300" lon="-65.9334330">
    <ele>1839.8</ele>
   </trkpt>
   <trkpt lat="-28.1023170" lon="-65.9334260">
    <ele>1839.9</ele>
   </trkpt>
   <trkpt lat="-28.1023050" lon="-65.9334340">
    <ele>1840.5</ele>
   </trkpt>
   <trkpt lat="-28.1022930" lon="-65.9334410">
    <ele>1840.5</ele>
   </trkpt>
   <trkpt lat="-28.1022840" lon="-65.9334630">
    <ele>1841.1</ele>
   </trkpt>
   <trkpt lat="-28.1022750" lon="-65.9334860">
    <ele>1841.1</ele>
   </trkpt>
   <trkpt lat="-28.1022690" lon="-65.9335150">
    <ele>1842.3</ele>
   </trkpt>
   <trkpt lat="-28.1022630" lon="-65.9335440">
    <ele>1842.3</ele>
   </trkpt>
   <trkpt lat="-28.1022590" lon="-65.9335720">
    <ele>1842.6</ele>
   </trkpt>
   <trkpt lat="-28.1022560" lon="-65.9336000">
    <ele>1842.9</ele>
   </trkpt>
   <trkpt lat="-28.1022550" lon="-65.9336240">
    <ele>1842.9</ele>
   </trkpt>
   <trkpt lat="-28.1022550" lon="-65.9336480">
    <ele>1843.0</ele>
   </trkpt>
   <trkpt lat="-28.1022510" lon="-65.9336660">
    <ele>1843.0</ele>
   </trkpt>
   <trkpt lat="-28.1022480" lon="-65.9336850">
    <ele>1843.1</ele>
   </trkpt>
   <trkpt lat="-28.1022390" lon="-65.9336910">
    <ele>1843.1</ele>
   </trkpt>
   <trkpt lat="-28.1022310" lon="-65.9336980">
    <ele>1843.9</ele>
   </trkpt>
   <trkpt lat="-28.1022210" lon="-65.9336970">
    <ele>1843.9</ele>
   </trkpt>
   <trkpt lat="-28.1022110" lon="-65.9336960">
    <ele>1843.9</ele>
   </trkpt>
   <trkpt lat="-28.1022040" lon="-65.9336960">
    <ele>1843.9</ele>
   </trkpt>
   <trkpt lat="-28.1021980" lon="-65.9336960">
    <ele>1843.9</ele>
   </trkpt>
   <trkpt lat="-28.1021920" lon="-65.9336960">
    <ele>1844.9</ele>
   </trkpt>
   <trkpt lat="-28.1021840" lon="-65.9336980">
    <ele>1844.9</ele>
   </trkpt>
   <trkpt lat="-28.1021770" lon="-65.9337000">
    <ele>1844.9</ele>
   </trkpt>
   <trkpt lat="-28.1021770" lon="-65.9337000">
    <ele>1844.9</ele>
   </trkpt>
   <trkpt lat="-28.1021770" lon="-65.9337000">
    <ele>1844.9</ele>
   </trkpt>
   <trkpt lat="-28.1021770" lon="-65.9337000">
    <ele>1844.9</ele>
   </trkpt>
   <trkpt lat="-28.1021770" lon="-65.9337000">
    <ele>1844.9</ele>
   </trkpt>
   <trkpt lat="-28.1021770" lon="-65.9337000">
    <ele>1844.9</ele>
   </trkpt>
   <trkpt lat="-28.1021770" lon="-65.9337000">
    <ele>1844.9</ele>
   </trkpt>
   <trkpt lat="-28.1021660" lon="-65.9337010">
    <ele>1844.9</ele>
   </trkpt>
   <trkpt lat="-28.1021580" lon="-65.9337030">
    <ele>1844.9</ele>
   </trkpt>
   <trkpt lat="-28.1021500" lon="-65.9337040">
    <ele>1845.9</ele>
   </trkpt>
   <trkpt lat="-28.1021430" lon="-65.9337070">
    <ele>1845.9</ele>
   </trkpt>
   <trkpt lat="-28.1021350" lon="-65.9337090">
    <ele>1845.9</ele>
   </trkpt>
   <trkpt lat="-28.1021270" lon="-65.9337110">
    <ele>1845.9</ele>
   </trkpt>
   <trkpt lat="-28.1021190" lon="-65.9337130">
    <ele>1845.9</ele>
   </trkpt>
   <trkpt lat="-28.1021120" lon="-65.9337090">
    <ele>1846.9</ele>
   </trkpt>
   <trkpt lat="-28.1021040" lon="-65.9337060">
    <ele>1846.9</ele>
   </trkpt>
   <trkpt lat="-28.1021000" lon="-65.9336960">
    <ele>1846.9</ele>
   </trkpt>
   <trkpt lat="-28.1020970" lon="-65.9336870">
    <ele>1846.9</ele>
   </trkpt>
   <trkpt lat="-28.1020960" lon="-65.9336740">
    <ele>1847.0</ele>
   </trkpt>
   <trkpt lat="-28.1020940" lon="-65.9336620">
    <ele>1847.0</ele>
   </trkpt>
   <trkpt lat="-28.1020910" lon="-65.9336540">
    <ele>1847.0</ele>
   </trkpt>
   <trkpt lat="-28.1020880" lon="-65.9336470">
    <ele>1847.0</ele>
   </trkpt>
   <trkpt lat="-28.1020830" lon="-65.9336460">
    <ele>1847.0</ele>
   </trkpt>
   <trkpt lat="-28.1020770" lon="-65.9336460">
    <ele>1848.0</ele>
   </trkpt>
   <trkpt lat="-28.1020710" lon="-65.9336480">
    <ele>1848.0</ele>
   </trkpt>
   <trkpt lat="-28.1020650" lon="-65.9336500">
    <ele>1848.0</ele>
   </trkpt>
   <trkpt lat="-28.1020580" lon="-65.9336500">
    <ele>1848.0</ele>
   </trkpt>
   <trkpt lat="-28.1020510" lon="-65.9336510">
    <ele>1848.0</ele>
   </trkpt>
   <trkpt lat="-28.1020430" lon="-65.9336500">
    <ele>1848.0</ele>
   </trkpt>
   <trkpt lat="-28.1020350" lon="-65.9336500">
    <ele>1849.0</ele>
   </trkpt>
   <trkpt lat="-28.1020270" lon="-65.9336490">
    <ele>1849.0</ele>
   </trkpt>
   <trkpt lat="-28.1020190" lon="-65.9336480">
    <ele>1849.0</ele>
   </trkpt>
   <trkpt lat="-28.1020120" lon="-65.9336450">
    <ele>1849.0</ele>
   </trkpt>
   <trkpt lat="-28.1020040" lon="-65.9336430">
    <ele>1850.0</ele>
   </trkpt>
   <trkpt lat="-28.1019980" lon="-65.9336360">
    <ele>1850.0</ele>
   </trkpt>
   <trkpt lat="-28.1019920" lon="-65.9336290">
    <ele>1850.1</ele>
   </trkpt>
   <trkpt lat="-28.1019860" lon="-65.9336210">
    <ele>1850.1</ele>
   </trkpt>
   <trkpt lat="-28.1019800" lon="-65.9336140">
    <ele>1850.2</ele>
   </trkpt>
   <trkpt lat="-28.1019720" lon="-65.9336060">
    <ele>1850.2</ele>
   </trkpt>
   <trkpt lat="-28.1019640" lon="-65.9335990">
    <ele>1851.2</ele>
   </trkpt>
   <trkpt lat="-28.1019550" lon="-65.9335930">
    <ele>1851.2</ele>
   </trkpt>
   <trkpt lat="-28.1019460" lon="-65.9335860">
    <ele>1851.4</ele>
   </trkpt>
   <trkpt lat="-28.1019390" lon="-65.9335790">
    <ele>1851.4</ele>
   </trkpt>
   <trkpt lat="-28.1019310" lon="-65.9335710">
    <ele>1851.4</ele>
   </trkpt>
   <trkpt lat="-28.1019260" lon="-65.9335610">
    <ele>1852.5</ele>
   </trkpt>
   <trkpt lat="-28.1019210" lon="-65.9335510">
    <ele>1852.5</ele>
   </trkpt>
   <trkpt lat="-28.1019170" lon="-65.9335370">
    <ele>1852.8</ele>
   </trkpt>
   <trkpt lat="-28.1019130" lon="-65.9335230">
    <ele>1852.8</ele>
   </trkpt>
   <trkpt lat="-28.1019100" lon="-65.9335040">
    <ele>1853.1</ele>
   </trkpt>
   <trkpt lat="-28.1019080" lon="-65.9334850">
    <ele>1853.1</ele>
   </trkpt>
   <trkpt lat="-28.1019060" lon="-65.9334630">
    <ele>1853.1</ele>
   </trkpt>
   <trkpt lat="-28.1019030" lon="-65.9334400">
    <ele>1853.3</ele>
   </trkpt>
   <trkpt lat="-28.1019000" lon="-65.9334190">
    <ele>1853.3</ele>
   </trkpt>
   <trkpt lat="-28.1018960" lon="-65.9333970">
    <ele>1853.5</ele>
   </trkpt>
   <trkpt lat="-28.1018920" lon="-65.9333750">
    <ele>1853.7</ele>
   </trkpt>
   <trkpt lat="-28.1018880" lon="-65.9333540">
    <ele>1855.0</ele>
   </trkpt>
   <trkpt lat="-28.1018860" lon="-65.9333340">
    <ele>1855.0</ele>
   </trkpt>
   <trkpt lat="-28.1018850" lon="-65.9333140">
    <ele>1855.3</ele>
   </trkpt>
   <trkpt lat="-28.1018840" lon="-65.9332980">
    <ele>1855.3</ele>
   </trkpt>
   <trkpt lat="-28.1018840" lon="-65.9332820">
    <ele>1855.6</ele>
   </trkpt>
   <trkpt lat="-28.1018840" lon="-65.9332680">
    <ele>1855.6</ele>
   </trkpt>
   <trkpt lat="-28.1018850" lon="-65.9332550">
    <ele>1855.6</ele>
   </trkpt>
   <trkpt lat="-28.1018870" lon="-65.9332410">
    <ele>1855.9</ele>
   </trkpt>
   <trkpt lat="-28.1018880" lon="-65.9332270">
    <ele>1855.9</ele>
   </trkpt>
   <trkpt lat="-28.1018920" lon="-65.9332110">
    <ele>1854.5</ele>
   </trkpt>
   <trkpt lat="-28.1018960" lon="-65.9331950">
    <ele>1854.7</ele>
   </trkpt>
   <trkpt lat="-28.1019030" lon="-65.9331760">
    <ele>1854.7</ele>
   </trkpt>
   <trkpt lat="-28.1019090" lon="-65.9331580">
    <ele>1854.8</ele>
   </trkpt>
   <trkpt lat="-28.1019150" lon="-65.9331400">
    <ele>1854.8</ele>
   </trkpt>
   <trkpt lat="-28.1019220" lon="-65.9331220">
    <ele>1854.8</ele>
   </trkpt>
   <trkpt lat="-28.1019260" lon="-65.9331060">
    <ele>1854.8</ele>
   </trkpt>
   <trkpt lat="-28.1019310" lon="-65.9330900">
    <ele>1853.2</ele>
   </trkpt>
   <trkpt lat="-28.1019360" lon="-65.9330760">
    <ele>1853.2</ele>
   </trkpt>
   <trkpt lat="-28.1019410" lon="-65.9330610">
    <ele>1853.1</ele>
   </trkpt>
   <trkpt lat="-28.1019460" lon="-65.9330480">
    <ele>1853.1</ele>
   </trkpt>
   <trkpt lat="-28.1019510" lon="-65.9330350">
    <ele>1853.1</ele>
   </trkpt>
   <trkpt lat="-28.1019560" lon="-65.9330230">
    <ele>1853.0</ele>
   </trkpt>
   <trkpt lat="-28.1019610" lon="-65.9330110">
    <ele>1853.0</ele>
   </trkpt>
   <trkpt lat="-28.1019640" lon="-65.9329990">
    <ele>1853.0</ele>
   </trkpt>
   <trkpt lat="-28.1019670" lon="-65.9329870">
    <ele>1851.6</ele>
   </trkpt>
   <trkpt lat="-28.1019700" lon="-65.9329750">
    <ele>1851.6</ele>
   </trkpt>
   <trkpt lat="-28.1019730" lon="-65.9329640">
    <ele>1851.6</ele>
   </trkpt>
   <trkpt lat="-28.1019750" lon="-65.9329520">
    <ele>1851.6</ele>
   </trkpt>
   <trkpt lat="-28.1019780" lon="-65.9329400">
    <ele>1851.6</ele>
   </trkpt>
   <trkpt lat="-28.1019800" lon="-65.9329260">
    <ele>1851.6</ele>
   </trkpt>
   <trkpt lat="-28.1019810" lon="-65.9329130">
    <ele>1851.6</ele>
   </trkpt>
   <trkpt lat="-28.1019830" lon="-65.9328990">
    <ele>1851.7</ele>
   </trkpt>
   <trkpt lat="-28.1019850" lon="-65.9328860">
    <ele>1851.7</ele>
   </trkpt>
   <trkpt lat="-28.1019850" lon="-65.9328720">
    <ele>1851.7</ele>
   </trkpt>
   <trkpt lat="-28.1019850" lon="-65.9328580">
    <ele>1851.8</ele>
   </trkpt>
   <trkpt lat="-28.1019850" lon="-65.9328460">
    <ele>1851.8</ele>
   </trkpt>
   <trkpt lat="-28.1019860" lon="-65.9328330">
    <ele>1851.8</ele>
   </trkpt>
   <trkpt lat="-28.1019890" lon="-65.9328230">
    <ele>1851.8</ele>
   </trkpt>
   <trkpt lat="-28.1019920" lon="-65.9328130">
    <ele>1851.9</ele>
   </trkpt>
   <trkpt lat="-28.1019960" lon="-65.9328040">
    <ele>1852.0</ele>
   </trkpt>
   <trkpt lat="-28.1019990" lon="-65.9327950">
    <ele>1852.0</ele>
   </trkpt>
   <trkpt lat="-28.1020010" lon="-65.9327860">
    <ele>1852.0</ele>
   </trkpt>
   <trkpt lat="-28.1020030" lon="-65.9327780">
    <ele>1852.0</ele>
   </trkpt>
   <trkpt lat="-28.1020000" lon="-65.9327720">
    <ele>1852.1</ele>
   </trkpt>
   <trkpt lat="-28.1019980" lon="-65.9327660">
    <ele>1852.1</ele>
   </trkpt>
   <trkpt lat="-28.1019930" lon="-65.9327600">
    <ele>1852.1</ele>
   </trkpt>
   <trkpt lat="-28.1019890" lon="-65.9327540">
    <ele>1852.1</ele>
   </trkpt>
   <trkpt lat="-28.1019870" lon="-65.9327450">
    <ele>1852.1</ele>
   </trkpt>
   <trkpt lat="-28.1019850" lon="-65.9327370">
    <ele>1852.1</ele>
   </trkpt>
   <trkpt lat="-28.1019880" lon="-65.9327290">
    <ele>1852.2</ele>
   </trkpt>
   <trkpt lat="-28.1019910" lon="-65.9327220">
    <ele>1852.2</ele>
   </trkpt>
   <trkpt lat="-28.1019960" lon="-65.9327160">
    <ele>1852.2</ele>
   </trkpt>
   <trkpt lat="-28.1020000" lon="-65.9327100">
    <ele>1852.2</ele>
   </trkpt>
   <trkpt lat="-28.1020020" lon="-65.9327030">
    <ele>1852.2</ele>
   </trkpt>
   <trkpt lat="-28.1020040" lon="-65.9326970">
    <ele>1852.2</ele>
   </trkpt>
   <trkpt lat="-28.1020010" lon="-65.9326900">
    <ele>1852.2</ele>
   </trkpt>
   <trkpt lat="-28.1019980" lon="-65.9326830">
    <ele>1852.2</ele>
   </trkpt>
   <trkpt lat="-28.1019940" lon="-65.9326750">
    <ele>1852.2</ele>
   </trkpt>
   <trkpt lat="-28.1019890" lon="-65.9326670">
    <ele>1852.2</ele>
   </trkpt>
   <trkpt lat="-28.1019880" lon="-65.9326580">
    <ele>1852.2</ele>
   </trkpt>
   <trkpt lat="-28.1019860" lon="-65.9326490">
    <ele>1852.2</ele>
   </trkpt>
   <trkpt lat="-28.1019870" lon="-65.9326390">
    <ele>1852.1</ele>
   </trkpt>
   <trkpt lat="-28.1019870" lon="-65.9326300">
    <ele>1852.1</ele>
   </trkpt>
   <trkpt lat="-28.1019860" lon="-65.9326190">
    <ele>1852.1</ele>
   </trkpt>
   <trkpt lat="-28.1019850" lon="-65.9326080">
    <ele>1852.1</ele>
   </trkpt>
   <trkpt lat="-28.1019810" lon="-65.9325960">
    <ele>1851.9</ele>
   </trkpt>
   <trkpt lat="-28.1019770" lon="-65.9325840">
    <ele>1851.9</ele>
   </trkpt>
   <trkpt lat="-28.1019700" lon="-65.9325720">
    <ele>1851.9</ele>
   </trkpt>
   <trkpt lat="-28.1019630" lon="-65.9325600">
    <ele>1853.3</ele>
   </trkpt>
   <trkpt lat="-28.1019540" lon="-65.9325490">
    <ele>1852.9</ele>
   </trkpt>
   <trkpt lat="-28.1019450" lon="-65.9325370">
    <ele>1852.9</ele>
   </trkpt>
   <trkpt lat="-28.1019350" lon="-65.9325290">
    <ele>1852.9</ele>
   </trkpt>
   <trkpt lat="-28.1019250" lon="-65.9325200">
    <ele>1854.2</ele>
   </trkpt>
   <trkpt lat="-28.1019140" lon="-65.9325130">
    <ele>1853.6</ele>
   </trkpt>
   <trkpt lat="-28.1019030" lon="-65.9325050">
    <ele>1853.6</ele>
   </trkpt>
   <trkpt lat="-28.1018920" lon="-65.9324980">
    <ele>1853.6</ele>
   </trkpt>
   <trkpt lat="-28.1018820" lon="-65.9324900">
    <ele>1854.9</ele>
   </trkpt>
   <trkpt lat="-28.1018720" lon="-65.9324830">
    <ele>1854.9</ele>
   </trkpt>
   <trkpt lat="-28.1018620" lon="-65.9324760">
    <ele>1854.9</ele>
   </trkpt>
   <trkpt lat="-28.1018510" lon="-65.9324680">
    <ele>1855.7</ele>
   </trkpt>
   <trkpt lat="-28.1018410" lon="-65.9324600">
    <ele>1855.7</ele>
   </trkpt>
   <trkpt lat="-28.1018310" lon="-65.9324500">
    <ele>1855.7</ele>
   </trkpt>
   <trkpt lat="-28.1018210" lon="-65.9324400">
    <ele>1855.7</ele>
   </trkpt>
   <trkpt lat="-28.1018130" lon="-65.9324270">
    <ele>1856.7</ele>
   </trkpt>
   <trkpt lat="-28.1018050" lon="-65.9324140">
    <ele>1856.7</ele>
   </trkpt>
   <trkpt lat="-28.1017980" lon="-65.9323960">
    <ele>1856.7</ele>
   </trkpt>
   <trkpt lat="-28.1017900" lon="-65.9323780">
    <ele>1856.1</ele>
   </trkpt>
   <trkpt lat="-28.1017800" lon="-65.9323580">
    <ele>1856.1</ele>
   </trkpt>
   <trkpt lat="-28.1017700" lon="-65.9323380">
    <ele>1857.2</ele>
   </trkpt>
   <trkpt lat="-28.1017550" lon="-65.9323190">
    <ele>1857.3</ele>
   </trkpt>
   <trkpt lat="-28.1017400" lon="-65.9323000">
    <ele>1856.6</ele>
   </trkpt>
   <trkpt lat="-28.1017250" lon="-65.9322830">
    <ele>1858.4</ele>
   </trkpt>
   <trkpt lat="-28.1017090" lon="-65.9322670">
    <ele>1858.4</ele>
   </trkpt>
   <trkpt lat="-28.1016970" lon="-65.9322530">
    <ele>1859.5</ele>
   </trkpt>
   <trkpt lat="-28.1016850" lon="-65.9322400">
    <ele>1859.5</ele>
   </trkpt>
   <trkpt lat="-28.1016760" lon="-65.9322310">
    <ele>1859.5</ele>
   </trkpt>
   <trkpt lat="-28.1016670" lon="-65.9322230">
    <ele>1859.5</ele>
   </trkpt>
   <trkpt lat="-28.1016600" lon="-65.9322170">
    <ele>1861.2</ele>
   </trkpt>
   <trkpt lat="-28.1016520" lon="-65.9322100">
    <ele>1860.6</ele>
   </trkpt>
   <trkpt lat="-28.1016450" lon="-65.9322040">
    <ele>1860.6</ele>
   </trkpt>
   <trkpt lat="-28.1016390" lon="-65.9321970">
    <ele>1860.6</ele>
   </trkpt>
   <trkpt lat="-28.1016320" lon="-65.9321860">
    <ele>1860.6</ele>
   </trkpt>
   <trkpt lat="-28.1016250" lon="-65.9321750">
    <ele>1862.4</ele>
   </trkpt>
   <trkpt lat="-28.1016190" lon="-65.9321600">
    <ele>1861.5</ele>
   </trkpt>
   <trkpt lat="-28.1016140" lon="-65.9321460">
    <ele>1861.5</ele>
   </trkpt>
   <trkpt lat="-28.1016100" lon="-65.9321300">
    <ele>1860.5</ele>
   </trkpt>
   <trkpt lat="-28.1016050" lon="-65.9321140">
    <ele>1860.5</ele>
   </trkpt>
   <trkpt lat="-28.1016030" lon="-65.9321010">
    <ele>1860.5</ele>
   </trkpt>
   <trkpt lat="-28.1016010" lon="-65.9320880">
    <ele>1860.5</ele>
   </trkpt>
   <trkpt lat="-28.1016010" lon="-65.9320760">
    <ele>1859.3</ele>
   </trkpt>
   <trkpt lat="-28.1016010" lon="-65.9320650">
    <ele>1859.3</ele>
   </trkpt>
   <trkpt lat="-28.1016020" lon="-65.9320540">
    <ele>1859.3</ele>
   </trkpt>
   <trkpt lat="-28.1016020" lon="-65.9320430">
    <ele>1858.0</ele>
   </trkpt>
   <trkpt lat="-28.1016020" lon="-65.9320320">
    <ele>1858.0</ele>
   </trkpt>
   <trkpt lat="-28.1016020" lon="-65.9320220">
    <ele>1858.0</ele>
   </trkpt>
   <trkpt lat="-28.1015990" lon="-65.9320100">
    <ele>1858.0</ele>
   </trkpt>
   <trkpt lat="-28.1015970" lon="-65.9319980">
    <ele>1856.7</ele>
   </trkpt>
   <trkpt lat="-28.1015910" lon="-65.9319890">
    <ele>1856.7</ele>
   </trkpt>
   <trkpt lat="-28.1015850" lon="-65.9319800">
    <ele>1858.5</ele>
   </trkpt>
   <trkpt lat="-28.1015780" lon="-65.9319760">
    <ele>1858.5</ele>
   </trkpt>
   <trkpt lat="-28.1015700" lon="-65.9319730">
    <ele>1858.5</ele>
   </trkpt>
   <trkpt lat="-28.1015620" lon="-65.9319740">
    <ele>1858.5</ele>
   </trkpt>
   <trkpt lat="-28.1015540" lon="-65.9319750">
    <ele>1858.5</ele>
   </trkpt>
   <trkpt lat="-28.1015450" lon="-65.9319770">
    <ele>1860.4</ele>
   </trkpt>
   <trkpt lat="-28.1015360" lon="-65.9319800">
    <ele>1860.4</ele>
   </trkpt>
   <trkpt lat="-28.1015280" lon="-65.9319800">
    <ele>1860.4</ele>
   </trkpt>
   <trkpt lat="-28.1015200" lon="-65.9319800">
    <ele>1860.4</ele>
   </trkpt>
   <trkpt lat="-28.1015120" lon="-65.9319770">
    <ele>1862.4</ele>
   </trkpt>
   <trkpt lat="-28.1015050" lon="-65.9319750">
    <ele>1862.4</ele>
   </trkpt>
   <trkpt lat="-28.1014980" lon="-65.9319730">
    <ele>1862.4</ele>
   </trkpt>
   <trkpt lat="-28.1014900" lon="-65.9319700">
    <ele>1862.4</ele>
   </trkpt>
   <trkpt lat="-28.1014820" lon="-65.9319690">
    <ele>1862.4</ele>
   </trkpt>
   <trkpt lat="-28.1014730" lon="-65.9319690">
    <ele>1864.5</ele>
   </trkpt>
   <trkpt lat="-28.1014630" lon="-65.9319690">
    <ele>1864.5</ele>
   </trkpt>
   <trkpt lat="-28.1014530" lon="-65.9319690">
    <ele>1864.5</ele>
   </trkpt>
   <trkpt lat="-28.1014430" lon="-65.9319700">
    <ele>1864.5</ele>
   </trkpt>
   <trkpt lat="-28.1014330" lon="-65.9319710">
    <ele>1866.5</ele>
   </trkpt>
   <trkpt lat="-28.1014230" lon="-65.9319730">
    <ele>1866.5</ele>
   </trkpt>
   <trkpt lat="-28.1014130" lon="-65.9319750">
    <ele>1866.5</ele>
   </trkpt>
   <trkpt lat="-28.1014030" lon="-65.9319770">
    <ele>1866.5</ele>
   </trkpt>
   <trkpt lat="-28.1013920" lon="-65.9319800">
    <ele>1868.5</ele>
   </trkpt>
   <trkpt lat="-28.1013820" lon="-65.9319800">
    <ele>1868.5</ele>
   </trkpt>
   <trkpt lat="-28.1013720" lon="-65.9319810">
    <ele>1868.5</ele>
   </trkpt>
   <trkpt lat="-28.1013640" lon="-65.9319780">
    <ele>1868.5</ele>
   </trkpt>
   <trkpt lat="-28.1013570" lon="-65.9319750">
    <ele>1870.5</ele>
   </trkpt>
   <trkpt lat="-28.1013510" lon="-65.9319700">
    <ele>1870.6</ele>
   </trkpt>
   <trkpt lat="-28.1013450" lon="-65.9319640">
    <ele>1870.6</ele>
   </trkpt>
   <trkpt lat="-28.1013400" lon="-65.9319570">
    <ele>1869.4</ele>
   </trkpt>
   <trkpt lat="-28.1013350" lon="-65.9319500">
    <ele>1869.4</ele>
   </trkpt>
   <trkpt lat="-28.1013300" lon="-65.9319420">
    <ele>1869.4</ele>
   </trkpt>
   <trkpt lat="-28.1013250" lon="-65.9319350">
    <ele>1869.4</ele>
   </trkpt>
   <trkpt lat="-28.1013190" lon="-65.9319260">
    <ele>1871.4</ele>
   </trkpt>
   <trkpt lat="-28.1013120" lon="-65.9319170">
    <ele>1871.4</ele>
   </trkpt>
   <trkpt lat="-28.1013040" lon="-65.9319070">
    <ele>1870.4</ele>
   </trkpt>
   <trkpt lat="-28.1012960" lon="-65.9318970">
    <ele>1870.4</ele>
   </trkpt>
   <trkpt lat="-28.1012860" lon="-65.9318870">
    <ele>1870.4</ele>
   </trkpt>
   <trkpt lat="-28.1012770" lon="-65.9318770">
    <ele>1872.3</ele>
   </trkpt>
   <trkpt lat="-28.1012670" lon="-65.9318680">
    <ele>1871.3</ele>
   </trkpt>
   <trkpt lat="-28.1012570" lon="-65.9318590">
    <ele>1871.3</ele>
   </trkpt>
   <trkpt lat="-28.1012470" lon="-65.9318510">
    <ele>1873.1</ele>
   </trkpt>
   <trkpt lat="-28.1012370" lon="-65.9318420">
    <ele>1873.1</ele>
   </trkpt>
   <trkpt lat="-28.1012270" lon="-65.9318380">
    <ele>1873.1</ele>
   </trkpt>
   <trkpt lat="-28.1012170" lon="-65.9318330">
    <ele>1873.1</ele>
   </trkpt>
   <trkpt lat="-28.1012080" lon="-65.9318310">
    <ele>1874.9</ele>
   </trkpt>
   <trkpt lat="-28.1012000" lon="-65.9318300">
    <ele>1873.6</ele>
   </trkpt>
   <trkpt lat="-28.1011930" lon="-65.9318260">
    <ele>1873.6</ele>
   </trkpt>
   <trkpt lat="-28.1011870" lon="-65.9318220">
    <ele>1873.6</ele>
   </trkpt>
   <trkpt lat="-28.1011830" lon="-65.9318150">
    <ele>1873.6</ele>
   </trkpt>
   <trkpt lat="-28.1011790" lon="-65.9318080">
    <ele>1873.6</ele>
   </trkpt>
   <trkpt lat="-28.1011740" lon="-65.9317970">
    <ele>1873.6</ele>
   </trkpt>
   <trkpt lat="-28.1011700" lon="-65.9317860">
    <ele>1873.9</ele>
   </trkpt>
   <trkpt lat="-28.1011640" lon="-65.9317740">
    <ele>1873.9</ele>
   </trkpt>
   <trkpt lat="-28.1011590" lon="-65.9317620">
    <ele>1873.9</ele>
   </trkpt>
   <trkpt lat="-28.1011490" lon="-65.9317500">
    <ele>1873.9</ele>
   </trkpt>
   <trkpt lat="-28.1011390" lon="-65.9317390">
    <ele>1872.8</ele>
   </trkpt>
   <trkpt lat="-28.1011260" lon="-65.9317300">
    <ele>1874.1</ele>
   </trkpt>
   <trkpt lat="-28.1011130" lon="-65.9317210">
    <ele>1874.1</ele>
   </trkpt>
   <trkpt lat="-28.1010970" lon="-65.9317130">
    <ele>1874.1</ele>
   </trkpt>
   <trkpt lat="-28.1010800" lon="-65.9317050">
    <ele>1875.4</ele>
   </trkpt>
   <trkpt lat="-28.1010630" lon="-65.9316990">
    <ele>1874.2</ele>
   </trkpt>
   <trkpt lat="-28.1010460" lon="-65.9316920">
    <ele>1875.9</ele>
   </trkpt>
   <trkpt lat="-28.1010310" lon="-65.9316870">
    <ele>1875.9</ele>
   </trkpt>
   <trkpt lat="-28.1010170" lon="-65.9316830">
    <ele>1876.8</ele>
   </trkpt>
   <trkpt lat="-28.1010020" lon="-65.9316770">
    <ele>1876.8</ele>
   </trkpt>
   <trkpt lat="-28.1009880" lon="-65.9316710">
    <ele>1876.8</ele>
   </trkpt>
   <trkpt lat="-28.1009710" lon="-65.9316670">
    <ele>1877.6</ele>
   </trkpt>
   <trkpt lat="-28.1009540" lon="-65.9316620">
    <ele>1877.6</ele>
   </trkpt>
   <trkpt lat="-28.1009370" lon="-65.9316580">
    <ele>1876.7</ele>
   </trkpt>
   <trkpt lat="-28.1009190" lon="-65.9316540">
    <ele>1876.7</ele>
   </trkpt>
   <trkpt lat="-28.1009010" lon="-65.9316460">
    <ele>1877.4</ele>
   </trkpt>
   <trkpt lat="-28.1008830" lon="-65.9316390">
    <ele>1877.4</ele>
   </trkpt>
   <trkpt lat="-28.1008680" lon="-65.9316290">
    <ele>1878.3</ele>
   </trkpt>
   <trkpt lat="-28.1008530" lon="-65.9316180">
    <ele>1878.3</ele>
   </trkpt>
   <trkpt lat="-28.1008420" lon="-65.9316080">
    <ele>1876.9</ele>
   </trkpt>
   <trkpt lat="-28.1008320" lon="-65.9315990">
    <ele>1876.9</ele>
   </trkpt>
   <trkpt lat="-28.1008220" lon="-65.9315870">
    <ele>1878.0</ele>
   </trkpt>
   <trkpt lat="-28.1008120" lon="-65.9315760">
    <ele>1878.0</ele>
   </trkpt>
   <trkpt lat="-28.1007970" lon="-65.9315620">
    <ele>1876.6</ele>
   </trkpt>
   <trkpt lat="-28.1007820" lon="-65.9315480">
    <ele>1877.7</ele>
   </trkpt>
   <trkpt lat="-28.1007620" lon="-65.9315320">
    <ele>1877.7</ele>
   </trkpt>
   <trkpt lat="-28.1007420" lon="-65.9315170">
    <ele>1877.2</ele>
   </trkpt>
   <trkpt lat="-28.1007180" lon="-65.9315030">
    <ele>1877.2</ele>
   </trkpt>
   <trkpt lat="-28.1006940" lon="-65.9314900">
    <ele>1878.2</ele>
   </trkpt>
   <trkpt lat="-28.1006680" lon="-65.9314770">
    <ele>1877.3</ele>
   </trkpt>
   <trkpt lat="-28.1006420" lon="-65.9314640">
    <ele>1877.3</ele>
   </trkpt>
   <trkpt lat="-28.1006160" lon="-65.9314530">
    <ele>1878.2</ele>
   </trkpt>
   <trkpt lat="-28.1005890" lon="-65.9314410">
    <ele>1877.6</ele>
   </trkpt>
   <trkpt lat="-28.1005640" lon="-65.9314320">
    <ele>1878.9</ele>
   </trkpt>
   <trkpt lat="-28.1005390" lon="-65.9314230">
    <ele>1878.9</ele>
   </trkpt>
   <trkpt lat="-28.1005210" lon="-65.9314090">
    <ele>1880.3</ele>
   </trkpt>
   <trkpt lat="-28.1005020" lon="-65.9313950">
    <ele>1879.1</ele>
   </trkpt>
   <trkpt lat="-28.1004910" lon="-65.9313750">
    <ele>1879.1</ele>
   </trkpt>
   <trkpt lat="-28.1004810" lon="-65.9313560">
    <ele>1879.8</ele>
   </trkpt>
   <trkpt lat="-28.1004750" lon="-65.9313320">
    <ele>1879.8</ele>
   </trkpt>
   <trkpt lat="-28.1004690" lon="-65.9313080">
    <ele>1878.9</ele>
   </trkpt>
   <trkpt lat="-28.1004650" lon="-65.9312810">
    <ele>1878.9</ele>
   </trkpt>
   <trkpt lat="-28.1004610" lon="-65.9312540">
    <ele>1878.1</ele>
   </trkpt>
   <trkpt lat="-28.1004540" lon="-65.9312260">
    <ele>1877.3</ele>
   </trkpt>
   <trkpt lat="-28.1004480" lon="-65.9311970">
    <ele>1878.7</ele>
   </trkpt>
   <trkpt lat="-28.1004350" lon="-65.9311710">
    <ele>1877.7</ele>
   </trkpt>
   <trkpt lat="-28.1004230" lon="-65.9311440">
    <ele>1877.7</ele>
   </trkpt>
   <trkpt lat="-28.1004060" lon="-65.9311190">
    <ele>1877.9</ele>
   </trkpt>
   <trkpt lat="-28.1003890" lon="-65.9310930">
    <ele>1877.3</ele>
   </trkpt>
   <trkpt lat="-28.1003690" lon="-65.9310700">
    <ele>1878.3</ele>
   </trkpt>
   <trkpt lat="-28.1003490" lon="-65.9310460">
    <ele>1877.9</ele>
   </trkpt>
   <trkpt lat="-28.1003280" lon="-65.9310250">
    <ele>1878.9</ele>
   </trkpt>
   <trkpt lat="-28.1003070" lon="-65.9310050">
    <ele>1878.6</ele>
   </trkpt>
   <trkpt lat="-28.1002870" lon="-65.9309860">
    <ele>1879.5</ele>
   </trkpt>
   <trkpt lat="-28.1002660" lon="-65.9309670">
    <ele>1879.2</ele>
   </trkpt>
   <trkpt lat="-28.1002450" lon="-65.9309460">
    <ele>1879.8</ele>
   </trkpt>
   <trkpt lat="-28.1002240" lon="-65.9309250">
    <ele>1880.0</ele>
   </trkpt>
   <trkpt lat="-28.1002060" lon="-65.9309000">
    <ele>1880.0</ele>
   </trkpt>
   <trkpt lat="-28.1001890" lon="-65.9308750">
    <ele>1880.0</ele>
   </trkpt>
   <trkpt lat="-28.1001760" lon="-65.9308450">
    <ele>1879.7</ele>
   </trkpt>
   <trkpt lat="-28.1001630" lon="-65.9308150">
    <ele>1879.5</ele>
   </trkpt>
   <trkpt lat="-28.1001540" lon="-65.9307800">
    <ele>1879.3</ele>
   </trkpt>
   <trkpt lat="-28.1001450" lon="-65.9307450">
    <ele>1879.1</ele>
   </trkpt>
   <trkpt lat="-28.1001390" lon="-65.9307080">
    <ele>1878.8</ele>
   </trkpt>
   <trkpt lat="-28.1001330" lon="-65.9306710">
    <ele>1878.6</ele>
   </trkpt>
   <trkpt lat="-28.1001290" lon="-65.9306350">
    <ele>1878.3</ele>
   </trkpt>
   <trkpt lat="-28.1001250" lon="-65.9305990">
    <ele>1878.1</ele>
   </trkpt>
   <trkpt lat="-28.1001220" lon="-65.9305640">
    <ele>1877.9</ele>
   </trkpt>
   <trkpt lat="-28.1001190" lon="-65.9305290">
    <ele>1877.7</ele>
   </trkpt>
   <trkpt lat="-28.1001160" lon="-65.9304940">
    <ele>1877.4</ele>
   </trkpt>
   <trkpt lat="-28.1001130" lon="-65.9304600">
    <ele>1877.2</ele>
   </trkpt>
   <trkpt lat="-28.1001110" lon="-65.9304270">
    <ele>1877.0</ele>
   </trkpt>
   <trkpt lat="-28.1001080" lon="-65.9303930">
    <ele>1876.8</ele>
   </trkpt>
   <trkpt lat="-28.1001050" lon="-65.9303620">
    <ele>1876.6</ele>
   </trkpt>
   <trkpt lat="-28.1001030" lon="-65.9303300">
    <ele>1876.4</ele>
   </trkpt>
   <trkpt lat="-28.1001000" lon="-65.9303000">
    <ele>1876.2</ele>
   </trkpt>
   <trkpt lat="-28.1000970" lon="-65.9302700">
    <ele>1876.0</ele>
   </trkpt>
   <trkpt lat="-28.1000950" lon="-65.9302400">
    <ele>1875.8</ele>
   </trkpt>
   <trkpt lat="-28.1000920" lon="-65.9302110">
    <ele>1875.6</ele>
   </trkpt>
   <trkpt lat="-28.1000890" lon="-65.9301830">
    <ele>1875.4</ele>
   </trkpt>
   <trkpt lat="-28.1000860" lon="-65.9301550">
    <ele>1875.3</ele>
   </trkpt>
   <trkpt lat="-28.1000830" lon="-65.9301320">
    <ele>1875.1</ele>
   </trkpt>
   <trkpt lat="-28.1000790" lon="-65.9301090">
    <ele>1875.0</ele>
   </trkpt>
   <trkpt lat="-28.1000740" lon="-65.9300900">
    <ele>1874.8</ele>
   </trkpt>
   <trkpt lat="-28.1000700" lon="-65.9300710">
    <ele>1874.7</ele>
   </trkpt>
   <trkpt lat="-28.1000640" lon="-65.9300550">
    <ele>1874.6</ele>
   </trkpt>
   <trkpt lat="-28.1000590" lon="-65.9300390">
    <ele>1874.5</ele>
   </trkpt>
   <trkpt lat="-28.1000540" lon="-65.9300240">
    <ele>1874.4</ele>
   </trkpt>
   <trkpt lat="-28.1000490" lon="-65.9300100">
    <ele>1874.3</ele>
   </trkpt>
   <trkpt lat="-28.1000440" lon="-65.9299960">
    <ele>1874.2</ele>
   </trkpt>
   <trkpt lat="-28.1000390" lon="-65.9299810">
    <ele>1874.1</ele>
   </trkpt>
   <trkpt lat="-28.1000350" lon="-65.9299660">
    <ele>1874.0</ele>
   </trkpt>
   <trkpt lat="-28.1000300" lon="-65.9299510">
    <ele>1873.9</ele>
   </trkpt>
   <trkpt lat="-28.1000250" lon="-65.9299330">
    <ele>1873.8</ele>
   </trkpt>
   <trkpt lat="-28.1000210" lon="-65.9299150">
    <ele>1873.7</ele>
   </trkpt>
   <trkpt lat="-28.1000140" lon="-65.9298920">
    <ele>1873.5</ele>
   </trkpt>
   <trkpt lat="-28.1000070" lon="-65.9298680">
    <ele>1873.3</ele>
   </trkpt>
   <trkpt lat="-28.1000000" lon="-65.9298410">
    <ele>1873.2</ele>
   </trkpt>
   <trkpt lat="-28.0999930" lon="-65.9298130">
    <ele>1873.0</ele>
   </trkpt>
   <trkpt lat="-28.0999860" lon="-65.9297840">
    <ele>1872.8</ele>
   </trkpt>
   <trkpt lat="-28.0999790" lon="-65.9297560">
    <ele>1872.6</ele>
   </trkpt>
   <trkpt lat="-28.0999730" lon="-65.9297270">
    <ele>1872.4</ele>
   </trkpt>
   <trkpt lat="-28.0999670" lon="-65.9296980">
    <ele>1872.2</ele>
   </trkpt>
   <trkpt lat="-28.0999620" lon="-65.9296690">
    <ele>1872.0</ele>
   </trkpt>
   <trkpt lat="-28.0999560" lon="-65.9296390">
    <ele>1871.8</ele>
   </trkpt>
   <trkpt lat="-28.0999490" lon="-65.9296080">
    <ele>1871.6</ele>
   </trkpt>
   <trkpt lat="-28.0999430" lon="-65.9295770">
    <ele>1871.4</ele>
   </trkpt>
   <trkpt lat="-28.0999340" lon="-65.9295470">
    <ele>1871.2</ele>
   </trkpt>
   <trkpt lat="-28.0999260" lon="-65.9295180">
    <ele>1871.0</ele>
   </trkpt>
   <trkpt lat="-28.0999160" lon="-65.9294890">
    <ele>1870.8</ele>
   </trkpt>
   <trkpt lat="-28.0999070" lon="-65.9294600">
    <ele>1870.6</ele>
   </trkpt>
   <trkpt lat="-28.0998960" lon="-65.9294330">
    <ele>1870.4</ele>
   </trkpt>
   <trkpt lat="-28.0998850" lon="-65.9294050">
    <ele>1870.2</ele>
   </trkpt>
   <trkpt lat="-28.0998720" lon="-65.9293790">
    <ele>1870.0</ele>
   </trkpt>
   <trkpt lat="-28.0998590" lon="-65.9293520">
    <ele>1869.9</ele>
   </trkpt>
   <trkpt lat="-28.0998450" lon="-65.9293250">
    <ele>1869.7</ele>
   </trkpt>
   <trkpt lat="-28.0998300" lon="-65.9292990">
    <ele>1869.5</ele>
   </trkpt>
   <trkpt lat="-28.0998160" lon="-65.9292720">
    <ele>1869.3</ele>
   </trkpt>
   <trkpt lat="-28.0998020" lon="-65.9292460">
    <ele>1869.1</ele>
   </trkpt>
   <trkpt lat="-28.0997890" lon="-65.9292200">
    <ele>1868.9</ele>
   </trkpt>
   <trkpt lat="-28.0997760" lon="-65.9291940">
    <ele>1868.7</ele>
   </trkpt>
   <trkpt lat="-28.0997650" lon="-65.9291700">
    <ele>1868.5</ele>
   </trkpt>
   <trkpt lat="-28.0997550" lon="-65.9291470">
    <ele>1868.3</ele>
   </trkpt>
   <trkpt lat="-28.0997480" lon="-65.9291270">
    <ele>1868.2</ele>
   </trkpt>
   <trkpt lat="-28.0997410" lon="-65.9291080">
    <ele>1868.1</ele>
   </trkpt>
   <trkpt lat="-28.0997370" lon="-65.9290920">
    <ele>1868.0</ele>
   </trkpt>
   <trkpt lat="-28.0997320" lon="-65.9290760">
    <ele>1867.9</ele>
   </trkpt>
   <trkpt lat="-28.0997270" lon="-65.9290630">
    <ele>1867.8</ele>
   </trkpt>
   <trkpt lat="-28.0997230" lon="-65.9290500">
    <ele>1867.7</ele>
   </trkpt>
   <trkpt lat="-28.0997170" lon="-65.9290370">
    <ele>1867.6</ele>
   </trkpt>
   <trkpt lat="-28.0997120" lon="-65.9290250">
    <ele>1867.5</ele>
   </trkpt>
   <trkpt lat="-28.0997060" lon="-65.9290120">
    <ele>1867.4</ele>
   </trkpt>
   <trkpt lat="-28.0997000" lon="-65.9289990">
    <ele>1867.3</ele>
   </trkpt>
   <trkpt lat="-28.0996950" lon="-65.9289840">
    <ele>1867.2</ele>
   </trkpt>
   <trkpt lat="-28.0996890" lon="-65.9289700">
    <ele>1867.1</ele>
   </trkpt>
   <trkpt lat="-28.0996830" lon="-65.9289550">
    <ele>1867.0</ele>
   </trkpt>
   <trkpt lat="-28.0996770" lon="-65.9289400">
    <ele>1866.9</ele>
   </trkpt>
   <trkpt lat="-28.0996720" lon="-65.9289250">
    <ele>1866.8</ele>
   </trkpt>
   <trkpt lat="-28.0996670" lon="-65.9289100">
    <ele>1866.7</ele>
   </trkpt>
   <trkpt lat="-28.0996620" lon="-65.9288960">
    <ele>1866.6</ele>
   </trkpt>
   <trkpt lat="-28.0996570" lon="-65.9288810">
    <ele>1866.5</ele>
   </trkpt>
   <trkpt lat="-28.0996530" lon="-65.9288660">
    <ele>1866.4</ele>
   </trkpt>
   <trkpt lat="-28.0996490" lon="-65.9288510">
    <ele>1866.3</ele>
   </trkpt>
   <trkpt lat="-28.0996460" lon="-65.9288360">
    <ele>1866.2</ele>
   </trkpt>
   <trkpt lat="-28.0996420" lon="-65.9288200">
    <ele>1866.1</ele>
   </trkpt>
   <trkpt lat="-28.0996400" lon="-65.9288050">
    <ele>1866.0</ele>
   </trkpt>
   <trkpt lat="-28.0996370" lon="-65.9287890">
    <ele>1865.9</ele>
   </trkpt>
   <trkpt lat="-28.0996350" lon="-65.9287720">
    <ele>1865.8</ele>
   </trkpt>
   <trkpt lat="-28.0996330" lon="-65.9287560">
    <ele>1865.7</ele>
   </trkpt>
   <trkpt lat="-28.0996300" lon="-65.9287390">
    <ele>1865.6</ele>
   </trkpt>
   <trkpt lat="-28.0996270" lon="-65.9287230">
    <ele>1865.5</ele>
   </trkpt>
   <trkpt lat="-28.0996240" lon="-65.9287070">
    <ele>1865.4</ele>
   </trkpt>
   <trkpt lat="-28.0996200" lon="-65.9286910">
    <ele>1865.2</ele>
   </trkpt>
   <trkpt lat="-28.0996170" lon="-65.9286750">
    <ele>1865.1</ele>
   </trkpt>
   <trkpt lat="-28.0996140" lon="-65.9286580">
    <ele>1865.0</ele>
   </trkpt>
   <trkpt lat="-28.0996110" lon="-65.9286430">
    <ele>1864.9</ele>
   </trkpt>
   <trkpt lat="-28.0996070" lon="-65.9286270">
    <ele>1864.8</ele>
   </trkpt>
   <trkpt lat="-28.0996030" lon="-65.9286110">
    <ele>1864.7</ele>
   </trkpt>
   <trkpt lat="-28.0996000" lon="-65.9285950">
    <ele>1864.6</ele>
   </trkpt>
   <trkpt lat="-28.0995950" lon="-65.9285780">
    <ele>1864.5</ele>
   </trkpt>
   <trkpt lat="-28.0995900" lon="-65.9285610">
    <ele>1864.4</ele>
   </trkpt>
   <trkpt lat="-28.0995860" lon="-65.9285440">
    <ele>1864.3</ele>
   </trkpt>
   <trkpt lat="-28.0995820" lon="-65.9285270">
    <ele>1864.2</ele>
   </trkpt>
   <trkpt lat="-28.0995780" lon="-65.9285110">
    <ele>1864.1</ele>
   </trkpt>
   <trkpt lat="-28.0995750" lon="-65.9284950">
    <ele>1864.0</ele>
   </trkpt>
   <trkpt lat="-28.0995700" lon="-65.9284790">
    <ele>1863.8</ele>
   </trkpt>
   <trkpt lat="-28.0995660" lon="-65.9284640">
    <ele>1863.7</ele>
   </trkpt>
   <trkpt lat="-28.0995610" lon="-65.9284460">
    <ele>1863.6</ele>
   </trkpt>
   <trkpt lat="-28.0995560" lon="-65.9284290">
    <ele>1863.5</ele>
   </trkpt>
   <trkpt lat="-28.0995490" lon="-65.9284080">
    <ele>1863.4</ele>
   </trkpt>
   <trkpt lat="-28.0995430" lon="-65.9283880">
    <ele>1863.2</ele>
   </trkpt>
   <trkpt lat="-28.0995370" lon="-65.9283660">
    <ele>1863.1</ele>
   </trkpt>
   <trkpt lat="-28.0995300" lon="-65.9283450">
    <ele>1862.9</ele>
   </trkpt>
   <trkpt lat="-28.0995250" lon="-65.9283220">
    <ele>1862.8</ele>
   </trkpt>
   <trkpt lat="-28.0995190" lon="-65.9282990">
    <ele>1862.6</ele>
   </trkpt>
   <trkpt lat="-28.0995140" lon="-65.9282750">
    <ele>1862.5</ele>
   </trkpt>
   <trkpt lat="-28.0995080" lon="-65.9282510">
    <ele>1862.3</ele>
   </trkpt>
   <trkpt lat="-28.0995080" lon="-65.9282510">
    <ele>1862.3</ele>
   </trkpt>
   <trkpt lat="-28.0995080" lon="-65.9282510">
    <ele>1862.3</ele>
   </trkpt>
   <trkpt lat="-28.0995080" lon="-65.9282510">
    <ele>1862.3</ele>
   </trkpt>
   <trkpt lat="-28.0995080" lon="-65.9282510">
    <ele>1862.3</ele>
   </trkpt>
   <trkpt lat="-28.0995080" lon="-65.9282510">
    <ele>1862.3</ele>
   </trkpt>
   <trkpt lat="-28.0995080" lon="-65.9282510">
    <ele>1862.3</ele>
   </trkpt>
   <trkpt lat="-28.0995080" lon="-65.9282510">
    <ele>1862.3</ele>
   </trkpt>
   <trkpt lat="-28.0995080" lon="-65.9282510">
    <ele>1862.3</ele>
   </trkpt>
   <trkpt lat="-28.0995020" lon="-65.9282120">
    <ele>1862.1</ele>
   </trkpt>
   <trkpt lat="-28.0995010" lon="-65.9282000">
    <ele>1862.0</ele>
   </trkpt>
   <trkpt lat="-28.0995000" lon="-65.9281880">
    <ele>1861.9</ele>
   </trkpt>
   <trkpt lat="-28.0995000" lon="-65.9281760">
    <ele>1861.8</ele>
   </trkpt>
   <trkpt lat="-28.0995010" lon="-65.9281640">
    <ele>1861.8</ele>
   </trkpt>
   <trkpt lat="-28.0995060" lon="-65.9281470">
    <ele>1861.6</ele>
   </trkpt>
   <trkpt lat="-28.0995100" lon="-65.9281300">
    <ele>1861.5</ele>
   </trkpt>
   <trkpt lat="-28.0995210" lon="-65.9281060">
    <ele>1861.4</ele>
   </trkpt>
   <trkpt lat="-28.0995310" lon="-65.9280820">
    <ele>1861.2</ele>
   </trkpt>
   <trkpt lat="-28.0995480" lon="-65.9280540">
    <ele>1861.0</ele>
   </trkpt>
   <trkpt lat="-28.0995650" lon="-65.9280260">
    <ele>1860.8</ele>
   </trkpt>
   <trkpt lat="-28.0995850" lon="-65.9279990">
    <ele>1860.5</ele>
   </trkpt>
   <trkpt lat="-28.0996050" lon="-65.9279720">
    <ele>1860.3</ele>
   </trkpt>
   <trkpt lat="-28.0996270" lon="-65.9279470">
    <ele>1860.1</ele>
   </trkpt>
   <trkpt lat="-28.0996490" lon="-65.9279220">
    <ele>1859.9</ele>
   </trkpt>
   <trkpt lat="-28.0996720" lon="-65.9278980">
    <ele>1859.6</ele>
   </trkpt>
   <trkpt lat="-28.0996950" lon="-65.9278730">
    <ele>1859.4</ele>
   </trkpt>
   <trkpt lat="-28.0997190" lon="-65.9278480">
    <ele>1859.2</ele>
   </trkpt>
   <trkpt lat="-28.0997420" lon="-65.9278230">
    <ele>1858.9</ele>
   </trkpt>
   <trkpt lat="-28.0997650" lon="-65.9277990">
    <ele>1858.7</ele>
   </trkpt>
   <trkpt lat="-28.0997890" lon="-65.9277740">
    <ele>1858.5</ele>
   </trkpt>
   <trkpt lat="-28.0998120" lon="-65.9277480">
    <ele>1858.2</ele>
   </trkpt>
   <trkpt lat="-28.0998350" lon="-65.9277220">
    <ele>1858.0</ele>
   </trkpt>
   <trkpt lat="-28.0998590" lon="-65.9276920">
    <ele>1857.7</ele>
   </trkpt>
   <trkpt lat="-28.0998820" lon="-65.9276620">
    <ele>1857.5</ele>
   </trkpt>
   <trkpt lat="-28.0999080" lon="-65.9276290">
    <ele>1857.2</ele>
   </trkpt>
   <trkpt lat="-28.0999350" lon="-65.9275960">
    <ele>1856.9</ele>
   </trkpt>
   <trkpt lat="-28.0999640" lon="-65.9275640">
    <ele>1856.6</ele>
   </trkpt>
   <trkpt lat="-28.0999930" lon="-65.9275320">
    <ele>1856.3</ele>
   </trkpt>
   <trkpt lat="-28.1000230" lon="-65.9275010">
    <ele>1856.0</ele>
   </trkpt>
   <trkpt lat="-28.1000520" lon="-65.9274700">
    <ele>1855.7</ele>
   </trkpt>
   <trkpt lat="-28.1000820" lon="-65.9274410">
    <ele>1855.5</ele>
   </trkpt>
   <trkpt lat="-28.1001110" lon="-65.9274110">
    <ele>1855.2</ele>
   </trkpt>
   <trkpt lat="-28.1001390" lon="-65.9273850">
    <ele>1854.9</ele>
   </trkpt>
   <trkpt lat="-28.1001670" lon="-65.9273590">
    <ele>1854.6</ele>
   </trkpt>
   <trkpt lat="-28.1001930" lon="-65.9273360">
    <ele>1854.4</ele>
   </trkpt>
   <trkpt lat="-28.1002190" lon="-65.9273130">
    <ele>1854.2</ele>
   </trkpt>
   <trkpt lat="-28.1002430" lon="-65.9272930">
    <ele>1854.0</ele>
   </trkpt>
   <trkpt lat="-28.1002660" lon="-65.9272720">
    <ele>1853.7</ele>
   </trkpt>
   <trkpt lat="-28.1002870" lon="-65.9272530">
    <ele>1853.5</ele>
   </trkpt>
   <trkpt lat="-28.1003070" lon="-65.9272340">
    <ele>1853.4</ele>
   </trkpt>
   <trkpt lat="-28.1003260" lon="-65.9272150">
    <ele>1853.2</ele>
   </trkpt>
   <trkpt lat="-28.1003440" lon="-65.9271970">
    <ele>1853.0</ele>
   </trkpt>
   <trkpt lat="-28.1003610" lon="-65.9271790">
    <ele>1852.8</ele>
   </trkpt>
   <trkpt lat="-28.1003780" lon="-65.9271600">
    <ele>1852.7</ele>
   </trkpt>
   <trkpt lat="-28.1003940" lon="-65.9271420">
    <ele>1852.5</ele>
   </trkpt>
   <trkpt lat="-28.1004100" lon="-65.9271230">
    <ele>1852.3</ele>
   </trkpt>
   <trkpt lat="-28.1004270" lon="-65.9271040">
    <ele>1852.2</ele>
   </trkpt>
   <trkpt lat="-28.1004430" lon="-65.9270840">
    <ele>1852.0</ele>
   </trkpt>
   <trkpt lat="-28.1004610" lon="-65.9270650">
    <ele>1851.8</ele>
   </trkpt>
   <trkpt lat="-28.1004790" lon="-65.9270450">
    <ele>1851.6</ele>
   </trkpt>
   <trkpt lat="-28.1004980" lon="-65.9270260">
    <ele>1851.4</ele>
   </trkpt>
   <trkpt lat="-28.1005170" lon="-65.9270070">
    <ele>1851.3</ele>
   </trkpt>
   <trkpt lat="-28.1005350" lon="-65.9269880">
    <ele>1851.1</ele>
   </trkpt>
   <trkpt lat="-28.1005530" lon="-65.9269690">
    <ele>1850.9</ele>
   </trkpt>
   <trkpt lat="-28.1005690" lon="-65.9269490">
    <ele>1850.7</ele>
   </trkpt>
   <trkpt lat="-28.1005850" lon="-65.9269290">
    <ele>1850.6</ele>
   </trkpt>
   <trkpt lat="-28.1006020" lon="-65.9269080">
    <ele>1850.4</ele>
   </trkpt>
   <trkpt lat="-28.1006180" lon="-65.9268870">
    <ele>1850.2</ele>
   </trkpt>
   <trkpt lat="-28.1006360" lon="-65.9268650">
    <ele>1850.0</ele>
   </trkpt>
   <trkpt lat="-28.1006530" lon="-65.9268430">
    <ele>1849.8</ele>
   </trkpt>
   <trkpt lat="-28.1006700" lon="-65.9268200">
    <ele>1849.6</ele>
   </trkpt>
   <trkpt lat="-28.1006870" lon="-65.9267970">
    <ele>1849.4</ele>
   </trkpt>
   <trkpt lat="-28.1007060" lon="-65.9267770">
    <ele>1849.2</ele>
   </trkpt>
   <trkpt lat="-28.1007250" lon="-65.9267570">
    <ele>1849.1</ele>
   </trkpt>
   <trkpt lat="-28.1007490" lon="-65.9267440">
    <ele>1848.9</ele>
   </trkpt>
   <trkpt lat="-28.1007730" lon="-65.9267310">
    <ele>1848.7</ele>
   </trkpt>
   <trkpt lat="-28.1007990" lon="-65.9267200">
    <ele>1848.5</ele>
   </trkpt>
   <trkpt lat="-28.1008260" lon="-65.9267100">
    <ele>1848.3</ele>
   </trkpt>
   <trkpt lat="-28.1008530" lon="-65.9267010">
    <ele>1848.1</ele>
   </trkpt>
   <trkpt lat="-28.1008800" lon="-65.9266920">
    <ele>1847.9</ele>
   </trkpt>
   <trkpt lat="-28.1009080" lon="-65.9266880">
    <ele>1847.6</ele>
   </trkpt>
   <trkpt lat="-28.1009360" lon="-65.9266830">
    <ele>1847.4</ele>
   </trkpt>
   <trkpt lat="-28.1009670" lon="-65.9266840">
    <ele>1847.2</ele>
   </trkpt>
   <trkpt lat="-28.1009980" lon="-65.9266860">
    <ele>1847.0</ele>
   </trkpt>
   <trkpt lat="-28.1010300" lon="-65.9266900">
    <ele>1846.8</ele>
   </trkpt>
   <trkpt lat="-28.1010610" lon="-65.9266940">
    <ele>1846.5</ele>
   </trkpt>
   <trkpt lat="-28.1010920" lon="-65.9266970">
    <ele>1846.3</ele>
   </trkpt>
   <trkpt lat="-28.1011230" lon="-65.9267000">
    <ele>1846.1</ele>
   </trkpt>
   <trkpt lat="-28.1011530" lon="-65.9266990">
    <ele>1845.9</ele>
   </trkpt>
   <trkpt lat="-28.1011830" lon="-65.9266980">
    <ele>1845.6</ele>
   </trkpt>
   <trkpt lat="-28.1012120" lon="-65.9266940">
    <ele>1845.4</ele>
   </trkpt>
   <trkpt lat="-28.1012410" lon="-65.9266910">
    <ele>1845.2</ele>
   </trkpt>
   <trkpt lat="-28.1012730" lon="-65.9266860">
    <ele>1845.0</ele>
   </trkpt>
   <trkpt lat="-28.1013040" lon="-65.9266810">
    <ele>1844.8</ele>
   </trkpt>
   <trkpt lat="-28.1013370" lon="-65.9266760">
    <ele>1844.5</ele>
   </trkpt>
   <trkpt lat="-28.1013710" lon="-65.9266710">
    <ele>1844.3</ele>
   </trkpt>
   <trkpt lat="-28.1014050" lon="-65.9266650">
    <ele>1844.0</ele>
   </trkpt>
   <trkpt lat="-28.1014390" lon="-65.9266600">
    <ele>1843.8</ele>
   </trkpt>
   <trkpt lat="-28.1014740" lon="-65.9266550">
    <ele>1843.5</ele>
   </trkpt>
   <trkpt lat="-28.1015080" lon="-65.9266510">
    <ele>1843.3</ele>
   </trkpt>
   <trkpt lat="-28.1015440" lon="-65.9266450">
    <ele>1843.0</ele>
   </trkpt>
   <trkpt lat="-28.1015800" lon="-65.9266390">
    <ele>1842.7</ele>
   </trkpt>
   <trkpt lat="-28.1016150" lon="-65.9266290">
    <ele>1842.5</ele>
   </trkpt>
   <trkpt lat="-28.1016490" lon="-65.9266190">
    <ele>1842.2</ele>
   </trkpt>
   <trkpt lat="-28.1016830" lon="-65.9266060">
    <ele>1842.0</ele>
   </trkpt>
   <trkpt lat="-28.1017160" lon="-65.9265930">
    <ele>1841.7</ele>
   </trkpt>
   <trkpt lat="-28.1017510" lon="-65.9265770">
    <ele>1841.4</ele>
   </trkpt>
   <trkpt lat="-28.1017860" lon="-65.9265620">
    <ele>1841.2</ele>
   </trkpt>
   <trkpt lat="-28.1018210" lon="-65.9265440">
    <ele>1840.9</ele>
   </trkpt>
   <trkpt lat="-28.1018560" lon="-65.9265270">
    <ele>1840.6</ele>
   </trkpt>
   <trkpt lat="-28.1018910" lon="-65.9265080">
    <ele>1840.3</ele>
   </trkpt>
   <trkpt lat="-28.1019250" lon="-65.9264900">
    <ele>1840.1</ele>
   </trkpt>
   <trkpt lat="-28.1019590" lon="-65.9264700">
    <ele>1839.8</ele>
   </trkpt>
   <trkpt lat="-28.1019930" lon="-65.9264500">
    <ele>1839.5</ele>
   </trkpt>
   <trkpt lat="-28.1020260" lon="-65.9264290">
    <ele>1839.2</ele>
   </trkpt>
   <trkpt lat="-28.1020590" lon="-65.9264070">
    <ele>1839.0</ele>
   </trkpt>
   <trkpt lat="-28.1020910" lon="-65.9263860">
    <ele>1838.7</ele>
   </trkpt>
   <trkpt lat="-28.1021220" lon="-65.9263640">
    <ele>1838.4</ele>
   </trkpt>
   <trkpt lat="-28.1021520" lon="-65.9263400">
    <ele>1838.2</ele>
   </trkpt>
   <trkpt lat="-28.1021810" lon="-65.9263160">
    <ele>1837.9</ele>
   </trkpt>
   <trkpt lat="-28.1022090" lon="-65.9262900">
    <ele>1837.6</ele>
   </trkpt>
   <trkpt lat="-28.1022370" lon="-65.9262640">
    <ele>1837.4</ele>
   </trkpt>
   <trkpt lat="-28.1022650" lon="-65.9262370">
    <ele>1837.1</ele>
   </trkpt>
   <trkpt lat="-28.1022930" lon="-65.9262110">
    <ele>1836.8</ele>
   </trkpt>
   <trkpt lat="-28.1023210" lon="-65.9261830">
    <ele>1836.6</ele>
   </trkpt>
   <trkpt lat="-28.1023500" lon="-65.9261560">
    <ele>1836.3</ele>
   </trkpt>
   <trkpt lat="-28.1023760" lon="-65.9261260">
    <ele>1836.0</ele>
   </trkpt>
   <trkpt lat="-28.1024020" lon="-65.9260970">
    <ele>1835.8</ele>
   </trkpt>
   <trkpt lat="-28.1024250" lon="-65.9260670">
    <ele>1835.5</ele>
   </trkpt>
   <trkpt lat="-28.1024490" lon="-65.9260370">
    <ele>1835.3</ele>
   </trkpt>
   <trkpt lat="-28.1024710" lon="-65.9260070">
    <ele>1835.0</ele>
   </trkpt>
   <trkpt lat="-28.1024940" lon="-65.9259770">
    <ele>1834.8</ele>
   </trkpt>
   <trkpt lat="-28.1025130" lon="-65.9259470">
    <ele>1834.5</ele>
   </trkpt>
   <trkpt lat="-28.1025330" lon="-65.9259180">
    <ele>1834.3</ele>
   </trkpt>
   <trkpt lat="-28.1025500" lon="-65.9258880">
    <ele>1834.1</ele>
   </trkpt>
   <trkpt lat="-28.1025660" lon="-65.9258590">
    <ele>1833.8</ele>
   </trkpt>
   <trkpt lat="-28.1025810" lon="-65.9258300">
    <ele>1833.6</ele>
   </trkpt>
   <trkpt lat="-28.1025970" lon="-65.9258010">
    <ele>1833.4</ele>
   </trkpt>
   <trkpt lat="-28.1026110" lon="-65.9257710">
    <ele>1833.2</ele>
   </trkpt>
   <trkpt lat="-28.1026250" lon="-65.9257400">
    <ele>1833.0</ele>
   </trkpt>
   <trkpt lat="-28.1026370" lon="-65.9257060">
    <ele>1832.7</ele>
   </trkpt>
   <trkpt lat="-28.1026500" lon="-65.9256730">
    <ele>1832.5</ele>
   </trkpt>
   <trkpt lat="-28.1026610" lon="-65.9256370">
    <ele>1832.3</ele>
   </trkpt>
   <trkpt lat="-28.1026710" lon="-65.9256010">
    <ele>1832.0</ele>
   </trkpt>
   <trkpt lat="-28.1026800" lon="-65.9255630">
    <ele>1831.8</ele>
   </trkpt>
   <trkpt lat="-28.1026880" lon="-65.9255260">
    <ele>1831.5</ele>
   </trkpt>
   <trkpt lat="-28.1026960" lon="-65.9254860">
    <ele>1831.3</ele>
   </trkpt>
   <trkpt lat="-28.1027030" lon="-65.9254460">
    <ele>1831.0</ele>
   </trkpt>
   <trkpt lat="-28.1027120" lon="-65.9254040">
    <ele>1830.7</ele>
   </trkpt>
   <trkpt lat="-28.1027210" lon="-65.9253620">
    <ele>1830.4</ele>
   </trkpt>
   <trkpt lat="-28.1027310" lon="-65.9253190">
    <ele>1830.2</ele>
   </trkpt>
   <trkpt lat="-28.1027400" lon="-65.9252760">
    <ele>1829.9</ele>
   </trkpt>
   <trkpt lat="-28.1027450" lon="-65.9252320">
    <ele>1829.6</ele>
   </trkpt>
   <trkpt lat="-28.1027500" lon="-65.9251880">
    <ele>1829.3</ele>
   </trkpt>
   <trkpt lat="-28.1027500" lon="-65.9251450">
    <ele>1829.0</ele>
   </trkpt>
   <trkpt lat="-28.1027500" lon="-65.9251010">
    <ele>1828.8</ele>
   </trkpt>
   <trkpt lat="-28.1027480" lon="-65.9250600">
    <ele>1828.5</ele>
   </trkpt>
   <trkpt lat="-28.1027460" lon="-65.9250190">
    <ele>1828.2</ele>
   </trkpt>
   <trkpt lat="-28.1027430" lon="-65.9249780">
    <ele>1828.0</ele>
   </trkpt>
   <trkpt lat="-28.1027400" lon="-65.9249380">
    <ele>1827.7</ele>
   </trkpt>
   <trkpt lat="-28.1027360" lon="-65.9248960">
    <ele>1827.4</ele>
   </trkpt>
   <trkpt lat="-28.1027320" lon="-65.9248540">
    <ele>1827.2</ele>
   </trkpt>
   <trkpt lat="-28.1027240" lon="-65.9248120">
    <ele>1826.9</ele>
   </trkpt>
   <trkpt lat="-28.1027160" lon="-65.9247710">
    <ele>1826.6</ele>
   </trkpt>
   <trkpt lat="-28.1027000" lon="-65.9247340">
    <ele>1826.4</ele>
   </trkpt>
   <trkpt lat="-28.1026830" lon="-65.9246980">
    <ele>1826.1</ele>
   </trkpt>
   <trkpt lat="-28.1026550" lon="-65.9246750">
    <ele>1825.9</ele>
   </trkpt>
   <trkpt lat="-28.1026260" lon="-65.9246520">
    <ele>1825.6</ele>
   </trkpt>
   <trkpt lat="-28.1025890" lon="-65.9246500">
    <ele>1825.3</ele>
   </trkpt>
   <trkpt lat="-28.1025530" lon="-65.9246480">
    <ele>1825.1</ele>
   </trkpt>
   <trkpt lat="-28.1025150" lon="-65.9246660">
    <ele>1824.8</ele>
   </trkpt>
   <trkpt lat="-28.1024770" lon="-65.9246840">
    <ele>1824.5</ele>
   </trkpt>
   <trkpt lat="-28.1024450" lon="-65.9247160">
    <ele>1824.2</ele>
   </trkpt>
   <trkpt lat="-28.1024140" lon="-65.9247480">
    <ele>1824.0</ele>
   </trkpt>
   <trkpt lat="-28.1023940" lon="-65.9247900">
    <ele>1823.9</ele>
   </trkpt>
   <trkpt lat="-28.1023740" lon="-65.9248310">
    <ele>1823.9</ele>
   </trkpt>
   <trkpt lat="-28.1023650" lon="-65.9248770">
    <ele>1823.8</ele>
   </trkpt>
   <trkpt lat="-28.1023560" lon="-65.9249230">
    <ele>1823.8</ele>
   </trkpt>
   <trkpt lat="-28.1023500" lon="-65.9249680">
    <ele>1823.7</ele>
   </trkpt>
   <trkpt lat="-28.1023440" lon="-65.9250130">
    <ele>1823.7</ele>
   </trkpt>
   <trkpt lat="-28.1023300" lon="-65.9250530">
    <ele>1823.7</ele>
   </trkpt>
   <trkpt lat="-28.1023160" lon="-65.9250930">
    <ele>1823.6</ele>
   </trkpt>
   <trkpt lat="-28.1022890" lon="-65.9251170">
    <ele>1823.6</ele>
   </trkpt>
   <trkpt lat="-28.1022620" lon="-65.9251420">
    <ele>1823.5</ele>
   </trkpt>
   <trkpt lat="-28.1022250" lon="-65.9251440">
    <ele>1823.5</ele>
   </trkpt>
   <trkpt lat="-28.1021870" lon="-65.9251460">
    <ele>1823.5</ele>
   </trkpt>
   <trkpt lat="-28.1021470" lon="-65.9251290">
    <ele>1823.4</ele>
   </trkpt>
   <trkpt lat="-28.1021070" lon="-65.9251120">
    <ele>1823.4</ele>
   </trkpt>
   <trkpt lat="-28.1020680" lon="-65.9250850">
    <ele>1823.3</ele>
   </trkpt>
   <trkpt lat="-28.1020290" lon="-65.9250590">
    <ele>1823.3</ele>
   </trkpt>
   <trkpt lat="-28.1019920" lon="-65.9250310">
    <ele>1823.2</ele>
   </trkpt>
   <trkpt lat="-28.1019540" lon="-65.9250030">
    <ele>1823.2</ele>
   </trkpt>
   <trkpt lat="-28.1019190" lon="-65.9249830">
    <ele>1823.1</ele>
   </trkpt>
   <trkpt lat="-28.1018830" lon="-65.9249630">
    <ele>1823.1</ele>
   </trkpt>
   <trkpt lat="-28.1018490" lon="-65.9249570">
    <ele>1823.0</ele>
   </trkpt>
   <trkpt lat="-28.1018140" lon="-65.9249500">
    <ele>1823.0</ele>
   </trkpt>
   <trkpt lat="-28.1017810" lon="-65.9249600">
    <ele>1823.0</ele>
   </trkpt>
   <trkpt lat="-28.1017480" lon="-65.9249700">
    <ele>1822.9</ele>
   </trkpt>
   <trkpt lat="-28.1017190" lon="-65.9249950">
    <ele>1822.9</ele>
   </trkpt>
   <trkpt lat="-28.1016890" lon="-65.9250210">
    <ele>1822.8</ele>
   </trkpt>
   <trkpt lat="-28.1016660" lon="-65.9250560">
    <ele>1822.8</ele>
   </trkpt>
   <trkpt lat="-28.1016420" lon="-65.9250920">
    <ele>1822.8</ele>
   </trkpt>
   <trkpt lat="-28.1016220" lon="-65.9251310">
    <ele>1822.7</ele>
   </trkpt>
   <trkpt lat="-28.1016020" lon="-65.9251700">
    <ele>1822.7</ele>
   </trkpt>
   <trkpt lat="-28.1015790" lon="-65.9252030">
    <ele>1822.6</ele>
   </trkpt>
   <trkpt lat="-28.1015560" lon="-65.9252370">
    <ele>1822.6</ele>
   </trkpt>
   <trkpt lat="-28.1015270" lon="-65.9252500">
    <ele>1822.5</ele>
   </trkpt>
   <trkpt lat="-28.1014980" lon="-65.9252620">
    <ele>1822.5</ele>
   </trkpt>
   <trkpt lat="-28.1014680" lon="-65.9252490">
    <ele>1822.5</ele>
   </trkpt>
   <trkpt lat="-28.1014380" lon="-65.9252360">
    <ele>1822.4</ele>
   </trkpt>
   <trkpt lat="-28.1014120" lon="-65.9252040">
    <ele>1822.4</ele>
   </trkpt>
   <trkpt lat="-28.1013850" lon="-65.9251720">
    <ele>1822.4</ele>
   </trkpt>
   <trkpt lat="-28.1013620" lon="-65.9251310">
    <ele>1822.3</ele>
   </trkpt>
   <trkpt lat="-28.1013390" lon="-65.9250890">
    <ele>1822.3</ele>
   </trkpt>
   <trkpt lat="-28.1013180" lon="-65.9250480">
    <ele>1822.2</ele>
   </trkpt>
   <trkpt lat="-28.1012960" lon="-65.9250070">
    <ele>1822.2</ele>
   </trkpt>
   <trkpt lat="-28.1012730" lon="-65.9249700">
    <ele>1822.1</ele>
   </trkpt>
   <trkpt lat="-28.1012490" lon="-65.9249330">
    <ele>1822.1</ele>
   </trkpt>
   <trkpt lat="-28.1012230" lon="-65.9248990">
    <ele>1822.0</ele>
   </trkpt>
   <trkpt lat="-28.1011970" lon="-65.9248650">
    <ele>1822.0</ele>
   </trkpt>
   <trkpt lat="-28.1011720" lon="-65.9248310">
    <ele>1822.0</ele>
   </trkpt>
   <trkpt lat="-28.1011460" lon="-65.9247960">
    <ele>1821.9</ele>
   </trkpt>
   <trkpt lat="-28.1011240" lon="-65.9247600">
    <ele>1821.9</ele>
   </trkpt>
   <trkpt lat="-28.1011010" lon="-65.9247230">
    <ele>1821.8</ele>
   </trkpt>
   <trkpt lat="-28.1010820" lon="-65.9246850">
    <ele>1821.8</ele>
   </trkpt>
   <trkpt lat="-28.1010630" lon="-65.9246470">
    <ele>1821.7</ele>
   </trkpt>
   <trkpt lat="-28.1010480" lon="-65.9246080">
    <ele>1821.7</ele>
   </trkpt>
   <trkpt lat="-28.1010320" lon="-65.9245700">
    <ele>1821.7</ele>
   </trkpt>
   <trkpt lat="-28.1010180" lon="-65.9245310">
    <ele>1821.6</ele>
   </trkpt>
   <trkpt lat="-28.1010050" lon="-65.9244920">
    <ele>1821.6</ele>
   </trkpt>
   <trkpt lat="-28.1009900" lon="-65.9244540">
    <ele>1821.5</ele>
   </trkpt>
   <trkpt lat="-28.1009750" lon="-65.9244160">
    <ele>1821.5</ele>
   </trkpt>
   <trkpt lat="-28.1009580" lon="-65.9243790">
    <ele>1821.5</ele>
   </trkpt>
   <trkpt lat="-28.1009410" lon="-65.9243410">
    <ele>1821.4</ele>
   </trkpt>
   <trkpt lat="-28.1009230" lon="-65.9243040">
    <ele>1821.4</ele>
   </trkpt>
   <trkpt lat="-28.1009040" lon="-65.9242660">
    <ele>1821.3</ele>
   </trkpt>
   <trkpt lat="-28.1008850" lon="-65.9242290">
    <ele>1821.3</ele>
   </trkpt>
   <trkpt lat="-28.1008650" lon="-65.9241920">
    <ele>1821.2</ele>
   </trkpt>
   <trkpt lat="-28.1008460" lon="-65.9241550">
    <ele>1821.2</ele>
   </trkpt>
   <trkpt lat="-28.1008270" lon="-65.9241190">
    <ele>1821.2</ele>
   </trkpt>
   <trkpt lat="-28.1008080" lon="-65.9240850">
    <ele>1821.1</ele>
   </trkpt>
   <trkpt lat="-28.1007890" lon="-65.9240500">
    <ele>1821.1</ele>
   </trkpt>
   <trkpt lat="-28.1007680" lon="-65.9240190">
    <ele>1821.0</ele>
   </trkpt>
   <trkpt lat="-28.1007480" lon="-65.9239880">
    <ele>1821.0</ele>
   </trkpt>
   <trkpt lat="-28.1007240" lon="-65.9239600">
    <ele>1821.0</ele>
   </trkpt>
   <trkpt lat="-28.1007010" lon="-65.9239330">
    <ele>1820.9</ele>
   </trkpt>
   <trkpt lat="-28.1006730" lon="-65.9239090">
    <ele>1820.9</ele>
   </trkpt>
   <trkpt lat="-28.1006450" lon="-65.9238860">
    <ele>1820.9</ele>
   </trkpt>
   <trkpt lat="-28.1006120" lon="-65.9238700">
    <ele>1820.8</ele>
   </trkpt>
   <trkpt lat="-28.1005800" lon="-65.9238530">
    <ele>1820.8</ele>
   </trkpt>
   <trkpt lat="-28.1005450" lon="-65.9238440">
    <ele>1820.7</ele>
   </trkpt>
   <trkpt lat="-28.1005090" lon="-65.9238360">
    <ele>1820.7</ele>
   </trkpt>
   <trkpt lat="-28.1004740" lon="-65.9238310">
    <ele>1820.7</ele>
   </trkpt>
   <trkpt lat="-28.1004380" lon="-65.9238270">
    <ele>1820.6</ele>
   </trkpt>
   <trkpt lat="-28.1004030" lon="-65.9238200">
    <ele>1820.6</ele>
   </trkpt>
   <trkpt lat="-28.1003690" lon="-65.9238140">
    <ele>1820.5</ele>
   </trkpt>
   <trkpt lat="-28.1003380" lon="-65.9237970">
    <ele>1820.5</ele>
   </trkpt>
   <trkpt lat="-28.1003080" lon="-65.9237790">
    <ele>1820.5</ele>
   </trkpt>
   <trkpt lat="-28.1002860" lon="-65.9237500">
    <ele>1820.4</ele>
   </trkpt>
   <trkpt lat="-28.1002640" lon="-65.9237210">
    <ele>1820.4</ele>
   </trkpt>
   <trkpt lat="-28.1002460" lon="-65.9236850">
    <ele>1820.4</ele>
   </trkpt>
   <trkpt lat="-28.1002290" lon="-65.9236480">
    <ele>1820.3</ele>
   </trkpt>
   <trkpt lat="-28.1002130" lon="-65.9236080">
    <ele>1820.3</ele>
   </trkpt>
   <trkpt lat="-28.1001960" lon="-65.9235690">
    <ele>1820.2</ele>
   </trkpt>
   <trkpt lat="-28.1001800" lon="-65.9235270">
    <ele>1820.2</ele>
   </trkpt>
   <trkpt lat="-28.1001630" lon="-65.9234850">
    <ele>1820.1</ele>
   </trkpt>
   <trkpt lat="-28.1001480" lon="-65.9234420">
    <ele>1820.1</ele>
   </trkpt>
   <trkpt lat="-28.1001320" lon="-65.9234000">
    <ele>1820.0</ele>
   </trkpt>
   <trkpt lat="-28.1001200" lon="-65.9233570">
    <ele>1820.0</ele>
   </trkpt>
   <trkpt lat="-28.1001070" lon="-65.9233140">
    <ele>1820.0</ele>
   </trkpt>
   <trkpt lat="-28.1000970" lon="-65.9232690">
    <ele>1819.9</ele>
   </trkpt>
   <trkpt lat="-28.1000880" lon="-65.9232250">
    <ele>1819.9</ele>
   </trkpt>
   <trkpt lat="-28.1000800" lon="-65.9231810">
    <ele>1819.8</ele>
   </trkpt>
   <trkpt lat="-28.1000730" lon="-65.9231360">
    <ele>1819.8</ele>
   </trkpt>
   <trkpt lat="-28.1000670" lon="-65.9230920">
    <ele>1819.7</ele>
   </trkpt>
   <trkpt lat="-28.1000610" lon="-65.9230470">
    <ele>1819.7</ele>
   </trkpt>
   <trkpt lat="-28.1000550" lon="-65.9230050">
    <ele>1819.7</ele>
   </trkpt>
   <trkpt lat="-28.1000480" lon="-65.9229620">
    <ele>1819.6</ele>
   </trkpt>
   <trkpt lat="-28.1000340" lon="-65.9229250">
    <ele>1819.6</ele>
   </trkpt>
   <trkpt lat="-28.1000200" lon="-65.9228890">
    <ele>1819.5</ele>
   </trkpt>
   <trkpt lat="-28.0999950" lon="-65.9228630">
    <ele>1819.5</ele>
   </trkpt>
   <trkpt lat="-28.0999700" lon="-65.9228380">
    <ele>1819.5</ele>
   </trkpt>
   <trkpt lat="-28.0999350" lon="-65.9228240">
    <ele>1819.4</ele>
   </trkpt>
   <trkpt lat="-28.0999000" lon="-65.9228100">
    <ele>1819.4</ele>
   </trkpt>
   <trkpt lat="-28.0998600" lon="-65.9228030">
    <ele>1819.3</ele>
   </trkpt>
   <trkpt lat="-28.0998200" lon="-65.9227950">
    <ele>1819.3</ele>
   </trkpt>
   <trkpt lat="-28.0997790" lon="-65.9227860">
    <ele>1819.2</ele>
   </trkpt>
   <trkpt lat="-28.0997370" lon="-65.9227770">
    <ele>1819.2</ele>
   </trkpt>
   <trkpt lat="-28.0996980" lon="-65.9227620">
    <ele>1819.2</ele>
   </trkpt>
   <trkpt lat="-28.0996590" lon="-65.9227470">
    <ele>1819.1</ele>
   </trkpt>
   <trkpt lat="-28.0996240" lon="-65.9227250">
    <ele>1819.1</ele>
   </trkpt>
   <trkpt lat="-28.0995900" lon="-65.9227020">
    <ele>1819.0</ele>
   </trkpt>
   <trkpt lat="-28.0995590" lon="-65.9226720">
    <ele>1819.0</ele>
   </trkpt>
   <trkpt lat="-28.0995280" lon="-65.9226420">
    <ele>1818.9</ele>
   </trkpt>
   <trkpt lat="-28.0995010" lon="-65.9226050">
    <ele>1818.9</ele>
   </trkpt>
   <trkpt lat="-28.0994740" lon="-65.9225680">
    <ele>1818.8</ele>
   </trkpt>
   <trkpt lat="-28.0994500" lon="-65.9225290">
    <ele>1818.8</ele>
   </trkpt>
   <trkpt lat="-28.0994250" lon="-65.9224900">
    <ele>1818.7</ele>
   </trkpt>
   <trkpt lat="-28.0994040" lon="-65.9224500">
    <ele>1818.7</ele>
   </trkpt>
   <trkpt lat="-28.0993830" lon="-65.9224100">
    <ele>1818.7</ele>
   </trkpt>
   <trkpt lat="-28.0993670" lon="-65.9223680">
    <ele>1818.6</ele>
   </trkpt>
   <trkpt lat="-28.0993500" lon="-65.9223260">
    <ele>1818.6</ele>
   </trkpt>
   <trkpt lat="-28.0993370" lon="-65.9222810">
    <ele>1818.5</ele>
   </trkpt>
   <trkpt lat="-28.0993240" lon="-65.9222370">
    <ele>1818.5</ele>
   </trkpt>
   <trkpt lat="-28.0993130" lon="-65.9221910">
    <ele>1818.4</ele>
   </trkpt>
   <trkpt lat="-28.0993030" lon="-65.9221460">
    <ele>1818.4</ele>
   </trkpt>
   <trkpt lat="-28.0992900" lon="-65.9221040">
    <ele>1818.3</ele>
   </trkpt>
   <trkpt lat="-28.0992780" lon="-65.9220620">
    <ele>1818.3</ele>
   </trkpt>
   <trkpt lat="-28.0992590" lon="-65.9220270">
    <ele>1818.3</ele>
   </trkpt>
   <trkpt lat="-28.0992400" lon="-65.9219920">
    <ele>1818.2</ele>
   </trkpt>
   <trkpt lat="-28.0992140" lon="-65.9219650">
    <ele>1818.2</ele>
   </trkpt>
   <trkpt lat="-28.0991870" lon="-65.9219380">
    <ele>1818.1</ele>
   </trkpt>
   <trkpt lat="-28.0991530" lon="-65.9219180">
    <ele>1818.1</ele>
   </trkpt>
   <trkpt lat="-28.0991190" lon="-65.9218990">
    <ele>1818.1</ele>
   </trkpt>
   <trkpt lat="-28.0990800" lon="-65.9218860">
    <ele>1818.0</ele>
   </trkpt>
   <trkpt lat="-28.0990410" lon="-65.9218730">
    <ele>1818.0</ele>
   </trkpt>
   <trkpt lat="-28.0990020" lon="-65.9218600">
    <ele>1817.9</ele>
   </trkpt>
   <trkpt lat="-28.0989620" lon="-65.9218480">
    <ele>1817.9</ele>
   </trkpt>
   <trkpt lat="-28.0989230" lon="-65.9218350">
    <ele>1817.8</ele>
   </trkpt>
   <trkpt lat="-28.0988840" lon="-65.9218220">
    <ele>1817.8</ele>
   </trkpt>
   <trkpt lat="-28.0988460" lon="-65.9218080">
    <ele>1817.7</ele>
   </trkpt>
   <trkpt lat="-28.0988080" lon="-65.9217950">
    <ele>1817.7</ele>
   </trkpt>
   <trkpt lat="-28.0987700" lon="-65.9217830">
    <ele>1817.6</ele>
   </trkpt>
   <trkpt lat="-28.0987330" lon="-65.9217700">
    <ele>1817.6</ele>
   </trkpt>
   <trkpt lat="-28.0986980" lon="-65.9217570">
    <ele>1817.6</ele>
   </trkpt>
   <trkpt lat="-28.0986640" lon="-65.9217430">
    <ele>1817.5</ele>
   </trkpt>
   <trkpt lat="-28.0986430" lon="-65.9217210">
    <ele>1817.5</ele>
   </trkpt>
   <trkpt lat="-28.0986230" lon="-65.9217000">
    <ele>1817.5</ele>
   </trkpt>
   <trkpt lat="-28.0986240" lon="-65.9216720">
    <ele>1817.4</ele>
   </trkpt>
   <trkpt lat="-28.0986250" lon="-65.9216450">
    <ele>1816.2</ele>
   </trkpt>
   <trkpt lat="-28.0986430" lon="-65.9216160">
    <ele>1814.9</ele>
   </trkpt>
   <trkpt lat="-28.0986610" lon="-65.9215870">
    <ele>1814.8</ele>
   </trkpt>
   <trkpt lat="-28.0986800" lon="-65.9215550">
    <ele>1813.4</ele>
   </trkpt>
   <trkpt lat="-28.0986990" lon="-65.9215220">
    <ele>1812.2</ele>
   </trkpt>
   <trkpt lat="-28.0987100" lon="-65.9214840">
    <ele>1811.0</ele>
   </trkpt>
   <trkpt lat="-28.0987220" lon="-65.9214460">
    <ele>1810.8</ele>
   </trkpt>
   <trkpt lat="-28.0987250" lon="-65.9214040">
    <ele>1809.7</ele>
   </trkpt>
   <trkpt lat="-28.0987280" lon="-65.9213620">
    <ele>1808.6</ele>
   </trkpt>
   <trkpt lat="-28.0987240" lon="-65.9213180">
    <ele>1807.6</ele>
   </trkpt>
   <trkpt lat="-28.0987200" lon="-65.9212750">
    <ele>1806.7</ele>
   </trkpt>
   <trkpt lat="-28.0987120" lon="-65.9212320">
    <ele>1805.8</ele>
   </trkpt>
   <trkpt lat="-28.0987030" lon="-65.9211890">
    <ele>1805.5</ele>
   </trkpt>
   <trkpt lat="-28.0986930" lon="-65.9211480">
    <ele>1804.9</ele>
   </trkpt>
   <trkpt lat="-28.0986820" lon="-65.9211070">
    <ele>1804.3</ele>
   </trkpt>
   <trkpt lat="-28.0986730" lon="-65.9210680">
    <ele>1804.0</ele>
   </trkpt>
   <trkpt lat="-28.0986640" lon="-65.9210290">
    <ele>1804.2</ele>
   </trkpt>
   <trkpt lat="-28.0986570" lon="-65.9209910">
    <ele>1804.1</ele>
   </trkpt>
   <trkpt lat="-28.0986510" lon="-65.9209540">
    <ele>1803.9</ele>
   </trkpt>
   <trkpt lat="-28.0986480" lon="-65.9209170">
    <ele>1803.7</ele>
   </trkpt>
   <trkpt lat="-28.0986440" lon="-65.9208810">
    <ele>1803.4</ele>
   </trkpt>
   <trkpt lat="-28.0986430" lon="-65.9208450">
    <ele>1803.4</ele>
   </trkpt>
   <trkpt lat="-28.0986420" lon="-65.9208090">
    <ele>1803.1</ele>
   </trkpt>
   <trkpt lat="-28.0986410" lon="-65.9207730">
    <ele>1802.7</ele>
   </trkpt>
   <trkpt lat="-28.0986400" lon="-65.9207360">
    <ele>1802.3</ele>
   </trkpt>
   <trkpt lat="-28.0986390" lon="-65.9206980">
    <ele>1801.8</ele>
   </trkpt>
   <trkpt lat="-28.0986370" lon="-65.9206600">
    <ele>1801.4</ele>
   </trkpt>
   <trkpt lat="-28.0986350" lon="-65.9206200">
    <ele>1801.6</ele>
   </trkpt>
   <trkpt lat="-28.0986340" lon="-65.9205810">
    <ele>1801.3</ele>
   </trkpt>
   <trkpt lat="-28.0986310" lon="-65.9205410">
    <ele>1801.0</ele>
   </trkpt>
   <trkpt lat="-28.0986290" lon="-65.9205010">
    <ele>1801.0</ele>
   </trkpt>
   <trkpt lat="-28.0986270" lon="-65.9204610">
    <ele>1800.7</ele>
   </trkpt>
   <trkpt lat="-28.0986240" lon="-65.9204210">
    <ele>1800.4</ele>
   </trkpt>
   <trkpt lat="-28.0986220" lon="-65.9203830">
    <ele>1800.0</ele>
   </trkpt>
   <trkpt lat="-28.0986210" lon="-65.9203440">
    <ele>1799.7</ele>
   </trkpt>
   <trkpt lat="-28.0986170" lon="-65.9203080">
    <ele>1799.4</ele>
   </trkpt>
   <trkpt lat="-28.0986130" lon="-65.9202720">
    <ele>1799.3</ele>
   </trkpt>
   <trkpt lat="-28.0986070" lon="-65.9202400">
    <ele>1799.4</ele>
   </trkpt>
   <trkpt lat="-28.0986020" lon="-65.9202080">
    <ele>1799.3</ele>
   </trkpt>
   <trkpt lat="-28.0985950" lon="-65.9201800">
    <ele>1799.9</ele>
   </trkpt>
   <trkpt lat="-28.0985890" lon="-65.9201530">
    <ele>1800.1</ele>
   </trkpt>
   <trkpt lat="-28.0985840" lon="-65.9201280">
    <ele>1800.1</ele>
   </trkpt>
   <trkpt lat="-28.0985780" lon="-65.9201040">
    <ele>1800.4</ele>
   </trkpt>
   <trkpt lat="-28.0985720" lon="-65.9200810">
    <ele>1800.3</ele>
   </trkpt>
   <trkpt lat="-28.0985660" lon="-65.9200580">
    <ele>1800.5</ele>
   </trkpt>
   <trkpt lat="-28.0985600" lon="-65.9200360">
    <ele>1800.5</ele>
   </trkpt>
   <trkpt lat="-28.0985540" lon="-65.9200130">
    <ele>1801.1</ele>
   </trkpt>
   <trkpt lat="-28.0985520" lon="-65.9199910">
    <ele>1801.1</ele>
   </trkpt>
   <trkpt lat="-28.0985500" lon="-65.9199680">
    <ele>1801.4</ele>
   </trkpt>
   <trkpt lat="-28.0985510" lon="-65.9199470">
    <ele>1801.3</ele>
   </trkpt>
   <trkpt lat="-28.0985520" lon="-65.9199260">
    <ele>1801.7</ele>
   </trkpt>
   <trkpt lat="-28.0985530" lon="-65.9199090">
    <ele>1801.7</ele>
   </trkpt>
   <trkpt lat="-28.0985540" lon="-65.9198920">
    <ele>1802.2</ele>
   </trkpt>
   <trkpt lat="-28.0985520" lon="-65.9198770">
    <ele>1802.1</ele>
   </trkpt>
   <trkpt lat="-28.0985510" lon="-65.9198630">
    <ele>1802.1</ele>
   </trkpt>
   <trkpt lat="-28.0985480" lon="-65.9198490">
    <ele>1802.7</ele>
   </trkpt>
   <trkpt lat="-28.0985460" lon="-65.9198350">
    <ele>1802.6</ele>
   </trkpt>
   <trkpt lat="-28.0985410" lon="-65.9198220">
    <ele>1802.6</ele>
   </trkpt>
   <trkpt lat="-28.0985360" lon="-65.9198100">
    <ele>1803.2</ele>
   </trkpt>
   <trkpt lat="-28.0985300" lon="-65.9197970">
    <ele>1803.1</ele>
   </trkpt>
   <trkpt lat="-28.0985240" lon="-65.9197850">
    <ele>1803.1</ele>
   </trkpt>
   <trkpt lat="-28.0985180" lon="-65.9197740">
    <ele>1803.7</ele>
   </trkpt>
   <trkpt lat="-28.0985110" lon="-65.9197630">
    <ele>1804.2</ele>
   </trkpt>
   <trkpt lat="-28.0985040" lon="-65.9197510">
    <ele>1804.2</ele>
   </trkpt>
   <trkpt lat="-28.0984970" lon="-65.9197400">
    <ele>1804.1</ele>
   </trkpt>
   <trkpt lat="-28.0984900" lon="-65.9197280">
    <ele>1804.6</ele>
   </trkpt>
   <trkpt lat="-28.0984830" lon="-65.9197150">
    <ele>1805.1</ele>
   </trkpt>
   <trkpt lat="-28.0984760" lon="-65.9197020">
    <ele>1805.1</ele>
   </trkpt>
   <trkpt lat="-28.0984700" lon="-65.9196890">
    <ele>1805.1</ele>
   </trkpt>
   <trkpt lat="-28.0984640" lon="-65.9196760">
    <ele>1805.5</ele>
   </trkpt>
   <trkpt lat="-28.0984570" lon="-65.9196630">
    <ele>1805.5</ele>
   </trkpt>
   <trkpt lat="-28.0984520" lon="-65.9196510">
    <ele>1805.4</ele>
   </trkpt>
   <trkpt lat="-28.0984460" lon="-65.9196390">
    <ele>1805.7</ele>
   </trkpt>
   <trkpt lat="-28.0984400" lon="-65.9196260">
    <ele>1806.3</ele>
   </trkpt>
   <trkpt lat="-28.0984340" lon="-65.9196140">
    <ele>1806.2</ele>
   </trkpt>
   <trkpt lat="-28.0984270" lon="-65.9196020">
    <ele>1806.2</ele>
   </trkpt>
   <trkpt lat="-28.0984200" lon="-65.9195900">
    <ele>1806.5</ele>
   </trkpt>
   <trkpt lat="-28.0984110" lon="-65.9195780">
    <ele>1806.5</ele>
   </trkpt>
   <trkpt lat="-28.0984020" lon="-65.9195660">
    <ele>1806.9</ele>
   </trkpt>
   <trkpt lat="-28.0983920" lon="-65.9195560">
    <ele>1807.2</ele>
   </trkpt>
   <trkpt lat="-28.0983820" lon="-65.9195450">
    <ele>1807.1</ele>
   </trkpt>
   <trkpt lat="-28.0983700" lon="-65.9195350">
    <ele>1807.5</ele>
   </trkpt>
   <trkpt lat="-28.0983590" lon="-65.9195260">
    <ele>1807.5</ele>
   </trkpt>
   <trkpt lat="-28.0983480" lon="-65.9195170">
    <ele>1807.5</ele>
   </trkpt>
   <trkpt lat="-28.0983360" lon="-65.9195080">
    <ele>1807.7</ele>
   </trkpt>
   <trkpt lat="-28.0983240" lon="-65.9195010">
    <ele>1808.1</ele>
   </trkpt>
   <trkpt lat="-28.0983110" lon="-65.9194940">
    <ele>1808.1</ele>
   </trkpt>
   <trkpt lat="-28.0982980" lon="-65.9194890">
    <ele>1808.1</ele>
   </trkpt>
   <trkpt lat="-28.0982850" lon="-65.9194830">
    <ele>1808.6</ele>
   </trkpt>
   <trkpt lat="-28.0982710" lon="-65.9194770">
    <ele>1808.6</ele>
   </trkpt>
   <trkpt lat="-28.0982570" lon="-65.9194710">
    <ele>1808.5</ele>
   </trkpt>
   <trkpt lat="-28.0982440" lon="-65.9194650">
    <ele>1809.6</ele>
   </trkpt>
   <trkpt lat="-28.0982300" lon="-65.9194590">
    <ele>1809.6</ele>
   </trkpt>
   <trkpt lat="-28.0982170" lon="-65.9194540">
    <ele>1810.4</ele>
   </trkpt>
   <trkpt lat="-28.0982050" lon="-65.9194490">
    <ele>1810.4</ele>
   </trkpt>
   <trkpt lat="-28.0981910" lon="-65.9194450">
    <ele>1810.4</ele>
   </trkpt>
   <trkpt lat="-28.0981770" lon="-65.9194410">
    <ele>1811.1</ele>
   </trkpt>
   <trkpt lat="-28.0981590" lon="-65.9194380">
    <ele>1811.1</ele>
   </trkpt>
   <trkpt lat="-28.0981410" lon="-65.9194360">
    <ele>1811.7</ele>
   </trkpt>
   <trkpt lat="-28.0981190" lon="-65.9194350">
    <ele>1811.7</ele>
   </trkpt>
   <trkpt lat="-28.0980960" lon="-65.9194340">
    <ele>1812.1</ele>
   </trkpt>
   <trkpt lat="-28.0980700" lon="-65.9194350">
    <ele>1812.1</ele>
   </trkpt>
   <trkpt lat="-28.0980440" lon="-65.9194360">
    <ele>1812.2</ele>
   </trkpt>
   <trkpt lat="-28.0980150" lon="-65.9194370">
    <ele>1812.2</ele>
   </trkpt>
   <trkpt lat="-28.0979860" lon="-65.9194390">
    <ele>1811.9</ele>
   </trkpt>
   <trkpt lat="-28.0979540" lon="-65.9194400">
    <ele>1811.9</ele>
   </trkpt>
   <trkpt lat="-28.0979220" lon="-65.9194410">
    <ele>1811.5</ele>
   </trkpt>
   <trkpt lat="-28.0978880" lon="-65.9194400">
    <ele>1811.0</ele>
   </trkpt>
   <trkpt lat="-28.0978540" lon="-65.9194390">
    <ele>1810.3</ele>
   </trkpt>
   <trkpt lat="-28.0978190" lon="-65.9194400">
    <ele>1809.6</ele>
   </trkpt>
   <trkpt lat="-28.0977840" lon="-65.9194400">
    <ele>1808.7</ele>
   </trkpt>
   <trkpt lat="-28.0977490" lon="-65.9194400">
    <ele>1807.7</ele>
   </trkpt>
   <trkpt lat="-28.0977130" lon="-65.9194410">
    <ele>1806.6</ele>
   </trkpt>
   <trkpt lat="-28.0976780" lon="-65.9194380">
    <ele>1805.4</ele>
   </trkpt>
   <trkpt lat="-28.0976420" lon="-65.9194350">
    <ele>1804.1</ele>
   </trkpt>
   <trkpt lat="-28.0976080" lon="-65.9194240">
    <ele>1804.1</ele>
   </trkpt>
   <trkpt lat="-28.0975740" lon="-65.9194130">
    <ele>1802.9</ele>
   </trkpt>
   <trkpt lat="-28.0975440" lon="-65.9193910">
    <ele>1802.9</ele>
   </trkpt>
   <trkpt lat="-28.0975150" lon="-65.9193690">
    <ele>1802.9</ele>
   </trkpt>
   <trkpt lat="-28.0974920" lon="-65.9193380">
    <ele>1802.7</ele>
   </trkpt>
   <trkpt lat="-28.0974690" lon="-65.9193060">
    <ele>1802.6</ele>
   </trkpt>
   <trkpt lat="-28.0974500" lon="-65.9192720">
    <ele>1802.4</ele>
   </trkpt>
   <trkpt lat="-28.0974310" lon="-65.9192370">
    <ele>1803.2</ele>
   </trkpt>
   <trkpt lat="-28.0974120" lon="-65.9192020">
    <ele>1802.8</ele>
   </trkpt>
   <trkpt lat="-28.0973930" lon="-65.9191670">
    <ele>1803.2</ele>
   </trkpt>
   <trkpt lat="-28.0973730" lon="-65.9191300">
    <ele>1802.4</ele>
   </trkpt>
   <trkpt lat="-28.0973530" lon="-65.9190940">
    <ele>1802.6</ele>
   </trkpt>
   <trkpt lat="-28.0973310" lon="-65.9190580">
    <ele>1802.0</ele>
   </trkpt>
   <trkpt lat="-28.0973100" lon="-65.9190220">
    <ele>1801.3</ele>
   </trkpt>
   <trkpt lat="-28.0972890" lon="-65.9189870">
    <ele>1801.0</ele>
   </trkpt>
   <trkpt lat="-28.0972690" lon="-65.9189510">
    <ele>1799.8</ele>
   </trkpt>
   <trkpt lat="-28.0972500" lon="-65.9189150">
    <ele>1799.8</ele>
   </trkpt>
   <trkpt lat="-28.0972320" lon="-65.9188790">
    <ele>1798.4</ele>
   </trkpt>
   <trkpt lat="-28.0972130" lon="-65.9188450">
    <ele>1797.4</ele>
   </trkpt>
   <trkpt lat="-28.0971950" lon="-65.9188110">
    <ele>1796.1</ele>
   </trkpt>
   <trkpt lat="-28.0971760" lon="-65.9187830">
    <ele>1795.1</ele>
   </trkpt>
   <trkpt lat="-28.0971580" lon="-65.9187540">
    <ele>1795.0</ele>
   </trkpt>
   <trkpt lat="-28.0971400" lon="-65.9187310">
    <ele>1794.1</ele>
   </trkpt>
   <trkpt lat="-28.0971220" lon="-65.9187080">
    <ele>1794.1</ele>
   </trkpt>
   <trkpt lat="-28.0971030" lon="-65.9186890">
    <ele>1793.3</ele>
   </trkpt>
   <trkpt lat="-28.0970840" lon="-65.9186710">
    <ele>1793.2</ele>
   </trkpt>
   <trkpt lat="-28.0970620" lon="-65.9186550">
    <ele>1792.5</ele>
   </trkpt>
   <trkpt lat="-28.0970400" lon="-65.9186400">
    <ele>1792.7</ele>
   </trkpt>
   <trkpt lat="-28.0970130" lon="-65.9186280">
    <ele>1792.6</ele>
   </trkpt>
   <trkpt lat="-28.0969870" lon="-65.9186160">
    <ele>1792.6</ele>
   </trkpt>
   <trkpt lat="-28.0969560" lon="-65.9186090">
    <ele>1792.2</ele>
   </trkpt>
   <trkpt lat="-28.0969250" lon="-65.9186010">
    <ele>1792.1</ele>
   </trkpt>
   <trkpt lat="-28.0968920" lon="-65.9185960">
    <ele>1792.0</ele>
   </trkpt>
   <trkpt lat="-28.0968590" lon="-65.9185920">
    <ele>1792.0</ele>
   </trkpt>
   <trkpt lat="-28.0968240" lon="-65.9185900">
    <ele>1791.8</ele>
   </trkpt>
   <trkpt lat="-28.0967900" lon="-65.9185890">
    <ele>1791.7</ele>
   </trkpt>
   <trkpt lat="-28.0967540" lon="-65.9185900">
    <ele>1791.7</ele>
   </trkpt>
   <trkpt lat="-28.0967180" lon="-65.9185900">
    <ele>1791.7</ele>
   </trkpt>
   <trkpt lat="-28.0966820" lon="-65.9185930">
    <ele>1791.9</ele>
   </trkpt>
   <trkpt lat="-28.0966450" lon="-65.9185960">
    <ele>1792.1</ele>
   </trkpt>
   <trkpt lat="-28.0966070" lon="-65.9185980">
    <ele>1792.3</ele>
   </trkpt>
   <trkpt lat="-28.0965700" lon="-65.9186010">
    <ele>1792.2</ele>
   </trkpt>
   <trkpt lat="-28.0965310" lon="-65.9186040">
    <ele>1792.0</ele>
   </trkpt>
   <trkpt lat="-28.0964930" lon="-65.9186080">
    <ele>1791.6</ele>
   </trkpt>
   <trkpt lat="-28.0964540" lon="-65.9186130">
    <ele>1790.2</ele>
   </trkpt>
   <trkpt lat="-28.0964150" lon="-65.9186170">
    <ele>1789.7</ele>
   </trkpt>
   <trkpt lat="-28.0963780" lon="-65.9186230">
    <ele>1789.2</ele>
   </trkpt>
   <trkpt lat="-28.0963410" lon="-65.9186280">
    <ele>1788.7</ele>
   </trkpt>
   <trkpt lat="-28.0963060" lon="-65.9186370">
    <ele>1788.2</ele>
   </trkpt>
   <trkpt lat="-28.0962720" lon="-65.9186450">
    <ele>1787.6</ele>
   </trkpt>
   <trkpt lat="-28.0962390" lon="-65.9186550">
    <ele>1787.0</ele>
   </trkpt>
   <trkpt lat="-28.0962060" lon="-65.9186660">
    <ele>1785.4</ele>
   </trkpt>
   <trkpt lat="-28.0961740" lon="-65.9186760">
    <ele>1784.9</ele>
   </trkpt>
   <trkpt lat="-28.0961420" lon="-65.9186860">
    <ele>1784.8</ele>
   </trkpt>
   <trkpt lat="-28.0961100" lon="-65.9186940">
    <ele>1784.4</ele>
   </trkpt>
   <trkpt lat="-28.0960770" lon="-65.9187010">
    <ele>1783.2</ele>
   </trkpt>
   <trkpt lat="-28.0960440" lon="-65.9187060">
    <ele>1782.9</ele>
   </trkpt>
   <trkpt lat="-28.0960110" lon="-65.9187110">
    <ele>1782.6</ele>
   </trkpt>
   <trkpt lat="-28.0959780" lon="-65.9187160">
    <ele>1782.3</ele>
   </trkpt>
   <trkpt lat="-28.0959450" lon="-65.9187200">
    <ele>1781.8</ele>
   </trkpt>
   <trkpt lat="-28.0959120" lon="-65.9187210">
    <ele>1781.7</ele>
   </trkpt>
   <trkpt lat="-28.0958790" lon="-65.9187220">
    <ele>1781.2</ele>
   </trkpt>
   <trkpt lat="-28.0958460" lon="-65.9187170">
    <ele>1780.6</ele>
   </trkpt>
   <trkpt lat="-28.0958130" lon="-65.9187110">
    <ele>1780.1</ele>
   </trkpt>
   <trkpt lat="-28.0957800" lon="-65.9187020">
    <ele>1779.7</ele>
   </trkpt>
   <trkpt lat="-28.0957480" lon="-65.9186930">
    <ele>1780.0</ele>
   </trkpt>
   <trkpt lat="-28.0957130" lon="-65.9186850">
    <ele>1779.5</ele>
   </trkpt>
   <trkpt lat="-28.0956770" lon="-65.9186780">
    <ele>1778.7</ele>
   </trkpt>
   <trkpt lat="-28.0956390" lon="-65.9186760">
    <ele>1777.7</ele>
   </trkpt>
   <trkpt lat="-28.0956010" lon="-65.9186750">
    <ele>1776.6</ele>
   </trkpt>
   <trkpt lat="-28.0955630" lon="-65.9186770">
    <ele>1775.4</ele>
   </trkpt>
   <trkpt lat="-28.0955240" lon="-65.9186800">
    <ele>1774.4</ele>
   </trkpt>
   <trkpt lat="-28.0954860" lon="-65.9186840">
    <ele>1773.4</ele>
   </trkpt>
   <trkpt lat="-28.0954470" lon="-65.9186880">
    <ele>1772.5</ele>
   </trkpt>
   <trkpt lat="-28.0954080" lon="-65.9186930">
    <ele>1771.7</ele>
   </trkpt>
   <trkpt lat="-28.0953680" lon="-65.9186970">
    <ele>1770.8</ele>
   </trkpt>
   <trkpt lat="-28.0953290" lon="-65.9187020">
    <ele>1769.9</ele>
   </trkpt>
   <trkpt lat="-28.0952900" lon="-65.9187060">
    <ele>1769.4</ele>
   </trkpt>
   <trkpt lat="-28.0952520" lon="-65.9187100">
    <ele>1768.9</ele>
   </trkpt>
   <trkpt lat="-28.0952150" lon="-65.9187150">
    <ele>1768.6</ele>
   </trkpt>
   <trkpt lat="-28.0951790" lon="-65.9187190">
    <ele>1768.4</ele>
   </trkpt>
   <trkpt lat="-28.0951430" lon="-65.9187240">
    <ele>1768.4</ele>
   </trkpt>
   <trkpt lat="-28.0951100" lon="-65.9187280">
    <ele>1768.5</ele>
   </trkpt>
   <trkpt lat="-28.0950780" lon="-65.9187320">
    <ele>1768.5</ele>
   </trkpt>
   <trkpt lat="-28.0950480" lon="-65.9187360">
    <ele>1768.7</ele>
   </trkpt>
   <trkpt lat="-28.0950180" lon="-65.9187390">
    <ele>1769.0</ele>
   </trkpt>
   <trkpt lat="-28.0949910" lon="-65.9187420">
    <ele>1769.1</ele>
   </trkpt>
   <trkpt lat="-28.0949630" lon="-65.9187460">
    <ele>1769.1</ele>
   </trkpt>
   <trkpt lat="-28.0949360" lon="-65.9187500">
    <ele>1769.3</ele>
   </trkpt>
   <trkpt lat="-28.0949080" lon="-65.9187530">
    <ele>1769.4</ele>
   </trkpt>
   <trkpt lat="-28.0948790" lon="-65.9187550">
    <ele>1769.5</ele>
   </trkpt>
   <trkpt lat="-28.0948510" lon="-65.9187570">
    <ele>1769.4</ele>
   </trkpt>
   <trkpt lat="-28.0948200" lon="-65.9187550">
    <ele>1769.4</ele>
   </trkpt>
   <trkpt lat="-28.0947900" lon="-65.9187520">
    <ele>1769.3</ele>
   </trkpt>
   <trkpt lat="-28.0947590" lon="-65.9187450">
    <ele>1769.3</ele>
   </trkpt>
   <trkpt lat="-28.0947270" lon="-65.9187390">
    <ele>1769.4</ele>
   </trkpt>
   <trkpt lat="-28.0946940" lon="-65.9187290">
    <ele>1769.4</ele>
   </trkpt>
   <trkpt lat="-28.0946600" lon="-65.9187200">
    <ele>1769.3</ele>
   </trkpt>
   <trkpt lat="-28.0946260" lon="-65.9187090">
    <ele>1769.3</ele>
   </trkpt>
   <trkpt lat="-28.0945910" lon="-65.9186980">
    <ele>1769.2</ele>
   </trkpt>
   <trkpt lat="-28.0945580" lon="-65.9186870">
    <ele>1769.0</ele>
   </trkpt>
   <trkpt lat="-28.0945240" lon="-65.9186750">
    <ele>1768.8</ele>
   </trkpt>
   <trkpt lat="-28.0944910" lon="-65.9186640">
    <ele>1768.6</ele>
   </trkpt>
   <trkpt lat="-28.0944590" lon="-65.9186540">
    <ele>1768.4</ele>
   </trkpt>
   <trkpt lat="-28.0944280" lon="-65.9186410">
    <ele>1768.3</ele>
   </trkpt>
   <trkpt lat="-28.0943970" lon="-65.9186290">
    <ele>1768.3</ele>
   </trkpt>
   <trkpt lat="-28.0943670" lon="-65.9186140">
    <ele>1768.2</ele>
   </trkpt>
   <trkpt lat="-28.0943370" lon="-65.9185980">
    <ele>1768.2</ele>
   </trkpt>
   <trkpt lat="-28.0943090" lon="-65.9185790">
    <ele>1768.0</ele>
   </trkpt>
   <trkpt lat="-28.0942800" lon="-65.9185600">
    <ele>1767.7</ele>
   </trkpt>
   <trkpt lat="-28.0942530" lon="-65.9185360">
    <ele>1767.7</ele>
   </trkpt>
   <trkpt lat="-28.0942250" lon="-65.9185120">
    <ele>1767.2</ele>
   </trkpt>
   <trkpt lat="-28.0941990" lon="-65.9184820">
    <ele>1766.7</ele>
   </trkpt>
   <trkpt lat="-28.0941730" lon="-65.9184520">
    <ele>1766.6</ele>
   </trkpt>
   <trkpt lat="-28.0941520" lon="-65.9184160">
    <ele>1766.1</ele>
   </trkpt>
   <trkpt lat="-28.0941320" lon="-65.9183800">
    <ele>1765.7</ele>
   </trkpt>
   <trkpt lat="-28.0941190" lon="-65.9183400">
    <ele>1765.2</ele>
   </trkpt>
   <trkpt lat="-28.0941060" lon="-65.9183010">
    <ele>1764.9</ele>
   </trkpt>
   <trkpt lat="-28.0940980" lon="-65.9182600">
    <ele>1764.5</ele>
   </trkpt>
   <trkpt lat="-28.0940910" lon="-65.9182200">
    <ele>1764.6</ele>
   </trkpt>
   <trkpt lat="-28.0940850" lon="-65.9181790">
    <ele>1764.4</ele>
   </trkpt>
   <trkpt lat="-28.0940790" lon="-65.9181370">
    <ele>1764.2</ele>
   </trkpt>
   <trkpt lat="-28.0940710" lon="-65.9180960">
    <ele>1763.9</ele>
   </trkpt>
   <trkpt lat="-28.0940630" lon="-65.9180550">
    <ele>1763.9</ele>
   </trkpt>
   <trkpt lat="-28.0940560" lon="-65.9180130">
    <ele>1763.5</ele>
   </trkpt>
   <trkpt lat="-28.0940490" lon="-65.9179710">
    <ele>1763.1</ele>
   </trkpt>
   <trkpt lat="-28.0940420" lon="-65.9179280">
    <ele>1762.3</ele>
   </trkpt>
   <trkpt lat="-28.0940350" lon="-65.9178850">
    <ele>1761.7</ele>
   </trkpt>
   <trkpt lat="-28.0940290" lon="-65.9178400">
    <ele>1760.6</ele>
   </trkpt>
   <trkpt lat="-28.0940230" lon="-65.9177950">
    <ele>1760.1</ele>
   </trkpt>
   <trkpt lat="-28.0940160" lon="-65.9177500">
    <ele>1759.4</ele>
   </trkpt>
   <trkpt lat="-28.0940090" lon="-65.9177040">
    <ele>1759.1</ele>
   </trkpt>
   <trkpt lat="-28.0940000" lon="-65.9176580">
    <ele>1758.7</ele>
   </trkpt>
   <trkpt lat="-28.0939910" lon="-65.9176120">
    <ele>1758.3</ele>
   </trkpt>
   <trkpt lat="-28.0939810" lon="-65.9175680">
    <ele>1757.6</ele>
   </trkpt>
   <trkpt lat="-28.0939700" lon="-65.9175240">
    <ele>1756.6</ele>
   </trkpt>
   <trkpt lat="-28.0939600" lon="-65.9174830">
    <ele>1755.4</ele>
   </trkpt>
   <trkpt lat="-28.0939490" lon="-65.9174410">
    <ele>1754.2</ele>
   </trkpt>
   <trkpt lat="-28.0939390" lon="-65.9174000">
    <ele>1752.9</ele>
   </trkpt>
   <trkpt lat="-28.0939290" lon="-65.9173590">
    <ele>1751.8</ele>
   </trkpt>
   <trkpt lat="-28.0939210" lon="-65.9173180">
    <ele>1750.9</ele>
   </trkpt>
   <trkpt lat="-28.0939130" lon="-65.9172770">
    <ele>1750.1</ele>
   </trkpt>
   <trkpt lat="-28.0939050" lon="-65.9172360">
    <ele>1749.6</ele>
   </trkpt>
   <trkpt lat="-28.0938970" lon="-65.9171950">
    <ele>1749.2</ele>
   </trkpt>
   <trkpt lat="-28.0938870" lon="-65.9171540">
    <ele>1749.2</ele>
   </trkpt>
   <trkpt lat="-28.0938780" lon="-65.9171130">
    <ele>1749.1</ele>
   </trkpt>
   <trkpt lat="-28.0938660" lon="-65.9170730">
    <ele>1749.2</ele>
   </trkpt>
   <trkpt lat="-28.0938540" lon="-65.9170330">
    <ele>1748.8</ele>
   </trkpt>
   <trkpt lat="-28.0938390" lon="-65.9169930">
    <ele>1748.9</ele>
   </trkpt>
   <trkpt lat="-28.0938250" lon="-65.9169540">
    <ele>1748.5</ele>
   </trkpt>
   <trkpt lat="-28.0938050" lon="-65.9169180">
    <ele>1748.7</ele>
   </trkpt>
   <trkpt lat="-28.0937850" lon="-65.9168820">
    <ele>1748.1</ele>
   </trkpt>
   <trkpt lat="-28.0937580" lon="-65.9168520">
    <ele>1747.9</ele>
   </trkpt>
   <trkpt lat="-28.0937320" lon="-65.9168220">
    <ele>1747.3</ele>
   </trkpt>
   <trkpt lat="-28.0937020" lon="-65.9167950">
    <ele>1746.4</ele>
   </trkpt>
   <trkpt lat="-28.0936730" lon="-65.9167680">
    <ele>1745.7</ele>
   </trkpt>
   <trkpt lat="-28.0936420" lon="-65.9167410">
    <ele>1745.6</ele>
   </trkpt>
   <trkpt lat="-28.0936110" lon="-65.9167150">
    <ele>1744.9</ele>
   </trkpt>
   <trkpt lat="-28.0935790" lon="-65.9166900">
    <ele>1744.2</ele>
   </trkpt>
   <trkpt lat="-28.0935480" lon="-65.9166650">
    <ele>1743.6</ele>
   </trkpt>
   <trkpt lat="-28.0935160" lon="-65.9166410">
    <ele>1742.8</ele>
   </trkpt>
   <trkpt lat="-28.0934830" lon="-65.9166180">
    <ele>1742.1</ele>
   </trkpt>
   <trkpt lat="-28.0934500" lon="-65.9165950">
    <ele>1742.0</ele>
   </trkpt>
   <trkpt lat="-28.0934160" lon="-65.9165730">
    <ele>1741.3</ele>
   </trkpt>
   <trkpt lat="-28.0933820" lon="-65.9165510">
    <ele>1740.5</ele>
   </trkpt>
   <trkpt lat="-28.0933480" lon="-65.9165290">
    <ele>1739.9</ele>
   </trkpt>
   <trkpt lat="-28.0933140" lon="-65.9165080">
    <ele>1739.1</ele>
   </trkpt>
   <trkpt lat="-28.0932810" lon="-65.9164870">
    <ele>1738.7</ele>
   </trkpt>
   <trkpt lat="-28.0932490" lon="-65.9164630">
    <ele>1738.1</ele>
   </trkpt>
   <trkpt lat="-28.0932180" lon="-65.9164400">
    <ele>1737.8</ele>
   </trkpt>
   <trkpt lat="-28.0931880" lon="-65.9164140">
    <ele>1737.4</ele>
   </trkpt>
   <trkpt lat="-28.0931570" lon="-65.9163880">
    <ele>1737.0</ele>
   </trkpt>
   <trkpt lat="-28.0931270" lon="-65.9163600">
    <ele>1736.0</ele>
   </trkpt>
   <trkpt lat="-28.0930960" lon="-65.9163320">
    <ele>1734.8</ele>
   </trkpt>
   <trkpt lat="-28.0930660" lon="-65.9163040">
    <ele>1734.2</ele>
   </trkpt>
   <trkpt lat="-28.0930350" lon="-65.9162750">
    <ele>1733.7</ele>
   </trkpt>
   <trkpt lat="-28.0930050" lon="-65.9162470">
    <ele>1732.7</ele>
   </trkpt>
   <trkpt lat="-28.0929760" lon="-65.9162190">
    <ele>1732.1</ele>
   </trkpt>
   <trkpt lat="-28.0929500" lon="-65.9161870">
    <ele>1731.1</ele>
   </trkpt>
   <trkpt lat="-28.0929250" lon="-65.9161550">
    <ele>1730.9</ele>
   </trkpt>
   <trkpt lat="-28.0929070" lon="-65.9161160">
    <ele>1729.7</ele>
   </trkpt>
   <trkpt lat="-28.0928880" lon="-65.9160780">
    <ele>1729.4</ele>
   </trkpt>
   <trkpt lat="-28.0928750" lon="-65.9160350">
    <ele>1727.7</ele>
   </trkpt>
   <trkpt lat="-28.0928610" lon="-65.9159920">
    <ele>1727.1</ele>
   </trkpt>
   <trkpt lat="-28.0928510" lon="-65.9159470">
    <ele>1726.4</ele>
   </trkpt>
   <trkpt lat="-28.0928400" lon="-65.9159010">
    <ele>1724.3</ele>
   </trkpt>
   <trkpt lat="-28.0928320" lon="-65.9158550">
    <ele>1723.3</ele>
   </trkpt>
   <trkpt lat="-28.0928240" lon="-65.9158090">
    <ele>1722.0</ele>
   </trkpt>
   <trkpt lat="-28.0928210" lon="-65.9157640">
    <ele>1720.5</ele>
   </trkpt>
   <trkpt lat="-28.0928170" lon="-65.9157180">
    <ele>1718.8</ele>
   </trkpt>
   <trkpt lat="-28.0928190" lon="-65.9156740">
    <ele>1717.1</ele>
   </trkpt>
   <trkpt lat="-28.0928200" lon="-65.9156300">
    <ele>1715.3</ele>
   </trkpt>
   <trkpt lat="-28.0928270" lon="-65.9155910">
    <ele>1713.4</ele>
   </trkpt>
   <trkpt lat="-28.0928330" lon="-65.9155510">
    <ele>1711.6</ele>
   </trkpt>
   <trkpt lat="-28.0928410" lon="-65.9155160">
    <ele>1709.9</ele>
   </trkpt>
   <trkpt lat="-28.0928480" lon="-65.9154810">
    <ele>1710.4</ele>
   </trkpt>
   <trkpt lat="-28.0928520" lon="-65.9154460">
    <ele>1708.7</ele>
   </trkpt>
   <trkpt lat="-28.0928560" lon="-65.9154120">
    <ele>1707.0</ele>
   </trkpt>
   <trkpt lat="-28.0928570" lon="-65.9153770">
    <ele>1705.5</ele>
   </trkpt>
   <trkpt lat="-28.0928580" lon="-65.9153420">
    <ele>1704.1</ele>
   </trkpt>
   <trkpt lat="-28.0928590" lon="-65.9153070">
    <ele>1702.9</ele>
   </trkpt>
   <trkpt lat="-28.0928600" lon="-65.9152720">
    <ele>1702.9</ele>
   </trkpt>
   <trkpt lat="-28.0928620" lon="-65.9152380">
    <ele>1702.0</ele>
   </trkpt>
   <trkpt lat="-28.0928640" lon="-65.9152040">
    <ele>1701.2</ele>
   </trkpt>
   <trkpt lat="-28.0928660" lon="-65.9151720">
    <ele>1700.5</ele>
   </trkpt>
   <trkpt lat="-28.0928690" lon="-65.9151400">
    <ele>1700.5</ele>
   </trkpt>
   <trkpt lat="-28.0928690" lon="-65.9151110">
    <ele>1699.9</ele>
   </trkpt>
   <trkpt lat="-28.0928700" lon="-65.9150810">
    <ele>1699.3</ele>
   </trkpt>
   <trkpt lat="-28.0928680" lon="-65.9150510">
    <ele>1699.3</ele>
   </trkpt>
   <trkpt lat="-28.0928660" lon="-65.9150210">
    <ele>1698.7</ele>
   </trkpt>
   <trkpt lat="-28.0928610" lon="-65.9149890">
    <ele>1698.1</ele>
   </trkpt>
   <trkpt lat="-28.0928570" lon="-65.9149560">
    <ele>1697.5</ele>
   </trkpt>
   <trkpt lat="-28.0928510" lon="-65.9149220">
    <ele>1697.4</ele>
   </trkpt>
   <trkpt lat="-28.0928450" lon="-65.9148880">
    <ele>1696.8</ele>
   </trkpt>
   <trkpt lat="-28.0928380" lon="-65.9148560">
    <ele>1695.9</ele>
   </trkpt>
   <trkpt lat="-28.0928320" lon="-65.9148240">
    <ele>1695.0</ele>
   </trkpt>
   <trkpt lat="-28.0928250" lon="-65.9147920">
    <ele>1694.1</ele>
   </trkpt>
   <trkpt lat="-28.0928190" lon="-65.9147600">
    <ele>1694.0</ele>
   </trkpt>
   <trkpt lat="-28.0928150" lon="-65.9147260">
    <ele>1693.0</ele>
   </trkpt>
   <trkpt lat="-28.0928110" lon="-65.9146920">
    <ele>1691.9</ele>
   </trkpt>
   <trkpt lat="-28.0928140" lon="-65.9146550">
    <ele>1690.8</ele>
   </trkpt>
   <trkpt lat="-28.0928160" lon="-65.9146180">
    <ele>1689.6</ele>
   </trkpt>
   <trkpt lat="-28.0928270" lon="-65.9145800">
    <ele>1689.6</ele>
   </trkpt>
   <trkpt lat="-28.0928380" lon="-65.9145420">
    <ele>1688.5</ele>
   </trkpt>
   <trkpt lat="-28.0928530" lon="-65.9145040">
    <ele>1687.2</ele>
   </trkpt>
   <trkpt lat="-28.0928690" lon="-65.9144660">
    <ele>1686.0</ele>
   </trkpt>
   <trkpt lat="-28.0928840" lon="-65.9144290">
    <ele>1684.4</ele>
   </trkpt>
   <trkpt lat="-28.0928990" lon="-65.9143910">
    <ele>1683.2</ele>
   </trkpt>
   <trkpt lat="-28.0929130" lon="-65.9143550">
    <ele>1682.2</ele>
   </trkpt>
   <trkpt lat="-28.0929270" lon="-65.9143180">
    <ele>1680.6</ele>
   </trkpt>
   <trkpt lat="-28.0929400" lon="-65.9142850">
    <ele>1680.6</ele>
   </trkpt>
   <trkpt lat="-28.0929530" lon="-65.9142510">
    <ele>1679.7</ele>
   </trkpt>
   <trkpt lat="-28.0929660" lon="-65.9142200">
    <ele>1678.3</ele>
   </trkpt>
   <trkpt lat="-28.0929790" lon="-65.9141880">
    <ele>1677.5</ele>
   </trkpt>
   <trkpt lat="-28.0929910" lon="-65.9141560">
    <ele>1677.5</ele>
   </trkpt>
   <trkpt lat="-28.0930030" lon="-65.9141230">
    <ele>1676.1</ele>
   </trkpt>
   <trkpt lat="-28.0930130" lon="-65.9140900">
    <ele>1675.3</ele>
   </trkpt>
   <trkpt lat="-28.0930240" lon="-65.9140570">
    <ele>1674.5</ele>
   </trkpt>
   <trkpt lat="-28.0930340" lon="-65.9140230">
    <ele>1673.7</ele>
   </trkpt>
   <trkpt lat="-28.0930440" lon="-65.9139890">
    <ele>1672.9</ele>
   </trkpt>
   <trkpt lat="-28.0930540" lon="-65.9139550">
    <ele>1672.2</ele>
   </trkpt>
   <trkpt lat="-28.0930640" lon="-65.9139200">
    <ele>1671.7</ele>
   </trkpt>
   <trkpt lat="-28.0930730" lon="-65.9138850">
    <ele>1670.5</ele>
   </trkpt>
   <trkpt lat="-28.0930830" lon="-65.9138500">
    <ele>1670.5</ele>
   </trkpt>
   <trkpt lat="-28.0930950" lon="-65.9138160">
    <ele>1670.3</ele>
   </trkpt>
   <trkpt lat="-28.0931080" lon="-65.9137820">
    <ele>1669.1</ele>
   </trkpt>
   <trkpt lat="-28.0931220" lon="-65.9137470">
    <ele>1668.8</ele>
   </trkpt>
   <trkpt lat="-28.0931370" lon="-65.9137130">
    <ele>1668.4</ele>
   </trkpt>
   <trkpt lat="-28.0931500" lon="-65.9136770">
    <ele>1666.9</ele>
   </trkpt>
   <trkpt lat="-28.0931630" lon="-65.9136420">
    <ele>1666.9</ele>
   </trkpt>
   <trkpt lat="-28.0931730" lon="-65.9136030">
    <ele>1666.4</ele>
   </trkpt>
   <trkpt lat="-28.0931820" lon="-65.9135650">
    <ele>1665.9</ele>
   </trkpt>
   <trkpt lat="-28.0931910" lon="-65.9135250">
    <ele>1664.5</ele>
   </trkpt>
   <trkpt lat="-28.0932010" lon="-65.9134850">
    <ele>1664.1</ele>
   </trkpt>
   <trkpt lat="-28.0932140" lon="-65.9134440">
    <ele>1663.7</ele>
   </trkpt>
   <trkpt lat="-28.0932260" lon="-65.9134040">
    <ele>1662.5</ele>
   </trkpt>
   <trkpt lat="-28.0932410" lon="-65.9133640">
    <ele>1662.0</ele>
   </trkpt>
   <trkpt lat="-28.0932550" lon="-65.9133240">
    <ele>1661.4</ele>
   </trkpt>
   <trkpt lat="-28.0932700" lon="-65.9132860">
    <ele>1660.1</ele>
   </trkpt>
   <trkpt lat="-28.0932850" lon="-65.9132480">
    <ele>1659.5</ele>
   </trkpt>
   <trkpt lat="-28.0933000" lon="-65.9132100">
    <ele>1658.4</ele>
   </trkpt>
   <trkpt lat="-28.0933140" lon="-65.9131710">
    <ele>1657.7</ele>
   </trkpt>
   <trkpt lat="-28.0933230" lon="-65.9131320">
    <ele>1656.9</ele>
   </trkpt>
   <trkpt lat="-28.0933310" lon="-65.9130920">
    <ele>1656.1</ele>
   </trkpt>
   <trkpt lat="-28.0933330" lon="-65.9130520">
    <ele>1655.3</ele>
   </trkpt>
   <trkpt lat="-28.0933360" lon="-65.9130130">
    <ele>1653.3</ele>
   </trkpt>
   <trkpt lat="-28.0933350" lon="-65.9129750">
    <ele>1652.7</ele>
   </trkpt>
   <trkpt lat="-28.0933340" lon="-65.9129360">
    <ele>1653.2</ele>
   </trkpt>
   <trkpt lat="-28.0933330" lon="-65.9128970">
    <ele>1652.6</ele>
   </trkpt>
   <trkpt lat="-28.0933330" lon="-65.9128590">
    <ele>1652.1</ele>
   </trkpt>
   <trkpt lat="-28.0933370" lon="-65.9128190">
    <ele>1651.1</ele>
   </trkpt>
   <trkpt lat="-28.0933410" lon="-65.9127790">
    <ele>1650.7</ele>
   </trkpt>
   <trkpt lat="-28.0933490" lon="-65.9127390">
    <ele>1650.5</ele>
   </trkpt>
   <trkpt lat="-28.0933570" lon="-65.9126980">
    <ele>1650.4</ele>
   </trkpt>
   <trkpt lat="-28.0933650" lon="-65.9126570">
    <ele>1650.5</ele>
   </trkpt>
   <trkpt lat="-28.0933730" lon="-65.9126160">
    <ele>1649.9</ele>
   </trkpt>
   <trkpt lat="-28.0933810" lon="-65.9125740">
    <ele>1650.1</ele>
   </trkpt>
   <trkpt lat="-28.0933900" lon="-65.9125330">
    <ele>1650.2</ele>
   </trkpt>
   <trkpt lat="-28.0933960" lon="-65.9124920">
    <ele>1650.1</ele>
   </trkpt>
   <trkpt lat="-28.0934030" lon="-65.9124500">
    <ele>1649.8</ele>
   </trkpt>
   <trkpt lat="-28.0934100" lon="-65.9124110">
    <ele>1649.4</ele>
   </trkpt>
   <trkpt lat="-28.0934160" lon="-65.9123710">
    <ele>1647.8</ele>
   </trkpt>
   <trkpt lat="-28.0934250" lon="-65.9123320">
    <ele>1647.1</ele>
   </trkpt>
   <trkpt lat="-28.0934350" lon="-65.9122930">
    <ele>1646.3</ele>
   </trkpt>
   <trkpt lat="-28.0934450" lon="-65.9122540">
    <ele>1645.6</ele>
   </trkpt>
   <trkpt lat="-28.0934550" lon="-65.9122150">
    <ele>1643.9</ele>
   </trkpt>
   <trkpt lat="-28.0934660" lon="-65.9121750">
    <ele>1643.2</ele>
   </trkpt>
   <trkpt lat="-28.0934770" lon="-65.9121350">
    <ele>1643.2</ele>
   </trkpt>
   <trkpt lat="-28.0934890" lon="-65.9120950">
    <ele>1641.8</ele>
   </trkpt>
   <trkpt lat="-28.0935010" lon="-65.9120540">
    <ele>1641.4</ele>
   </trkpt>
   <trkpt lat="-28.0935160" lon="-65.9120150">
    <ele>1641.2</ele>
   </trkpt>
   <trkpt lat="-28.0935310" lon="-65.9119760">
    <ele>1640.8</ele>
   </trkpt>
   <trkpt lat="-28.0935440" lon="-65.9119370">
    <ele>1641.0</ele>
   </trkpt>
   <trkpt lat="-28.0935580" lon="-65.9118970">
    <ele>1641.4</ele>
   </trkpt>
   <trkpt lat="-28.0935690" lon="-65.9118580">
    <ele>1641.4</ele>
   </trkpt>
   <trkpt lat="-28.0935810" lon="-65.9118180">
    <ele>1641.7</ele>
   </trkpt>
   <trkpt lat="-28.0935920" lon="-65.9117790">
    <ele>1642.0</ele>
   </trkpt>
   <trkpt lat="-28.0936020" lon="-65.9117400">
    <ele>1641.6</ele>
   </trkpt>
   <trkpt lat="-28.0936130" lon="-65.9117010">
    <ele>1641.6</ele>
   </trkpt>
   <trkpt lat="-28.0936230" lon="-65.9116630">
    <ele>1641.6</ele>
   </trkpt>
   <trkpt lat="-28.0936340" lon="-65.9116240">
    <ele>1641.4</ele>
   </trkpt>
   <trkpt lat="-28.0936440" lon="-65.9115860">
    <ele>1640.3</ele>
   </trkpt>
   <trkpt lat="-28.0936550" lon="-65.9115470">
    <ele>1639.9</ele>
   </trkpt>
   <trkpt lat="-28.0936660" lon="-65.9115090">
    <ele>1639.5</ele>
   </trkpt>
   <trkpt lat="-28.0936780" lon="-65.9114690">
    <ele>1638.1</ele>
   </trkpt>
   <trkpt lat="-28.0936900" lon="-65.9114300">
    <ele>1637.8</ele>
   </trkpt>
   <trkpt lat="-28.0937030" lon="-65.9113900">
    <ele>1637.5</ele>
   </trkpt>
   <trkpt lat="-28.0937150" lon="-65.9113510">
    <ele>1636.4</ele>
   </trkpt>
   <trkpt lat="-28.0937260" lon="-65.9113120">
    <ele>1636.4</ele>
   </trkpt>
   <trkpt lat="-28.0937360" lon="-65.9112730">
    <ele>1636.4</ele>
   </trkpt>
   <trkpt lat="-28.0937430" lon="-65.9112360">
    <ele>1636.4</ele>
   </trkpt>
   <trkpt lat="-28.0937490" lon="-65.9112000">
    <ele>1636.3</ele>
   </trkpt>
   <trkpt lat="-28.0937510" lon="-65.9111650">
    <ele>1636.1</ele>
   </trkpt>
   <trkpt lat="-28.0937540" lon="-65.9111310">
    <ele>1634.3</ele>
   </trkpt>
   <trkpt lat="-28.0937530" lon="-65.9111010">
    <ele>1634.1</ele>
   </trkpt>
   <trkpt lat="-28.0937520" lon="-65.9110710">
    <ele>1634.1</ele>
   </trkpt>
   <trkpt lat="-28.0937480" lon="-65.9110460">
    <ele>1635.3</ele>
   </trkpt>
   <trkpt lat="-28.0937440" lon="-65.9110200">
    <ele>1635.3</ele>
   </trkpt>
   <trkpt lat="-28.0937400" lon="-65.9110000">
    <ele>1635.3</ele>
   </trkpt>
   <trkpt lat="-28.0937360" lon="-65.9109800">
    <ele>1635.3</ele>
   </trkpt>
   <trkpt lat="-28.0937350" lon="-65.9109620">
    <ele>1635.5</ele>
   </trkpt>
   <trkpt lat="-28.0937350" lon="-65.9109450">
    <ele>1635.5</ele>
   </trkpt>
   <trkpt lat="-28.0937370" lon="-65.9109280">
    <ele>1635.9</ele>
   </trkpt>
   <trkpt lat="-28.0937390" lon="-65.9109120">
    <ele>1635.9</ele>
   </trkpt>
   <trkpt lat="-28.0937420" lon="-65.9108950">
    <ele>1635.9</ele>
   </trkpt>
   <trkpt lat="-28.0937460" lon="-65.9108780">
    <ele>1636.3</ele>
   </trkpt>
   <trkpt lat="-28.0937520" lon="-65.9108590">
    <ele>1635.8</ele>
   </trkpt>
   <trkpt lat="-28.0937580" lon="-65.9108390">
    <ele>1636.2</ele>
   </trkpt>
   <trkpt lat="-28.0937660" lon="-65.9108140">
    <ele>1636.2</ele>
   </trkpt>
   <trkpt lat="-28.0937740" lon="-65.9107900">
    <ele>1636.5</ele>
   </trkpt>
   <trkpt lat="-28.0937820" lon="-65.9107600">
    <ele>1636.5</ele>
   </trkpt>
   <trkpt lat="-28.0937910" lon="-65.9107310">
    <ele>1635.8</ele>
   </trkpt>
   <trkpt lat="-28.0938000" lon="-65.9107000">
    <ele>1635.9</ele>
   </trkpt>
   <trkpt lat="-28.0938100" lon="-65.9106680">
    <ele>1636.0</ele>
   </trkpt>
   <trkpt lat="-28.0938190" lon="-65.9106370">
    <ele>1636.0</ele>
   </trkpt>
   <trkpt lat="-28.0938280" lon="-65.9106050">
    <ele>1635.2</ele>
   </trkpt>
   <trkpt lat="-28.0938380" lon="-65.9105730">
    <ele>1635.5</ele>
   </trkpt>
   <trkpt lat="-28.0938470" lon="-65.9105400">
    <ele>1635.6</ele>
   </trkpt>
   <trkpt lat="-28.0938590" lon="-65.9105090">
    <ele>1635.6</ele>
   </trkpt>
   <trkpt lat="-28.0938710" lon="-65.9104770">
    <ele>1634.8</ele>
   </trkpt>
   <trkpt lat="-28.0938820" lon="-65.9104450">
    <ele>1634.7</ele>
   </trkpt>
   <trkpt lat="-28.0938930" lon="-65.9104130">
    <ele>1634.5</ele>
   </trkpt>
   <trkpt lat="-28.0939010" lon="-65.9103800">
    <ele>1634.5</ele>
   </trkpt>
   <trkpt lat="-28.0939080" lon="-65.9103480">
    <ele>1633.9</ele>
   </trkpt>
   <trkpt lat="-28.0939100" lon="-65.9103150">
    <ele>1633.9</ele>
   </trkpt>
   <trkpt lat="-28.0939130" lon="-65.9102820">
    <ele>1633.9</ele>
   </trkpt>
   <trkpt lat="-28.0939150" lon="-65.9102510">
    <ele>1633.9</ele>
   </trkpt>
   <trkpt lat="-28.0939170" lon="-65.9102200">
    <ele>1634.1</ele>
   </trkpt>
   <trkpt lat="-28.0939180" lon="-65.9101910">
    <ele>1634.5</ele>
   </trkpt>
   <trkpt lat="-28.0939200" lon="-65.9101620">
    <ele>1634.5</ele>
   </trkpt>
   <trkpt lat="-28.0939160" lon="-65.9101340">
    <ele>1635.0</ele>
   </trkpt>
   <trkpt lat="-28.0939120" lon="-65.9101050">
    <ele>1635.8</ele>
   </trkpt>
   <trkpt lat="-28.0939040" lon="-65.9100750">
    <ele>1635.8</ele>
   </trkpt>
   <trkpt lat="-28.0938960" lon="-65.9100440">
    <ele>1636.1</ele>
   </trkpt>
   <trkpt lat="-28.0938860" lon="-65.9100120">
    <ele>1637.0</ele>
   </trkpt>
   <trkpt lat="-28.0938760" lon="-65.9099800">
    <ele>1637.9</ele>
   </trkpt>
   <trkpt lat="-28.0938690" lon="-65.9099480">
    <ele>1637.9</ele>
   </trkpt>
   <trkpt lat="-28.0938620" lon="-65.9099150">
    <ele>1637.5</ele>
   </trkpt>
   <trkpt lat="-28.0938610" lon="-65.9098810">
    <ele>1638.2</ele>
   </trkpt>
   <trkpt lat="-28.0938600" lon="-65.9098460">
    <ele>1638.9</ele>
   </trkpt>
   <trkpt lat="-28.0938620" lon="-65.9098140">
    <ele>1639.6</ele>
   </trkpt>
   <trkpt lat="-28.0938630" lon="-65.9097810">
    <ele>1639.6</ele>
   </trkpt>
   <trkpt lat="-28.0938610" lon="-65.9097520">
    <ele>1640.3</ele>
   </trkpt>
   <trkpt lat="-28.0938580" lon="-65.9097230">
    <ele>1641.1</ele>
   </trkpt>
   <trkpt lat="-28.0938510" lon="-65.9096950">
    <ele>1641.1</ele>
   </trkpt>
   <trkpt lat="-28.0938440" lon="-65.9096660">
    <ele>1641.8</ele>
   </trkpt>
   <trkpt lat="-28.0938360" lon="-65.9096370">
    <ele>1642.4</ele>
   </trkpt>
   <trkpt lat="-28.0938280" lon="-65.9096070">
    <ele>1642.4</ele>
   </trkpt>
   <trkpt lat="-28.0938200" lon="-65.9095790">
    <ele>1641.6</ele>
   </trkpt>
   <trkpt lat="-28.0938130" lon="-65.9095500">
    <ele>1642.0</ele>
   </trkpt>
   <trkpt lat="-28.0938060" lon="-65.9095270">
    <ele>1642.0</ele>
   </trkpt>
   <trkpt lat="-28.0938000" lon="-65.9095040">
    <ele>1642.3</ele>
   </trkpt>
   <trkpt lat="-28.0937890" lon="-65.9094860">
    <ele>1641.2</ele>
   </trkpt>
   <trkpt lat="-28.0937780" lon="-65.9094690">
    <ele>1641.3</ele>
   </trkpt>
   <trkpt lat="-28.0937630" lon="-65.9094550">
    <ele>1641.3</ele>
   </trkpt>
   <trkpt lat="-28.0937470" lon="-65.9094410">
    <ele>1640.3</ele>
   </trkpt>
   <trkpt lat="-28.0937280" lon="-65.9094250">
    <ele>1640.3</ele>
   </trkpt>
   <trkpt lat="-28.0937080" lon="-65.9094080">
    <ele>1639.2</ele>
   </trkpt>
   <trkpt lat="-28.0936900" lon="-65.9093880">
    <ele>1639.1</ele>
   </trkpt>
   <trkpt lat="-28.0936720" lon="-65.9093670">
    <ele>1637.6</ele>
   </trkpt>
   <trkpt lat="-28.0936580" lon="-65.9093470">
    <ele>1637.6</ele>
   </trkpt>
   <trkpt lat="-28.0936430" lon="-65.9093270">
    <ele>1637.1</ele>
   </trkpt>
   <trkpt lat="-28.0936280" lon="-65.9093080">
    <ele>1635.5</ele>
   </trkpt>
   <trkpt lat="-28.0936130" lon="-65.9092890">
    <ele>1634.9</ele>
   </trkpt>
   <trkpt lat="-28.0935950" lon="-65.9092670">
    <ele>1633.3</ele>
   </trkpt>
   <trkpt lat="-28.0935770" lon="-65.9092460">
    <ele>1632.6</ele>
   </trkpt>
   <trkpt lat="-28.0935590" lon="-65.9092200">
    <ele>1631.0</ele>
   </trkpt>
   <trkpt lat="-28.0935410" lon="-65.9091950">
    <ele>1630.5</ele>
   </trkpt>
   <trkpt lat="-28.0935280" lon="-65.9091650">
    <ele>1630.0</ele>
   </trkpt>
   <trkpt lat="-28.0935150" lon="-65.9091360">
    <ele>1628.3</ele>
   </trkpt>
   <trkpt lat="-28.0935030" lon="-65.9091070">
    <ele>1627.7</ele>
   </trkpt>
   <trkpt lat="-28.0934910" lon="-65.9090780">
    <ele>1627.1</ele>
   </trkpt>
   <trkpt lat="-28.0934740" lon="-65.9090550">
    <ele>1625.2</ele>
   </trkpt>
   <trkpt lat="-28.0934570" lon="-65.9090320">
    <ele>1624.4</ele>
   </trkpt>
   <trkpt lat="-28.0934390" lon="-65.9090130">
    <ele>1622.4</ele>
   </trkpt>
   <trkpt lat="-28.0934200" lon="-65.9089940">
    <ele>1621.6</ele>
   </trkpt>
   <trkpt lat="-28.0934100" lon="-65.9089730">
    <ele>1619.9</ele>
   </trkpt>
   <trkpt lat="-28.0934000" lon="-65.9089520">
    <ele>1619.2</ele>
   </trkpt>
   <trkpt lat="-28.0934060" lon="-65.9089320">
    <ele>1619.2</ele>
   </trkpt>
   <trkpt lat="-28.0934120" lon="-65.9089130">
    <ele>1620.5</ele>
   </trkpt>
   <trkpt lat="-28.0934280" lon="-65.9088970">
    <ele>1620.5</ele>
   </trkpt>
   <trkpt lat="-28.0934440" lon="-65.9088810">
    <ele>1620.4</ele>
   </trkpt>
   <trkpt lat="-28.0934640" lon="-65.9088670">
    <ele>1621.9</ele>
   </trkpt>
   <trkpt lat="-28.0934850" lon="-65.9088520">
    <ele>1621.9</ele>
   </trkpt>
   <trkpt lat="-28.0935070" lon="-65.9088370">
    <ele>1623.8</ele>
   </trkpt>
   <trkpt lat="-28.0935300" lon="-65.9088210">
    <ele>1624.8</ele>
   </trkpt>
   <trkpt lat="-28.0935530" lon="-65.9088040">
    <ele>1624.8</ele>
   </trkpt>
   <trkpt lat="-28.0935750" lon="-65.9087870">
    <ele>1626.3</ele>
   </trkpt>
   <trkpt lat="-28.0935950" lon="-65.9087670">
    <ele>1625.4</ele>
   </trkpt>
   <trkpt lat="-28.0936150" lon="-65.9087480">
    <ele>1626.7</ele>
   </trkpt>
   <trkpt lat="-28.0936350" lon="-65.9087260">
    <ele>1625.7</ele>
   </trkpt>
   <trkpt lat="-28.0936560" lon="-65.9087050">
    <ele>1626.9</ele>
   </trkpt>
   <trkpt lat="-28.0936770" lon="-65.9086840">
    <ele>1626.6</ele>
   </trkpt>
   <trkpt lat="-28.0936990" lon="-65.9086620">
    <ele>1626.6</ele>
   </trkpt>
   <trkpt lat="-28.0937160" lon="-65.9086380">
    <ele>1626.0</ele>
   </trkpt>
   <trkpt lat="-28.0937330" lon="-65.9086130">
    <ele>1624.5</ele>
   </trkpt>
   <trkpt lat="-28.0937380" lon="-65.9085830">
    <ele>1624.5</ele>
   </trkpt>
   <trkpt lat="-28.0937430" lon="-65.9085530">
    <ele>1623.0</ele>
   </trkpt>
   <trkpt lat="-28.0937380" lon="-65.9085210">
    <ele>1621.5</ele>
   </trkpt>
   <trkpt lat="-28.0937340" lon="-65.9084900">
    <ele>1621.4</ele>
   </trkpt>
   <trkpt lat="-28.0937240" lon="-65.9084590">
    <ele>1619.9</ele>
   </trkpt>
   <trkpt lat="-28.0937130" lon="-65.9084280">
    <ele>1617.7</ele>
   </trkpt>
   <trkpt lat="-28.0937000" lon="-65.9083980">
    <ele>1616.2</ele>
   </trkpt>
   <trkpt lat="-28.0936870" lon="-65.9083680">
    <ele>1616.2</ele>
   </trkpt>
   <trkpt lat="-28.0936720" lon="-65.9083370">
    <ele>1614.0</ele>
   </trkpt>
   <trkpt lat="-28.0936560" lon="-65.9083060">
    <ele>1612.3</ele>
   </trkpt>
   <trkpt lat="-28.0936390" lon="-65.9082760">
    <ele>1612.2</ele>
   </trkpt>
   <trkpt lat="-28.0936220" lon="-65.9082450">
    <ele>1609.7</ele>
   </trkpt>
   <trkpt lat="-28.0936050" lon="-65.9082140">
    <ele>1607.2</ele>
   </trkpt>
   <trkpt lat="-28.0935880" lon="-65.9081820">
    <ele>1604.0</ele>
   </trkpt>
   <trkpt lat="-28.0935720" lon="-65.9081500">
    <ele>1604.0</ele>
   </trkpt>
   <trkpt lat="-28.0935560" lon="-65.9081180">
    <ele>1600.9</ele>
   </trkpt>
   <trkpt lat="-28.0935380" lon="-65.9080870">
    <ele>1598.4</ele>
   </trkpt>
   <trkpt lat="-28.0935200" lon="-65.9080570">
    <ele>1598.2</ele>
   </trkpt>
   <trkpt lat="-28.0935010" lon="-65.9080310">
    <ele>1596.0</ele>
   </trkpt>
   <trkpt lat="-28.0934820" lon="-65.9080060">
    <ele>1594.0</ele>
   </trkpt>
   <trkpt lat="-28.0934680" lon="-65.9079810">
    <ele>1594.0</ele>
   </trkpt>
   <trkpt lat="-28.0934540" lon="-65.9079570">
    <ele>1592.1</ele>
   </trkpt>
   <trkpt lat="-28.0934440" lon="-65.9079320">
    <ele>1592.1</ele>
   </trkpt>
   <trkpt lat="-28.0934340" lon="-65.9079080">
    <ele>1590.4</ele>
   </trkpt>
   <trkpt lat="-28.0934210" lon="-65.9078820">
    <ele>1588.7</ele>
   </trkpt>
   <trkpt lat="-28.0934080" lon="-65.9078570">
    <ele>1589.0</ele>
   </trkpt>
   <trkpt lat="-28.0933920" lon="-65.9078340">
    <ele>1587.5</ele>
   </trkpt>
   <trkpt lat="-28.0933750" lon="-65.9078100">
    <ele>1587.5</ele>
   </trkpt>
   <trkpt lat="-28.0933570" lon="-65.9077880">
    <ele>1586.6</ele>
   </trkpt>
   <trkpt lat="-28.0933390" lon="-65.9077660">
    <ele>1586.5</ele>
   </trkpt>
   <trkpt lat="-28.0933200" lon="-65.9077420">
    <ele>1585.8</ele>
   </trkpt>
   <trkpt lat="-28.0933010" lon="-65.9077190">
    <ele>1585.7</ele>
   </trkpt>
   <trkpt lat="-28.0932850" lon="-65.9076930">
    <ele>1585.1</ele>
   </trkpt>
   <trkpt lat="-28.0932700" lon="-65.9076680">
    <ele>1584.1</ele>
   </trkpt>
   <trkpt lat="-28.0932630" lon="-65.9076390">
    <ele>1584.0</ele>
   </trkpt>
   <trkpt lat="-28.0932570" lon="-65.9076100">
    <ele>1583.5</ele>
   </trkpt>
   <trkpt lat="-28.0932570" lon="-65.9075790">
    <ele>1582.5</ele>
   </trkpt>
   <trkpt lat="-28.0932570" lon="-65.9075480">
    <ele>1582.5</ele>
   </trkpt>
   <trkpt lat="-28.0932580" lon="-65.9075170">
    <ele>1581.5</ele>
   </trkpt>
   <trkpt lat="-28.0932590" lon="-65.9074860">
    <ele>1580.5</ele>
   </trkpt>
   <trkpt lat="-28.0932530" lon="-65.9074600">
    <ele>1580.5</ele>
   </trkpt>
   <trkpt lat="-28.0932460" lon="-65.9074330">
    <ele>1579.4</ele>
   </trkpt>
   <trkpt lat="-28.0932330" lon="-65.9074130">
    <ele>1579.4</ele>
   </trkpt>
   <trkpt lat="-28.0932200" lon="-65.9073940">
    <ele>1579.0</ele>
   </trkpt>
   <trkpt lat="-28.0932030" lon="-65.9073830">
    <ele>1579.0</ele>
   </trkpt>
   <trkpt lat="-28.0931850" lon="-65.9073730">
    <ele>1579.0</ele>
   </trkpt>
   <trkpt lat="-28.0931690" lon="-65.9073630">
    <ele>1578.7</ele>
   </trkpt>
   <trkpt lat="-28.0931530" lon="-65.9073530">
    <ele>1578.7</ele>
   </trkpt>
   <trkpt lat="-28.0931490" lon="-65.9073390">
    <ele>1578.6</ele>
   </trkpt>
   <trkpt lat="-28.0931450" lon="-65.9073240">
    <ele>1578.3</ele>
   </trkpt>
   <trkpt lat="-28.0931510" lon="-65.9073060">
    <ele>1577.7</ele>
   </trkpt>
   <trkpt lat="-28.0931580" lon="-65.9072870">
    <ele>1577.7</ele>
   </trkpt>
   <trkpt lat="-28.0931660" lon="-65.9072670">
    <ele>1576.8</ele>
   </trkpt>
   <trkpt lat="-28.0931730" lon="-65.9072470">
    <ele>1576.8</ele>
   </trkpt>
   <trkpt lat="-28.0931750" lon="-65.9072270">
    <ele>1575.9</ele>
   </trkpt>
   <trkpt lat="-28.0931780" lon="-65.9072070">
    <ele>1575.8</ele>
   </trkpt>
   <trkpt lat="-28.0931750" lon="-65.9071850">
    <ele>1575.0</ele>
   </trkpt>
   <trkpt lat="-28.0931730" lon="-65.9071620">
    <ele>1575.0</ele>
   </trkpt>
   <trkpt lat="-28.0931660" lon="-65.9071370">
    <ele>1574.2</ele>
   </trkpt>
   <trkpt lat="-28.0931590" lon="-65.9071120">
    <ele>1574.2</ele>
   </trkpt>
   <trkpt lat="-28.0931510" lon="-65.9070870">
    <ele>1573.5</ele>
   </trkpt>
   <trkpt lat="-28.0931430" lon="-65.9070620">
    <ele>1573.5</ele>
   </trkpt>
   <trkpt lat="-28.0931260" lon="-65.9070420">
    <ele>1573.4</ele>
   </trkpt>
   <trkpt lat="-28.0931090" lon="-65.9070210">
    <ele>1572.8</ele>
   </trkpt>
   <trkpt lat="-28.0930860" lon="-65.9070020">
    <ele>1573.3</ele>
   </trkpt>
   <trkpt lat="-28.0930630" lon="-65.9069830">
    <ele>1573.6</ele>
   </trkpt>
   <trkpt lat="-28.0930400" lon="-65.9069640">
    <ele>1572.9</ele>
   </trkpt>
   <trkpt lat="-28.0930180" lon="-65.9069460">
    <ele>1573.3</ele>
   </trkpt>
   <trkpt lat="-28.0929940" lon="-65.9069340">
    <ele>1573.5</ele>
   </trkpt>
   <trkpt lat="-28.0929710" lon="-65.9069220">
    <ele>1573.5</ele>
   </trkpt>
   <trkpt lat="-28.0929490" lon="-65.9069190">
    <ele>1573.9</ele>
   </trkpt>
   <trkpt lat="-28.0929270" lon="-65.9069170">
    <ele>1573.9</ele>
   </trkpt>
   <trkpt lat="-28.0929080" lon="-65.9069250">
    <ele>1574.2</ele>
   </trkpt>
   <trkpt lat="-28.0928900" lon="-65.9069340">
    <ele>1574.1</ele>
   </trkpt>
   <trkpt lat="-28.0928720" lon="-65.9069500">
    <ele>1574.7</ele>
   </trkpt>
   <trkpt lat="-28.0928550" lon="-65.9069660">
    <ele>1574.6</ele>
   </trkpt>
   <trkpt lat="-28.0928380" lon="-65.9069870">
    <ele>1575.3</ele>
   </trkpt>
   <trkpt lat="-28.0928210" lon="-65.9070080">
    <ele>1575.3</ele>
   </trkpt>
   <trkpt lat="-28.0928050" lon="-65.9070300">
    <ele>1575.4</ele>
   </trkpt>
   <trkpt lat="-28.0927890" lon="-65.9070520">
    <ele>1575.5</ele>
   </trkpt>
   <trkpt lat="-28.0927730" lon="-65.9070760">
    <ele>1575.6</ele>
   </trkpt>
   <trkpt lat="-28.0927570" lon="-65.9070990">
    <ele>1575.5</ele>
   </trkpt>
   <trkpt lat="-28.0927390" lon="-65.9071240">
    <ele>1575.6</ele>
   </trkpt>
   <trkpt lat="-28.0927210" lon="-65.9071490">
    <ele>1575.6</ele>
   </trkpt>
   <trkpt lat="-28.0927030" lon="-65.9071710">
    <ele>1575.8</ele>
   </trkpt>
   <trkpt lat="-28.0926860" lon="-65.9071930">
    <ele>1575.9</ele>
   </trkpt>
   <trkpt lat="-28.0926690" lon="-65.9072120">
    <ele>1576.2</ele>
   </trkpt>
   <trkpt lat="-28.0926520" lon="-65.9072310">
    <ele>1576.3</ele>
   </trkpt>
   <trkpt lat="-28.0926370" lon="-65.9072510">
    <ele>1576.6</ele>
   </trkpt>
   <trkpt lat="-28.0926220" lon="-65.9072710">
    <ele>1576.5</ele>
   </trkpt>
   <trkpt lat="-28.0926110" lon="-65.9072960">
    <ele>1576.9</ele>
   </trkpt>
   <trkpt lat="-28.0926000" lon="-65.9073210">
    <ele>1576.9</ele>
   </trkpt>
   <trkpt lat="-28.0925930" lon="-65.9073510">
    <ele>1577.0</ele>
   </trkpt>
   <trkpt lat="-28.0925860" lon="-65.9073800">
    <ele>1577.2</ele>
   </trkpt>
   <trkpt lat="-28.0925780" lon="-65.9074030">
    <ele>1577.2</ele>
   </trkpt>
   <trkpt lat="-28.0925710" lon="-65.9074260">
    <ele>1577.8</ele>
   </trkpt>
   <trkpt lat="-28.0925600" lon="-65.9074310">
    <ele>1577.8</ele>
   </trkpt>
   <trkpt lat="-28.0925500" lon="-65.9074360">
    <ele>1577.8</ele>
   </trkpt>
   <trkpt lat="-28.0925390" lon="-65.9074240">
    <ele>1578.5</ele>
   </trkpt>
   <trkpt lat="-28.0925290" lon="-65.9074120">
    <ele>1578.4</ele>
   </trkpt>
   <trkpt lat="-28.0925210" lon="-65.9073880">
    <ele>1578.3</ele>
   </trkpt>
   <trkpt lat="-28.0925130" lon="-65.9073650">
    <ele>1578.0</ele>
   </trkpt>
   <trkpt lat="-28.0925060" lon="-65.9073360">
    <ele>1578.0</ele>
   </trkpt>
   <trkpt lat="-28.0925000" lon="-65.9073080">
    <ele>1578.7</ele>
   </trkpt>
   <trkpt lat="-28.0924920" lon="-65.9072800">
    <ele>1578.4</ele>
   </trkpt>
   <trkpt lat="-28.0924840" lon="-65.9072520">
    <ele>1578.3</ele>
   </trkpt>
   <trkpt lat="-28.0924750" lon="-65.9072320">
    <ele>1578.1</ele>
   </trkpt>
   <trkpt lat="-28.0924660" lon="-65.9072110">
    <ele>1578.1</ele>
   </trkpt>
   <trkpt lat="-28.0924590" lon="-65.9071970">
    <ele>1579.3</ele>
   </trkpt>
   <trkpt lat="-28.0924520" lon="-65.9071820">
    <ele>1579.2</ele>
   </trkpt>
   <trkpt lat="-28.0924500" lon="-65.9071700">
    <ele>1579.2</ele>
   </trkpt>
   <trkpt lat="-28.0924480" lon="-65.9071590">
    <ele>1579.2</ele>
   </trkpt>
   <trkpt lat="-28.0924490" lon="-65.9071480">
    <ele>1579.2</ele>
   </trkpt>
   <trkpt lat="-28.0924490" lon="-65.9071360">
    <ele>1579.2</ele>
   </trkpt>
   <trkpt lat="-28.0924510" lon="-65.9071240">
    <ele>1579.2</ele>
   </trkpt>
   <trkpt lat="-28.0924520" lon="-65.9071120">
    <ele>1579.1</ele>
   </trkpt>
   <trkpt lat="-28.0924550" lon="-65.9071000">
    <ele>1579.2</ele>
   </trkpt>
   <trkpt lat="-28.0924580" lon="-65.9070870">
    <ele>1579.2</ele>
   </trkpt>
   <trkpt lat="-28.0924610" lon="-65.9070720">
    <ele>1579.2</ele>
   </trkpt>
   <trkpt lat="-28.0924630" lon="-65.9070570">
    <ele>1579.2</ele>
   </trkpt>
   <trkpt lat="-28.0924610" lon="-65.9070390">
    <ele>1579.2</ele>
   </trkpt>
   <trkpt lat="-28.0924590" lon="-65.9070210">
    <ele>1579.2</ele>
   </trkpt>
   <trkpt lat="-28.0924510" lon="-65.9070030">
    <ele>1579.2</ele>
   </trkpt>
   <trkpt lat="-28.0924420" lon="-65.9069850">
    <ele>1579.1</ele>
   </trkpt>
   <trkpt lat="-28.0924330" lon="-65.9069710">
    <ele>1579.0</ele>
   </trkpt>
   <trkpt lat="-28.0924230" lon="-65.9069560">
    <ele>1580.2</ele>
   </trkpt>
   <trkpt lat="-28.0924150" lon="-65.9069440">
    <ele>1580.2</ele>
   </trkpt>
   <trkpt lat="-28.0924060" lon="-65.9069310">
    <ele>1579.9</ele>
   </trkpt>
   <trkpt lat="-28.0924000" lon="-65.9069180">
    <ele>1579.9</ele>
   </trkpt>
   <trkpt lat="-28.0923950" lon="-65.9069050">
    <ele>1579.9</ele>
   </trkpt>
   <trkpt lat="-28.0923900" lon="-65.9068930">
    <ele>1579.6</ele>
   </trkpt>
   <trkpt lat="-28.0923860" lon="-65.9068810">
    <ele>1581.0</ele>
   </trkpt>
   <trkpt lat="-28.0923820" lon="-65.9068670">
    <ele>1580.9</ele>
   </trkpt>
   <trkpt lat="-28.0923790" lon="-65.9068530">
    <ele>1580.7</ele>
   </trkpt>
   <trkpt lat="-28.0923770" lon="-65.9068370">
    <ele>1580.7</ele>
   </trkpt>
   <trkpt lat="-28.0923760" lon="-65.9068210">
    <ele>1580.6</ele>
   </trkpt>
   <trkpt lat="-28.0923760" lon="-65.9068050">
    <ele>1580.4</ele>
   </trkpt>
   <trkpt lat="-28.0923760" lon="-65.9067890">
    <ele>1580.4</ele>
   </trkpt>
   <trkpt lat="-28.0923750" lon="-65.9067730">
    <ele>1580.3</ele>
   </trkpt>
   <trkpt lat="-28.0923740" lon="-65.9067570">
    <ele>1580.1</ele>
   </trkpt>
   <trkpt lat="-28.0923700" lon="-65.9067390">
    <ele>1580.1</ele>
   </trkpt>
   <trkpt lat="-28.0923670" lon="-65.9067220">
    <ele>1579.8</ele>
   </trkpt>
   <trkpt lat="-28.0923600" lon="-65.9067020">
    <ele>1579.8</ele>
   </trkpt>
   <trkpt lat="-28.0923530" lon="-65.9066830">
    <ele>1579.7</ele>
   </trkpt>
   <trkpt lat="-28.0923460" lon="-65.9066600">
    <ele>1580.8</ele>
   </trkpt>
   <trkpt lat="-28.0923390" lon="-65.9066380">
    <ele>1580.5</ele>
   </trkpt>
   <trkpt lat="-28.0923320" lon="-65.9066180">
    <ele>1580.5</ele>
   </trkpt>
   <trkpt lat="-28.0923250" lon="-65.9065990">
    <ele>1580.5</ele>
   </trkpt>
   <trkpt lat="-28.0923200" lon="-65.9065840">
    <ele>1580.3</ele>
   </trkpt>
   <trkpt lat="-28.0923150" lon="-65.9065690">
    <ele>1580.2</ele>
   </trkpt>
   <trkpt lat="-28.0923140" lon="-65.9065540">
    <ele>1580.2</ele>
   </trkpt>
   <trkpt lat="-28.0923120" lon="-65.9065400">
    <ele>1581.5</ele>
   </trkpt>
   <trkpt lat="-28.0923130" lon="-65.9065260">
    <ele>1580.0</ele>
   </trkpt>
   <trkpt lat="-28.0923150" lon="-65.9065120">
    <ele>1580.0</ele>
   </trkpt>
   <trkpt lat="-28.0923150" lon="-65.9064970">
    <ele>1579.9</ele>
   </trkpt>
   <trkpt lat="-28.0923160" lon="-65.9064830">
    <ele>1579.9</ele>
   </trkpt>
   <trkpt lat="-28.0923140" lon="-65.9064690">
    <ele>1579.9</ele>
   </trkpt>
   <trkpt lat="-28.0923130" lon="-65.9064550">
    <ele>1579.9</ele>
   </trkpt>
   <trkpt lat="-28.0923120" lon="-65.9064410">
    <ele>1581.5</ele>
   </trkpt>
   <trkpt lat="-28.0923110" lon="-65.9064270">
    <ele>1581.5</ele>
   </trkpt>
   <trkpt lat="-28.0923100" lon="-65.9064130">
    <ele>1581.7</ele>
   </trkpt>
   <trkpt lat="-28.0923080" lon="-65.9063990">
    <ele>1581.6</ele>
   </trkpt>
   <trkpt lat="-28.0923090" lon="-65.9063870">
    <ele>1581.6</ele>
   </trkpt>
   <trkpt lat="-28.0923100" lon="-65.9063740">
    <ele>1581.9</ele>
   </trkpt>
   <trkpt lat="-28.0923130" lon="-65.9063610">
    <ele>1580.1</ele>
   </trkpt>
   <trkpt lat="-28.0923160" lon="-65.9063480">
    <ele>1580.1</ele>
   </trkpt>
   <trkpt lat="-28.0923200" lon="-65.9063340">
    <ele>1580.4</ele>
   </trkpt>
   <trkpt lat="-28.0923240" lon="-65.9063210">
    <ele>1580.4</ele>
   </trkpt>
   <trkpt lat="-28.0923270" lon="-65.9063050">
    <ele>1580.3</ele>
   </trkpt>
   <trkpt lat="-28.0923290" lon="-65.9062900">
    <ele>1580.6</ele>
   </trkpt>
   <trkpt lat="-28.0923300" lon="-65.9062750">
    <ele>1580.6</ele>
   </trkpt>
   <trkpt lat="-28.0923300" lon="-65.9062600">
    <ele>1580.6</ele>
   </trkpt>
   <trkpt lat="-28.0923280" lon="-65.9062460">
    <ele>1580.8</ele>
   </trkpt>
   <trkpt lat="-28.0923260" lon="-65.9062320">
    <ele>1580.7</ele>
   </trkpt>
   <trkpt lat="-28.0923240" lon="-65.9062180">
    <ele>1580.7</ele>
   </trkpt>
   <trkpt lat="-28.0923220" lon="-65.9062030">
    <ele>1580.7</ele>
   </trkpt>
   <trkpt lat="-28.0923220" lon="-65.9061880">
    <ele>1580.7</ele>
   </trkpt>
   <trkpt lat="-28.0923220" lon="-65.9061730">
    <ele>1580.7</ele>
   </trkpt>
   <trkpt lat="-28.0923230" lon="-65.9061590">
    <ele>1580.5</ele>
   </trkpt>
   <trkpt lat="-28.0923250" lon="-65.9061440">
    <ele>1580.5</ele>
   </trkpt>
   <trkpt lat="-28.0923260" lon="-65.9061310">
    <ele>1580.5</ele>
   </trkpt>
   <trkpt lat="-28.0923280" lon="-65.9061180">
    <ele>1580.1</ele>
   </trkpt>
   <trkpt lat="-28.0923280" lon="-65.9061050">
    <ele>1580.1</ele>
   </trkpt>
   <trkpt lat="-28.0923280" lon="-65.9060920">
    <ele>1580.1</ele>
   </trkpt>
   <trkpt lat="-28.0923260" lon="-65.9060800">
    <ele>1579.6</ele>
   </trkpt>
   <trkpt lat="-28.0923240" lon="-65.9060680">
    <ele>1579.6</ele>
   </trkpt>
   <trkpt lat="-28.0923230" lon="-65.9060570">
    <ele>1579.6</ele>
   </trkpt>
   <trkpt lat="-28.0923220" lon="-65.9060450">
    <ele>1579.5</ele>
   </trkpt>
   <trkpt lat="-28.0923230" lon="-65.9060330">
    <ele>1578.9</ele>
   </trkpt>
   <trkpt lat="-28.0923240" lon="-65.9060220">
    <ele>1578.9</ele>
   </trkpt>
   <trkpt lat="-28.0923260" lon="-65.9060090">
    <ele>1578.9</ele>
   </trkpt>
   <trkpt lat="-28.0923280" lon="-65.9059960">
    <ele>1578.9</ele>
   </trkpt>
   <trkpt lat="-28.0923300" lon="-65.9059840">
    <ele>1578.1</ele>
   </trkpt>
   <trkpt lat="-28.0923310" lon="-65.9059710">
    <ele>1578.1</ele>
   </trkpt>
   <trkpt lat="-28.0923280" lon="-65.9059600">
    <ele>1578.1</ele>
   </trkpt>
   <trkpt lat="-28.0923260" lon="-65.9059490">
    <ele>1577.3</ele>
   </trkpt>
   <trkpt lat="-28.0923200" lon="-65.9059430">
    <ele>1577.3</ele>
   </trkpt>
   <trkpt lat="-28.0923140" lon="-65.9059370">
    <ele>1577.3</ele>
   </trkpt>
   <trkpt lat="-28.0923070" lon="-65.9059370">
    <ele>1579.3</ele>
   </trkpt>
   <trkpt lat="-28.0922990" lon="-65.9059360">
    <ele>1579.2</ele>
   </trkpt>
   <trkpt lat="-28.0922900" lon="-65.9059420">
    <ele>1579.2</ele>
   </trkpt>
   <trkpt lat="-28.0922810" lon="-65.9059470">
    <ele>1579.2</ele>
   </trkpt>
   <trkpt lat="-28.0922720" lon="-65.9059570">
    <ele>1581.7</ele>
   </trkpt>
   <trkpt lat="-28.0922620" lon="-65.9059680">
    <ele>1581.7</ele>
   </trkpt>
   <trkpt lat="-28.0922540" lon="-65.9059810">
    <ele>1581.7</ele>
   </trkpt>
   <trkpt lat="-28.0922450" lon="-65.9059950">
    <ele>1581.7</ele>
   </trkpt>
   <trkpt lat="-28.0922360" lon="-65.9060070">
    <ele>1583.9</ele>
   </trkpt>
   <trkpt lat="-28.0922280" lon="-65.9060200">
    <ele>1583.9</ele>
   </trkpt>
   <trkpt lat="-28.0922190" lon="-65.9060300">
    <ele>1583.8</ele>
   </trkpt>
   <trkpt lat="-28.0922100" lon="-65.9060400">
    <ele>1584.2</ele>
   </trkpt>
   <trkpt lat="-28.0922020" lon="-65.9060500">
    <ele>1584.2</ele>
   </trkpt>
   <trkpt lat="-28.0921930" lon="-65.9060600">
    <ele>1585.8</ele>
   </trkpt>
   <trkpt lat="-28.0921840" lon="-65.9060700">
    <ele>1585.8</ele>
   </trkpt>
   <trkpt lat="-28.0921760" lon="-65.9060800">
    <ele>1585.8</ele>
   </trkpt>
   <trkpt lat="-28.0921680" lon="-65.9060920">
    <ele>1586.1</ele>
   </trkpt>
   <trkpt lat="-28.0921600" lon="-65.9061030">
    <ele>1587.6</ele>
   </trkpt>
   <trkpt lat="-28.0921520" lon="-65.9061150">
    <ele>1587.6</ele>
   </trkpt>
   <trkpt lat="-28.0921440" lon="-65.9061260">
    <ele>1587.8</ele>
   </trkpt>
   <trkpt lat="-28.0921350" lon="-65.9061370">
    <ele>1587.7</ele>
   </trkpt>
   <trkpt lat="-28.0921250" lon="-65.9061470">
    <ele>1587.7</ele>
   </trkpt>
   <trkpt lat="-28.0921170" lon="-65.9061590">
    <ele>1589.1</ele>
   </trkpt>
   <trkpt lat="-28.0921100" lon="-65.9061700">
    <ele>1589.1</ele>
   </trkpt>
   <trkpt lat="-28.0921020" lon="-65.9061830">
    <ele>1589.1</ele>
   </trkpt>
   <trkpt lat="-28.0920950" lon="-65.9061960">
    <ele>1589.1</ele>
   </trkpt>
   <trkpt lat="-28.0920880" lon="-65.9062070">
    <ele>1589.0</ele>
   </trkpt>
   <trkpt lat="-28.0920810" lon="-65.9062190">
    <ele>1590.2</ele>
   </trkpt>
   <trkpt lat="-28.0920740" lon="-65.9062310">
    <ele>1590.1</ele>
   </trkpt>
   <trkpt lat="-28.0920670" lon="-65.9062420">
    <ele>1590.1</ele>
   </trkpt>
   <trkpt lat="-28.0920600" lon="-65.9062530">
    <ele>1590.1</ele>
   </trkpt>
   <trkpt lat="-28.0920520" lon="-65.9062640">
    <ele>1590.1</ele>
   </trkpt>
   <trkpt lat="-28.0920430" lon="-65.9062740">
    <ele>1591.1</ele>
   </trkpt>
   <trkpt lat="-28.0920340" lon="-65.9062840">
    <ele>1591.1</ele>
   </trkpt>
   <trkpt lat="-28.0920250" lon="-65.9062910">
    <ele>1591.1</ele>
   </trkpt>
   <trkpt lat="-28.0920160" lon="-65.9062980">
    <ele>1591.1</ele>
   </trkpt>
   <trkpt lat="-28.0920070" lon="-65.9063010">
    <ele>1592.0</ele>
   </trkpt>
   <trkpt lat="-28.0919980" lon="-65.9063030">
    <ele>1592.0</ele>
   </trkpt>
   <trkpt lat="-28.0919910" lon="-65.9062970">
    <ele>1592.0</ele>
   </trkpt>
   <trkpt lat="-28.0919850" lon="-65.9062910">
    <ele>1591.9</ele>
   </trkpt>
   <trkpt lat="-28.0919820" lon="-65.9062780">
    <ele>1591.9</ele>
   </trkpt>
   <trkpt lat="-28.0919780" lon="-65.9062660">
    <ele>1591.8</ele>
   </trkpt>
   <trkpt lat="-28.0919760" lon="-65.9062510">
    <ele>1591.8</ele>
   </trkpt>
   <trkpt lat="-28.0919740" lon="-65.9062370">
    <ele>1591.7</ele>
   </trkpt>
   <trkpt lat="-28.0919740" lon="-65.9062230">
    <ele>1591.7</ele>
   </trkpt>
   <trkpt lat="-28.0919740" lon="-65.9062090">
    <ele>1591.8</ele>
   </trkpt>
   <trkpt lat="-28.0919750" lon="-65.9061940">
    <ele>1591.8</ele>
   </trkpt>
   <trkpt lat="-28.0919770" lon="-65.9061800">
    <ele>1591.7</ele>
   </trkpt>
   <trkpt lat="-28.0919780" lon="-65.9061650">
    <ele>1591.9</ele>
   </trkpt>
   <trkpt lat="-28.0919800" lon="-65.9061510">
    <ele>1591.8</ele>
   </trkpt>
   <trkpt lat="-28.0919800" lon="-65.9061360">
    <ele>1591.8</ele>
   </trkpt>
   <trkpt lat="-28.0919810" lon="-65.9061210">
    <ele>1591.9</ele>
   </trkpt>
   <trkpt lat="-28.0919820" lon="-65.9061070">
    <ele>1591.9</ele>
   </trkpt>
   <trkpt lat="-28.0919820" lon="-65.9060930">
    <ele>1591.9</ele>
   </trkpt>
   <trkpt lat="-28.0919820" lon="-65.9060800">
    <ele>1591.8</ele>
   </trkpt>
   <trkpt lat="-28.0919820" lon="-65.9060670">
    <ele>1591.8</ele>
   </trkpt>
   <trkpt lat="-28.0919830" lon="-65.9060550">
    <ele>1591.8</ele>
   </trkpt>
   <trkpt lat="-28.0919850" lon="-65.9060440">
    <ele>1591.8</ele>
   </trkpt>
   <trkpt lat="-28.0919900" lon="-65.9060330">
    <ele>1591.5</ele>
   </trkpt>
   <trkpt lat="-28.0919940" lon="-65.9060220">
    <ele>1591.5</ele>
   </trkpt>
   <trkpt lat="-28.0920000" lon="-65.9060090">
    <ele>1591.5</ele>
   </trkpt>
   <trkpt lat="-28.0920060" lon="-65.9059970">
    <ele>1591.4</ele>
   </trkpt>
   <trkpt lat="-28.0920100" lon="-65.9059830">
    <ele>1589.6</ele>
   </trkpt>
   <trkpt lat="-28.0920150" lon="-65.9059690">
    <ele>1589.6</ele>
   </trkpt>
   <trkpt lat="-28.0920170" lon="-65.9059540">
    <ele>1589.6</ele>
   </trkpt>
   <trkpt lat="-28.0920180" lon="-65.9059400">
    <ele>1589.0</ele>
   </trkpt>
   <trkpt lat="-28.0920180" lon="-65.9059250">
    <ele>1589.0</ele>
   </trkpt>
   <trkpt lat="-28.0920180" lon="-65.9059100">
    <ele>1589.0</ele>
   </trkpt>
   <trkpt lat="-28.0920180" lon="-65.9058940">
    <ele>1588.4</ele>
   </trkpt>
   <trkpt lat="-28.0920170" lon="-65.9058780">
    <ele>1588.4</ele>
   </trkpt>
   <trkpt lat="-28.0920160" lon="-65.9058600">
    <ele>1588.0</ele>
   </trkpt>
   <trkpt lat="-28.0920140" lon="-65.9058420">
    <ele>1588.0</ele>
   </trkpt>
   <trkpt lat="-28.0920130" lon="-65.9058220">
    <ele>1587.8</ele>
   </trkpt>
   <trkpt lat="-28.0920110" lon="-65.9058020">
    <ele>1587.8</ele>
   </trkpt>
   <trkpt lat="-28.0920110" lon="-65.9057780">
    <ele>1587.6</ele>
   </trkpt>
   <trkpt lat="-28.0920120" lon="-65.9057540">
    <ele>1587.6</ele>
   </trkpt>
   <trkpt lat="-28.0920150" lon="-65.9057260">
    <ele>1587.5</ele>
   </trkpt>
   <trkpt lat="-28.0920180" lon="-65.9056970">
    <ele>1587.3</ele>
   </trkpt>
   <trkpt lat="-28.0920220" lon="-65.9056680">
    <ele>1587.2</ele>
   </trkpt>
   <trkpt lat="-28.0920250" lon="-65.9056390">
    <ele>1587.1</ele>
   </trkpt>
   <trkpt lat="-28.0920300" lon="-65.9056100">
    <ele>1586.9</ele>
   </trkpt>
   <trkpt lat="-28.0920340" lon="-65.9055820">
    <ele>1586.8</ele>
   </trkpt>
   <trkpt lat="-28.0920390" lon="-65.9055530">
    <ele>1586.7</ele>
   </trkpt>
   <trkpt lat="-28.0920450" lon="-65.9055230">
    <ele>1586.5</ele>
   </trkpt>
   <trkpt lat="-28.0920500" lon="-65.9054940">
    <ele>1586.4</ele>
   </trkpt>
   <trkpt lat="-28.0920550" lon="-65.9054640">
    <ele>1586.2</ele>
   </trkpt>
   <trkpt lat="-28.0920560" lon="-65.9054350">
    <ele>1586.0</ele>
   </trkpt>
   <trkpt lat="-28.0920570" lon="-65.9054060">
    <ele>1585.9</ele>
   </trkpt>
   <trkpt lat="-28.0920530" lon="-65.9053790">
    <ele>1585.7</ele>
   </trkpt>
   <trkpt lat="-28.0920490" lon="-65.9053520">
    <ele>1585.6</ele>
   </trkpt>
   <trkpt lat="-28.0920390" lon="-65.9053290">
    <ele>1585.4</ele>
   </trkpt>
   <trkpt lat="-28.0920280" lon="-65.9053060">
    <ele>1585.2</ele>
   </trkpt>
   <trkpt lat="-28.0920120" lon="-65.9052860">
    <ele>1585.1</ele>
   </trkpt>
   <trkpt lat="-28.0919960" lon="-65.9052650">
    <ele>1584.9</ele>
   </trkpt>
   <trkpt lat="-28.0919730" lon="-65.9052470">
    <ele>1584.7</ele>
   </trkpt>
   <trkpt lat="-28.0919510" lon="-65.9052290">
    <ele>1584.5</ele>
   </trkpt>
   <trkpt lat="-28.0919220" lon="-65.9052130">
    <ele>1584.3</ele>
   </trkpt>
   <trkpt lat="-28.0918940" lon="-65.9051970">
    <ele>1584.1</ele>
   </trkpt>
   <trkpt lat="-28.0918630" lon="-65.9051820">
    <ele>1583.8</ele>
   </trkpt>
   <trkpt lat="-28.0918330" lon="-65.9051670">
    <ele>1583.6</ele>
   </trkpt>
   <trkpt lat="-28.0918010" lon="-65.9051500">
    <ele>1583.3</ele>
   </trkpt>
   <trkpt lat="-28.0917700" lon="-65.9051340">
    <ele>1583.1</ele>
   </trkpt>
   <trkpt lat="-28.0917390" lon="-65.9051170">
    <ele>1582.9</ele>
   </trkpt>
   <trkpt lat="-28.0917080" lon="-65.9051000">
    <ele>1582.6</ele>
   </trkpt>
   <trkpt lat="-28.0916770" lon="-65.9050860">
    <ele>1582.4</ele>
   </trkpt>
   <trkpt lat="-28.0916470" lon="-65.9050730">
    <ele>1582.2</ele>
   </trkpt>
   <trkpt lat="-28.0916160" lon="-65.9050620">
    <ele>1581.9</ele>
   </trkpt>
   <trkpt lat="-28.0915850" lon="-65.9050510">
    <ele>1581.7</ele>
   </trkpt>
   <trkpt lat="-28.0915540" lon="-65.9050430">
    <ele>1581.5</ele>
   </trkpt>
   <trkpt lat="-28.0915230" lon="-65.9050340">
    <ele>1581.4</ele>
   </trkpt>
   <trkpt lat="-28.0914930" lon="-65.9050230">
    <ele>1581.2</ele>
   </trkpt>
   <trkpt lat="-28.0914620" lon="-65.9050130">
    <ele>1581.0</ele>
   </trkpt>
   <trkpt lat="-28.0914310" lon="-65.9050020">
    <ele>1580.8</ele>
   </trkpt>
   <trkpt lat="-28.0914000" lon="-65.9049900">
    <ele>1580.7</ele>
   </trkpt>
   <trkpt lat="-28.0913690" lon="-65.9049790">
    <ele>1580.5</ele>
   </trkpt>
   <trkpt lat="-28.0913370" lon="-65.9049670">
    <ele>1580.4</ele>
   </trkpt>
   <trkpt lat="-28.0913060" lon="-65.9049530">
    <ele>1580.2</ele>
   </trkpt>
   <trkpt lat="-28.0912750" lon="-65.9049400">
    <ele>1580.0</ele>
   </trkpt>
   <trkpt lat="-28.0912440" lon="-65.9049280">
    <ele>1579.9</ele>
   </trkpt>
   <trkpt lat="-28.0912130" lon="-65.9049170">
    <ele>1579.7</ele>
   </trkpt>
   <trkpt lat="-28.0911840" lon="-65.9049110">
    <ele>1579.6</ele>
   </trkpt>
   <trkpt lat="-28.0911550" lon="-65.9049060">
    <ele>1579.4</ele>
   </trkpt>
   <trkpt lat="-28.0911290" lon="-65.9049050">
    <ele>1579.3</ele>
   </trkpt>
   <trkpt lat="-28.0911030" lon="-65.9049030">
    <ele>1579.2</ele>
   </trkpt>
   <trkpt lat="-28.0910810" lon="-65.9049050">
    <ele>1579.1</ele>
   </trkpt>
   <trkpt lat="-28.0910580" lon="-65.9049060">
    <ele>1579.0</ele>
   </trkpt>
   <trkpt lat="-28.0910360" lon="-65.9049100">
    <ele>1578.9</ele>
   </trkpt>
   <trkpt lat="-28.0910140" lon="-65.9049140">
    <ele>1578.8</ele>
   </trkpt>
   <trkpt lat="-28.0909920" lon="-65.9049220">
    <ele>1578.7</ele>
   </trkpt>
   <trkpt lat="-28.0909700" lon="-65.9049300">
    <ele>1578.6</ele>
   </trkpt>
   <trkpt lat="-28.0909490" lon="-65.9049450">
    <ele>1578.5</ele>
   </trkpt>
   <trkpt lat="-28.0909270" lon="-65.9049600">
    <ele>1578.4</ele>
   </trkpt>
   <trkpt lat="-28.0909050" lon="-65.9049800">
    <ele>1578.3</ele>
   </trkpt>
   <trkpt lat="-28.0908840" lon="-65.9050000">
    <ele>1578.2</ele>
   </trkpt>
   <trkpt lat="-28.0908580" lon="-65.9050140">
    <ele>1578.1</ele>
   </trkpt>
   <trkpt lat="-28.0908330" lon="-65.9050280">
    <ele>1578.0</ele>
   </trkpt>
   <trkpt lat="-28.0908030" lon="-65.9050280">
    <ele>1577.7</ele>
   </trkpt>
   <trkpt lat="-28.0907740" lon="-65.9050280">
    <ele>1577.3</ele>
   </trkpt>
   <trkpt lat="-28.0907420" lon="-65.9050190">
    <ele>1576.8</ele>
   </trkpt>
   <trkpt lat="-28.0907110" lon="-65.9050100">
    <ele>1576.4</ele>
   </trkpt>
   <trkpt lat="-28.0906760" lon="-65.9050000">
    <ele>1575.9</ele>
   </trkpt>
   <trkpt lat="-28.0906410" lon="-65.9049890">
    <ele>1575.4</ele>
   </trkpt>
   <trkpt lat="-28.0906040" lon="-65.9049910">
    <ele>1574.9</ele>
   </trkpt>
   <trkpt lat="-28.0905680" lon="-65.9049920">
    <ele>1574.5</ele>
   </trkpt>
   <trkpt lat="-28.0905370" lon="-65.9050120">
    <ele>1574.1</ele>
   </trkpt>
   <trkpt lat="-28.0905070" lon="-65.9050320">
    <ele>1573.7</ele>
   </trkpt>
   <trkpt lat="-28.0904880" lon="-65.9050680">
    <ele>1573.3</ele>
   </trkpt>
   <trkpt lat="-28.0904700" lon="-65.9051040">
    <ele>1573.0</ele>
   </trkpt>
   <trkpt lat="-28.0904630" lon="-65.9051490">
    <ele>1572.5</ele>
   </trkpt>
   <trkpt lat="-28.0904560" lon="-65.9051930">
    <ele>1572.1</ele>
   </trkpt>
   <trkpt lat="-28.0904580" lon="-65.9052410">
    <ele>1571.7</ele>
   </trkpt>
   <trkpt lat="-28.0904590" lon="-65.9052880">
    <ele>1571.2</ele>
   </trkpt>
   <trkpt lat="-28.0904640" lon="-65.9053350">
    <ele>1570.8</ele>
   </trkpt>
   <trkpt lat="-28.0904700" lon="-65.9053820">
    <ele>1570.4</ele>
   </trkpt>
   <trkpt lat="-28.0904770" lon="-65.9054280">
    <ele>1569.9</ele>
   </trkpt>
   <trkpt lat="-28.0904840" lon="-65.9054740">
    <ele>1569.5</ele>
   </trkpt>
   <trkpt lat="-28.0904900" lon="-65.9055170">
    <ele>1569.1</ele>
   </trkpt>
   <trkpt lat="-28.0904970" lon="-65.9055610">
    <ele>1568.6</ele>
   </trkpt>
   <trkpt lat="-28.0904980" lon="-65.9056040">
    <ele>1568.2</ele>
   </trkpt>
   <trkpt lat="-28.0904990" lon="-65.9056470">
    <ele>1567.7</ele>
   </trkpt>
   <trkpt lat="-28.0904890" lon="-65.9056880">
    <ele>1567.3</ele>
   </trkpt>
   <trkpt lat="-28.0904790" lon="-65.9057290">
    <ele>1566.8</ele>
   </trkpt>
   <trkpt lat="-28.0904560" lon="-65.9057630">
    <ele>1566.4</ele>
   </trkpt>
   <trkpt lat="-28.0904320" lon="-65.9057960">
    <ele>1565.9</ele>
   </trkpt>
   <trkpt lat="-28.0903990" lon="-65.9058050">
    <ele>1565.5</ele>
   </trkpt>
   <trkpt lat="-28.0903670" lon="-65.9058140">
    <ele>1565.1</ele>
   </trkpt>
   <trkpt lat="-28.0903360" lon="-65.9057920">
    <ele>1564.7</ele>
   </trkpt>
   <trkpt lat="-28.0903050" lon="-65.9057700">
    <ele>1564.2</ele>
   </trkpt>
   <trkpt lat="-28.0902820" lon="-65.9057270">
    <ele>1563.7</ele>
   </trkpt>
   <trkpt lat="-28.0902600" lon="-65.9056840">
    <ele>1563.3</ele>
   </trkpt>
   <trkpt lat="-28.0902430" lon="-65.9056340">
    <ele>1562.8</ele>
   </trkpt>
   <trkpt lat="-28.0902260" lon="-65.9055840">
    <ele>1562.4</ele>
   </trkpt>
   <trkpt lat="-28.0902120" lon="-65.9055340">
    <ele>1561.9</ele>
   </trkpt>
   <trkpt lat="-28.0901980" lon="-65.9054840">
    <ele>1561.5</ele>
   </trkpt>
   <trkpt lat="-28.0901850" lon="-65.9054370">
    <ele>1561.1</ele>
   </trkpt>
   <trkpt lat="-28.0901710" lon="-65.9053900">
    <ele>1560.7</ele>
   </trkpt>
   <trkpt lat="-28.0901580" lon="-65.9053440">
    <ele>1560.3</ele>
   </trkpt>
   <trkpt lat="-28.0901440" lon="-65.9052990">
    <ele>1559.9</ele>
   </trkpt>
   <trkpt lat="-28.0901290" lon="-65.9052550">
    <ele>1559.5</ele>
   </trkpt>
   <trkpt lat="-28.0901140" lon="-65.9052120">
    <ele>1559.1</ele>
   </trkpt>
   <trkpt lat="-28.0900940" lon="-65.9051710">
    <ele>1558.6</ele>
   </trkpt>
   <trkpt lat="-28.0900740" lon="-65.9051300">
    <ele>1558.1</ele>
   </trkpt>
   <trkpt lat="-28.0900480" lon="-65.9050940">
    <ele>1557.6</ele>
   </trkpt>
   <trkpt lat="-28.0900230" lon="-65.9050570">
    <ele>1557.1</ele>
   </trkpt>
   <trkpt lat="-28.0899920" lon="-65.9050240">
    <ele>1556.6</ele>
   </trkpt>
   <trkpt lat="-28.0899620" lon="-65.9049920">
    <ele>1556.0</ele>
   </trkpt>
   <trkpt lat="-28.0899280" lon="-65.9049630">
    <ele>1555.4</ele>
   </trkpt>
   <trkpt lat="-28.0898940" lon="-65.9049340">
    <ele>1554.8</ele>
   </trkpt>
   <trkpt lat="-28.0898580" lon="-65.9049070">
    <ele>1554.1</ele>
   </trkpt>
   <trkpt lat="-28.0898220" lon="-65.9048810">
    <ele>1553.5</ele>
   </trkpt>
   <trkpt lat="-28.0897850" lon="-65.9048570">
    <ele>1552.8</ele>
   </trkpt>
   <trkpt lat="-28.0897480" lon="-65.9048330">
    <ele>1552.2</ele>
   </trkpt>
   <trkpt lat="-28.0897090" lon="-65.9048120">
    <ele>1551.6</ele>
   </trkpt>
   <trkpt lat="-28.0896710" lon="-65.9047910">
    <ele>1551.0</ele>
   </trkpt>
   <trkpt lat="-28.0896330" lon="-65.9047690">
    <ele>1550.4</ele>
   </trkpt>
   <trkpt lat="-28.0895960" lon="-65.9047480">
    <ele>1549.8</ele>
   </trkpt>
   <trkpt lat="-28.0895610" lon="-65.9047240">
    <ele>1549.1</ele>
   </trkpt>
   <trkpt lat="-28.0895260" lon="-65.9047000">
    <ele>1548.5</ele>
   </trkpt>
   <trkpt lat="-28.0894930" lon="-65.9046730">
    <ele>1547.8</ele>
   </trkpt>
   <trkpt lat="-28.0894600" lon="-65.9046460">
    <ele>1547.1</ele>
   </trkpt>
   <trkpt lat="-28.0894260" lon="-65.9046180">
    <ele>1546.3</ele>
   </trkpt>
   <trkpt lat="-28.0893930" lon="-65.9045890">
    <ele>1545.6</ele>
   </trkpt>
   <trkpt lat="-28.0893590" lon="-65.9045620">
    <ele>1545.0</ele>
   </trkpt>
   <trkpt lat="-28.0893250" lon="-65.9045340">
    <ele>1544.3</ele>
   </trkpt>
   <trkpt lat="-28.0892910" lon="-65.9045080">
    <ele>1543.7</ele>
   </trkpt>
   <trkpt lat="-28.0892560" lon="-65.9044820">
    <ele>1543.1</ele>
   </trkpt>
   <trkpt lat="-28.0892210" lon="-65.9044560">
    <ele>1542.5</ele>
   </trkpt>
   <trkpt lat="-28.0891860" lon="-65.9044300">
    <ele>1542.0</ele>
   </trkpt>
   <trkpt lat="-28.0891520" lon="-65.9044030">
    <ele>1541.5</ele>
   </trkpt>
   <trkpt lat="-28.0891180" lon="-65.9043770">
    <ele>1541.1</ele>
   </trkpt>
   <trkpt lat="-28.0890840" lon="-65.9043500">
    <ele>1540.6</ele>
   </trkpt>
   <trkpt lat="-28.0890500" lon="-65.9043230">
    <ele>1540.1</ele>
   </trkpt>
   <trkpt lat="-28.0890160" lon="-65.9042990">
    <ele>1539.7</ele>
   </trkpt>
   <trkpt lat="-28.0889810" lon="-65.9042740">
    <ele>1539.2</ele>
   </trkpt>
   <trkpt lat="-28.0889460" lon="-65.9042530">
    <ele>1538.7</ele>
   </trkpt>
   <trkpt lat="-28.0889110" lon="-65.9042320">
    <ele>1538.2</ele>
   </trkpt>
   <trkpt lat="-28.0888740" lon="-65.9042140">
    <ele>1537.7</ele>
   </trkpt>
   <trkpt lat="-28.0888380" lon="-65.9041950">
    <ele>1537.1</ele>
   </trkpt>
   <trkpt lat="-28.0888020" lon="-65.9041800">
    <ele>1536.7</ele>
   </trkpt>
   <trkpt lat="-28.0887660" lon="-65.9041650">
    <ele>1536.2</ele>
   </trkpt>
   <trkpt lat="-28.0887350" lon="-65.9041570">
    <ele>1535.8</ele>
   </trkpt>
   <trkpt lat="-28.0887040" lon="-65.9041490">
    <ele>1535.4</ele>
   </trkpt>
   <trkpt lat="-28.0886800" lon="-65.9041480">
    <ele>1535.1</ele>
   </trkpt>
   <trkpt lat="-28.0886560" lon="-65.9041480">
    <ele>1534.8</ele>
   </trkpt>
   <trkpt lat="-28.0886360" lon="-65.9041450">
    <ele>1534.7</ele>
   </trkpt>
   <trkpt lat="-28.0886150" lon="-65.9041420">
    <ele>1534.5</ele>
   </trkpt>
   <trkpt lat="-28.0885970" lon="-65.9041330">
    <ele>1533.8</ele>
   </trkpt>
   <trkpt lat="-28.0885790" lon="-65.9041240">
    <ele>1533.8</ele>
   </trkpt>
   <trkpt lat="-28.0885600" lon="-65.9041160">
    <ele>1533.4</ele>
   </trkpt>
   <trkpt lat="-28.0885420" lon="-65.9041080">
    <ele>1533.4</ele>
   </trkpt>
   <trkpt lat="-28.0885200" lon="-65.9041020">
    <ele>1532.8</ele>
   </trkpt>
   <trkpt lat="-28.0884970" lon="-65.9040960">
    <ele>1532.8</ele>
   </trkpt>
   <trkpt lat="-28.0884690" lon="-65.9040870">
    <ele>1532.6</ele>
   </trkpt>
   <trkpt lat="-28.0884410" lon="-65.9040770">
    <ele>1532.4</ele>
   </trkpt>
   <trkpt lat="-28.0884110" lon="-65.9040620">
    <ele>1531.9</ele>
   </trkpt>
   <trkpt lat="-28.0883810" lon="-65.9040480">
    <ele>1531.9</ele>
   </trkpt>
   <trkpt lat="-28.0883540" lon="-65.9040330">
    <ele>1531.7</ele>
   </trkpt>
   <trkpt lat="-28.0883270" lon="-65.9040190">
    <ele>1531.2</ele>
   </trkpt>
   <trkpt lat="-28.0883040" lon="-65.9040080">
    <ele>1531.2</ele>
   </trkpt>
   <trkpt lat="-28.0882800" lon="-65.9039980">
    <ele>1531.0</ele>
   </trkpt>
   <trkpt lat="-28.0882560" lon="-65.9039880">
    <ele>1530.8</ele>
   </trkpt>
   <trkpt lat="-28.0882330" lon="-65.9039790">
    <ele>1530.8</ele>
   </trkpt>
   <trkpt lat="-28.0882080" lon="-65.9039640">
    <ele>1530.2</ele>
   </trkpt>
   <trkpt lat="-28.0881840" lon="-65.9039490">
    <ele>1529.9</ele>
   </trkpt>
   <trkpt lat="-28.0881640" lon="-65.9039250">
    <ele>1529.7</ele>
   </trkpt>
   <trkpt lat="-28.0881440" lon="-65.9039010">
    <ele>1529.3</ele>
   </trkpt>
   <trkpt lat="-28.0881280" lon="-65.9038730">
    <ele>1529.1</ele>
   </trkpt>
   <trkpt lat="-28.0881120" lon="-65.9038450">
    <ele>1529.0</ele>
   </trkpt>
   <trkpt lat="-28.0880950" lon="-65.9038180">
    <ele>1528.6</ele>
   </trkpt>
   <trkpt lat="-28.0880780" lon="-65.9037910">
    <ele>1528.5</ele>
   </trkpt>
   <trkpt lat="-28.0880610" lon="-65.9037650">
    <ele>1528.2</ele>
   </trkpt>
   <trkpt lat="-28.0880450" lon="-65.9037390">
    <ele>1528.0</ele>
   </trkpt>
   <trkpt lat="-28.0880320" lon="-65.9037170">
    <ele>1527.3</ele>
   </trkpt>
   <trkpt lat="-28.0880190" lon="-65.9036960">
    <ele>1527.3</ele>
   </trkpt>
   <trkpt lat="-28.0880070" lon="-65.9036830">
    <ele>1527.3</ele>
   </trkpt>
   <trkpt lat="-28.0879950" lon="-65.9036710">
    <ele>1526.2</ele>
   </trkpt>
   <trkpt lat="-28.0879820" lon="-65.9036660">
    <ele>1526.2</ele>
   </trkpt>
   <trkpt lat="-28.0879700" lon="-65.9036610">
    <ele>1526.2</ele>
   </trkpt>
   <trkpt lat="-28.0879530" lon="-65.9036570">
    <ele>1525.5</ele>
   </trkpt>
   <trkpt lat="-28.0879370" lon="-65.9036520">
    <ele>1525.5</ele>
   </trkpt>
   <trkpt lat="-28.0879140" lon="-65.9036420">
    <ele>1525.0</ele>
   </trkpt>
   <trkpt lat="-28.0878910" lon="-65.9036310">
    <ele>1524.5</ele>
   </trkpt>
   <trkpt lat="-28.0878690" lon="-65.9036110">
    <ele>1523.9</ele>
   </trkpt>
   <trkpt lat="-28.0878470" lon="-65.9035910">
    <ele>1523.3</ele>
   </trkpt>
   <trkpt lat="-28.0878280" lon="-65.9035700">
    <ele>1522.8</ele>
   </trkpt>
   <trkpt lat="-28.0878090" lon="-65.9035500">
    <ele>1522.8</ele>
   </trkpt>
   <trkpt lat="-28.0877900" lon="-65.9035310">
    <ele>1521.6</ele>
   </trkpt>
   <trkpt lat="-28.0877700" lon="-65.9035120">
    <ele>1521.6</ele>
   </trkpt>
   <trkpt lat="-28.0877520" lon="-65.9034900">
    <ele>1520.5</ele>
   </trkpt>
   <trkpt lat="-28.0877330" lon="-65.9034670">
    <ele>1520.5</ele>
   </trkpt>
   <trkpt lat="-28.0877210" lon="-65.9034380">
    <ele>1519.8</ele>
   </trkpt>
   <trkpt lat="-28.0877090" lon="-65.9034100">
    <ele>1519.2</ele>
   </trkpt>
   <trkpt lat="-28.0876990" lon="-65.9033750">
    <ele>1518.6</ele>
   </trkpt>
   <trkpt lat="-28.0876890" lon="-65.9033400">
    <ele>1518.7</ele>
   </trkpt>
   <trkpt lat="-28.0876770" lon="-65.9033010">
    <ele>1518.0</ele>
   </trkpt>
   <trkpt lat="-28.0876660" lon="-65.9032630">
    <ele>1517.2</ele>
   </trkpt>
   <trkpt lat="-28.0876500" lon="-65.9032220">
    <ele>1516.5</ele>
   </trkpt>
   <trkpt lat="-28.0876340" lon="-65.9031810">
    <ele>1515.7</ele>
   </trkpt>
   <trkpt lat="-28.0876160" lon="-65.9031370">
    <ele>1515.1</ele>
   </trkpt>
   <trkpt lat="-28.0875990" lon="-65.9030940">
    <ele>1514.4</ele>
   </trkpt>
   <trkpt lat="-28.0875840" lon="-65.9030490">
    <ele>1514.0</ele>
   </trkpt>
   <trkpt lat="-28.0875690" lon="-65.9030040">
    <ele>1513.9</ele>
   </trkpt>
   <trkpt lat="-28.0875560" lon="-65.9029590">
    <ele>1513.6</ele>
   </trkpt>
   <trkpt lat="-28.0875420" lon="-65.9029130">
    <ele>1513.5</ele>
   </trkpt>
   <trkpt lat="-28.0875270" lon="-65.9028670">
    <ele>1513.3</ele>
   </trkpt>
   <trkpt lat="-28.0875120" lon="-65.9028210">
    <ele>1513.1</ele>
   </trkpt>
   <trkpt lat="-28.0874980" lon="-65.9027750">
    <ele>1512.5</ele>
   </trkpt>
   <trkpt lat="-28.0874830" lon="-65.9027290">
    <ele>1512.4</ele>
   </trkpt>
   <trkpt lat="-28.0874720" lon="-65.9026820">
    <ele>1512.4</ele>
   </trkpt>
   <trkpt lat="-28.0874600" lon="-65.9026360">
    <ele>1511.8</ele>
   </trkpt>
   <trkpt lat="-28.0874510" lon="-65.9025890">
    <ele>1511.8</ele>
   </trkpt>
   <trkpt lat="-28.0874420" lon="-65.9025420">
    <ele>1511.7</ele>
   </trkpt>
   <trkpt lat="-28.0874330" lon="-65.9024960">
    <ele>1511.6</ele>
   </trkpt>
   <trkpt lat="-28.0874240" lon="-65.9024500">
    <ele>1511.2</ele>
   </trkpt>
   <trkpt lat="-28.0874170" lon="-65.9023960">
    <ele>1511.3</ele>
   </trkpt>
   <trkpt lat="-28.0874110" lon="-65.9023420">
    <ele>1511.6</ele>
   </trkpt>
   <trkpt lat="-28.0874040" lon="-65.9022880">
    <ele>1511.7</ele>
   </trkpt>
   <trkpt lat="-28.0874040" lon="-65.9022880">
    <ele>1511.7</ele>
   </trkpt>
   <trkpt lat="-28.0874040" lon="-65.9022880">
    <ele>1511.7</ele>
   </trkpt>
   <trkpt lat="-28.0874040" lon="-65.9022880">
    <ele>1511.7</ele>
   </trkpt>
  </trkseg>
 </trk>
</gpx>
