<?xml version="1.0" encoding="UTF-8"?>
<gpx creator="StravaGPX" version="1.1" xmlns="http://www.topografix.com/GPX/1/1" xmlns:xsi="http://www.w3.org/2001/XMLSchema-instance" xsi:schemaLocation="http://www.topografix.com/GPX/1/1 http://www.topografix.com/GPX/1/1/gpx.xsd">
 <trk>
  <name>Thyon-Dixence</name>
  <type>trail_running</type>
  <trkseg>
   <trkpt lat="46.1821940" lon="7.3703350">
    <ele>2101.0</ele>
   </trkpt>
   <trkpt lat="46.1821940" lon="7.3703350">
    <ele>2101.0</ele>
   </trkpt>
   <trkpt lat="46.1821940" lon="7.3703350">
    <ele>2101.0</ele>
   </trkpt>
   <trkpt lat="46.1821940" lon="7.3703810">
    <ele>2101.0</ele>
   </trkpt>
   <trkpt lat="46.1821950" lon="7.3704260">
    <ele>2101.0</ele>
   </trkpt>
   <trkpt lat="46.1821950" lon="7.3704850">
    <ele>2101.0</ele>
   </trkpt>
   <trkpt lat="46.1821930" lon="7.3705190">
    <ele>2101.0</ele>
   </trkpt>
   <trkpt lat="46.1821900" lon="7.3705520">
    <ele>2101.0</ele>
   </trkpt>
   <trkpt lat="46.1821870" lon="7.3705860">
    <ele>2102.0</ele>
   </trkpt>
   <trkpt lat="46.1821770" lon="7.3706940">
    <ele>2102.0</ele>
   </trkpt>
   <trkpt lat="46.1821730" lon="7.3707290">
    <ele>2102.0</ele>
   </trkpt>
   <trkpt lat="46.1821700" lon="7.3707640">
    <ele>2102.0</ele>
   </trkpt>
   <trkpt lat="46.1821660" lon="7.3707990">
    <ele>2103.0</ele>
   </trkpt>
   <trkpt lat="46.1821580" lon="7.3708990">
    <ele>2103.0</ele>
   </trkpt>
   <trkpt lat="46.1821550" lon="7.3709320">
    <ele>2103.0</ele>
   </trkpt>
   <trkpt lat="46.1821520" lon="7.3709650">
    <ele>2103.0</ele>
   </trkpt>
   <trkpt lat="46.1821490" lon="7.3709970">
    <ele>2103.0</ele>
   </trkpt>
   <trkpt lat="46.1821390" lon="7.3710910">
    <ele>2103.0</ele>
   </trkpt>
   <trkpt lat="46.1821360" lon="7.3711220">
    <ele>2103.0</ele>
   </trkpt>
   <trkpt lat="46.1821330" lon="7.3711530">
    <ele>2103.0</ele>
   </trkpt>
   <trkpt lat="46.1821310" lon="7.3711840">
    <ele>2104.0</ele>
   </trkpt>
   <trkpt lat="46.1821330" lon="7.3712780">
    <ele>2104.0</ele>
   </trkpt>
   <trkpt lat="46.1821370" lon="7.3713100">
    <ele>2104.0</ele>
   </trkpt>
   <trkpt lat="46.1821410" lon="7.3713420">
    <ele>2104.0</ele>
   </trkpt>
   <trkpt lat="46.1821450" lon="7.3713730">
    <ele>2105.0</ele>
   </trkpt>
   <trkpt lat="46.1821670" lon="7.3714620">
    <ele>2105.0</ele>
   </trkpt>
   <trkpt lat="46.1821770" lon="7.3714890">
    <ele>2105.0</ele>
   </trkpt>
   <trkpt lat="46.1821880" lon="7.3715160">
    <ele>2105.0</ele>
   </trkpt>
   <trkpt lat="46.1821980" lon="7.3715430">
    <ele>2106.0</ele>
   </trkpt>
   <trkpt lat="46.1822350" lon="7.3716220">
    <ele>2106.0</ele>
   </trkpt>
   <trkpt lat="46.1822470" lon="7.3716480">
    <ele>2106.0</ele>
   </trkpt>
   <trkpt lat="46.1822600" lon="7.3716740">
    <ele>2106.0</ele>
   </trkpt>
   <trkpt lat="46.1822720" lon="7.3717010">
    <ele>2107.0</ele>
   </trkpt>
   <trkpt lat="46.1823120" lon="7.3717760">
    <ele>2107.0</ele>
   </trkpt>
   <trkpt lat="46.1823260" lon="7.3717990">
    <ele>2107.0</ele>
   </trkpt>
   <trkpt lat="46.1823410" lon="7.3718230">
    <ele>2107.0</ele>
   </trkpt>
   <trkpt lat="46.1823550" lon="7.3718460">
    <ele>2108.0</ele>
   </trkpt>
   <trkpt lat="46.1823990" lon="7.3719110">
    <ele>2108.0</ele>
   </trkpt>
   <trkpt lat="46.1824140" lon="7.3719330">
    <ele>2108.0</ele>
   </trkpt>
   <trkpt lat="46.1824300" lon="7.3719540">
    <ele>2108.0</ele>
   </trkpt>
   <trkpt lat="46.1824450" lon="7.3719760">
    <ele>2108.0</ele>
   </trkpt>
   <trkpt lat="46.1824890" lon="7.3720460">
    <ele>2108.0</ele>
   </trkpt>
   <trkpt lat="46.1825000" lon="7.3720730">
    <ele>2108.0</ele>
   </trkpt>
   <trkpt lat="46.1825110" lon="7.3721000">
    <ele>2108.0</ele>
   </trkpt>
   <trkpt lat="46.1825220" lon="7.3721270">
    <ele>2109.0</ele>
   </trkpt>
   <trkpt lat="46.1825330" lon="7.3722180">
    <ele>2109.0</ele>
   </trkpt>
   <trkpt lat="46.1825260" lon="7.3722490">
    <ele>2109.0</ele>
   </trkpt>
   <trkpt lat="46.1825190" lon="7.3722800">
    <ele>2109.0</ele>
   </trkpt>
   <trkpt lat="46.1825120" lon="7.3723110">
    <ele>2110.0</ele>
   </trkpt>
   <trkpt lat="46.1824660" lon="7.3723980">
    <ele>2110.0</ele>
   </trkpt>
   <trkpt lat="46.1824470" lon="7.3724240">
    <ele>2110.0</ele>
   </trkpt>
   <trkpt lat="46.1824270" lon="7.3724500">
    <ele>2110.0</ele>
   </trkpt>
   <trkpt lat="46.1824090" lon="7.3724760">
    <ele>2110.0</ele>
   </trkpt>
   <trkpt lat="46.1823430" lon="7.3725420">
    <ele>2110.0</ele>
   </trkpt>
   <trkpt lat="46.1823170" lon="7.3725580">
    <ele>2110.0</ele>
   </trkpt>
   <trkpt lat="46.1822920" lon="7.3725750">
    <ele>2110.0</ele>
   </trkpt>
   <trkpt lat="46.1822670" lon="7.3725910">
    <ele>2110.0</ele>
   </trkpt>
   <trkpt lat="46.1821890" lon="7.3726210">
    <ele>2110.0</ele>
   </trkpt>
   <trkpt lat="46.1821640" lon="7.3726280">
    <ele>2110.0</ele>
   </trkpt>
   <trkpt lat="46.1821390" lon="7.3726340">
    <ele>2110.0</ele>
   </trkpt>
   <trkpt lat="46.1821140" lon="7.3726400">
    <ele>2110.0</ele>
   </trkpt>
   <trkpt lat="46.1820450" lon="7.3726490">
    <ele>2110.0</ele>
   </trkpt>
   <trkpt lat="46.1820230" lon="7.3726510">
    <ele>2110.0</ele>
   </trkpt>
   <trkpt lat="46.1820010" lon="7.3726520">
    <ele>2110.0</ele>
   </trkpt>
   <trkpt lat="46.1819790" lon="7.3726540">
    <ele>2110.0</ele>
   </trkpt>
   <trkpt lat="46.1819150" lon="7.3726540">
    <ele>2110.0</ele>
   </trkpt>
   <trkpt lat="46.1818940" lon="7.3726560">
    <ele>2110.0</ele>
   </trkpt>
   <trkpt lat="46.1818730" lon="7.3726570">
    <ele>2110.0</ele>
   </trkpt>
   <trkpt lat="46.1818520" lon="7.3726590">
    <ele>2110.0</ele>
   </trkpt>
   <trkpt lat="46.1817850" lon="7.3726820">
    <ele>2109.0</ele>
   </trkpt>
   <trkpt lat="46.1817600" lon="7.3726960">
    <ele>2109.0</ele>
   </trkpt>
   <trkpt lat="46.1817360" lon="7.3727100">
    <ele>2109.0</ele>
   </trkpt>
   <trkpt lat="46.1817110" lon="7.3727240">
    <ele>2109.0</ele>
   </trkpt>
   <trkpt lat="46.1816390" lon="7.3727850">
    <ele>2108.0</ele>
   </trkpt>
   <trkpt lat="46.1816160" lon="7.3728070">
    <ele>2108.0</ele>
   </trkpt>
   <trkpt lat="46.1815920" lon="7.3728290">
    <ele>2107.0</ele>
   </trkpt>
   <trkpt lat="46.1815690" lon="7.3728510">
    <ele>2107.0</ele>
   </trkpt>
   <trkpt lat="46.1815030" lon="7.3729040">
    <ele>2106.0</ele>
   </trkpt>
   <trkpt lat="46.1814810" lon="7.3729160">
    <ele>2106.0</ele>
   </trkpt>
   <trkpt lat="46.1814590" lon="7.3729280">
    <ele>2106.0</ele>
   </trkpt>
   <trkpt lat="46.1814370" lon="7.3729400">
    <ele>2106.0</ele>
   </trkpt>
   <trkpt lat="46.1813690" lon="7.3729540">
    <ele>2105.0</ele>
   </trkpt>
   <trkpt lat="46.1813470" lon="7.3729500">
    <ele>2105.0</ele>
   </trkpt>
   <trkpt lat="46.1813250" lon="7.3729460">
    <ele>2105.0</ele>
   </trkpt>
   <trkpt lat="46.1813030" lon="7.3729420">
    <ele>2105.0</ele>
   </trkpt>
   <trkpt lat="46.1812420" lon="7.3729120">
    <ele>2105.0</ele>
   </trkpt>
   <trkpt lat="46.1812220" lon="7.3729010">
    <ele>2105.0</ele>
   </trkpt>
   <trkpt lat="46.1812020" lon="7.3728900">
    <ele>2105.0</ele>
   </trkpt>
   <trkpt lat="46.1811830" lon="7.3728800">
    <ele>2105.0</ele>
   </trkpt>
   <trkpt lat="46.1811220" lon="7.3728510">
    <ele>2105.0</ele>
   </trkpt>
   <trkpt lat="46.1811010" lon="7.3728420">
    <ele>2105.0</ele>
   </trkpt>
   <trkpt lat="46.1810810" lon="7.3728320">
    <ele>2105.0</ele>
   </trkpt>
   <trkpt lat="46.1810600" lon="7.3728230">
    <ele>2105.0</ele>
   </trkpt>
   <trkpt lat="46.1810020" lon="7.3727840">
    <ele>2105.0</ele>
   </trkpt>
   <trkpt lat="46.1809840" lon="7.3727670">
    <ele>2105.0</ele>
   </trkpt>
   <trkpt lat="46.1809660" lon="7.3727500">
    <ele>2105.0</ele>
   </trkpt>
   <trkpt lat="46.1809480" lon="7.3727330">
    <ele>2105.0</ele>
   </trkpt>
   <trkpt lat="46.1809040" lon="7.3726730">
    <ele>2105.0</ele>
   </trkpt>
   <trkpt lat="46.1808920" lon="7.3726500">
    <ele>2105.0</ele>
   </trkpt>
   <trkpt lat="46.1808800" lon="7.3726270">
    <ele>2105.0</ele>
   </trkpt>
   <trkpt lat="46.1808680" lon="7.3726040">
    <ele>2105.0</ele>
   </trkpt>
   <trkpt lat="46.1808380" lon="7.3725290">
    <ele>2105.0</ele>
   </trkpt>
   <trkpt lat="46.1808290" lon="7.3725030">
    <ele>2105.0</ele>
   </trkpt>
   <trkpt lat="46.1808190" lon="7.3724780">
    <ele>2105.0</ele>
   </trkpt>
   <trkpt lat="46.1808100" lon="7.3724530">
    <ele>2105.0</ele>
   </trkpt>
   <trkpt lat="46.1807830" lon="7.3723790">
    <ele>2105.0</ele>
   </trkpt>
   <trkpt lat="46.1807730" lon="7.3723580">
    <ele>2105.0</ele>
   </trkpt>
   <trkpt lat="46.1807620" lon="7.3723370">
    <ele>2105.0</ele>
   </trkpt>
   <trkpt lat="46.1807520" lon="7.3723150">
    <ele>2105.0</ele>
   </trkpt>
   <trkpt lat="46.1807190" lon="7.3722590">
    <ele>2105.0</ele>
   </trkpt>
   <trkpt lat="46.1807060" lon="7.3722400">
    <ele>2105.0</ele>
   </trkpt>
   <trkpt lat="46.1806930" lon="7.3722220">
    <ele>2105.0</ele>
   </trkpt>
   <trkpt lat="46.1806690" lon="7.3721850">
    <ele>2105.0</ele>
   </trkpt>
   <trkpt lat="46.1806420" lon="7.3721420">
    <ele>2105.0</ele>
   </trkpt>
   <trkpt lat="46.1806290" lon="7.3721210">
    <ele>2105.0</ele>
   </trkpt>
   <trkpt lat="46.1806150" lon="7.3721010">
    <ele>2105.0</ele>
   </trkpt>
   <trkpt lat="46.1806020" lon="7.3720800">
    <ele>2106.0</ele>
   </trkpt>
   <trkpt lat="46.1805530" lon="7.3720360">
    <ele>2106.0</ele>
   </trkpt>
   <trkpt lat="46.1805320" lon="7.3720270">
    <ele>2106.0</ele>
   </trkpt>
   <trkpt lat="46.1805120" lon="7.3720190">
    <ele>2106.0</ele>
   </trkpt>
   <trkpt lat="46.1804910" lon="7.3720100">
    <ele>2107.0</ele>
   </trkpt>
   <trkpt lat="46.1804250" lon="7.3719900">
    <ele>2107.0</ele>
   </trkpt>
   <trkpt lat="46.1804020" lon="7.3719820">
    <ele>2107.0</ele>
   </trkpt>
   <trkpt lat="46.1803780" lon="7.3719740">
    <ele>2107.0</ele>
   </trkpt>
   <trkpt lat="46.1803550" lon="7.3719650">
    <ele>2107.0</ele>
   </trkpt>
   <trkpt lat="46.1802850" lon="7.3719400">
    <ele>2107.0</ele>
   </trkpt>
   <trkpt lat="46.1802610" lon="7.3719340">
    <ele>2107.0</ele>
   </trkpt>
   <trkpt lat="46.1802380" lon="7.3719280">
    <ele>2107.0</ele>
   </trkpt>
   <trkpt lat="46.1802150" lon="7.3719210">
    <ele>2107.0</ele>
   </trkpt>
   <trkpt lat="46.1801470" lon="7.3719020">
    <ele>2107.0</ele>
   </trkpt>
   <trkpt lat="46.1801260" lon="7.3718930">
    <ele>2107.0</ele>
   </trkpt>
   <trkpt lat="46.1801050" lon="7.3718840">
    <ele>2107.0</ele>
   </trkpt>
   <trkpt lat="46.1800840" lon="7.3718750">
    <ele>2107.0</ele>
   </trkpt>
   <trkpt lat="46.1800250" lon="7.3718390">
    <ele>2107.0</ele>
   </trkpt>
   <trkpt lat="46.1800070" lon="7.3718260">
    <ele>2107.0</ele>
   </trkpt>
   <trkpt lat="46.1799880" lon="7.3718130">
    <ele>2107.0</ele>
   </trkpt>
   <trkpt lat="46.1799700" lon="7.3718000">
    <ele>2107.0</ele>
   </trkpt>
   <trkpt lat="46.1799180" lon="7.3717540">
    <ele>2107.0</ele>
   </trkpt>
   <trkpt lat="46.1799020" lon="7.3717370">
    <ele>2107.0</ele>
   </trkpt>
   <trkpt lat="46.1798860" lon="7.3717200">
    <ele>2107.0</ele>
   </trkpt>
   <trkpt lat="46.1798700" lon="7.3717030">
    <ele>2108.0</ele>
   </trkpt>
   <trkpt lat="46.1798240" lon="7.3716480">
    <ele>2108.0</ele>
   </trkpt>
   <trkpt lat="46.1798080" lon="7.3716310">
    <ele>2108.0</ele>
   </trkpt>
   <trkpt lat="46.1797920" lon="7.3716130">
    <ele>2108.0</ele>
   </trkpt>
   <trkpt lat="46.1797760" lon="7.3715960">
    <ele>2109.0</ele>
   </trkpt>
   <trkpt lat="46.1797250" lon="7.3715560">
    <ele>2109.0</ele>
   </trkpt>
   <trkpt lat="46.1797070" lon="7.3715520">
    <ele>2109.0</ele>
   </trkpt>
   <trkpt lat="46.1796890" lon="7.3715470">
    <ele>2109.0</ele>
   </trkpt>
   <trkpt lat="46.1796710" lon="7.3715430">
    <ele>2109.0</ele>
   </trkpt>
   <trkpt lat="46.1796180" lon="7.3715580">
    <ele>2109.0</ele>
   </trkpt>
   <trkpt lat="46.1796010" lon="7.3715690">
    <ele>2110.0</ele>
   </trkpt>
   <trkpt lat="46.1795750" lon="7.3715880">
    <ele>2110.0</ele>
   </trkpt>
   <trkpt lat="46.1795480" lon="7.3716070">
    <ele>2111.0</ele>
   </trkpt>
   <trkpt lat="46.1795220" lon="7.3716260">
    <ele>2111.0</ele>
   </trkpt>
   <trkpt lat="46.1795070" lon="7.3716390">
    <ele>2111.0</ele>
   </trkpt>
   <trkpt lat="46.1794920" lon="7.3716520">
    <ele>2111.0</ele>
   </trkpt>
   <trkpt lat="46.1794770" lon="7.3716650">
    <ele>2112.0</ele>
   </trkpt>
   <trkpt lat="46.1794320" lon="7.3717060">
    <ele>2112.0</ele>
   </trkpt>
   <trkpt lat="46.1794170" lon="7.3717200">
    <ele>2112.0</ele>
   </trkpt>
   <trkpt lat="46.1794030" lon="7.3717340">
    <ele>2112.0</ele>
   </trkpt>
   <trkpt lat="46.1793880" lon="7.3717480">
    <ele>2113.0</ele>
   </trkpt>
   <trkpt lat="46.1793470" lon="7.3717880">
    <ele>2113.0</ele>
   </trkpt>
   <trkpt lat="46.1793330" lon="7.3718010">
    <ele>2114.0</ele>
   </trkpt>
   <trkpt lat="46.1793200" lon="7.3718150">
    <ele>2114.0</ele>
   </trkpt>
   <trkpt lat="46.1793070" lon="7.3718280">
    <ele>2115.0</ele>
   </trkpt>
   <trkpt lat="46.1792690" lon="7.3718700">
    <ele>2115.0</ele>
   </trkpt>
   <trkpt lat="46.1792560" lon="7.3718830">
    <ele>2115.0</ele>
   </trkpt>
   <trkpt lat="46.1792430" lon="7.3718960">
    <ele>2115.0</ele>
   </trkpt>
   <trkpt lat="46.1792310" lon="7.3719090">
    <ele>2116.0</ele>
   </trkpt>
   <trkpt lat="46.1791910" lon="7.3719430">
    <ele>2116.0</ele>
   </trkpt>
   <trkpt lat="46.1791760" lon="7.3719540">
    <ele>2116.0</ele>
   </trkpt>
   <trkpt lat="46.1791620" lon="7.3719650">
    <ele>2116.0</ele>
   </trkpt>
   <trkpt lat="46.1791470" lon="7.3719760">
    <ele>2117.0</ele>
   </trkpt>
   <trkpt lat="46.1791040" lon="7.3720050">
    <ele>2117.0</ele>
   </trkpt>
   <trkpt lat="46.1790900" lon="7.3720150">
    <ele>2118.0</ele>
   </trkpt>
   <trkpt lat="46.1790760" lon="7.3720250">
    <ele>2118.0</ele>
   </trkpt>
   <trkpt lat="46.1790620" lon="7.3720350">
    <ele>2119.0</ele>
   </trkpt>
   <trkpt lat="46.1790220" lon="7.3720730">
    <ele>2119.0</ele>
   </trkpt>
   <trkpt lat="46.1790090" lon="7.3720870">
    <ele>2119.0</ele>
   </trkpt>
   <trkpt lat="46.1789970" lon="7.3721000">
    <ele>2119.0</ele>
   </trkpt>
   <trkpt lat="46.1789840" lon="7.3721140">
    <ele>2120.0</ele>
   </trkpt>
   <trkpt lat="46.1789470" lon="7.3721570">
    <ele>2120.0</ele>
   </trkpt>
   <trkpt lat="46.1789350" lon="7.3721700">
    <ele>2120.0</ele>
   </trkpt>
   <trkpt lat="46.1789230" lon="7.3721830">
    <ele>2120.0</ele>
   </trkpt>
   <trkpt lat="46.1789100" lon="7.3721960">
    <ele>2121.0</ele>
   </trkpt>
   <trkpt lat="46.1788730" lon="7.3722230">
    <ele>2121.0</ele>
   </trkpt>
   <trkpt lat="46.1788590" lon="7.3722290">
    <ele>2122.0</ele>
   </trkpt>
   <trkpt lat="46.1788450" lon="7.3722340">
    <ele>2122.0</ele>
   </trkpt>
   <trkpt lat="46.1788310" lon="7.3722400">
    <ele>2123.0</ele>
   </trkpt>
   <trkpt lat="46.1787850" lon="7.3722370">
    <ele>2123.0</ele>
   </trkpt>
   <trkpt lat="46.1787710" lon="7.3722270">
    <ele>2123.0</ele>
   </trkpt>
   <trkpt lat="46.1787570" lon="7.3722170">
    <ele>2123.0</ele>
   </trkpt>
   <trkpt lat="46.1787430" lon="7.3722070">
    <ele>2124.0</ele>
   </trkpt>
   <trkpt lat="46.1787200" lon="7.3721530">
    <ele>2124.0</ele>
   </trkpt>
   <trkpt lat="46.1787180" lon="7.3721300">
    <ele>2124.0</ele>
   </trkpt>
   <trkpt lat="46.1787160" lon="7.3721080">
    <ele>2124.0</ele>
   </trkpt>
   <trkpt lat="46.1787140" lon="7.3720850">
    <ele>2125.0</ele>
   </trkpt>
   <trkpt lat="46.1787180" lon="7.3720120">
    <ele>2125.0</ele>
   </trkpt>
   <trkpt lat="46.1787220" lon="7.3719900">
    <ele>2126.0</ele>
   </trkpt>
   <trkpt lat="46.1787260" lon="7.3719670">
    <ele>2126.0</ele>
   </trkpt>
   <trkpt lat="46.1787300" lon="7.3719440">
    <ele>2127.0</ele>
   </trkpt>
   <trkpt lat="46.1787460" lon="7.3718810">
    <ele>2127.0</ele>
   </trkpt>
   <trkpt lat="46.1787520" lon="7.3718610">
    <ele>2127.0</ele>
   </trkpt>
   <trkpt lat="46.1787590" lon="7.3718400">
    <ele>2127.0</ele>
   </trkpt>
   <trkpt lat="46.1787650" lon="7.3718200">
    <ele>2128.0</ele>
   </trkpt>
   <trkpt lat="46.1787820" lon="7.3717530">
    <ele>2128.0</ele>
   </trkpt>
   <trkpt lat="46.1787870" lon="7.3717310">
    <ele>2128.0</ele>
   </trkpt>
   <trkpt lat="46.1787920" lon="7.3717090">
    <ele>2128.0</ele>
   </trkpt>
   <trkpt lat="46.1787970" lon="7.3716870">
    <ele>2129.0</ele>
   </trkpt>
   <trkpt lat="46.1788100" lon="7.3716290">
    <ele>2129.0</ele>
   </trkpt>
   <trkpt lat="46.1788150" lon="7.3716090">
    <ele>2129.0</ele>
   </trkpt>
   <trkpt lat="46.1788190" lon="7.3715900">
    <ele>2129.0</ele>
   </trkpt>
   <trkpt lat="46.1788230" lon="7.3715710">
    <ele>2130.0</ele>
   </trkpt>
   <trkpt lat="46.1788300" lon="7.3715080">
    <ele>2130.0</ele>
   </trkpt>
   <trkpt lat="46.1788330" lon="7.3714860">
    <ele>2130.0</ele>
   </trkpt>
   <trkpt lat="46.1788350" lon="7.3714640">
    <ele>2130.0</ele>
   </trkpt>
   <trkpt lat="46.1788380" lon="7.3714430">
    <ele>2131.0</ele>
   </trkpt>
   <trkpt lat="46.1788460" lon="7.3713800">
    <ele>2131.0</ele>
   </trkpt>
   <trkpt lat="46.1788480" lon="7.3713590">
    <ele>2132.0</ele>
   </trkpt>
   <trkpt lat="46.1788500" lon="7.3713380">
    <ele>2132.0</ele>
   </trkpt>
   <trkpt lat="46.1788530" lon="7.3713180">
    <ele>2133.0</ele>
   </trkpt>
   <trkpt lat="46.1788570" lon="7.3712540">
    <ele>2133.0</ele>
   </trkpt>
   <trkpt lat="46.1788570" lon="7.3712320">
    <ele>2133.0</ele>
   </trkpt>
   <trkpt lat="46.1788560" lon="7.3712100">
    <ele>2133.0</ele>
   </trkpt>
   <trkpt lat="46.1788560" lon="7.3711870">
    <ele>2134.0</ele>
   </trkpt>
   <trkpt lat="46.1788490" lon="7.3711200">
    <ele>2134.0</ele>
   </trkpt>
   <trkpt lat="46.1788470" lon="7.3710960">
    <ele>2134.0</ele>
   </trkpt>
   <trkpt lat="46.1788440" lon="7.3710730">
    <ele>2134.0</ele>
   </trkpt>
   <trkpt lat="46.1788410" lon="7.3710500">
    <ele>2135.0</ele>
   </trkpt>
   <trkpt lat="46.1788320" lon="7.3709790">
    <ele>2135.0</ele>
   </trkpt>
   <trkpt lat="46.1788290" lon="7.3709540">
    <ele>2135.0</ele>
   </trkpt>
   <trkpt lat="46.1788260" lon="7.3709300">
    <ele>2135.0</ele>
   </trkpt>
   <trkpt lat="46.1788230" lon="7.3709060">
    <ele>2136.0</ele>
   </trkpt>
   <trkpt lat="46.1788100" lon="7.3708360">
    <ele>2136.0</ele>
   </trkpt>
   <trkpt lat="46.1788060" lon="7.3708120">
    <ele>2136.0</ele>
   </trkpt>
   <trkpt lat="46.1788020" lon="7.3707880">
    <ele>2136.0</ele>
   </trkpt>
   <trkpt lat="46.1787970" lon="7.3707650">
    <ele>2137.0</ele>
   </trkpt>
   <trkpt lat="46.1787790" lon="7.3706940">
    <ele>2137.0</ele>
   </trkpt>
   <trkpt lat="46.1787690" lon="7.3706790">
    <ele>2137.0</ele>
   </trkpt>
   <trkpt lat="46.1787580" lon="7.3706640">
    <ele>2137.0</ele>
   </trkpt>
   <trkpt lat="46.1787480" lon="7.3706500">
    <ele>2137.0</ele>
   </trkpt>
   <trkpt lat="46.1787100" lon="7.3706630">
    <ele>2137.0</ele>
   </trkpt>
   <trkpt lat="46.1787000" lon="7.3706840">
    <ele>2137.0</ele>
   </trkpt>
   <trkpt lat="46.1786900" lon="7.3707060">
    <ele>2137.0</ele>
   </trkpt>
   <trkpt lat="46.1786780" lon="7.3707660">
    <ele>2138.0</ele>
   </trkpt>
   <trkpt lat="46.1786670" lon="7.3708170">
    <ele>2138.0</ele>
   </trkpt>
   <trkpt lat="46.1786650" lon="7.3708480">
    <ele>2138.0</ele>
   </trkpt>
   <trkpt lat="46.1786630" lon="7.3708790">
    <ele>2138.0</ele>
   </trkpt>
   <trkpt lat="46.1786620" lon="7.3709110">
    <ele>2139.0</ele>
   </trkpt>
   <trkpt lat="46.1786560" lon="7.3709970">
    <ele>2139.0</ele>
   </trkpt>
   <trkpt lat="46.1786500" lon="7.3710210">
    <ele>2139.0</ele>
   </trkpt>
   <trkpt lat="46.1786440" lon="7.3710450">
    <ele>2139.0</ele>
   </trkpt>
   <trkpt lat="46.1786380" lon="7.3710690">
    <ele>2139.0</ele>
   </trkpt>
   <trkpt lat="46.1786030" lon="7.3711200">
    <ele>2139.0</ele>
   </trkpt>
   <trkpt lat="46.1785870" lon="7.3711280">
    <ele>2139.0</ele>
   </trkpt>
   <trkpt lat="46.1785720" lon="7.3711350">
    <ele>2139.0</ele>
   </trkpt>
   <trkpt lat="46.1785570" lon="7.3711430">
    <ele>2140.0</ele>
   </trkpt>
   <trkpt lat="46.1785120" lon="7.3711270">
    <ele>2140.0</ele>
   </trkpt>
   <trkpt lat="46.1785010" lon="7.3711110">
    <ele>2140.0</ele>
   </trkpt>
   <trkpt lat="46.1784900" lon="7.3710950">
    <ele>2140.0</ele>
   </trkpt>
   <trkpt lat="46.1784780" lon="7.3710790">
    <ele>2141.0</ele>
   </trkpt>
   <trkpt lat="46.1784590" lon="7.3710160">
    <ele>2141.0</ele>
   </trkpt>
   <trkpt lat="46.1784560" lon="7.3709930">
    <ele>2141.0</ele>
   </trkpt>
   <trkpt lat="46.1784540" lon="7.3709700">
    <ele>2141.0</ele>
   </trkpt>
   <trkpt lat="46.1784510" lon="7.3709470">
    <ele>2142.0</ele>
   </trkpt>
   <trkpt lat="46.1784540" lon="7.3708760">
    <ele>2142.0</ele>
   </trkpt>
   <trkpt lat="46.1784600" lon="7.3708360">
    <ele>2143.0</ele>
   </trkpt>
   <trkpt lat="46.1784650" lon="7.3708030">
    <ele>2143.0</ele>
   </trkpt>
   <trkpt lat="46.1784700" lon="7.3707700">
    <ele>2144.0</ele>
   </trkpt>
   <trkpt lat="46.1784770" lon="7.3707240">
    <ele>2144.0</ele>
   </trkpt>
   <trkpt lat="46.1784830" lon="7.3706990">
    <ele>2144.0</ele>
   </trkpt>
   <trkpt lat="46.1784890" lon="7.3706740">
    <ele>2144.0</ele>
   </trkpt>
   <trkpt lat="46.1784950" lon="7.3706490">
    <ele>2145.0</ele>
   </trkpt>
   <trkpt lat="46.1785150" lon="7.3705840">
    <ele>2145.0</ele>
   </trkpt>
   <trkpt lat="46.1785220" lon="7.3705630">
    <ele>2145.0</ele>
   </trkpt>
   <trkpt lat="46.1785280" lon="7.3705420">
    <ele>2145.0</ele>
   </trkpt>
   <trkpt lat="46.1785350" lon="7.3705220">
    <ele>2146.0</ele>
   </trkpt>
   <trkpt lat="46.1785540" lon="7.3704590">
    <ele>2146.0</ele>
   </trkpt>
   <trkpt lat="46.1785600" lon="7.3704370">
    <ele>2146.0</ele>
   </trkpt>
   <trkpt lat="46.1785670" lon="7.3704150">
    <ele>2146.0</ele>
   </trkpt>
   <trkpt lat="46.1785730" lon="7.3703930">
    <ele>2147.0</ele>
   </trkpt>
   <trkpt lat="46.1785910" lon="7.3703230">
    <ele>2147.0</ele>
   </trkpt>
   <trkpt lat="46.1785950" lon="7.3703000">
    <ele>2147.0</ele>
   </trkpt>
   <trkpt lat="46.1786000" lon="7.3702760">
    <ele>2147.0</ele>
   </trkpt>
   <trkpt lat="46.1786040" lon="7.3702520">
    <ele>2148.0</ele>
   </trkpt>
   <trkpt lat="46.1786140" lon="7.3701810">
    <ele>2148.0</ele>
   </trkpt>
   <trkpt lat="46.1786160" lon="7.3701570">
    <ele>2148.0</ele>
   </trkpt>
   <trkpt lat="46.1786190" lon="7.3701330">
    <ele>2148.0</ele>
   </trkpt>
   <trkpt lat="46.1786210" lon="7.3701090">
    <ele>2149.0</ele>
   </trkpt>
   <trkpt lat="46.1786250" lon="7.3700350">
    <ele>2149.0</ele>
   </trkpt>
   <trkpt lat="46.1786260" lon="7.3700110">
    <ele>2149.0</ele>
   </trkpt>
   <trkpt lat="46.1786280" lon="7.3699870">
    <ele>2149.0</ele>
   </trkpt>
   <trkpt lat="46.1786290" lon="7.3699640">
    <ele>2150.0</ele>
   </trkpt>
   <trkpt lat="46.1786330" lon="7.3698920">
    <ele>2150.0</ele>
   </trkpt>
   <trkpt lat="46.1786340" lon="7.3698680">
    <ele>2150.0</ele>
   </trkpt>
   <trkpt lat="46.1786350" lon="7.3698450">
    <ele>2150.0</ele>
   </trkpt>
   <trkpt lat="46.1786360" lon="7.3698220">
    <ele>2151.0</ele>
   </trkpt>
   <trkpt lat="46.1786410" lon="7.3697530">
    <ele>2151.0</ele>
   </trkpt>
   <trkpt lat="46.1786420" lon="7.3697310">
    <ele>2151.0</ele>
   </trkpt>
   <trkpt lat="46.1786420" lon="7.3697090">
    <ele>2151.0</ele>
   </trkpt>
   <trkpt lat="46.1786430" lon="7.3696870">
    <ele>2152.0</ele>
   </trkpt>
   <trkpt lat="46.1786440" lon="7.3696230">
    <ele>2152.0</ele>
   </trkpt>
   <trkpt lat="46.1786440" lon="7.3696030">
    <ele>2152.0</ele>
   </trkpt>
   <trkpt lat="46.1786440" lon="7.3695840">
    <ele>2152.0</ele>
   </trkpt>
   <trkpt lat="46.1786440" lon="7.3695640">
    <ele>2153.0</ele>
   </trkpt>
   <trkpt lat="46.1786400" lon="7.3695080">
    <ele>2153.0</ele>
   </trkpt>
   <trkpt lat="46.1786380" lon="7.3694880">
    <ele>2153.0</ele>
   </trkpt>
   <trkpt lat="46.1786350" lon="7.3694680">
    <ele>2153.0</ele>
   </trkpt>
   <trkpt lat="46.1786330" lon="7.3694480">
    <ele>2154.0</ele>
   </trkpt>
   <trkpt lat="46.1786250" lon="7.3693850">
    <ele>2154.0</ele>
   </trkpt>
   <trkpt lat="46.1786220" lon="7.3693640">
    <ele>2155.0</ele>
   </trkpt>
   <trkpt lat="46.1786200" lon="7.3693420">
    <ele>2155.0</ele>
   </trkpt>
   <trkpt lat="46.1786170" lon="7.3693200">
    <ele>2156.0</ele>
   </trkpt>
   <trkpt lat="46.1786090" lon="7.3692550">
    <ele>2156.0</ele>
   </trkpt>
   <trkpt lat="46.1786060" lon="7.3692350">
    <ele>2156.0</ele>
   </trkpt>
   <trkpt lat="46.1786020" lon="7.3692150">
    <ele>2156.0</ele>
   </trkpt>
   <trkpt lat="46.1785990" lon="7.3691940">
    <ele>2157.0</ele>
   </trkpt>
   <trkpt lat="46.1785750" lon="7.3691520">
    <ele>2157.0</ele>
   </trkpt>
   <trkpt lat="46.1785630" lon="7.3691510">
    <ele>2157.0</ele>
   </trkpt>
   <trkpt lat="46.1785510" lon="7.3691510">
    <ele>2157.0</ele>
   </trkpt>
   <trkpt lat="46.1785390" lon="7.3691500">
    <ele>2158.0</ele>
   </trkpt>
   <trkpt lat="46.1785010" lon="7.3691890">
    <ele>2158.0</ele>
   </trkpt>
   <trkpt lat="46.1784900" lon="7.3692070">
    <ele>2158.0</ele>
   </trkpt>
   <trkpt lat="46.1784790" lon="7.3692260">
    <ele>2158.0</ele>
   </trkpt>
   <trkpt lat="46.1784680" lon="7.3692450">
    <ele>2159.0</ele>
   </trkpt>
   <trkpt lat="46.1784360" lon="7.3692980">
    <ele>2159.0</ele>
   </trkpt>
   <trkpt lat="46.1784240" lon="7.3693110">
    <ele>2159.0</ele>
   </trkpt>
   <trkpt lat="46.1784110" lon="7.3693250">
    <ele>2159.0</ele>
   </trkpt>
   <trkpt lat="46.1783990" lon="7.3693380">
    <ele>2160.0</ele>
   </trkpt>
   <trkpt lat="46.1783540" lon="7.3693610">
    <ele>2160.0</ele>
   </trkpt>
   <trkpt lat="46.1783380" lon="7.3693640">
    <ele>2160.0</ele>
   </trkpt>
   <trkpt lat="46.1783220" lon="7.3693670">
    <ele>2160.0</ele>
   </trkpt>
   <trkpt lat="46.1783060" lon="7.3693700">
    <ele>2161.0</ele>
   </trkpt>
   <trkpt lat="46.1782580" lon="7.3693710">
    <ele>2161.0</ele>
   </trkpt>
   <trkpt lat="46.1782430" lon="7.3693710">
    <ele>2161.0</ele>
   </trkpt>
   <trkpt lat="46.1782270" lon="7.3693710">
    <ele>2161.0</ele>
   </trkpt>
   <trkpt lat="46.1782120" lon="7.3693720">
    <ele>2162.0</ele>
   </trkpt>
   <trkpt lat="46.1781630" lon="7.3693760">
    <ele>2162.0</ele>
   </trkpt>
   <trkpt lat="46.1781460" lon="7.3693790">
    <ele>2162.0</ele>
   </trkpt>
   <trkpt lat="46.1781290" lon="7.3693820">
    <ele>2162.0</ele>
   </trkpt>
   <trkpt lat="46.1781130" lon="7.3693850">
    <ele>2163.0</ele>
   </trkpt>
   <trkpt lat="46.1780650" lon="7.3694020">
    <ele>2163.0</ele>
   </trkpt>
   <trkpt lat="46.1780500" lon="7.3694080">
    <ele>2163.0</ele>
   </trkpt>
   <trkpt lat="46.1780360" lon="7.3694150">
    <ele>2163.0</ele>
   </trkpt>
   <trkpt lat="46.1780210" lon="7.3694210">
    <ele>2164.0</ele>
   </trkpt>
   <trkpt lat="46.1779810" lon="7.3694460">
    <ele>2164.0</ele>
   </trkpt>
   <trkpt lat="46.1779680" lon="7.3694560">
    <ele>2164.0</ele>
   </trkpt>
   <trkpt lat="46.1779550" lon="7.3694650">
    <ele>2164.0</ele>
   </trkpt>
   <trkpt lat="46.1779420" lon="7.3694750">
    <ele>2165.0</ele>
   </trkpt>
   <trkpt lat="46.1779000" lon="7.3695010">
    <ele>2165.0</ele>
   </trkpt>
   <trkpt lat="46.1778870" lon="7.3695080">
    <ele>2165.0</ele>
   </trkpt>
   <trkpt lat="46.1778730" lon="7.3695150">
    <ele>2165.0</ele>
   </trkpt>
   <trkpt lat="46.1778590" lon="7.3695220">
    <ele>2166.0</ele>
   </trkpt>
   <trkpt lat="46.1778180" lon="7.3695370">
    <ele>2166.0</ele>
   </trkpt>
   <trkpt lat="46.1778030" lon="7.3695380">
    <ele>2166.0</ele>
   </trkpt>
   <trkpt lat="46.1777880" lon="7.3695410">
    <ele>2166.0</ele>
   </trkpt>
   <trkpt lat="46.1777740" lon="7.3695430">
    <ele>2167.0</ele>
   </trkpt>
   <trkpt lat="46.1777260" lon="7.3695410">
    <ele>2167.0</ele>
   </trkpt>
   <trkpt lat="46.1777090" lon="7.3695380">
    <ele>2167.0</ele>
   </trkpt>
   <trkpt lat="46.1776930" lon="7.3695350">
    <ele>2167.0</ele>
   </trkpt>
   <trkpt lat="46.1776760" lon="7.3695320">
    <ele>2168.0</ele>
   </trkpt>
   <trkpt lat="46.1776250" lon="7.3695210">
    <ele>2168.0</ele>
   </trkpt>
   <trkpt lat="46.1776080" lon="7.3695180">
    <ele>2168.0</ele>
   </trkpt>
   <trkpt lat="46.1775910" lon="7.3695140">
    <ele>2168.0</ele>
   </trkpt>
   <trkpt lat="46.1775740" lon="7.3695110">
    <ele>2169.0</ele>
   </trkpt>
   <trkpt lat="46.1775220" lon="7.3695030">
    <ele>2169.0</ele>
   </trkpt>
   <trkpt lat="46.1775050" lon="7.3695020">
    <ele>2169.0</ele>
   </trkpt>
   <trkpt lat="46.1774870" lon="7.3695020">
    <ele>2169.0</ele>
   </trkpt>
   <trkpt lat="46.1774550" lon="7.3695030">
    <ele>2170.0</ele>
   </trkpt>
   <trkpt lat="46.1774160" lon="7.3695050">
    <ele>2170.0</ele>
   </trkpt>
   <trkpt lat="46.1773980" lon="7.3695080">
    <ele>2170.0</ele>
   </trkpt>
   <trkpt lat="46.1773800" lon="7.3695110">
    <ele>2170.0</ele>
   </trkpt>
   <trkpt lat="46.1773610" lon="7.3695130">
    <ele>2171.0</ele>
   </trkpt>
   <trkpt lat="46.1773060" lon="7.3695300">
    <ele>2171.0</ele>
   </trkpt>
   <trkpt lat="46.1772890" lon="7.3695390">
    <ele>2171.0</ele>
   </trkpt>
   <trkpt lat="46.1772710" lon="7.3695480">
    <ele>2171.0</ele>
   </trkpt>
   <trkpt lat="46.1772540" lon="7.3695570">
    <ele>2171.0</ele>
   </trkpt>
   <trkpt lat="46.1772030" lon="7.3695930">
    <ele>2171.0</ele>
   </trkpt>
   <trkpt lat="46.1771860" lon="7.3696050">
    <ele>2171.0</ele>
   </trkpt>
   <trkpt lat="46.1771680" lon="7.3696180">
    <ele>2171.0</ele>
   </trkpt>
   <trkpt lat="46.1771510" lon="7.3696300">
    <ele>2172.0</ele>
   </trkpt>
   <trkpt lat="46.1770940" lon="7.3696630">
    <ele>2172.0</ele>
   </trkpt>
   <trkpt lat="46.1770740" lon="7.3696730">
    <ele>2172.0</ele>
   </trkpt>
   <trkpt lat="46.1770540" lon="7.3696820">
    <ele>2172.0</ele>
   </trkpt>
   <trkpt lat="46.1770340" lon="7.3696910">
    <ele>2172.0</ele>
   </trkpt>
   <trkpt lat="46.1769730" lon="7.3697100">
    <ele>2172.0</ele>
   </trkpt>
   <trkpt lat="46.1769520" lon="7.3697120">
    <ele>2172.0</ele>
   </trkpt>
   <trkpt lat="46.1769310" lon="7.3697140">
    <ele>2172.0</ele>
   </trkpt>
   <trkpt lat="46.1769100" lon="7.3697160">
    <ele>2172.0</ele>
   </trkpt>
   <trkpt lat="46.1768480" lon="7.3697100">
    <ele>2172.0</ele>
   </trkpt>
   <trkpt lat="46.1768270" lon="7.3697060">
    <ele>2172.0</ele>
   </trkpt>
   <trkpt lat="46.1768060" lon="7.3697010">
    <ele>2172.0</ele>
   </trkpt>
   <trkpt lat="46.1767850" lon="7.3696970">
    <ele>2172.0</ele>
   </trkpt>
   <trkpt lat="46.1767210" lon="7.3696860">
    <ele>2172.0</ele>
   </trkpt>
   <trkpt lat="46.1766990" lon="7.3696890">
    <ele>2172.0</ele>
   </trkpt>
   <trkpt lat="46.1766770" lon="7.3696920">
    <ele>2172.0</ele>
   </trkpt>
   <trkpt lat="46.1766560" lon="7.3696950">
    <ele>2172.0</ele>
   </trkpt>
   <trkpt lat="46.1765910" lon="7.3697270">
    <ele>2172.0</ele>
   </trkpt>
   <trkpt lat="46.1765710" lon="7.3697410">
    <ele>2172.0</ele>
   </trkpt>
   <trkpt lat="46.1765510" lon="7.3697560">
    <ele>2172.0</ele>
   </trkpt>
   <trkpt lat="46.1765300" lon="7.3697710">
    <ele>2172.0</ele>
   </trkpt>
   <trkpt lat="46.1764730" lon="7.3698230">
    <ele>2172.0</ele>
   </trkpt>
   <trkpt lat="46.1764550" lon="7.3698420">
    <ele>2172.0</ele>
   </trkpt>
   <trkpt lat="46.1764370" lon="7.3698620">
    <ele>2172.0</ele>
   </trkpt>
   <trkpt lat="46.1764190" lon="7.3698810">
    <ele>2172.0</ele>
   </trkpt>
   <trkpt lat="46.1763640" lon="7.3699370">
    <ele>2172.0</ele>
   </trkpt>
   <trkpt lat="46.1763460" lon="7.3699540">
    <ele>2172.0</ele>
   </trkpt>
   <trkpt lat="46.1763280" lon="7.3699700">
    <ele>2172.0</ele>
   </trkpt>
   <trkpt lat="46.1763100" lon="7.3699870">
    <ele>2172.0</ele>
   </trkpt>
   <trkpt lat="46.1762540" lon="7.3700220">
    <ele>2172.0</ele>
   </trkpt>
   <trkpt lat="46.1762340" lon="7.3700290">
    <ele>2172.0</ele>
   </trkpt>
   <trkpt lat="46.1762150" lon="7.3700350">
    <ele>2172.0</ele>
   </trkpt>
   <trkpt lat="46.1761950" lon="7.3700420">
    <ele>2172.0</ele>
   </trkpt>
   <trkpt lat="46.1761360" lon="7.3700500">
    <ele>2172.0</ele>
   </trkpt>
   <trkpt lat="46.1761150" lon="7.3700490">
    <ele>2172.0</ele>
   </trkpt>
   <trkpt lat="46.1760940" lon="7.3700480">
    <ele>2172.0</ele>
   </trkpt>
   <trkpt lat="46.1760730" lon="7.3700480">
    <ele>2173.0</ele>
   </trkpt>
   <trkpt lat="46.1760080" lon="7.3700390">
    <ele>2173.0</ele>
   </trkpt>
   <trkpt lat="46.1759850" lon="7.3700360">
    <ele>2173.0</ele>
   </trkpt>
   <trkpt lat="46.1759630" lon="7.3700340">
    <ele>2173.0</ele>
   </trkpt>
   <trkpt lat="46.1759410" lon="7.3700310">
    <ele>2173.0</ele>
   </trkpt>
   <trkpt lat="46.1758740" lon="7.3700380">
    <ele>2173.0</ele>
   </trkpt>
   <trkpt lat="46.1758520" lon="7.3700460">
    <ele>2173.0</ele>
   </trkpt>
   <trkpt lat="46.1758290" lon="7.3700550">
    <ele>2173.0</ele>
   </trkpt>
   <trkpt lat="46.1758070" lon="7.3700640">
    <ele>2173.0</ele>
   </trkpt>
   <trkpt lat="46.1757450" lon="7.3701050">
    <ele>2173.0</ele>
   </trkpt>
   <trkpt lat="46.1757240" lon="7.3701190">
    <ele>2173.0</ele>
   </trkpt>
   <trkpt lat="46.1757040" lon="7.3701340">
    <ele>2173.0</ele>
   </trkpt>
   <trkpt lat="46.1756840" lon="7.3701480">
    <ele>2173.0</ele>
   </trkpt>
   <trkpt lat="46.1756230" lon="7.3701900">
    <ele>2173.0</ele>
   </trkpt>
   <trkpt lat="46.1756030" lon="7.3702010">
    <ele>2173.0</ele>
   </trkpt>
   <trkpt lat="46.1755820" lon="7.3702130">
    <ele>2173.0</ele>
   </trkpt>
   <trkpt lat="46.1755620" lon="7.3702250">
    <ele>2173.0</ele>
   </trkpt>
   <trkpt lat="46.1754980" lon="7.3702450">
    <ele>2173.0</ele>
   </trkpt>
   <trkpt lat="46.1754760" lon="7.3702490">
    <ele>2173.0</ele>
   </trkpt>
   <trkpt lat="46.1754530" lon="7.3702530">
    <ele>2173.0</ele>
   </trkpt>
   <trkpt lat="46.1754310" lon="7.3702570">
    <ele>2174.0</ele>
   </trkpt>
   <trkpt lat="46.1753640" lon="7.3702720">
    <ele>2174.0</ele>
   </trkpt>
   <trkpt lat="46.1753420" lon="7.3702800">
    <ele>2174.0</ele>
   </trkpt>
   <trkpt lat="46.1753200" lon="7.3702880">
    <ele>2174.0</ele>
   </trkpt>
   <trkpt lat="46.1752980" lon="7.3702960">
    <ele>2174.0</ele>
   </trkpt>
   <trkpt lat="46.1752320" lon="7.3703230">
    <ele>2174.0</ele>
   </trkpt>
   <trkpt lat="46.1752100" lon="7.3703310">
    <ele>2174.0</ele>
   </trkpt>
   <trkpt lat="46.1751880" lon="7.3703400">
    <ele>2174.0</ele>
   </trkpt>
   <trkpt lat="46.1751670" lon="7.3703480">
    <ele>2174.0</ele>
   </trkpt>
   <trkpt lat="46.1751030" lon="7.3703760">
    <ele>2174.0</ele>
   </trkpt>
   <trkpt lat="46.1750820" lon="7.3703840">
    <ele>2174.0</ele>
   </trkpt>
   <trkpt lat="46.1750610" lon="7.3703930">
    <ele>2174.0</ele>
   </trkpt>
   <trkpt lat="46.1750400" lon="7.3704020">
    <ele>2174.0</ele>
   </trkpt>
   <trkpt lat="46.1749780" lon="7.3704280">
    <ele>2174.0</ele>
   </trkpt>
   <trkpt lat="46.1749580" lon="7.3704360">
    <ele>2174.0</ele>
   </trkpt>
   <trkpt lat="46.1749380" lon="7.3704440">
    <ele>2174.0</ele>
   </trkpt>
   <trkpt lat="46.1749180" lon="7.3704520">
    <ele>2174.0</ele>
   </trkpt>
   <trkpt lat="46.1748560" lon="7.3704830">
    <ele>2174.0</ele>
   </trkpt>
   <trkpt lat="46.1748350" lon="7.3704970">
    <ele>2174.0</ele>
   </trkpt>
   <trkpt lat="46.1748140" lon="7.3705100">
    <ele>2174.0</ele>
   </trkpt>
   <trkpt lat="46.1747930" lon="7.3705240">
    <ele>2174.0</ele>
   </trkpt>
   <trkpt lat="46.1747290" lon="7.3705710">
    <ele>2174.0</ele>
   </trkpt>
   <trkpt lat="46.1747080" lon="7.3705880">
    <ele>2174.0</ele>
   </trkpt>
   <trkpt lat="46.1746860" lon="7.3706050">
    <ele>2174.0</ele>
   </trkpt>
   <trkpt lat="46.1746650" lon="7.3706220">
    <ele>2174.0</ele>
   </trkpt>
   <trkpt lat="46.1746020" lon="7.3706710">
    <ele>2174.0</ele>
   </trkpt>
   <trkpt lat="46.1745830" lon="7.3706870">
    <ele>2174.0</ele>
   </trkpt>
   <trkpt lat="46.1745630" lon="7.3707020">
    <ele>2174.0</ele>
   </trkpt>
   <trkpt lat="46.1745430" lon="7.3707180">
    <ele>2174.0</ele>
   </trkpt>
   <trkpt lat="46.1744850" lon="7.3707680">
    <ele>2174.0</ele>
   </trkpt>
   <trkpt lat="46.1744660" lon="7.3707860">
    <ele>2174.0</ele>
   </trkpt>
   <trkpt lat="46.1744470" lon="7.3708040">
    <ele>2174.0</ele>
   </trkpt>
   <trkpt lat="46.1744280" lon="7.3708220">
    <ele>2174.0</ele>
   </trkpt>
   <trkpt lat="46.1743730" lon="7.3708790">
    <ele>2174.0</ele>
   </trkpt>
   <trkpt lat="46.1743560" lon="7.3708990">
    <ele>2174.0</ele>
   </trkpt>
   <trkpt lat="46.1743390" lon="7.3709190">
    <ele>2174.0</ele>
   </trkpt>
   <trkpt lat="46.1743220" lon="7.3709390">
    <ele>2174.0</ele>
   </trkpt>
   <trkpt lat="46.1742720" lon="7.3709970">
    <ele>2174.0</ele>
   </trkpt>
   <trkpt lat="46.1742540" lon="7.3710120">
    <ele>2174.0</ele>
   </trkpt>
   <trkpt lat="46.1742360" lon="7.3710280">
    <ele>2174.0</ele>
   </trkpt>
   <trkpt lat="46.1742170" lon="7.3710430">
    <ele>2175.0</ele>
   </trkpt>
   <trkpt lat="46.1741600" lon="7.3710800">
    <ele>2175.0</ele>
   </trkpt>
   <trkpt lat="46.1741400" lon="7.3710910">
    <ele>2175.0</ele>
   </trkpt>
   <trkpt lat="46.1741190" lon="7.3711030">
    <ele>2175.0</ele>
   </trkpt>
   <trkpt lat="46.1740990" lon="7.3711140">
    <ele>2175.0</ele>
   </trkpt>
   <trkpt lat="46.1740380" lon="7.3711490">
    <ele>2175.0</ele>
   </trkpt>
   <trkpt lat="46.1740180" lon="7.3711630">
    <ele>2175.0</ele>
   </trkpt>
   <trkpt lat="46.1739980" lon="7.3711760">
    <ele>2175.0</ele>
   </trkpt>
   <trkpt lat="46.1739780" lon="7.3711890">
    <ele>2175.0</ele>
   </trkpt>
   <trkpt lat="46.1739190" lon="7.3712340">
    <ele>2175.0</ele>
   </trkpt>
   <trkpt lat="46.1738990" lon="7.3712500">
    <ele>2175.0</ele>
   </trkpt>
   <trkpt lat="46.1738790" lon="7.3712660">
    <ele>2175.0</ele>
   </trkpt>
   <trkpt lat="46.1738580" lon="7.3712820">
    <ele>2175.0</ele>
   </trkpt>
   <trkpt lat="46.1737980" lon="7.3713300">
    <ele>2175.0</ele>
   </trkpt>
   <trkpt lat="46.1737790" lon="7.3713460">
    <ele>2175.0</ele>
   </trkpt>
   <trkpt lat="46.1737600" lon="7.3713610">
    <ele>2175.0</ele>
   </trkpt>
   <trkpt lat="46.1737410" lon="7.3713770">
    <ele>2176.0</ele>
   </trkpt>
   <trkpt lat="46.1736900" lon="7.3714330">
    <ele>2176.0</ele>
   </trkpt>
   <trkpt lat="46.1736750" lon="7.3714550">
    <ele>2176.0</ele>
   </trkpt>
   <trkpt lat="46.1736600" lon="7.3714780">
    <ele>2176.0</ele>
   </trkpt>
   <trkpt lat="46.1736440" lon="7.3715000">
    <ele>2176.0</ele>
   </trkpt>
   <trkpt lat="46.1736020" lon="7.3715750">
    <ele>2176.0</ele>
   </trkpt>
   <trkpt lat="46.1735880" lon="7.3716000">
    <ele>2176.0</ele>
   </trkpt>
   <trkpt lat="46.1735740" lon="7.3716240">
    <ele>2176.0</ele>
   </trkpt>
   <trkpt lat="46.1735600" lon="7.3716490">
    <ele>2176.0</ele>
   </trkpt>
   <trkpt lat="46.1735120" lon="7.3717090">
    <ele>2176.0</ele>
   </trkpt>
   <trkpt lat="46.1734940" lon="7.3717220">
    <ele>2176.0</ele>
   </trkpt>
   <trkpt lat="46.1734750" lon="7.3717350">
    <ele>2176.0</ele>
   </trkpt>
   <trkpt lat="46.1734570" lon="7.3717480">
    <ele>2176.0</ele>
   </trkpt>
   <trkpt lat="46.1733950" lon="7.3717740">
    <ele>2176.0</ele>
   </trkpt>
   <trkpt lat="46.1733730" lon="7.3717820">
    <ele>2176.0</ele>
   </trkpt>
   <trkpt lat="46.1733510" lon="7.3717910">
    <ele>2176.0</ele>
   </trkpt>
   <trkpt lat="46.1733290" lon="7.3717990">
    <ele>2176.0</ele>
   </trkpt>
   <trkpt lat="46.1732610" lon="7.3718280">
    <ele>2176.0</ele>
   </trkpt>
   <trkpt lat="46.1732380" lon="7.3718380">
    <ele>2176.0</ele>
   </trkpt>
   <trkpt lat="46.1732150" lon="7.3718480">
    <ele>2176.0</ele>
   </trkpt>
   <trkpt lat="46.1731920" lon="7.3718580">
    <ele>2176.0</ele>
   </trkpt>
   <trkpt lat="46.1731240" lon="7.3718890">
    <ele>2176.0</ele>
   </trkpt>
   <trkpt lat="46.1731030" lon="7.3718990">
    <ele>2176.0</ele>
   </trkpt>
   <trkpt lat="46.1730820" lon="7.3719090">
    <ele>2176.0</ele>
   </trkpt>
   <trkpt lat="46.1730610" lon="7.3719200">
    <ele>2176.0</ele>
   </trkpt>
   <trkpt lat="46.1730030" lon="7.3719580">
    <ele>2176.0</ele>
   </trkpt>
   <trkpt lat="46.1729860" lon="7.3719750">
    <ele>2176.0</ele>
   </trkpt>
   <trkpt lat="46.1729690" lon="7.3719910">
    <ele>2176.0</ele>
   </trkpt>
   <trkpt lat="46.1729520" lon="7.3720080">
    <ele>2176.0</ele>
   </trkpt>
   <trkpt lat="46.1729070" lon="7.3720710">
    <ele>2176.0</ele>
   </trkpt>
   <trkpt lat="46.1728940" lon="7.3720940">
    <ele>2176.0</ele>
   </trkpt>
   <trkpt lat="46.1728800" lon="7.3721180">
    <ele>2176.0</ele>
   </trkpt>
   <trkpt lat="46.1728660" lon="7.3721410">
    <ele>2176.0</ele>
   </trkpt>
   <trkpt lat="46.1728230" lon="7.3722110">
    <ele>2176.0</ele>
   </trkpt>
   <trkpt lat="46.1728060" lon="7.3722310">
    <ele>2176.0</ele>
   </trkpt>
   <trkpt lat="46.1727900" lon="7.3722500">
    <ele>2176.0</ele>
   </trkpt>
   <trkpt lat="46.1727740" lon="7.3722690">
    <ele>2177.0</ele>
   </trkpt>
   <trkpt lat="46.1727160" lon="7.3723100">
    <ele>2177.0</ele>
   </trkpt>
   <trkpt lat="46.1726960" lon="7.3723200">
    <ele>2177.0</ele>
   </trkpt>
   <trkpt lat="46.1726750" lon="7.3723300">
    <ele>2177.0</ele>
   </trkpt>
   <trkpt lat="46.1726540" lon="7.3723400">
    <ele>2177.0</ele>
   </trkpt>
   <trkpt lat="46.1725900" lon="7.3723700">
    <ele>2177.0</ele>
   </trkpt>
   <trkpt lat="46.1725690" lon="7.3723820">
    <ele>2177.0</ele>
   </trkpt>
   <trkpt lat="46.1725480" lon="7.3723940">
    <ele>2177.0</ele>
   </trkpt>
   <trkpt lat="46.1725260" lon="7.3724050">
    <ele>2177.0</ele>
   </trkpt>
   <trkpt lat="46.1724660" lon="7.3724460">
    <ele>2177.0</ele>
   </trkpt>
   <trkpt lat="46.1724460" lon="7.3724600">
    <ele>2177.0</ele>
   </trkpt>
   <trkpt lat="46.1724270" lon="7.3724740">
    <ele>2177.0</ele>
   </trkpt>
   <trkpt lat="46.1724070" lon="7.3724870">
    <ele>2177.0</ele>
   </trkpt>
   <trkpt lat="46.1723450" lon="7.3725210">
    <ele>2177.0</ele>
   </trkpt>
   <trkpt lat="46.1723240" lon="7.3725270">
    <ele>2177.0</ele>
   </trkpt>
   <trkpt lat="46.1723030" lon="7.3725330">
    <ele>2177.0</ele>
   </trkpt>
   <trkpt lat="46.1722820" lon="7.3725390">
    <ele>2177.0</ele>
   </trkpt>
   <trkpt lat="46.1722210" lon="7.3725430">
    <ele>2177.0</ele>
   </trkpt>
   <trkpt lat="46.1722010" lon="7.3725440">
    <ele>2177.0</ele>
   </trkpt>
   <trkpt lat="46.1721810" lon="7.3725460">
    <ele>2177.0</ele>
   </trkpt>
   <trkpt lat="46.1721600" lon="7.3725470">
    <ele>2177.0</ele>
   </trkpt>
   <trkpt lat="46.1720980" lon="7.3725660">
    <ele>2177.0</ele>
   </trkpt>
   <trkpt lat="46.1720780" lon="7.3725770">
    <ele>2177.0</ele>
   </trkpt>
   <trkpt lat="46.1720570" lon="7.3725870">
    <ele>2177.0</ele>
   </trkpt>
   <trkpt lat="46.1720370" lon="7.3725980">
    <ele>2177.0</ele>
   </trkpt>
   <trkpt lat="46.1719750" lon="7.3726380">
    <ele>2177.0</ele>
   </trkpt>
   <trkpt lat="46.1719540" lon="7.3726530">
    <ele>2177.0</ele>
   </trkpt>
   <trkpt lat="46.1719330" lon="7.3726680">
    <ele>2177.0</ele>
   </trkpt>
   <trkpt lat="46.1719120" lon="7.3726820">
    <ele>2177.0</ele>
   </trkpt>
   <trkpt lat="46.1718500" lon="7.3727250">
    <ele>2177.0</ele>
   </trkpt>
   <trkpt lat="46.1718290" lon="7.3727360">
    <ele>2177.0</ele>
   </trkpt>
   <trkpt lat="46.1718090" lon="7.3727470">
    <ele>2177.0</ele>
   </trkpt>
   <trkpt lat="46.1717890" lon="7.3727580">
    <ele>2177.0</ele>
   </trkpt>
   <trkpt lat="46.1717330" lon="7.3727740">
    <ele>2177.0</ele>
   </trkpt>
   <trkpt lat="46.1717150" lon="7.3727740">
    <ele>2177.0</ele>
   </trkpt>
   <trkpt lat="46.1716980" lon="7.3727750">
    <ele>2177.0</ele>
   </trkpt>
   <trkpt lat="46.1716800" lon="7.3727750">
    <ele>2178.0</ele>
   </trkpt>
   <trkpt lat="46.1716280" lon="7.3727750">
    <ele>2178.0</ele>
   </trkpt>
   <trkpt lat="46.1716100" lon="7.3727780">
    <ele>2178.0</ele>
   </trkpt>
   <trkpt lat="46.1715920" lon="7.3727820">
    <ele>2178.0</ele>
   </trkpt>
   <trkpt lat="46.1715740" lon="7.3727850">
    <ele>2179.0</ele>
   </trkpt>
   <trkpt lat="46.1715210" lon="7.3728080">
    <ele>2179.0</ele>
   </trkpt>
   <trkpt lat="46.1715050" lon="7.3728170">
    <ele>2179.0</ele>
   </trkpt>
   <trkpt lat="46.1714890" lon="7.3728270">
    <ele>2179.0</ele>
   </trkpt>
   <trkpt lat="46.1714720" lon="7.3728360">
    <ele>2179.0</ele>
   </trkpt>
   <trkpt lat="46.1714320" lon="7.3728620">
    <ele>2179.0</ele>
   </trkpt>
   <trkpt lat="46.1714220" lon="7.3728680">
    <ele>2179.0</ele>
   </trkpt>
   <trkpt lat="46.1714120" lon="7.3728750">
    <ele>2179.0</ele>
   </trkpt>
   <trkpt lat="46.1714020" lon="7.3728810">
    <ele>2180.0</ele>
   </trkpt>
   <trkpt lat="46.1713760" lon="7.3729000">
    <ele>2180.0</ele>
   </trkpt>
   <trkpt lat="46.1713680" lon="7.3729060">
    <ele>2180.0</ele>
   </trkpt>
   <trkpt lat="46.1713600" lon="7.3729130">
    <ele>2180.0</ele>
   </trkpt>
   <trkpt lat="46.1713520" lon="7.3729190">
    <ele>2181.0</ele>
   </trkpt>
   <trkpt lat="46.1713260" lon="7.3729390">
    <ele>2181.0</ele>
   </trkpt>
   <trkpt lat="46.1713170" lon="7.3729460">
    <ele>2181.0</ele>
   </trkpt>
   <trkpt lat="46.1713090" lon="7.3729530">
    <ele>2181.0</ele>
   </trkpt>
   <trkpt lat="46.1713000" lon="7.3729600">
    <ele>2182.0</ele>
   </trkpt>
   <trkpt lat="46.1712770" lon="7.3729810">
    <ele>2182.0</ele>
   </trkpt>
   <trkpt lat="46.1712700" lon="7.3729890">
    <ele>2182.0</ele>
   </trkpt>
   <trkpt lat="46.1712640" lon="7.3729970">
    <ele>2182.0</ele>
   </trkpt>
   <trkpt lat="46.1712570" lon="7.3730050">
    <ele>2183.0</ele>
   </trkpt>
   <trkpt lat="46.1712380" lon="7.3730300">
    <ele>2183.0</ele>
   </trkpt>
   <trkpt lat="46.1712310" lon="7.3730380">
    <ele>2183.0</ele>
   </trkpt>
   <trkpt lat="46.1712250" lon="7.3730460">
    <ele>2183.0</ele>
   </trkpt>
   <trkpt lat="46.1712180" lon="7.3730540">
    <ele>2183.0</ele>
   </trkpt>
   <trkpt lat="46.1711960" lon="7.3730800">
    <ele>2183.0</ele>
   </trkpt>
   <trkpt lat="46.1711890" lon="7.3730880">
    <ele>2183.0</ele>
   </trkpt>
   <trkpt lat="46.1711810" lon="7.3730970">
    <ele>2183.0</ele>
   </trkpt>
   <trkpt lat="46.1711740" lon="7.3731050">
    <ele>2184.0</ele>
   </trkpt>
   <trkpt lat="46.1711520" lon="7.3731290">
    <ele>2184.0</ele>
   </trkpt>
   <trkpt lat="46.1711450" lon="7.3731380">
    <ele>2185.0</ele>
   </trkpt>
   <trkpt lat="46.1711390" lon="7.3731460">
    <ele>2185.0</ele>
   </trkpt>
   <trkpt lat="46.1711320" lon="7.3731540">
    <ele>2186.0</ele>
   </trkpt>
   <trkpt lat="46.1711140" lon="7.3731780">
    <ele>2186.0</ele>
   </trkpt>
   <trkpt lat="46.1711070" lon="7.3731860">
    <ele>2186.0</ele>
   </trkpt>
   <trkpt lat="46.1711010" lon="7.3731930">
    <ele>2186.0</ele>
   </trkpt>
   <trkpt lat="46.1710940" lon="7.3732010">
    <ele>2187.0</ele>
   </trkpt>
   <trkpt lat="46.1710710" lon="7.3732190">
    <ele>2187.0</ele>
   </trkpt>
   <trkpt lat="46.1710630" lon="7.3732250">
    <ele>2187.0</ele>
   </trkpt>
   <trkpt lat="46.1710550" lon="7.3732310">
    <ele>2187.0</ele>
   </trkpt>
   <trkpt lat="46.1710470" lon="7.3732370">
    <ele>2188.0</ele>
   </trkpt>
   <trkpt lat="46.1710240" lon="7.3732570">
    <ele>2188.0</ele>
   </trkpt>
   <trkpt lat="46.1710160" lon="7.3732630">
    <ele>2188.0</ele>
   </trkpt>
   <trkpt lat="46.1710080" lon="7.3732690">
    <ele>2188.0</ele>
   </trkpt>
   <trkpt lat="46.1710000" lon="7.3732750">
    <ele>2188.0</ele>
   </trkpt>
   <trkpt lat="46.1709740" lon="7.3732910">
    <ele>2188.0</ele>
   </trkpt>
   <trkpt lat="46.1709650" lon="7.3732940">
    <ele>2188.0</ele>
   </trkpt>
   <trkpt lat="46.1709560" lon="7.3732980">
    <ele>2188.0</ele>
   </trkpt>
   <trkpt lat="46.1709460" lon="7.3733020">
    <ele>2189.0</ele>
   </trkpt>
   <trkpt lat="46.1709140" lon="7.3733080">
    <ele>2189.0</ele>
   </trkpt>
   <trkpt lat="46.1709040" lon="7.3733100">
    <ele>2189.0</ele>
   </trkpt>
   <trkpt lat="46.1708930" lon="7.3733120">
    <ele>2189.0</ele>
   </trkpt>
   <trkpt lat="46.1708830" lon="7.3733130">
    <ele>2190.0</ele>
   </trkpt>
   <trkpt lat="46.1708530" lon="7.3733150">
    <ele>2190.0</ele>
   </trkpt>
   <trkpt lat="46.1708430" lon="7.3733130">
    <ele>2190.0</ele>
   </trkpt>
   <trkpt lat="46.1708340" lon="7.3733120">
    <ele>2190.0</ele>
   </trkpt>
   <trkpt lat="46.1708250" lon="7.3733110">
    <ele>2190.0</ele>
   </trkpt>
   <trkpt lat="46.1707980" lon="7.3733000">
    <ele>2190.0</ele>
   </trkpt>
   <trkpt lat="46.1707890" lon="7.3732970">
    <ele>2190.0</ele>
   </trkpt>
   <trkpt lat="46.1707810" lon="7.3732940">
    <ele>2190.0</ele>
   </trkpt>
   <trkpt lat="46.1707720" lon="7.3732910">
    <ele>2191.0</ele>
   </trkpt>
   <trkpt lat="46.1707440" lon="7.3732840">
    <ele>2191.0</ele>
   </trkpt>
   <trkpt lat="46.1707340" lon="7.3732810">
    <ele>2191.0</ele>
   </trkpt>
   <trkpt lat="46.1707250" lon="7.3732790">
    <ele>2191.0</ele>
   </trkpt>
   <trkpt lat="46.1707150" lon="7.3732760">
    <ele>2192.0</ele>
   </trkpt>
   <trkpt lat="46.1706860" lon="7.3732650">
    <ele>2192.0</ele>
   </trkpt>
   <trkpt lat="46.1706780" lon="7.3732600">
    <ele>2192.0</ele>
   </trkpt>
   <trkpt lat="46.1706690" lon="7.3732550">
    <ele>2192.0</ele>
   </trkpt>
   <trkpt lat="46.1706610" lon="7.3732500">
    <ele>2193.0</ele>
   </trkpt>
   <trkpt lat="46.1706410" lon="7.3732340">
    <ele>2193.0</ele>
   </trkpt>
   <trkpt lat="46.1706330" lon="7.3732310">
    <ele>2193.0</ele>
   </trkpt>
   <trkpt lat="46.1706260" lon="7.3732270">
    <ele>2193.0</ele>
   </trkpt>
   <trkpt lat="46.1706190" lon="7.3732240">
    <ele>2194.0</ele>
   </trkpt>
   <trkpt lat="46.1705930" lon="7.3732190">
    <ele>2194.0</ele>
   </trkpt>
   <trkpt lat="46.1705840" lon="7.3732170">
    <ele>2194.0</ele>
   </trkpt>
   <trkpt lat="46.1705740" lon="7.3732150">
    <ele>2194.0</ele>
   </trkpt>
   <trkpt lat="46.1705640" lon="7.3732120">
    <ele>2194.0</ele>
   </trkpt>
   <trkpt lat="46.1705360" lon="7.3732010">
    <ele>2194.0</ele>
   </trkpt>
   <trkpt lat="46.1705260" lon="7.3731960">
    <ele>2195.0</ele>
   </trkpt>
   <trkpt lat="46.1705170" lon="7.3731920">
    <ele>2195.0</ele>
   </trkpt>
   <trkpt lat="46.1705070" lon="7.3731870">
    <ele>2196.0</ele>
   </trkpt>
   <trkpt lat="46.1704790" lon="7.3731720">
    <ele>2196.0</ele>
   </trkpt>
   <trkpt lat="46.1704700" lon="7.3731680">
    <ele>2196.0</ele>
   </trkpt>
   <trkpt lat="46.1704600" lon="7.3731630">
    <ele>2196.0</ele>
   </trkpt>
   <trkpt lat="46.1704510" lon="7.3731590">
    <ele>2197.0</ele>
   </trkpt>
   <trkpt lat="46.1704230" lon="7.3731460">
    <ele>2197.0</ele>
   </trkpt>
   <trkpt lat="46.1704150" lon="7.3731410">
    <ele>2197.0</ele>
   </trkpt>
   <trkpt lat="46.1704060" lon="7.3731350">
    <ele>2197.0</ele>
   </trkpt>
   <trkpt lat="46.1703970" lon="7.3731300">
    <ele>2198.0</ele>
   </trkpt>
   <trkpt lat="46.1703720" lon="7.3731100">
    <ele>2198.0</ele>
   </trkpt>
   <trkpt lat="46.1703630" lon="7.3731030">
    <ele>2198.0</ele>
   </trkpt>
   <trkpt lat="46.1703550" lon="7.3730960">
    <ele>2198.0</ele>
   </trkpt>
   <trkpt lat="46.1703470" lon="7.3730890">
    <ele>2199.0</ele>
   </trkpt>
   <trkpt lat="46.1703220" lon="7.3730690">
    <ele>2199.0</ele>
   </trkpt>
   <trkpt lat="46.1703140" lon="7.3730630">
    <ele>2199.0</ele>
   </trkpt>
   <trkpt lat="46.1703050" lon="7.3730560">
    <ele>2199.0</ele>
   </trkpt>
   <trkpt lat="46.1702970" lon="7.3730500">
    <ele>2200.0</ele>
   </trkpt>
   <trkpt lat="46.1702710" lon="7.3730380">
    <ele>2200.0</ele>
   </trkpt>
   <trkpt lat="46.1702620" lon="7.3730360">
    <ele>2200.0</ele>
   </trkpt>
   <trkpt lat="46.1702530" lon="7.3730330">
    <ele>2200.0</ele>
   </trkpt>
   <trkpt lat="46.1702440" lon="7.3730310">
    <ele>2201.0</ele>
   </trkpt>
   <trkpt lat="46.1702160" lon="7.3730230">
    <ele>2201.0</ele>
   </trkpt>
   <trkpt lat="46.1702070" lon="7.3730210">
    <ele>2201.0</ele>
   </trkpt>
   <trkpt lat="46.1701990" lon="7.3730190">
    <ele>2201.0</ele>
   </trkpt>
   <trkpt lat="46.1701900" lon="7.3730170">
    <ele>2202.0</ele>
   </trkpt>
   <trkpt lat="46.1701630" lon="7.3730140">
    <ele>2202.0</ele>
   </trkpt>
   <trkpt lat="46.1701540" lon="7.3730140">
    <ele>2202.0</ele>
   </trkpt>
   <trkpt lat="46.1701450" lon="7.3730130">
    <ele>2202.0</ele>
   </trkpt>
   <trkpt lat="46.1701370" lon="7.3730130">
    <ele>2203.0</ele>
   </trkpt>
   <trkpt lat="46.1701100" lon="7.3730120">
    <ele>2203.0</ele>
   </trkpt>
   <trkpt lat="46.1701010" lon="7.3730100">
    <ele>2203.0</ele>
   </trkpt>
   <trkpt lat="46.1700920" lon="7.3730080">
    <ele>2203.0</ele>
   </trkpt>
   <trkpt lat="46.1700830" lon="7.3730060">
    <ele>2203.0</ele>
   </trkpt>
   <trkpt lat="46.1700580" lon="7.3729920">
    <ele>2203.0</ele>
   </trkpt>
   <trkpt lat="46.1700510" lon="7.3729850">
    <ele>2203.0</ele>
   </trkpt>
   <trkpt lat="46.1700430" lon="7.3729770">
    <ele>2203.0</ele>
   </trkpt>
   <trkpt lat="46.1700360" lon="7.3729700">
    <ele>2204.0</ele>
   </trkpt>
   <trkpt lat="46.1700160" lon="7.3729490">
    <ele>2204.0</ele>
   </trkpt>
   <trkpt lat="46.1700100" lon="7.3729420">
    <ele>2204.0</ele>
   </trkpt>
   <trkpt lat="46.1700040" lon="7.3729360">
    <ele>2204.0</ele>
   </trkpt>
   <trkpt lat="46.1699980" lon="7.3729290">
    <ele>2205.0</ele>
   </trkpt>
   <trkpt lat="46.1699770" lon="7.3729100">
    <ele>2205.0</ele>
   </trkpt>
   <trkpt lat="46.1699690" lon="7.3729040">
    <ele>2205.0</ele>
   </trkpt>
   <trkpt lat="46.1699620" lon="7.3728980">
    <ele>2205.0</ele>
   </trkpt>
   <trkpt lat="46.1699540" lon="7.3728920">
    <ele>2206.0</ele>
   </trkpt>
   <trkpt lat="46.1699310" lon="7.3728730">
    <ele>2206.0</ele>
   </trkpt>
   <trkpt lat="46.1699230" lon="7.3728670">
    <ele>2206.0</ele>
   </trkpt>
   <trkpt lat="46.1699150" lon="7.3728600">
    <ele>2206.0</ele>
   </trkpt>
   <trkpt lat="46.1699080" lon="7.3728540">
    <ele>2207.0</ele>
   </trkpt>
   <trkpt lat="46.1698850" lon="7.3728350">
    <ele>2207.0</ele>
   </trkpt>
   <trkpt lat="46.1698780" lon="7.3728280">
    <ele>2207.0</ele>
   </trkpt>
   <trkpt lat="46.1698710" lon="7.3728210">
    <ele>2207.0</ele>
   </trkpt>
   <trkpt lat="46.1698640" lon="7.3728140">
    <ele>2208.0</ele>
   </trkpt>
   <trkpt lat="46.1698430" lon="7.3727930">
    <ele>2208.0</ele>
   </trkpt>
   <trkpt lat="46.1698360" lon="7.3727860">
    <ele>2208.0</ele>
   </trkpt>
   <trkpt lat="46.1698290" lon="7.3727790">
    <ele>2208.0</ele>
   </trkpt>
   <trkpt lat="46.1698220" lon="7.3727720">
    <ele>2209.0</ele>
   </trkpt>
   <trkpt lat="46.1698000" lon="7.3727520">
    <ele>2209.0</ele>
   </trkpt>
   <trkpt lat="46.1697930" lon="7.3727450">
    <ele>2209.0</ele>
   </trkpt>
   <trkpt lat="46.1697850" lon="7.3727380">
    <ele>2209.0</ele>
   </trkpt>
   <trkpt lat="46.1697780" lon="7.3727320">
    <ele>2210.0</ele>
   </trkpt>
   <trkpt lat="46.1697570" lon="7.3727120">
    <ele>2210.0</ele>
   </trkpt>
   <trkpt lat="46.1697500" lon="7.3727070">
    <ele>2211.0</ele>
   </trkpt>
   <trkpt lat="46.1697430" lon="7.3727020">
    <ele>2211.0</ele>
   </trkpt>
   <trkpt lat="46.1697360" lon="7.3726970">
    <ele>2212.0</ele>
   </trkpt>
   <trkpt lat="46.1697140" lon="7.3726880">
    <ele>2212.0</ele>
   </trkpt>
   <trkpt lat="46.1697060" lon="7.3726840">
    <ele>2212.0</ele>
   </trkpt>
   <trkpt lat="46.1696980" lon="7.3726810">
    <ele>2212.0</ele>
   </trkpt>
   <trkpt lat="46.1696910" lon="7.3726780">
    <ele>2213.0</ele>
   </trkpt>
   <trkpt lat="46.1696670" lon="7.3726680">
    <ele>2213.0</ele>
   </trkpt>
   <trkpt lat="46.1696580" lon="7.3726650">
    <ele>2213.0</ele>
   </trkpt>
   <trkpt lat="46.1696500" lon="7.3726620">
    <ele>2213.0</ele>
   </trkpt>
   <trkpt lat="46.1696420" lon="7.3726590">
    <ele>2214.0</ele>
   </trkpt>
   <trkpt lat="46.1696170" lon="7.3726510">
    <ele>2214.0</ele>
   </trkpt>
   <trkpt lat="46.1696090" lon="7.3726480">
    <ele>2214.0</ele>
   </trkpt>
   <trkpt lat="46.1696010" lon="7.3726440">
    <ele>2214.0</ele>
   </trkpt>
   <trkpt lat="46.1695920" lon="7.3726410">
    <ele>2215.0</ele>
   </trkpt>
   <trkpt lat="46.1695660" lon="7.3726280">
    <ele>2215.0</ele>
   </trkpt>
   <trkpt lat="46.1695580" lon="7.3726250">
    <ele>2215.0</ele>
   </trkpt>
   <trkpt lat="46.1695500" lon="7.3726210">
    <ele>2215.0</ele>
   </trkpt>
   <trkpt lat="46.1695420" lon="7.3726180">
    <ele>2216.0</ele>
   </trkpt>
   <trkpt lat="46.1695190" lon="7.3726100">
    <ele>2216.0</ele>
   </trkpt>
   <trkpt lat="46.1695110" lon="7.3726070">
    <ele>2216.0</ele>
   </trkpt>
   <trkpt lat="46.1695030" lon="7.3726040">
    <ele>2216.0</ele>
   </trkpt>
   <trkpt lat="46.1694950" lon="7.3726010">
    <ele>2216.0</ele>
   </trkpt>
   <trkpt lat="46.1694700" lon="7.3725910">
    <ele>2216.0</ele>
   </trkpt>
   <trkpt lat="46.1694620" lon="7.3725880">
    <ele>2216.0</ele>
   </trkpt>
   <trkpt lat="46.1694530" lon="7.3725850">
    <ele>2216.0</ele>
   </trkpt>
   <trkpt lat="46.1694450" lon="7.3725810">
    <ele>2217.0</ele>
   </trkpt>
   <trkpt lat="46.1694190" lon="7.3725710">
    <ele>2217.0</ele>
   </trkpt>
   <trkpt lat="46.1694100" lon="7.3725680">
    <ele>2217.0</ele>
   </trkpt>
   <trkpt lat="46.1694010" lon="7.3725640">
    <ele>2217.0</ele>
   </trkpt>
   <trkpt lat="46.1693920" lon="7.3725600">
    <ele>2218.0</ele>
   </trkpt>
   <trkpt lat="46.1693630" lon="7.3725480">
    <ele>2218.0</ele>
   </trkpt>
   <trkpt lat="46.1693530" lon="7.3725440">
    <ele>2218.0</ele>
   </trkpt>
   <trkpt lat="46.1693440" lon="7.3725390">
    <ele>2218.0</ele>
   </trkpt>
   <trkpt lat="46.1693350" lon="7.3725350">
    <ele>2219.0</ele>
   </trkpt>
   <trkpt lat="46.1693090" lon="7.3725180">
    <ele>2219.0</ele>
   </trkpt>
   <trkpt lat="46.1693010" lon="7.3725120">
    <ele>2219.0</ele>
   </trkpt>
   <trkpt lat="46.1692930" lon="7.3725070">
    <ele>2219.0</ele>
   </trkpt>
   <trkpt lat="46.1692850" lon="7.3725010">
    <ele>2219.0</ele>
   </trkpt>
   <trkpt lat="46.1692610" lon="7.3724850">
    <ele>2219.0</ele>
   </trkpt>
   <trkpt lat="46.1692530" lon="7.3724800">
    <ele>2220.0</ele>
   </trkpt>
   <trkpt lat="46.1692450" lon="7.3724740">
    <ele>2220.0</ele>
   </trkpt>
   <trkpt lat="46.1692370" lon="7.3724690">
    <ele>2221.0</ele>
   </trkpt>
   <trkpt lat="46.1692130" lon="7.3724520">
    <ele>2221.0</ele>
   </trkpt>
   <trkpt lat="46.1692050" lon="7.3724460">
    <ele>2221.0</ele>
   </trkpt>
   <trkpt lat="46.1691970" lon="7.3724410">
    <ele>2221.0</ele>
   </trkpt>
   <trkpt lat="46.1691890" lon="7.3724350">
    <ele>2222.0</ele>
   </trkpt>
   <trkpt lat="46.1691630" lon="7.3724210">
    <ele>2222.0</ele>
   </trkpt>
   <trkpt lat="46.1691540" lon="7.3724170">
    <ele>2222.0</ele>
   </trkpt>
   <trkpt lat="46.1691450" lon="7.3724130">
    <ele>2222.0</ele>
   </trkpt>
   <trkpt lat="46.1691370" lon="7.3724090">
    <ele>2223.0</ele>
   </trkpt>
   <trkpt lat="46.1691110" lon="7.3723990">
    <ele>2223.0</ele>
   </trkpt>
   <trkpt lat="46.1691030" lon="7.3723960">
    <ele>2223.0</ele>
   </trkpt>
   <trkpt lat="46.1690950" lon="7.3723920">
    <ele>2223.0</ele>
   </trkpt>
   <trkpt lat="46.1690860" lon="7.3723890">
    <ele>2223.0</ele>
   </trkpt>
   <trkpt lat="46.1690610" lon="7.3723810">
    <ele>2223.0</ele>
   </trkpt>
   <trkpt lat="46.1690480" lon="7.3723810">
    <ele>2223.0</ele>
   </trkpt>
   <trkpt lat="46.1690270" lon="7.3723820">
    <ele>2223.0</ele>
   </trkpt>
   <trkpt lat="46.1690060" lon="7.3723820">
    <ele>2224.0</ele>
   </trkpt>
   <trkpt lat="46.1689800" lon="7.3723830">
    <ele>2224.0</ele>
   </trkpt>
   <trkpt lat="46.1689610" lon="7.3723850">
    <ele>2224.0</ele>
   </trkpt>
   <trkpt lat="46.1689420" lon="7.3723880">
    <ele>2224.0</ele>
   </trkpt>
   <trkpt lat="46.1689240" lon="7.3723910">
    <ele>2224.0</ele>
   </trkpt>
   <trkpt lat="46.1688630" lon="7.3723920">
    <ele>2224.0</ele>
   </trkpt>
   <trkpt lat="46.1688420" lon="7.3723920">
    <ele>2224.0</ele>
   </trkpt>
   <trkpt lat="46.1688200" lon="7.3723920">
    <ele>2224.0</ele>
   </trkpt>
   <trkpt lat="46.1687990" lon="7.3723910">
    <ele>2224.0</ele>
   </trkpt>
   <trkpt lat="46.1687370" lon="7.3723990">
    <ele>2223.0</ele>
   </trkpt>
   <trkpt lat="46.1687160" lon="7.3724020">
    <ele>2223.0</ele>
   </trkpt>
   <trkpt lat="46.1686950" lon="7.3724040">
    <ele>2223.0</ele>
   </trkpt>
   <trkpt lat="46.1686750" lon="7.3724070">
    <ele>2223.0</ele>
   </trkpt>
   <trkpt lat="46.1686190" lon="7.3723960">
    <ele>2223.0</ele>
   </trkpt>
   <trkpt lat="46.1686040" lon="7.3723890">
    <ele>2223.0</ele>
   </trkpt>
   <trkpt lat="46.1685900" lon="7.3723820">
    <ele>2223.0</ele>
   </trkpt>
   <trkpt lat="46.1685750" lon="7.3723750">
    <ele>2223.0</ele>
   </trkpt>
   <trkpt lat="46.1685430" lon="7.3723470">
    <ele>2223.0</ele>
   </trkpt>
   <trkpt lat="46.1685350" lon="7.3723400">
    <ele>2223.0</ele>
   </trkpt>
   <trkpt lat="46.1685270" lon="7.3723330">
    <ele>2223.0</ele>
   </trkpt>
   <trkpt lat="46.1685190" lon="7.3723270">
    <ele>2223.0</ele>
   </trkpt>
   <trkpt lat="46.1685010" lon="7.3723120">
    <ele>2223.0</ele>
   </trkpt>
   <trkpt lat="46.1684940" lon="7.3723060">
    <ele>2223.0</ele>
   </trkpt>
   <trkpt lat="46.1684870" lon="7.3723000">
    <ele>2223.0</ele>
   </trkpt>
   <trkpt lat="46.1684800" lon="7.3722940">
    <ele>2224.0</ele>
   </trkpt>
   <trkpt lat="46.1684540" lon="7.3722770">
    <ele>2224.0</ele>
   </trkpt>
   <trkpt lat="46.1684450" lon="7.3722710">
    <ele>2224.0</ele>
   </trkpt>
   <trkpt lat="46.1684360" lon="7.3722660">
    <ele>2224.0</ele>
   </trkpt>
   <trkpt lat="46.1684270" lon="7.3722600">
    <ele>2225.0</ele>
   </trkpt>
   <trkpt lat="46.1684020" lon="7.3722420">
    <ele>2225.0</ele>
   </trkpt>
   <trkpt lat="46.1683940" lon="7.3722350">
    <ele>2225.0</ele>
   </trkpt>
   <trkpt lat="46.1683870" lon="7.3722290">
    <ele>2225.0</ele>
   </trkpt>
   <trkpt lat="46.1683790" lon="7.3722230">
    <ele>2225.0</ele>
   </trkpt>
   <trkpt lat="46.1683560" lon="7.3722030">
    <ele>2225.0</ele>
   </trkpt>
   <trkpt lat="46.1683490" lon="7.3721960">
    <ele>2225.0</ele>
   </trkpt>
   <trkpt lat="46.1683420" lon="7.3721890">
    <ele>2225.0</ele>
   </trkpt>
   <trkpt lat="46.1683350" lon="7.3721830">
    <ele>2226.0</ele>
   </trkpt>
   <trkpt lat="46.1683100" lon="7.3721690">
    <ele>2226.0</ele>
   </trkpt>
   <trkpt lat="46.1682990" lon="7.3721650">
    <ele>2226.0</ele>
   </trkpt>
   <trkpt lat="46.1682880" lon="7.3721610">
    <ele>2226.0</ele>
   </trkpt>
   <trkpt lat="46.1682770" lon="7.3721580">
    <ele>2227.0</ele>
   </trkpt>
   <trkpt lat="46.1682380" lon="7.3721490">
    <ele>2227.0</ele>
   </trkpt>
   <trkpt lat="46.1682240" lon="7.3721460">
    <ele>2227.0</ele>
   </trkpt>
   <trkpt lat="46.1682110" lon="7.3721420">
    <ele>2227.0</ele>
   </trkpt>
   <trkpt lat="46.1681970" lon="7.3721390">
    <ele>2228.0</ele>
   </trkpt>
   <trkpt lat="46.1681590" lon="7.3721250">
    <ele>2228.0</ele>
   </trkpt>
   <trkpt lat="46.1681480" lon="7.3721190">
    <ele>2228.0</ele>
   </trkpt>
   <trkpt lat="46.1681370" lon="7.3721130">
    <ele>2228.0</ele>
   </trkpt>
   <trkpt lat="46.1681250" lon="7.3721070">
    <ele>2229.0</ele>
   </trkpt>
   <trkpt lat="46.1680970" lon="7.3720850">
    <ele>2229.0</ele>
   </trkpt>
   <trkpt lat="46.1680890" lon="7.3720810">
    <ele>2229.0</ele>
   </trkpt>
   <trkpt lat="46.1680810" lon="7.3720770">
    <ele>2229.0</ele>
   </trkpt>
   <trkpt lat="46.1680730" lon="7.3720730">
    <ele>2230.0</ele>
   </trkpt>
   <trkpt lat="46.1680470" lon="7.3720680">
    <ele>2230.0</ele>
   </trkpt>
   <trkpt lat="46.1680390" lon="7.3720650">
    <ele>2230.0</ele>
   </trkpt>
   <trkpt lat="46.1680310" lon="7.3720620">
    <ele>2230.0</ele>
   </trkpt>
   <trkpt lat="46.1680230" lon="7.3720600">
    <ele>2231.0</ele>
   </trkpt>
   <trkpt lat="46.1680000" lon="7.3720540">
    <ele>2231.0</ele>
   </trkpt>
   <trkpt lat="46.1679910" lon="7.3720520">
    <ele>2231.0</ele>
   </trkpt>
   <trkpt lat="46.1679830" lon="7.3720500">
    <ele>2231.0</ele>
   </trkpt>
   <trkpt lat="46.1679750" lon="7.3720480">
    <ele>2232.0</ele>
   </trkpt>
   <trkpt lat="46.1679500" lon="7.3720370">
    <ele>2232.0</ele>
   </trkpt>
   <trkpt lat="46.1679420" lon="7.3720330">
    <ele>2232.0</ele>
   </trkpt>
   <trkpt lat="46.1679330" lon="7.3720280">
    <ele>2232.0</ele>
   </trkpt>
   <trkpt lat="46.1679240" lon="7.3720240">
    <ele>2233.0</ele>
   </trkpt>
   <trkpt lat="46.1679000" lon="7.3720120">
    <ele>2233.0</ele>
   </trkpt>
   <trkpt lat="46.1678910" lon="7.3720070">
    <ele>2233.0</ele>
   </trkpt>
   <trkpt lat="46.1678830" lon="7.3720020">
    <ele>2233.0</ele>
   </trkpt>
   <trkpt lat="46.1678750" lon="7.3719970">
    <ele>2234.0</ele>
   </trkpt>
   <trkpt lat="46.1678500" lon="7.3719830">
    <ele>2234.0</ele>
   </trkpt>
   <trkpt lat="46.1678420" lon="7.3719800">
    <ele>2234.0</ele>
   </trkpt>
   <trkpt lat="46.1678330" lon="7.3719770">
    <ele>2234.0</ele>
   </trkpt>
   <trkpt lat="46.1678240" lon="7.3719740">
    <ele>2235.0</ele>
   </trkpt>
   <trkpt lat="46.1677980" lon="7.3719660">
    <ele>2235.0</ele>
   </trkpt>
   <trkpt lat="46.1677900" lon="7.3719630">
    <ele>2235.0</ele>
   </trkpt>
   <trkpt lat="46.1677810" lon="7.3719610">
    <ele>2235.0</ele>
   </trkpt>
   <trkpt lat="46.1677720" lon="7.3719580">
    <ele>2236.0</ele>
   </trkpt>
   <trkpt lat="46.1677460" lon="7.3719500">
    <ele>2236.0</ele>
   </trkpt>
   <trkpt lat="46.1677380" lon="7.3719460">
    <ele>2236.0</ele>
   </trkpt>
   <trkpt lat="46.1677290" lon="7.3719420">
    <ele>2236.0</ele>
   </trkpt>
   <trkpt lat="46.1677210" lon="7.3719380">
    <ele>2236.0</ele>
   </trkpt>
   <trkpt lat="46.1676970" lon="7.3719270">
    <ele>2236.0</ele>
   </trkpt>
   <trkpt lat="46.1676880" lon="7.3719230">
    <ele>2236.0</ele>
   </trkpt>
   <trkpt lat="46.1676790" lon="7.3719200">
    <ele>2236.0</ele>
   </trkpt>
   <trkpt lat="46.1676700" lon="7.3719160">
    <ele>2237.0</ele>
   </trkpt>
   <trkpt lat="46.1676450" lon="7.3719030">
    <ele>2237.0</ele>
   </trkpt>
   <trkpt lat="46.1676370" lon="7.3718970">
    <ele>2237.0</ele>
   </trkpt>
   <trkpt lat="46.1676300" lon="7.3718910">
    <ele>2237.0</ele>
   </trkpt>
   <trkpt lat="46.1676220" lon="7.3718850">
    <ele>2238.0</ele>
   </trkpt>
   <trkpt lat="46.1676020" lon="7.3718650">
    <ele>2238.0</ele>
   </trkpt>
   <trkpt lat="46.1675940" lon="7.3718590">
    <ele>2238.0</ele>
   </trkpt>
   <trkpt lat="46.1675870" lon="7.3718530">
    <ele>2238.0</ele>
   </trkpt>
   <trkpt lat="46.1675790" lon="7.3718480">
    <ele>2239.0</ele>
   </trkpt>
   <trkpt lat="46.1675550" lon="7.3718360">
    <ele>2239.0</ele>
   </trkpt>
   <trkpt lat="46.1675470" lon="7.3718320">
    <ele>2239.0</ele>
   </trkpt>
   <trkpt lat="46.1675390" lon="7.3718280">
    <ele>2239.0</ele>
   </trkpt>
   <trkpt lat="46.1675300" lon="7.3718240">
    <ele>2240.0</ele>
   </trkpt>
   <trkpt lat="46.1675080" lon="7.3718050">
    <ele>2240.0</ele>
   </trkpt>
   <trkpt lat="46.1674990" lon="7.3717970">
    <ele>2240.0</ele>
   </trkpt>
   <trkpt lat="46.1674900" lon="7.3717890">
    <ele>2240.0</ele>
   </trkpt>
   <trkpt lat="46.1674820" lon="7.3717810">
    <ele>2241.0</ele>
   </trkpt>
   <trkpt lat="46.1674520" lon="7.3717600">
    <ele>2241.0</ele>
   </trkpt>
   <trkpt lat="46.1674410" lon="7.3717540">
    <ele>2241.0</ele>
   </trkpt>
   <trkpt lat="46.1674300" lon="7.3717490">
    <ele>2241.0</ele>
   </trkpt>
   <trkpt lat="46.1674200" lon="7.3717430">
    <ele>2242.0</ele>
   </trkpt>
   <trkpt lat="46.1673910" lon="7.3717270">
    <ele>2242.0</ele>
   </trkpt>
   <trkpt lat="46.1673820" lon="7.3717220">
    <ele>2242.0</ele>
   </trkpt>
   <trkpt lat="46.1673730" lon="7.3717170">
    <ele>2242.0</ele>
   </trkpt>
   <trkpt lat="46.1673630" lon="7.3717110">
    <ele>2243.0</ele>
   </trkpt>
   <trkpt lat="46.1673360" lon="7.3716980">
    <ele>2243.0</ele>
   </trkpt>
   <trkpt lat="46.1673270" lon="7.3716940">
    <ele>2243.0</ele>
   </trkpt>
   <trkpt lat="46.1673170" lon="7.3716900">
    <ele>2243.0</ele>
   </trkpt>
   <trkpt lat="46.1673080" lon="7.3716860">
    <ele>2244.0</ele>
   </trkpt>
   <trkpt lat="46.1672820" lon="7.3716750">
    <ele>2244.0</ele>
   </trkpt>
   <trkpt lat="46.1672740" lon="7.3716700">
    <ele>2244.0</ele>
   </trkpt>
   <trkpt lat="46.1672670" lon="7.3716660">
    <ele>2244.0</ele>
   </trkpt>
   <trkpt lat="46.1672600" lon="7.3716610">
    <ele>2245.0</ele>
   </trkpt>
   <trkpt lat="46.1672420" lon="7.3716430">
    <ele>2245.0</ele>
   </trkpt>
   <trkpt lat="46.1672380" lon="7.3716380">
    <ele>2245.0</ele>
   </trkpt>
   <trkpt lat="46.1672340" lon="7.3716330">
    <ele>2245.0</ele>
   </trkpt>
   <trkpt lat="46.1672290" lon="7.3716270">
    <ele>2246.0</ele>
   </trkpt>
   <trkpt lat="46.1672190" lon="7.3716120">
    <ele>2246.0</ele>
   </trkpt>
   <trkpt lat="46.1672150" lon="7.3716090">
    <ele>2246.0</ele>
   </trkpt>
   <trkpt lat="46.1672100" lon="7.3716060">
    <ele>2246.0</ele>
   </trkpt>
   <trkpt lat="46.1672050" lon="7.3716030">
    <ele>2247.0</ele>
   </trkpt>
   <trkpt lat="46.1671880" lon="7.3715990">
    <ele>2247.0</ele>
   </trkpt>
   <trkpt lat="46.1671810" lon="7.3715980">
    <ele>2247.0</ele>
   </trkpt>
   <trkpt lat="46.1671750" lon="7.3715980">
    <ele>2247.0</ele>
   </trkpt>
   <trkpt lat="46.1671680" lon="7.3715970">
    <ele>2248.0</ele>
   </trkpt>
   <trkpt lat="46.1671500" lon="7.3715900">
    <ele>2248.0</ele>
   </trkpt>
   <trkpt lat="46.1671440" lon="7.3715850">
    <ele>2248.0</ele>
   </trkpt>
   <trkpt lat="46.1671380" lon="7.3715800">
    <ele>2248.0</ele>
   </trkpt>
   <trkpt lat="46.1671330" lon="7.3715750">
    <ele>2249.0</ele>
   </trkpt>
   <trkpt lat="46.1671170" lon="7.3715610">
    <ele>2249.0</ele>
   </trkpt>
   <trkpt lat="46.1671120" lon="7.3715570">
    <ele>2249.0</ele>
   </trkpt>
   <trkpt lat="46.1671070" lon="7.3715530">
    <ele>2249.0</ele>
   </trkpt>
   <trkpt lat="46.1671020" lon="7.3715490">
    <ele>2250.0</ele>
   </trkpt>
   <trkpt lat="46.1670860" lon="7.3715410">
    <ele>2250.0</ele>
   </trkpt>
   <trkpt lat="46.1670810" lon="7.3715370">
    <ele>2250.0</ele>
   </trkpt>
   <trkpt lat="46.1670750" lon="7.3715340">
    <ele>2250.0</ele>
   </trkpt>
   <trkpt lat="46.1670700" lon="7.3715310">
    <ele>2251.0</ele>
   </trkpt>
   <trkpt lat="46.1670550" lon="7.3715210">
    <ele>2251.0</ele>
   </trkpt>
   <trkpt lat="46.1670500" lon="7.3715180">
    <ele>2251.0</ele>
   </trkpt>
   <trkpt lat="46.1670460" lon="7.3715150">
    <ele>2251.0</ele>
   </trkpt>
   <trkpt lat="46.1670420" lon="7.3715120">
    <ele>2252.0</ele>
   </trkpt>
   <trkpt lat="46.1670310" lon="7.3715000">
    <ele>2252.0</ele>
   </trkpt>
   <trkpt lat="46.1670260" lon="7.3714960">
    <ele>2252.0</ele>
   </trkpt>
   <trkpt lat="46.1670220" lon="7.3714910">
    <ele>2252.0</ele>
   </trkpt>
   <trkpt lat="46.1670170" lon="7.3714870">
    <ele>2253.0</ele>
   </trkpt>
   <trkpt lat="46.1670010" lon="7.3714750">
    <ele>2253.0</ele>
   </trkpt>
   <trkpt lat="46.1669960" lon="7.3714720">
    <ele>2253.0</ele>
   </trkpt>
   <trkpt lat="46.1669900" lon="7.3714680">
    <ele>2253.0</ele>
   </trkpt>
   <trkpt lat="46.1669850" lon="7.3714650">
    <ele>2254.0</ele>
   </trkpt>
   <trkpt lat="46.1669700" lon="7.3714520">
    <ele>2254.0</ele>
   </trkpt>
   <trkpt lat="46.1669650" lon="7.3714470">
    <ele>2255.0</ele>
   </trkpt>
   <trkpt lat="46.1669610" lon="7.3714410">
    <ele>2255.0</ele>
   </trkpt>
   <trkpt lat="46.1669570" lon="7.3714360">
    <ele>2256.0</ele>
   </trkpt>
   <trkpt lat="46.1669430" lon="7.3714180">
    <ele>2256.0</ele>
   </trkpt>
   <trkpt lat="46.1669390" lon="7.3714120">
    <ele>2256.0</ele>
   </trkpt>
   <trkpt lat="46.1669350" lon="7.3714070">
    <ele>2256.0</ele>
   </trkpt>
   <trkpt lat="46.1669300" lon="7.3714020">
    <ele>2257.0</ele>
   </trkpt>
   <trkpt lat="46.1669170" lon="7.3713870">
    <ele>2257.0</ele>
   </trkpt>
   <trkpt lat="46.1669130" lon="7.3713820">
    <ele>2257.0</ele>
   </trkpt>
   <trkpt lat="46.1669090" lon="7.3713760">
    <ele>2257.0</ele>
   </trkpt>
   <trkpt lat="46.1669050" lon="7.3713710">
    <ele>2258.0</ele>
   </trkpt>
   <trkpt lat="46.1668950" lon="7.3713540">
    <ele>2258.0</ele>
   </trkpt>
   <trkpt lat="46.1668930" lon="7.3713470">
    <ele>2258.0</ele>
   </trkpt>
   <trkpt lat="46.1668910" lon="7.3713410">
    <ele>2258.0</ele>
   </trkpt>
   <trkpt lat="46.1668890" lon="7.3713340">
    <ele>2259.0</ele>
   </trkpt>
   <trkpt lat="46.1668820" lon="7.3713200">
    <ele>2259.0</ele>
   </trkpt>
   <trkpt lat="46.1668790" lon="7.3713160">
    <ele>2259.0</ele>
   </trkpt>
   <trkpt lat="46.1668760" lon="7.3713110">
    <ele>2259.0</ele>
   </trkpt>
   <trkpt lat="46.1668730" lon="7.3713070">
    <ele>2260.0</ele>
   </trkpt>
   <trkpt lat="46.1668600" lon="7.3712970">
    <ele>2260.0</ele>
   </trkpt>
   <trkpt lat="46.1668550" lon="7.3712950">
    <ele>2260.0</ele>
   </trkpt>
   <trkpt lat="46.1668490" lon="7.3712930">
    <ele>2260.0</ele>
   </trkpt>
   <trkpt lat="46.1668440" lon="7.3712900">
    <ele>2261.0</ele>
   </trkpt>
   <trkpt lat="46.1668240" lon="7.3712870">
    <ele>2261.0</ele>
   </trkpt>
   <trkpt lat="46.1668170" lon="7.3712880">
    <ele>2261.0</ele>
   </trkpt>
   <trkpt lat="46.1668110" lon="7.3712880">
    <ele>2261.0</ele>
   </trkpt>
   <trkpt lat="46.1668040" lon="7.3712880">
    <ele>2262.0</ele>
   </trkpt>
   <trkpt lat="46.1667840" lon="7.3712880">
    <ele>2262.0</ele>
   </trkpt>
   <trkpt lat="46.1667770" lon="7.3712860">
    <ele>2263.0</ele>
   </trkpt>
   <trkpt lat="46.1667700" lon="7.3712830">
    <ele>2263.0</ele>
   </trkpt>
   <trkpt lat="46.1667640" lon="7.3712810">
    <ele>2264.0</ele>
   </trkpt>
   <trkpt lat="46.1667480" lon="7.3712620">
    <ele>2264.0</ele>
   </trkpt>
   <trkpt lat="46.1667430" lon="7.3712530">
    <ele>2264.0</ele>
   </trkpt>
   <trkpt lat="46.1667390" lon="7.3712440">
    <ele>2264.0</ele>
   </trkpt>
   <trkpt lat="46.1667350" lon="7.3712350">
    <ele>2264.0</ele>
   </trkpt>
   <trkpt lat="46.1667220" lon="7.3712070">
    <ele>2264.0</ele>
   </trkpt>
   <trkpt lat="46.1667170" lon="7.3711990">
    <ele>2264.0</ele>
   </trkpt>
   <trkpt lat="46.1667120" lon="7.3711910">
    <ele>2264.0</ele>
   </trkpt>
   <trkpt lat="46.1667070" lon="7.3711830">
    <ele>2265.0</ele>
   </trkpt>
   <trkpt lat="46.1666910" lon="7.3711600">
    <ele>2265.0</ele>
   </trkpt>
   <trkpt lat="46.1666860" lon="7.3711530">
    <ele>2265.0</ele>
   </trkpt>
   <trkpt lat="46.1666800" lon="7.3711460">
    <ele>2265.0</ele>
   </trkpt>
   <trkpt lat="46.1666750" lon="7.3711390">
    <ele>2266.0</ele>
   </trkpt>
   <trkpt lat="46.1666550" lon="7.3711200">
    <ele>2266.0</ele>
   </trkpt>
   <trkpt lat="46.1666490" lon="7.3711140">
    <ele>2266.0</ele>
   </trkpt>
   <trkpt lat="46.1666420" lon="7.3711080">
    <ele>2266.0</ele>
   </trkpt>
   <trkpt lat="46.1666360" lon="7.3711020">
    <ele>2267.0</ele>
   </trkpt>
   <trkpt lat="46.1666180" lon="7.3710830">
    <ele>2267.0</ele>
   </trkpt>
   <trkpt lat="46.1666120" lon="7.3710750">
    <ele>2267.0</ele>
   </trkpt>
   <trkpt lat="46.1666060" lon="7.3710680">
    <ele>2267.0</ele>
   </trkpt>
   <trkpt lat="46.1666000" lon="7.3710610">
    <ele>2268.0</ele>
   </trkpt>
   <trkpt lat="46.1665830" lon="7.3710450">
    <ele>2268.0</ele>
   </trkpt>
   <trkpt lat="46.1665760" lon="7.3710400">
    <ele>2268.0</ele>
   </trkpt>
   <trkpt lat="46.1665700" lon="7.3710350">
    <ele>2268.0</ele>
   </trkpt>
   <trkpt lat="46.1665640" lon="7.3710310">
    <ele>2269.0</ele>
   </trkpt>
   <trkpt lat="46.1665460" lon="7.3710170">
    <ele>2269.0</ele>
   </trkpt>
   <trkpt lat="46.1665400" lon="7.3710120">
    <ele>2269.0</ele>
   </trkpt>
   <trkpt lat="46.1665350" lon="7.3710070">
    <ele>2269.0</ele>
   </trkpt>
   <trkpt lat="46.1665300" lon="7.3710030">
    <ele>2270.0</ele>
   </trkpt>
   <trkpt lat="46.1665140" lon="7.3709880">
    <ele>2270.0</ele>
   </trkpt>
   <trkpt lat="46.1665070" lon="7.3709840">
    <ele>2270.0</ele>
   </trkpt>
   <trkpt lat="46.1665010" lon="7.3709800">
    <ele>2270.0</ele>
   </trkpt>
   <trkpt lat="46.1664950" lon="7.3709760">
    <ele>2271.0</ele>
   </trkpt>
   <trkpt lat="46.1664730" lon="7.3709630">
    <ele>2271.0</ele>
   </trkpt>
   <trkpt lat="46.1664660" lon="7.3709570">
    <ele>2271.0</ele>
   </trkpt>
   <trkpt lat="46.1664600" lon="7.3709520">
    <ele>2271.0</ele>
   </trkpt>
   <trkpt lat="46.1664530" lon="7.3709470">
    <ele>2271.0</ele>
   </trkpt>
   <trkpt lat="46.1664340" lon="7.3709290">
    <ele>2271.0</ele>
   </trkpt>
   <trkpt lat="46.1664290" lon="7.3709230">
    <ele>2272.0</ele>
   </trkpt>
   <trkpt lat="46.1664230" lon="7.3709170">
    <ele>2272.0</ele>
   </trkpt>
   <trkpt lat="46.1664180" lon="7.3709110">
    <ele>2273.0</ele>
   </trkpt>
   <trkpt lat="46.1664010" lon="7.3708940">
    <ele>2273.0</ele>
   </trkpt>
   <trkpt lat="46.1663950" lon="7.3708900">
    <ele>2273.0</ele>
   </trkpt>
   <trkpt lat="46.1663890" lon="7.3708850">
    <ele>2273.0</ele>
   </trkpt>
   <trkpt lat="46.1663830" lon="7.3708800">
    <ele>2274.0</ele>
   </trkpt>
   <trkpt lat="46.1663640" lon="7.3708670">
    <ele>2274.0</ele>
   </trkpt>
   <trkpt lat="46.1663570" lon="7.3708630">
    <ele>2274.0</ele>
   </trkpt>
   <trkpt lat="46.1663500" lon="7.3708580">
    <ele>2274.0</ele>
   </trkpt>
   <trkpt lat="46.1663430" lon="7.3708540">
    <ele>2275.0</ele>
   </trkpt>
   <trkpt lat="46.1663220" lon="7.3708390">
    <ele>2275.0</ele>
   </trkpt>
   <trkpt lat="46.1663160" lon="7.3708320">
    <ele>2275.0</ele>
   </trkpt>
   <trkpt lat="46.1663090" lon="7.3708260">
    <ele>2275.0</ele>
   </trkpt>
   <trkpt lat="46.1663030" lon="7.3708190">
    <ele>2276.0</ele>
   </trkpt>
   <trkpt lat="46.1662850" lon="7.3707980">
    <ele>2276.0</ele>
   </trkpt>
   <trkpt lat="46.1662800" lon="7.3707910">
    <ele>2276.0</ele>
   </trkpt>
   <trkpt lat="46.1662750" lon="7.3707840">
    <ele>2276.0</ele>
   </trkpt>
   <trkpt lat="46.1662690" lon="7.3707770">
    <ele>2276.0</ele>
   </trkpt>
   <trkpt lat="46.1662530" lon="7.3707580">
    <ele>2276.0</ele>
   </trkpt>
   <trkpt lat="46.1662460" lon="7.3707510">
    <ele>2276.0</ele>
   </trkpt>
   <trkpt lat="46.1662400" lon="7.3707450">
    <ele>2276.0</ele>
   </trkpt>
   <trkpt lat="46.1662340" lon="7.3707390">
    <ele>2277.0</ele>
   </trkpt>
   <trkpt lat="46.1662170" lon="7.3707190">
    <ele>2277.0</ele>
   </trkpt>
   <trkpt lat="46.1662110" lon="7.3707120">
    <ele>2277.0</ele>
   </trkpt>
   <trkpt lat="46.1662060" lon="7.3707040">
    <ele>2277.0</ele>
   </trkpt>
   <trkpt lat="46.1662010" lon="7.3706970">
    <ele>2278.0</ele>
   </trkpt>
   <trkpt lat="46.1661870" lon="7.3706730">
    <ele>2278.0</ele>
   </trkpt>
   <trkpt lat="46.1661800" lon="7.3706650">
    <ele>2278.0</ele>
   </trkpt>
   <trkpt lat="46.1661740" lon="7.3706580">
    <ele>2278.0</ele>
   </trkpt>
   <trkpt lat="46.1661680" lon="7.3706510">
    <ele>2279.0</ele>
   </trkpt>
   <trkpt lat="46.1661470" lon="7.3706310">
    <ele>2279.0</ele>
   </trkpt>
   <trkpt lat="46.1661390" lon="7.3706270">
    <ele>2279.0</ele>
   </trkpt>
   <trkpt lat="46.1661320" lon="7.3706230">
    <ele>2279.0</ele>
   </trkpt>
   <trkpt lat="46.1661240" lon="7.3706190">
    <ele>2280.0</ele>
   </trkpt>
   <trkpt lat="46.1661030" lon="7.3706120">
    <ele>2280.0</ele>
   </trkpt>
   <trkpt lat="46.1660950" lon="7.3706100">
    <ele>2280.0</ele>
   </trkpt>
   <trkpt lat="46.1660870" lon="7.3706080">
    <ele>2280.0</ele>
   </trkpt>
   <trkpt lat="46.1660800" lon="7.3706060">
    <ele>2280.0</ele>
   </trkpt>
   <trkpt lat="46.1660570" lon="7.3705960">
    <ele>2280.0</ele>
   </trkpt>
   <trkpt lat="46.1660500" lon="7.3705900">
    <ele>2280.0</ele>
   </trkpt>
   <trkpt lat="46.1660430" lon="7.3705850">
    <ele>2280.0</ele>
   </trkpt>
   <trkpt lat="46.1660350" lon="7.3705800">
    <ele>2281.0</ele>
   </trkpt>
   <trkpt lat="46.1660170" lon="7.3705630">
    <ele>2281.0</ele>
   </trkpt>
   <trkpt lat="46.1660110" lon="7.3705580">
    <ele>2281.0</ele>
   </trkpt>
   <trkpt lat="46.1660060" lon="7.3705540">
    <ele>2281.0</ele>
   </trkpt>
   <trkpt lat="46.1660000" lon="7.3705500">
    <ele>2282.0</ele>
   </trkpt>
   <trkpt lat="46.1659820" lon="7.3705410">
    <ele>2282.0</ele>
   </trkpt>
   <trkpt lat="46.1659750" lon="7.3705380">
    <ele>2282.0</ele>
   </trkpt>
   <trkpt lat="46.1659680" lon="7.3705360">
    <ele>2282.0</ele>
   </trkpt>
   <trkpt lat="46.1659610" lon="7.3705330">
    <ele>2283.0</ele>
   </trkpt>
   <trkpt lat="46.1659400" lon="7.3705190">
    <ele>2283.0</ele>
   </trkpt>
   <trkpt lat="46.1659330" lon="7.3705130">
    <ele>2283.0</ele>
   </trkpt>
   <trkpt lat="46.1659260" lon="7.3705070">
    <ele>2283.0</ele>
   </trkpt>
   <trkpt lat="46.1659190" lon="7.3705000">
    <ele>2284.0</ele>
   </trkpt>
   <trkpt lat="46.1658990" lon="7.3704800">
    <ele>2284.0</ele>
   </trkpt>
   <trkpt lat="46.1658920" lon="7.3704730">
    <ele>2284.0</ele>
   </trkpt>
   <trkpt lat="46.1658860" lon="7.3704670">
    <ele>2284.0</ele>
   </trkpt>
   <trkpt lat="46.1658790" lon="7.3704610">
    <ele>2285.0</ele>
   </trkpt>
   <trkpt lat="46.1658620" lon="7.3704410">
    <ele>2285.0</ele>
   </trkpt>
   <trkpt lat="46.1658580" lon="7.3704350">
    <ele>2285.0</ele>
   </trkpt>
   <trkpt lat="46.1658530" lon="7.3704290">
    <ele>2285.0</ele>
   </trkpt>
   <trkpt lat="46.1658480" lon="7.3704230">
    <ele>2286.0</ele>
   </trkpt>
   <trkpt lat="46.1658400" lon="7.3704150">
    <ele>2286.0</ele>
   </trkpt>
   <trkpt lat="46.1658350" lon="7.3704120">
    <ele>2286.0</ele>
   </trkpt>
   <trkpt lat="46.1658300" lon="7.3704090">
    <ele>2286.0</ele>
   </trkpt>
   <trkpt lat="46.1658250" lon="7.3704050">
    <ele>2287.0</ele>
   </trkpt>
   <trkpt lat="46.1658080" lon="7.3703980">
    <ele>2287.0</ele>
   </trkpt>
   <trkpt lat="46.1658010" lon="7.3703950">
    <ele>2287.0</ele>
   </trkpt>
   <trkpt lat="46.1657950" lon="7.3703920">
    <ele>2287.0</ele>
   </trkpt>
   <trkpt lat="46.1657890" lon="7.3703890">
    <ele>2288.0</ele>
   </trkpt>
   <trkpt lat="46.1657700" lon="7.3703810">
    <ele>2288.0</ele>
   </trkpt>
   <trkpt lat="46.1657630" lon="7.3703780">
    <ele>2288.0</ele>
   </trkpt>
   <trkpt lat="46.1657560" lon="7.3703760">
    <ele>2288.0</ele>
   </trkpt>
   <trkpt lat="46.1657500" lon="7.3703730">
    <ele>2289.0</ele>
   </trkpt>
   <trkpt lat="46.1657330" lon="7.3703600">
    <ele>2289.0</ele>
   </trkpt>
   <trkpt lat="46.1657270" lon="7.3703570">
    <ele>2289.0</ele>
   </trkpt>
   <trkpt lat="46.1657220" lon="7.3703550">
    <ele>2289.0</ele>
   </trkpt>
   <trkpt lat="46.1657170" lon="7.3703520">
    <ele>2290.0</ele>
   </trkpt>
   <trkpt lat="46.1656990" lon="7.3703530">
    <ele>2290.0</ele>
   </trkpt>
   <trkpt lat="46.1656910" lon="7.3703530">
    <ele>2290.0</ele>
   </trkpt>
   <trkpt lat="46.1656840" lon="7.3703530">
    <ele>2290.0</ele>
   </trkpt>
   <trkpt lat="46.1656760" lon="7.3703540">
    <ele>2291.0</ele>
   </trkpt>
   <trkpt lat="46.1656530" lon="7.3703560">
    <ele>2291.0</ele>
   </trkpt>
   <trkpt lat="46.1656450" lon="7.3703550">
    <ele>2291.0</ele>
   </trkpt>
   <trkpt lat="46.1656370" lon="7.3703550">
    <ele>2291.0</ele>
   </trkpt>
   <trkpt lat="46.1656290" lon="7.3703550">
    <ele>2292.0</ele>
   </trkpt>
   <trkpt lat="46.1656040" lon="7.3703550">
    <ele>2292.0</ele>
   </trkpt>
   <trkpt lat="46.1655960" lon="7.3703530">
    <ele>2292.0</ele>
   </trkpt>
   <trkpt lat="46.1655880" lon="7.3703520">
    <ele>2292.0</ele>
   </trkpt>
   <trkpt lat="46.1655800" lon="7.3703500">
    <ele>2293.0</ele>
   </trkpt>
   <trkpt lat="46.1655550" lon="7.3703410">
    <ele>2293.0</ele>
   </trkpt>
   <trkpt lat="46.1655480" lon="7.3703370">
    <ele>2293.0</ele>
   </trkpt>
   <trkpt lat="46.1655400" lon="7.3703330">
    <ele>2293.0</ele>
   </trkpt>
   <trkpt lat="46.1655330" lon="7.3703290">
    <ele>2294.0</ele>
   </trkpt>
   <trkpt lat="46.1655120" lon="7.3703160">
    <ele>2294.0</ele>
   </trkpt>
   <trkpt lat="46.1655060" lon="7.3703110">
    <ele>2294.0</ele>
   </trkpt>
   <trkpt lat="46.1655000" lon="7.3703060">
    <ele>2294.0</ele>
   </trkpt>
   <trkpt lat="46.1654940" lon="7.3703020">
    <ele>2295.0</ele>
   </trkpt>
   <trkpt lat="46.1654770" lon="7.3702870">
    <ele>2295.0</ele>
   </trkpt>
   <trkpt lat="46.1654710" lon="7.3702840">
    <ele>2295.0</ele>
   </trkpt>
   <trkpt lat="46.1654650" lon="7.3702810">
    <ele>2295.0</ele>
   </trkpt>
   <trkpt lat="46.1654590" lon="7.3702780">
    <ele>2296.0</ele>
   </trkpt>
   <trkpt lat="46.1654410" lon="7.3702740">
    <ele>2296.0</ele>
   </trkpt>
   <trkpt lat="46.1654350" lon="7.3702710">
    <ele>2296.0</ele>
   </trkpt>
   <trkpt lat="46.1654300" lon="7.3702690">
    <ele>2296.0</ele>
   </trkpt>
   <trkpt lat="46.1654240" lon="7.3702660">
    <ele>2297.0</ele>
   </trkpt>
   <trkpt lat="46.1654090" lon="7.3702580">
    <ele>2297.0</ele>
   </trkpt>
   <trkpt lat="46.1654030" lon="7.3702550">
    <ele>2297.0</ele>
   </trkpt>
   <trkpt lat="46.1653960" lon="7.3702530">
    <ele>2297.0</ele>
   </trkpt>
   <trkpt lat="46.1653900" lon="7.3702500">
    <ele>2298.0</ele>
   </trkpt>
   <trkpt lat="46.1653680" lon="7.3702360">
    <ele>2298.0</ele>
   </trkpt>
   <trkpt lat="46.1653600" lon="7.3702310">
    <ele>2298.0</ele>
   </trkpt>
   <trkpt lat="46.1653520" lon="7.3702260">
    <ele>2298.0</ele>
   </trkpt>
   <trkpt lat="46.1653440" lon="7.3702200">
    <ele>2299.0</ele>
   </trkpt>
   <trkpt lat="46.1653200" lon="7.3702060">
    <ele>2299.0</ele>
   </trkpt>
   <trkpt lat="46.1653130" lon="7.3702040">
    <ele>2299.0</ele>
   </trkpt>
   <trkpt lat="46.1653050" lon="7.3702010">
    <ele>2299.0</ele>
   </trkpt>
   <trkpt lat="46.1652970" lon="7.3701990">
    <ele>2299.0</ele>
   </trkpt>
   <trkpt lat="46.1652730" lon="7.3701920">
    <ele>2299.0</ele>
   </trkpt>
   <trkpt lat="46.1652650" lon="7.3701880">
    <ele>2299.0</ele>
   </trkpt>
   <trkpt lat="46.1652570" lon="7.3701840">
    <ele>2299.0</ele>
   </trkpt>
   <trkpt lat="46.1652490" lon="7.3701800">
    <ele>2300.0</ele>
   </trkpt>
   <trkpt lat="46.1652210" lon="7.3701700">
    <ele>2300.0</ele>
   </trkpt>
   <trkpt lat="46.1652090" lon="7.3701680">
    <ele>2300.0</ele>
   </trkpt>
   <trkpt lat="46.1651960" lon="7.3701670">
    <ele>2300.0</ele>
   </trkpt>
   <trkpt lat="46.1651840" lon="7.3701660">
    <ele>2301.0</ele>
   </trkpt>
   <trkpt lat="46.1651400" lon="7.3701590">
    <ele>2301.0</ele>
   </trkpt>
   <trkpt lat="46.1651250" lon="7.3701530">
    <ele>2301.0</ele>
   </trkpt>
   <trkpt lat="46.1651100" lon="7.3701460">
    <ele>2301.0</ele>
   </trkpt>
   <trkpt lat="46.1650950" lon="7.3701390">
    <ele>2302.0</ele>
   </trkpt>
   <trkpt lat="46.1650590" lon="7.3701080">
    <ele>2302.0</ele>
   </trkpt>
   <trkpt lat="46.1650500" lon="7.3700960">
    <ele>2302.0</ele>
   </trkpt>
   <trkpt lat="46.1650400" lon="7.3700840">
    <ele>2302.0</ele>
   </trkpt>
   <trkpt lat="46.1650310" lon="7.3700720">
    <ele>2302.0</ele>
   </trkpt>
   <trkpt lat="46.1650110" lon="7.3700410">
    <ele>2302.0</ele>
   </trkpt>
   <trkpt lat="46.1650040" lon="7.3700320">
    <ele>2302.0</ele>
   </trkpt>
   <trkpt lat="46.1649980" lon="7.3700240">
    <ele>2302.0</ele>
   </trkpt>
   <trkpt lat="46.1649920" lon="7.3700150">
    <ele>2303.0</ele>
   </trkpt>
   <trkpt lat="46.1649730" lon="7.3699970">
    <ele>2303.0</ele>
   </trkpt>
   <trkpt lat="46.1649660" lon="7.3699940">
    <ele>2303.0</ele>
   </trkpt>
   <trkpt lat="46.1649590" lon="7.3699900">
    <ele>2303.0</ele>
   </trkpt>
   <trkpt lat="46.1649520" lon="7.3699870">
    <ele>2304.0</ele>
   </trkpt>
   <trkpt lat="46.1649290" lon="7.3699810">
    <ele>2304.0</ele>
   </trkpt>
   <trkpt lat="46.1649210" lon="7.3699800">
    <ele>2304.0</ele>
   </trkpt>
   <trkpt lat="46.1649120" lon="7.3699780">
    <ele>2304.0</ele>
   </trkpt>
   <trkpt lat="46.1649040" lon="7.3699770">
    <ele>2305.0</ele>
   </trkpt>
   <trkpt lat="46.1648790" lon="7.3699720">
    <ele>2305.0</ele>
   </trkpt>
   <trkpt lat="46.1648700" lon="7.3699710">
    <ele>2305.0</ele>
   </trkpt>
   <trkpt lat="46.1648610" lon="7.3699690">
    <ele>2305.0</ele>
   </trkpt>
   <trkpt lat="46.1648520" lon="7.3699670">
    <ele>2306.0</ele>
   </trkpt>
   <trkpt lat="46.1648240" lon="7.3699660">
    <ele>2306.0</ele>
   </trkpt>
   <trkpt lat="46.1648140" lon="7.3699660">
    <ele>2306.0</ele>
   </trkpt>
   <trkpt lat="46.1648050" lon="7.3699660">
    <ele>2306.0</ele>
   </trkpt>
   <trkpt lat="46.1647960" lon="7.3699660">
    <ele>2307.0</ele>
   </trkpt>
   <trkpt lat="46.1647700" lon="7.3699700">
    <ele>2307.0</ele>
   </trkpt>
   <trkpt lat="46.1647620" lon="7.3699730">
    <ele>2307.0</ele>
   </trkpt>
   <trkpt lat="46.1647540" lon="7.3699760">
    <ele>2307.0</ele>
   </trkpt>
   <trkpt lat="46.1647460" lon="7.3699790">
    <ele>2307.0</ele>
   </trkpt>
   <trkpt lat="46.1647200" lon="7.3699860">
    <ele>2307.0</ele>
   </trkpt>
   <trkpt lat="46.1647100" lon="7.3699880">
    <ele>2307.0</ele>
   </trkpt>
   <trkpt lat="46.1647010" lon="7.3699900">
    <ele>2307.0</ele>
   </trkpt>
   <trkpt lat="46.1646910" lon="7.3699920">
    <ele>2308.0</ele>
   </trkpt>
   <trkpt lat="46.1646620" lon="7.3699950">
    <ele>2308.0</ele>
   </trkpt>
   <trkpt lat="46.1646530" lon="7.3699940">
    <ele>2308.0</ele>
   </trkpt>
   <trkpt lat="46.1646450" lon="7.3699940">
    <ele>2308.0</ele>
   </trkpt>
   <trkpt lat="46.1646360" lon="7.3699930">
    <ele>2309.0</ele>
   </trkpt>
   <trkpt lat="46.1646100" lon="7.3699910">
    <ele>2309.0</ele>
   </trkpt>
   <trkpt lat="46.1646010" lon="7.3699890">
    <ele>2309.0</ele>
   </trkpt>
   <trkpt lat="46.1645920" lon="7.3699880">
    <ele>2309.0</ele>
   </trkpt>
   <trkpt lat="46.1645820" lon="7.3699870">
    <ele>2310.0</ele>
   </trkpt>
   <trkpt lat="46.1645570" lon="7.3699780">
    <ele>2310.0</ele>
   </trkpt>
   <trkpt lat="46.1645490" lon="7.3699740">
    <ele>2310.0</ele>
   </trkpt>
   <trkpt lat="46.1645410" lon="7.3699690">
    <ele>2310.0</ele>
   </trkpt>
   <trkpt lat="46.1645330" lon="7.3699650">
    <ele>2311.0</ele>
   </trkpt>
   <trkpt lat="46.1645120" lon="7.3699520">
    <ele>2311.0</ele>
   </trkpt>
   <trkpt lat="46.1645040" lon="7.3699470">
    <ele>2311.0</ele>
   </trkpt>
   <trkpt lat="46.1644970" lon="7.3699430">
    <ele>2311.0</ele>
   </trkpt>
   <trkpt lat="46.1644900" lon="7.3699380">
    <ele>2312.0</ele>
   </trkpt>
   <trkpt lat="46.1644670" lon="7.3699230">
    <ele>2312.0</ele>
   </trkpt>
   <trkpt lat="46.1644620" lon="7.3699190">
    <ele>2312.0</ele>
   </trkpt>
   <trkpt lat="46.1644550" lon="7.3699140">
    <ele>2312.0</ele>
   </trkpt>
   <trkpt lat="46.1644500" lon="7.3699100">
    <ele>2313.0</ele>
   </trkpt>
   <trkpt lat="46.1644320" lon="7.3699010">
    <ele>2313.0</ele>
   </trkpt>
   <trkpt lat="46.1644250" lon="7.3699000">
    <ele>2313.0</ele>
   </trkpt>
   <trkpt lat="46.1644190" lon="7.3698980">
    <ele>2313.0</ele>
   </trkpt>
   <trkpt lat="46.1644120" lon="7.3698970">
    <ele>2314.0</ele>
   </trkpt>
   <trkpt lat="46.1643920" lon="7.3698940">
    <ele>2314.0</ele>
   </trkpt>
   <trkpt lat="46.1643850" lon="7.3698920">
    <ele>2314.0</ele>
   </trkpt>
   <trkpt lat="46.1643780" lon="7.3698890">
    <ele>2314.0</ele>
   </trkpt>
   <trkpt lat="46.1643710" lon="7.3698870">
    <ele>2315.0</ele>
   </trkpt>
   <trkpt lat="46.1643500" lon="7.3698760">
    <ele>2315.0</ele>
   </trkpt>
   <trkpt lat="46.1643440" lon="7.3698700">
    <ele>2316.0</ele>
   </trkpt>
   <trkpt lat="46.1643380" lon="7.3698650">
    <ele>2316.0</ele>
   </trkpt>
   <trkpt lat="46.1643320" lon="7.3698600">
    <ele>2317.0</ele>
   </trkpt>
   <trkpt lat="46.1643150" lon="7.3698430">
    <ele>2317.0</ele>
   </trkpt>
   <trkpt lat="46.1643100" lon="7.3698390">
    <ele>2317.0</ele>
   </trkpt>
   <trkpt lat="46.1643040" lon="7.3698340">
    <ele>2317.0</ele>
   </trkpt>
   <trkpt lat="46.1642990" lon="7.3698290">
    <ele>2318.0</ele>
   </trkpt>
   <trkpt lat="46.1642810" lon="7.3698180">
    <ele>2318.0</ele>
   </trkpt>
   <trkpt lat="46.1642750" lon="7.3698150">
    <ele>2318.0</ele>
   </trkpt>
   <trkpt lat="46.1642690" lon="7.3698130">
    <ele>2318.0</ele>
   </trkpt>
   <trkpt lat="46.1642630" lon="7.3698100">
    <ele>2319.0</ele>
   </trkpt>
   <trkpt lat="46.1642440" lon="7.3698020">
    <ele>2319.0</ele>
   </trkpt>
   <trkpt lat="46.1642370" lon="7.3697990">
    <ele>2319.0</ele>
   </trkpt>
   <trkpt lat="46.1642310" lon="7.3697950">
    <ele>2319.0</ele>
   </trkpt>
   <trkpt lat="46.1642240" lon="7.3697920">
    <ele>2320.0</ele>
   </trkpt>
   <trkpt lat="46.1642030" lon="7.3697870">
    <ele>2320.0</ele>
   </trkpt>
   <trkpt lat="46.1641960" lon="7.3697860">
    <ele>2320.0</ele>
   </trkpt>
   <trkpt lat="46.1641890" lon="7.3697860">
    <ele>2320.0</ele>
   </trkpt>
   <trkpt lat="46.1641820" lon="7.3697850">
    <ele>2321.0</ele>
   </trkpt>
   <trkpt lat="46.1641590" lon="7.3697870">
    <ele>2321.0</ele>
   </trkpt>
   <trkpt lat="46.1641510" lon="7.3697880">
    <ele>2321.0</ele>
   </trkpt>
   <trkpt lat="46.1641440" lon="7.3697900">
    <ele>2321.0</ele>
   </trkpt>
   <trkpt lat="46.1641360" lon="7.3697910">
    <ele>2322.0</ele>
   </trkpt>
   <trkpt lat="46.1641160" lon="7.3697920">
    <ele>2322.0</ele>
   </trkpt>
   <trkpt lat="46.1641090" lon="7.3697910">
    <ele>2322.0</ele>
   </trkpt>
   <trkpt lat="46.1641020" lon="7.3697910">
    <ele>2322.0</ele>
   </trkpt>
   <trkpt lat="46.1640950" lon="7.3697910">
    <ele>2323.0</ele>
   </trkpt>
   <trkpt lat="46.1640730" lon="7.3697910">
    <ele>2323.0</ele>
   </trkpt>
   <trkpt lat="46.1640650" lon="7.3697920">
    <ele>2323.0</ele>
   </trkpt>
   <trkpt lat="46.1640560" lon="7.3697930">
    <ele>2323.0</ele>
   </trkpt>
   <trkpt lat="46.1640480" lon="7.3697940">
    <ele>2324.0</ele>
   </trkpt>
   <trkpt lat="46.1640210" lon="7.3697930">
    <ele>2324.0</ele>
   </trkpt>
   <trkpt lat="46.1640120" lon="7.3697920">
    <ele>2324.0</ele>
   </trkpt>
   <trkpt lat="46.1640030" lon="7.3697920">
    <ele>2324.0</ele>
   </trkpt>
   <trkpt lat="46.1639940" lon="7.3697910">
    <ele>2324.0</ele>
   </trkpt>
   <trkpt lat="46.1639680" lon="7.3697850">
    <ele>2324.0</ele>
   </trkpt>
   <trkpt lat="46.1639610" lon="7.3697820">
    <ele>2324.0</ele>
   </trkpt>
   <trkpt lat="46.1639530" lon="7.3697790">
    <ele>2324.0</ele>
   </trkpt>
   <trkpt lat="46.1639450" lon="7.3697760">
    <ele>2325.0</ele>
   </trkpt>
   <trkpt lat="46.1639250" lon="7.3697630">
    <ele>2325.0</ele>
   </trkpt>
   <trkpt lat="46.1639200" lon="7.3697580">
    <ele>2325.0</ele>
   </trkpt>
   <trkpt lat="46.1639160" lon="7.3697530">
    <ele>2325.0</ele>
   </trkpt>
   <trkpt lat="46.1639110" lon="7.3697480">
    <ele>2326.0</ele>
   </trkpt>
   <trkpt lat="46.1638940" lon="7.3697330">
    <ele>2326.0</ele>
   </trkpt>
   <trkpt lat="46.1638880" lon="7.3697280">
    <ele>2326.0</ele>
   </trkpt>
   <trkpt lat="46.1638830" lon="7.3697220">
    <ele>2326.0</ele>
   </trkpt>
   <trkpt lat="46.1638770" lon="7.3697160">
    <ele>2327.0</ele>
   </trkpt>
   <trkpt lat="46.1638590" lon="7.3696940">
    <ele>2327.0</ele>
   </trkpt>
   <trkpt lat="46.1638520" lon="7.3696830">
    <ele>2327.0</ele>
   </trkpt>
   <trkpt lat="46.1638450" lon="7.3696730">
    <ele>2327.0</ele>
   </trkpt>
   <trkpt lat="46.1638380" lon="7.3696620">
    <ele>2328.0</ele>
   </trkpt>
   <trkpt lat="46.1638090" lon="7.3696180">
    <ele>2327.0</ele>
   </trkpt>
   <trkpt lat="46.1637970" lon="7.3695990">
    <ele>2327.0</ele>
   </trkpt>
   <trkpt lat="46.1637850" lon="7.3695810">
    <ele>2327.0</ele>
   </trkpt>
   <trkpt lat="46.1637730" lon="7.3695620">
    <ele>2327.0</ele>
   </trkpt>
   <trkpt lat="46.1637410" lon="7.3695010">
    <ele>2327.0</ele>
   </trkpt>
   <trkpt lat="46.1637330" lon="7.3694810">
    <ele>2327.0</ele>
   </trkpt>
   <trkpt lat="46.1637250" lon="7.3694610">
    <ele>2327.0</ele>
   </trkpt>
   <trkpt lat="46.1637180" lon="7.3694420">
    <ele>2328.0</ele>
   </trkpt>
   <trkpt lat="46.1636920" lon="7.3693930">
    <ele>2328.0</ele>
   </trkpt>
   <trkpt lat="46.1636790" lon="7.3693820">
    <ele>2328.0</ele>
   </trkpt>
   <trkpt lat="46.1636670" lon="7.3693710">
    <ele>2328.0</ele>
   </trkpt>
   <trkpt lat="46.1636550" lon="7.3693610">
    <ele>2328.0</ele>
   </trkpt>
   <trkpt lat="46.1636110" lon="7.3693500">
    <ele>2328.0</ele>
   </trkpt>
   <trkpt lat="46.1635950" lon="7.3693520">
    <ele>2328.0</ele>
   </trkpt>
   <trkpt lat="46.1635790" lon="7.3693540">
    <ele>2328.0</ele>
   </trkpt>
   <trkpt lat="46.1635630" lon="7.3693570">
    <ele>2329.0</ele>
   </trkpt>
   <trkpt lat="46.1635180" lon="7.3693730">
    <ele>2329.0</ele>
   </trkpt>
   <trkpt lat="46.1635040" lon="7.3693800">
    <ele>2329.0</ele>
   </trkpt>
   <trkpt lat="46.1634900" lon="7.3693870">
    <ele>2329.0</ele>
   </trkpt>
   <trkpt lat="46.1634770" lon="7.3693940">
    <ele>2329.0</ele>
   </trkpt>
   <trkpt lat="46.1634340" lon="7.3694210">
    <ele>2329.0</ele>
   </trkpt>
   <trkpt lat="46.1634180" lon="7.3694260">
    <ele>2329.0</ele>
   </trkpt>
   <trkpt lat="46.1634010" lon="7.3694300">
    <ele>2329.0</ele>
   </trkpt>
   <trkpt lat="46.1633850" lon="7.3694350">
    <ele>2330.0</ele>
   </trkpt>
   <trkpt lat="46.1633370" lon="7.3694170">
    <ele>2330.0</ele>
   </trkpt>
   <trkpt lat="46.1633230" lon="7.3694050">
    <ele>2330.0</ele>
   </trkpt>
   <trkpt lat="46.1633080" lon="7.3693920">
    <ele>2330.0</ele>
   </trkpt>
   <trkpt lat="46.1632940" lon="7.3693800">
    <ele>2330.0</ele>
   </trkpt>
   <trkpt lat="46.1632500" lon="7.3693400">
    <ele>2330.0</ele>
   </trkpt>
   <trkpt lat="46.1632330" lon="7.3693300">
    <ele>2330.0</ele>
   </trkpt>
   <trkpt lat="46.1632160" lon="7.3693190">
    <ele>2330.0</ele>
   </trkpt>
   <trkpt lat="46.1631820" lon="7.3693040">
    <ele>2330.0</ele>
   </trkpt>
   <trkpt lat="46.1631430" lon="7.3692860">
    <ele>2330.0</ele>
   </trkpt>
   <trkpt lat="46.1631240" lon="7.3692780">
    <ele>2330.0</ele>
   </trkpt>
   <trkpt lat="46.1631040" lon="7.3692690">
    <ele>2330.0</ele>
   </trkpt>
   <trkpt lat="46.1630850" lon="7.3692600">
    <ele>2330.0</ele>
   </trkpt>
   <trkpt lat="46.1630370" lon="7.3692340">
    <ele>2329.0</ele>
   </trkpt>
   <trkpt lat="46.1630250" lon="7.3692270">
    <ele>2329.0</ele>
   </trkpt>
   <trkpt lat="46.1630130" lon="7.3692190">
    <ele>2329.0</ele>
   </trkpt>
   <trkpt lat="46.1630020" lon="7.3692110">
    <ele>2329.0</ele>
   </trkpt>
   <trkpt lat="46.1629790" lon="7.3691920">
    <ele>2329.0</ele>
   </trkpt>
   <trkpt lat="46.1629720" lon="7.3691870">
    <ele>2329.0</ele>
   </trkpt>
   <trkpt lat="46.1629660" lon="7.3691820">
    <ele>2329.0</ele>
   </trkpt>
   <trkpt lat="46.1629590" lon="7.3691760">
    <ele>2330.0</ele>
   </trkpt>
   <trkpt lat="46.1629390" lon="7.3691680">
    <ele>2330.0</ele>
   </trkpt>
   <trkpt lat="46.1629320" lon="7.3691660">
    <ele>2330.0</ele>
   </trkpt>
   <trkpt lat="46.1629250" lon="7.3691640">
    <ele>2330.0</ele>
   </trkpt>
   <trkpt lat="46.1629180" lon="7.3691620">
    <ele>2331.0</ele>
   </trkpt>
   <trkpt lat="46.1628950" lon="7.3691600">
    <ele>2331.0</ele>
   </trkpt>
   <trkpt lat="46.1628880" lon="7.3691600">
    <ele>2331.0</ele>
   </trkpt>
   <trkpt lat="46.1628800" lon="7.3691610">
    <ele>2331.0</ele>
   </trkpt>
   <trkpt lat="46.1628730" lon="7.3691610">
    <ele>2332.0</ele>
   </trkpt>
   <trkpt lat="46.1628510" lon="7.3691630">
    <ele>2332.0</ele>
   </trkpt>
   <trkpt lat="46.1628440" lon="7.3691630">
    <ele>2332.0</ele>
   </trkpt>
   <trkpt lat="46.1628360" lon="7.3691630">
    <ele>2332.0</ele>
   </trkpt>
   <trkpt lat="46.1628290" lon="7.3691630">
    <ele>2333.0</ele>
   </trkpt>
   <trkpt lat="46.1628090" lon="7.3691660">
    <ele>2333.0</ele>
   </trkpt>
   <trkpt lat="46.1628030" lon="7.3691690">
    <ele>2333.0</ele>
   </trkpt>
   <trkpt lat="46.1627960" lon="7.3691720">
    <ele>2333.0</ele>
   </trkpt>
   <trkpt lat="46.1627890" lon="7.3691750">
    <ele>2334.0</ele>
   </trkpt>
   <trkpt lat="46.1627710" lon="7.3691710">
    <ele>2334.0</ele>
   </trkpt>
   <trkpt lat="46.1627650" lon="7.3691640">
    <ele>2334.0</ele>
   </trkpt>
   <trkpt lat="46.1627590" lon="7.3691570">
    <ele>2334.0</ele>
   </trkpt>
   <trkpt lat="46.1627530" lon="7.3691510">
    <ele>2335.0</ele>
   </trkpt>
   <trkpt lat="46.1627330" lon="7.3691290">
    <ele>2335.0</ele>
   </trkpt>
   <trkpt lat="46.1627250" lon="7.3691250">
    <ele>2335.0</ele>
   </trkpt>
   <trkpt lat="46.1627170" lon="7.3691210">
    <ele>2335.0</ele>
   </trkpt>
   <trkpt lat="46.1627090" lon="7.3691170">
    <ele>2336.0</ele>
   </trkpt>
   <trkpt lat="46.1626830" lon="7.3691100">
    <ele>2336.0</ele>
   </trkpt>
   <trkpt lat="46.1626740" lon="7.3691090">
    <ele>2336.0</ele>
   </trkpt>
   <trkpt lat="46.1626660" lon="7.3691070">
    <ele>2336.0</ele>
   </trkpt>
   <trkpt lat="46.1626570" lon="7.3691050">
    <ele>2337.0</ele>
   </trkpt>
   <trkpt lat="46.1626360" lon="7.3690970">
    <ele>2337.0</ele>
   </trkpt>
   <trkpt lat="46.1626280" lon="7.3690950">
    <ele>2337.0</ele>
   </trkpt>
   <trkpt lat="46.1626210" lon="7.3690920">
    <ele>2337.0</ele>
   </trkpt>
   <trkpt lat="46.1626140" lon="7.3690900">
    <ele>2338.0</ele>
   </trkpt>
   <trkpt lat="46.1625930" lon="7.3690820">
    <ele>2338.0</ele>
   </trkpt>
   <trkpt lat="46.1625860" lon="7.3690800">
    <ele>2338.0</ele>
   </trkpt>
   <trkpt lat="46.1625790" lon="7.3690770">
    <ele>2338.0</ele>
   </trkpt>
   <trkpt lat="46.1625730" lon="7.3690750">
    <ele>2339.0</ele>
   </trkpt>
   <trkpt lat="46.1625480" lon="7.3690690">
    <ele>2339.0</ele>
   </trkpt>
   <trkpt lat="46.1625370" lon="7.3690660">
    <ele>2339.0</ele>
   </trkpt>
   <trkpt lat="46.1625270" lon="7.3690620">
    <ele>2339.0</ele>
   </trkpt>
   <trkpt lat="46.1625170" lon="7.3690580">
    <ele>2340.0</ele>
   </trkpt>
   <trkpt lat="46.1624870" lon="7.3690460">
    <ele>2340.0</ele>
   </trkpt>
   <trkpt lat="46.1624780" lon="7.3690430">
    <ele>2340.0</ele>
   </trkpt>
   <trkpt lat="46.1624680" lon="7.3690390">
    <ele>2340.0</ele>
   </trkpt>
   <trkpt lat="46.1624590" lon="7.3690360">
    <ele>2340.0</ele>
   </trkpt>
   <trkpt lat="46.1624240" lon="7.3690230">
    <ele>2340.0</ele>
   </trkpt>
   <trkpt lat="46.1624090" lon="7.3690030">
    <ele>2340.0</ele>
   </trkpt>
   <trkpt lat="46.1623870" lon="7.3689760">
    <ele>2340.0</ele>
   </trkpt>
   <trkpt lat="46.1623650" lon="7.3689490">
    <ele>2340.0</ele>
   </trkpt>
   <trkpt lat="46.1623470" lon="7.3689250">
    <ele>2339.0</ele>
   </trkpt>
   <trkpt lat="46.1623330" lon="7.3689050">
    <ele>2339.0</ele>
   </trkpt>
   <trkpt lat="46.1623190" lon="7.3688850">
    <ele>2339.0</ele>
   </trkpt>
   <trkpt lat="46.1623050" lon="7.3688650">
    <ele>2339.0</ele>
   </trkpt>
   <trkpt lat="46.1622660" lon="7.3688030">
    <ele>2339.0</ele>
   </trkpt>
   <trkpt lat="46.1622530" lon="7.3687860">
    <ele>2339.0</ele>
   </trkpt>
   <trkpt lat="46.1622400" lon="7.3687680">
    <ele>2339.0</ele>
   </trkpt>
   <trkpt lat="46.1622270" lon="7.3687500">
    <ele>2339.0</ele>
   </trkpt>
   <trkpt lat="46.1621820" lon="7.3686980">
    <ele>2339.0</ele>
   </trkpt>
   <trkpt lat="46.1621650" lon="7.3686830">
    <ele>2339.0</ele>
   </trkpt>
   <trkpt lat="46.1621480" lon="7.3686680">
    <ele>2339.0</ele>
   </trkpt>
   <trkpt lat="46.1621320" lon="7.3686530">
    <ele>2339.0</ele>
   </trkpt>
   <trkpt lat="46.1620890" lon="7.3686110">
    <ele>2338.0</ele>
   </trkpt>
   <trkpt lat="46.1620750" lon="7.3685990">
    <ele>2338.0</ele>
   </trkpt>
   <trkpt lat="46.1620610" lon="7.3685870">
    <ele>2338.0</ele>
   </trkpt>
   <trkpt lat="46.1620480" lon="7.3685750">
    <ele>2338.0</ele>
   </trkpt>
   <trkpt lat="46.1620030" lon="7.3685440">
    <ele>2338.0</ele>
   </trkpt>
   <trkpt lat="46.1619800" lon="7.3685240">
    <ele>2338.0</ele>
   </trkpt>
   <trkpt lat="46.1619560" lon="7.3685050">
    <ele>2338.0</ele>
   </trkpt>
   <trkpt lat="46.1619330" lon="7.3684860">
    <ele>2338.0</ele>
   </trkpt>
   <trkpt lat="46.1619090" lon="7.3684660">
    <ele>2338.0</ele>
   </trkpt>
   <trkpt lat="46.1618940" lon="7.3684460">
    <ele>2338.0</ele>
   </trkpt>
   <trkpt lat="46.1618800" lon="7.3684250">
    <ele>2338.0</ele>
   </trkpt>
   <trkpt lat="46.1618660" lon="7.3684050">
    <ele>2338.0</ele>
   </trkpt>
   <trkpt lat="46.1618380" lon="7.3683270">
    <ele>2337.0</ele>
   </trkpt>
   <trkpt lat="46.1618320" lon="7.3683000">
    <ele>2337.0</ele>
   </trkpt>
   <trkpt lat="46.1618260" lon="7.3682730">
    <ele>2337.0</ele>
   </trkpt>
   <trkpt lat="46.1618210" lon="7.3682460">
    <ele>2337.0</ele>
   </trkpt>
   <trkpt lat="46.1618120" lon="7.3681630">
    <ele>2337.0</ele>
   </trkpt>
   <trkpt lat="46.1618070" lon="7.3681360">
    <ele>2337.0</ele>
   </trkpt>
   <trkpt lat="46.1618030" lon="7.3681090">
    <ele>2337.0</ele>
   </trkpt>
   <trkpt lat="46.1617990" lon="7.3680820">
    <ele>2337.0</ele>
   </trkpt>
   <trkpt lat="46.1617770" lon="7.3680130">
    <ele>2337.0</ele>
   </trkpt>
   <trkpt lat="46.1617670" lon="7.3679950">
    <ele>2337.0</ele>
   </trkpt>
   <trkpt lat="46.1617570" lon="7.3679770">
    <ele>2337.0</ele>
   </trkpt>
   <trkpt lat="46.1617470" lon="7.3679590">
    <ele>2337.0</ele>
   </trkpt>
   <trkpt lat="46.1617140" lon="7.3679090">
    <ele>2337.0</ele>
   </trkpt>
   <trkpt lat="46.1617030" lon="7.3678950">
    <ele>2337.0</ele>
   </trkpt>
   <trkpt lat="46.1616930" lon="7.3678810">
    <ele>2337.0</ele>
   </trkpt>
   <trkpt lat="46.1616820" lon="7.3678670">
    <ele>2338.0</ele>
   </trkpt>
   <trkpt lat="46.1616450" lon="7.3678680">
    <ele>2338.0</ele>
   </trkpt>
   <trkpt lat="46.1616310" lon="7.3678770">
    <ele>2338.0</ele>
   </trkpt>
   <trkpt lat="46.1616170" lon="7.3678860">
    <ele>2338.0</ele>
   </trkpt>
   <trkpt lat="46.1616030" lon="7.3678960">
    <ele>2339.0</ele>
   </trkpt>
   <trkpt lat="46.1615580" lon="7.3679250">
    <ele>2339.0</ele>
   </trkpt>
   <trkpt lat="46.1615440" lon="7.3679290">
    <ele>2339.0</ele>
   </trkpt>
   <trkpt lat="46.1615300" lon="7.3679330">
    <ele>2339.0</ele>
   </trkpt>
   <trkpt lat="46.1615160" lon="7.3679370">
    <ele>2340.0</ele>
   </trkpt>
   <trkpt lat="46.1614860" lon="7.3679340">
    <ele>2340.0</ele>
   </trkpt>
   <trkpt lat="46.1614770" lon="7.3679320">
    <ele>2340.0</ele>
   </trkpt>
   <trkpt lat="46.1614690" lon="7.3679290">
    <ele>2340.0</ele>
   </trkpt>
   <trkpt lat="46.1614600" lon="7.3679270">
    <ele>2341.0</ele>
   </trkpt>
   <trkpt lat="46.1614360" lon="7.3679170">
    <ele>2341.0</ele>
   </trkpt>
   <trkpt lat="46.1614290" lon="7.3679130">
    <ele>2341.0</ele>
   </trkpt>
   <trkpt lat="46.1614210" lon="7.3679090">
    <ele>2341.0</ele>
   </trkpt>
   <trkpt lat="46.1614130" lon="7.3679040">
    <ele>2342.0</ele>
   </trkpt>
   <trkpt lat="46.1613910" lon="7.3678900">
    <ele>2342.0</ele>
   </trkpt>
   <trkpt lat="46.1613830" lon="7.3678860">
    <ele>2342.0</ele>
   </trkpt>
   <trkpt lat="46.1613740" lon="7.3678810">
    <ele>2342.0</ele>
   </trkpt>
   <trkpt lat="46.1613650" lon="7.3678770">
    <ele>2342.0</ele>
   </trkpt>
   <trkpt lat="46.1613360" lon="7.3678640">
    <ele>2342.0</ele>
   </trkpt>
   <trkpt lat="46.1613270" lon="7.3678590">
    <ele>2342.0</ele>
   </trkpt>
   <trkpt lat="46.1613180" lon="7.3678540">
    <ele>2342.0</ele>
   </trkpt>
   <trkpt lat="46.1613100" lon="7.3678490">
    <ele>2343.0</ele>
   </trkpt>
   <trkpt lat="46.1612830" lon="7.3678350">
    <ele>2343.0</ele>
   </trkpt>
   <trkpt lat="46.1612740" lon="7.3678300">
    <ele>2343.0</ele>
   </trkpt>
   <trkpt lat="46.1612660" lon="7.3678250">
    <ele>2343.0</ele>
   </trkpt>
   <trkpt lat="46.1612570" lon="7.3678200">
    <ele>2343.0</ele>
   </trkpt>
   <trkpt lat="46.1612300" lon="7.3678030">
    <ele>2343.0</ele>
   </trkpt>
   <trkpt lat="46.1612200" lon="7.3677960">
    <ele>2343.0</ele>
   </trkpt>
   <trkpt lat="46.1612110" lon="7.3677880">
    <ele>2343.0</ele>
   </trkpt>
   <trkpt lat="46.1612010" lon="7.3677810">
    <ele>2344.0</ele>
   </trkpt>
   <trkpt lat="46.1611660" lon="7.3677550">
    <ele>2344.0</ele>
   </trkpt>
   <trkpt lat="46.1611510" lon="7.3677480">
    <ele>2344.0</ele>
   </trkpt>
   <trkpt lat="46.1611370" lon="7.3677420">
    <ele>2344.0</ele>
   </trkpt>
   <trkpt lat="46.1611230" lon="7.3677360">
    <ele>2344.0</ele>
   </trkpt>
   <trkpt lat="46.1610780" lon="7.3677150">
    <ele>2344.0</ele>
   </trkpt>
   <trkpt lat="46.1610640" lon="7.3677070">
    <ele>2344.0</ele>
   </trkpt>
   <trkpt lat="46.1610500" lon="7.3676990">
    <ele>2344.0</ele>
   </trkpt>
   <trkpt lat="46.1610350" lon="7.3676910">
    <ele>2345.0</ele>
   </trkpt>
   <trkpt lat="46.1609900" lon="7.3676690">
    <ele>2345.0</ele>
   </trkpt>
   <trkpt lat="46.1609750" lon="7.3676600">
    <ele>2345.0</ele>
   </trkpt>
   <trkpt lat="46.1609600" lon="7.3676510">
    <ele>2345.0</ele>
   </trkpt>
   <trkpt lat="46.1609460" lon="7.3676420">
    <ele>2346.0</ele>
   </trkpt>
   <trkpt lat="46.1609080" lon="7.3676040">
    <ele>2346.0</ele>
   </trkpt>
   <trkpt lat="46.1608970" lon="7.3675900">
    <ele>2346.0</ele>
   </trkpt>
   <trkpt lat="46.1608860" lon="7.3675760">
    <ele>2346.0</ele>
   </trkpt>
   <trkpt lat="46.1608750" lon="7.3675620">
    <ele>2347.0</ele>
   </trkpt>
   <trkpt lat="46.1608410" lon="7.3675150">
    <ele>2347.0</ele>
   </trkpt>
   <trkpt lat="46.1608290" lon="7.3674990">
    <ele>2347.0</ele>
   </trkpt>
   <trkpt lat="46.1608170" lon="7.3674830">
    <ele>2347.0</ele>
   </trkpt>
   <trkpt lat="46.1608050" lon="7.3674660">
    <ele>2348.0</ele>
   </trkpt>
   <trkpt lat="46.1607640" lon="7.3674240">
    <ele>2348.0</ele>
   </trkpt>
   <trkpt lat="46.1607500" lon="7.3674120">
    <ele>2348.0</ele>
   </trkpt>
   <trkpt lat="46.1607350" lon="7.3674010">
    <ele>2348.0</ele>
   </trkpt>
   <trkpt lat="46.1607200" lon="7.3673890">
    <ele>2349.0</ele>
   </trkpt>
   <trkpt lat="46.1606780" lon="7.3673650">
    <ele>2349.0</ele>
   </trkpt>
   <trkpt lat="46.1606640" lon="7.3673580">
    <ele>2349.0</ele>
   </trkpt>
   <trkpt lat="46.1606500" lon="7.3673500">
    <ele>2349.0</ele>
   </trkpt>
   <trkpt lat="46.1606360" lon="7.3673430">
    <ele>2350.0</ele>
   </trkpt>
   <trkpt lat="46.1605900" lon="7.3673190">
    <ele>2350.0</ele>
   </trkpt>
   <trkpt lat="46.1605740" lon="7.3673120">
    <ele>2350.0</ele>
   </trkpt>
   <trkpt lat="46.1605580" lon="7.3673040">
    <ele>2350.0</ele>
   </trkpt>
   <trkpt lat="46.1605420" lon="7.3672960">
    <ele>2350.0</ele>
   </trkpt>
   <trkpt lat="46.1604940" lon="7.3672770">
    <ele>2350.0</ele>
   </trkpt>
   <trkpt lat="46.1604780" lon="7.3672700">
    <ele>2350.0</ele>
   </trkpt>
   <trkpt lat="46.1604620" lon="7.3672630">
    <ele>2350.0</ele>
   </trkpt>
   <trkpt lat="46.1604460" lon="7.3672570">
    <ele>2351.0</ele>
   </trkpt>
   <trkpt lat="46.1604010" lon="7.3672300">
    <ele>2351.0</ele>
   </trkpt>
   <trkpt lat="46.1603870" lon="7.3672180">
    <ele>2351.0</ele>
   </trkpt>
   <trkpt lat="46.1603730" lon="7.3672060">
    <ele>2351.0</ele>
   </trkpt>
   <trkpt lat="46.1603590" lon="7.3671940">
    <ele>2352.0</ele>
   </trkpt>
   <trkpt lat="46.1603190" lon="7.3671570">
    <ele>2352.0</ele>
   </trkpt>
   <trkpt lat="46.1602940" lon="7.3671410">
    <ele>2352.0</ele>
   </trkpt>
   <trkpt lat="46.1602740" lon="7.3671270">
    <ele>2352.0</ele>
   </trkpt>
   <trkpt lat="46.1602540" lon="7.3671130">
    <ele>2353.0</ele>
   </trkpt>
   <trkpt lat="46.1602250" lon="7.3670940">
    <ele>2353.0</ele>
   </trkpt>
   <trkpt lat="46.1602090" lon="7.3670780">
    <ele>2353.0</ele>
   </trkpt>
   <trkpt lat="46.1601920" lon="7.3670620">
    <ele>2353.0</ele>
   </trkpt>
   <trkpt lat="46.1601760" lon="7.3670450">
    <ele>2353.0</ele>
   </trkpt>
   <trkpt lat="46.1601250" lon="7.3670060">
    <ele>2352.0</ele>
   </trkpt>
   <trkpt lat="46.1601090" lon="7.3670000">
    <ele>2352.0</ele>
   </trkpt>
   <trkpt lat="46.1600930" lon="7.3669930">
    <ele>2352.0</ele>
   </trkpt>
   <trkpt lat="46.1600780" lon="7.3669870">
    <ele>2352.0</ele>
   </trkpt>
   <trkpt lat="46.1600420" lon="7.3669840">
    <ele>2352.0</ele>
   </trkpt>
   <trkpt lat="46.1600330" lon="7.3669870">
    <ele>2352.0</ele>
   </trkpt>
   <trkpt lat="46.1600240" lon="7.3669890">
    <ele>2352.0</ele>
   </trkpt>
   <trkpt lat="46.1600150" lon="7.3669920">
    <ele>2352.0</ele>
   </trkpt>
   <trkpt lat="46.1599920" lon="7.3670030">
    <ele>2352.0</ele>
   </trkpt>
   <trkpt lat="46.1599840" lon="7.3670060">
    <ele>2352.0</ele>
   </trkpt>
   <trkpt lat="46.1599770" lon="7.3670100">
    <ele>2352.0</ele>
   </trkpt>
   <trkpt lat="46.1599690" lon="7.3670130">
    <ele>2353.0</ele>
   </trkpt>
   <trkpt lat="46.1599490" lon="7.3670180">
    <ele>2353.0</ele>
   </trkpt>
   <trkpt lat="46.1599430" lon="7.3670190">
    <ele>2353.0</ele>
   </trkpt>
   <trkpt lat="46.1599380" lon="7.3670200">
    <ele>2353.0</ele>
   </trkpt>
   <trkpt lat="46.1599320" lon="7.3670210">
    <ele>2354.0</ele>
   </trkpt>
   <trkpt lat="46.1599170" lon="7.3670260">
    <ele>2354.0</ele>
   </trkpt>
   <trkpt lat="46.1599120" lon="7.3670280">
    <ele>2354.0</ele>
   </trkpt>
   <trkpt lat="46.1599070" lon="7.3670300">
    <ele>2354.0</ele>
   </trkpt>
   <trkpt lat="46.1599020" lon="7.3670310">
    <ele>2355.0</ele>
   </trkpt>
   <trkpt lat="46.1598850" lon="7.3670410">
    <ele>2355.0</ele>
   </trkpt>
   <trkpt lat="46.1598800" lon="7.3670450">
    <ele>2355.0</ele>
   </trkpt>
   <trkpt lat="46.1598750" lon="7.3670480">
    <ele>2355.0</ele>
   </trkpt>
   <trkpt lat="46.1598700" lon="7.3670520">
    <ele>2356.0</ele>
   </trkpt>
   <trkpt lat="46.1598560" lon="7.3670620">
    <ele>2356.0</ele>
   </trkpt>
   <trkpt lat="46.1598510" lon="7.3670660">
    <ele>2357.0</ele>
   </trkpt>
   <trkpt lat="46.1598470" lon="7.3670700">
    <ele>2357.0</ele>
   </trkpt>
   <trkpt lat="46.1598420" lon="7.3670740">
    <ele>2358.0</ele>
   </trkpt>
   <trkpt lat="46.1598280" lon="7.3670910">
    <ele>2358.0</ele>
   </trkpt>
   <trkpt lat="46.1598220" lon="7.3670970">
    <ele>2358.0</ele>
   </trkpt>
   <trkpt lat="46.1598160" lon="7.3671030">
    <ele>2358.0</ele>
   </trkpt>
   <trkpt lat="46.1598100" lon="7.3671090">
    <ele>2359.0</ele>
   </trkpt>
   <trkpt lat="46.1597890" lon="7.3671250">
    <ele>2359.0</ele>
   </trkpt>
   <trkpt lat="46.1597810" lon="7.3671300">
    <ele>2359.0</ele>
   </trkpt>
   <trkpt lat="46.1597730" lon="7.3671340">
    <ele>2359.0</ele>
   </trkpt>
   <trkpt lat="46.1597660" lon="7.3671390">
    <ele>2360.0</ele>
   </trkpt>
   <trkpt lat="46.1597410" lon="7.3671490">
    <ele>2360.0</ele>
   </trkpt>
   <trkpt lat="46.1597330" lon="7.3671500">
    <ele>2360.0</ele>
   </trkpt>
   <trkpt lat="46.1597250" lon="7.3671500">
    <ele>2360.0</ele>
   </trkpt>
   <trkpt lat="46.1597160" lon="7.3671510">
    <ele>2360.0</ele>
   </trkpt>
   <trkpt lat="46.1596920" lon="7.3671520">
    <ele>2360.0</ele>
   </trkpt>
   <trkpt lat="46.1596840" lon="7.3671530">
    <ele>2360.0</ele>
   </trkpt>
   <trkpt lat="46.1596760" lon="7.3671550">
    <ele>2360.0</ele>
   </trkpt>
   <trkpt lat="46.1596680" lon="7.3671560">
    <ele>2361.0</ele>
   </trkpt>
   <trkpt lat="46.1596450" lon="7.3671650">
    <ele>2361.0</ele>
   </trkpt>
   <trkpt lat="46.1596380" lon="7.3671690">
    <ele>2361.0</ele>
   </trkpt>
   <trkpt lat="46.1596310" lon="7.3671720">
    <ele>2361.0</ele>
   </trkpt>
   <trkpt lat="46.1596240" lon="7.3671760">
    <ele>2362.0</ele>
   </trkpt>
   <trkpt lat="46.1596020" lon="7.3671840">
    <ele>2362.0</ele>
   </trkpt>
   <trkpt lat="46.1595940" lon="7.3671870">
    <ele>2363.0</ele>
   </trkpt>
   <trkpt lat="46.1595860" lon="7.3671890">
    <ele>2363.0</ele>
   </trkpt>
   <trkpt lat="46.1595780" lon="7.3671910">
    <ele>2364.0</ele>
   </trkpt>
   <trkpt lat="46.1595550" lon="7.3671990">
    <ele>2364.0</ele>
   </trkpt>
   <trkpt lat="46.1595480" lon="7.3672020">
    <ele>2364.0</ele>
   </trkpt>
   <trkpt lat="46.1595400" lon="7.3672050">
    <ele>2364.0</ele>
   </trkpt>
   <trkpt lat="46.1595330" lon="7.3672080">
    <ele>2364.0</ele>
   </trkpt>
   <trkpt lat="46.1595090" lon="7.3672180">
    <ele>2364.0</ele>
   </trkpt>
   <trkpt lat="46.1595020" lon="7.3672210">
    <ele>2364.0</ele>
   </trkpt>
   <trkpt lat="46.1594940" lon="7.3672230">
    <ele>2364.0</ele>
   </trkpt>
   <trkpt lat="46.1594870" lon="7.3672260">
    <ele>2365.0</ele>
   </trkpt>
   <trkpt lat="46.1594670" lon="7.3672310">
    <ele>2365.0</ele>
   </trkpt>
   <trkpt lat="46.1594600" lon="7.3672330">
    <ele>2366.0</ele>
   </trkpt>
   <trkpt lat="46.1594540" lon="7.3672340">
    <ele>2366.0</ele>
   </trkpt>
   <trkpt lat="46.1594480" lon="7.3672350">
    <ele>2367.0</ele>
   </trkpt>
   <trkpt lat="46.1594280" lon="7.3672420">
    <ele>2367.0</ele>
   </trkpt>
   <trkpt lat="46.1594200" lon="7.3672450">
    <ele>2367.0</ele>
   </trkpt>
   <trkpt lat="46.1594120" lon="7.3672480">
    <ele>2367.0</ele>
   </trkpt>
   <trkpt lat="46.1594050" lon="7.3672510">
    <ele>2368.0</ele>
   </trkpt>
   <trkpt lat="46.1593800" lon="7.3672600">
    <ele>2368.0</ele>
   </trkpt>
   <trkpt lat="46.1593720" lon="7.3672620">
    <ele>2368.0</ele>
   </trkpt>
   <trkpt lat="46.1593630" lon="7.3672650">
    <ele>2368.0</ele>
   </trkpt>
   <trkpt lat="46.1593540" lon="7.3672670">
    <ele>2369.0</ele>
   </trkpt>
   <trkpt lat="46.1593290" lon="7.3672700">
    <ele>2369.0</ele>
   </trkpt>
   <trkpt lat="46.1593210" lon="7.3672690">
    <ele>2369.0</ele>
   </trkpt>
   <trkpt lat="46.1593140" lon="7.3672680">
    <ele>2369.0</ele>
   </trkpt>
   <trkpt lat="46.1593060" lon="7.3672680">
    <ele>2370.0</ele>
   </trkpt>
   <trkpt lat="46.1592820" lon="7.3672630">
    <ele>2370.0</ele>
   </trkpt>
   <trkpt lat="46.1592740" lon="7.3672610">
    <ele>2370.0</ele>
   </trkpt>
   <trkpt lat="46.1592660" lon="7.3672590">
    <ele>2370.0</ele>
   </trkpt>
   <trkpt lat="46.1592590" lon="7.3672570">
    <ele>2371.0</ele>
   </trkpt>
   <trkpt lat="46.1592330" lon="7.3672530">
    <ele>2371.0</ele>
   </trkpt>
   <trkpt lat="46.1592250" lon="7.3672510">
    <ele>2371.0</ele>
   </trkpt>
   <trkpt lat="46.1592170" lon="7.3672490">
    <ele>2371.0</ele>
   </trkpt>
   <trkpt lat="46.1592080" lon="7.3672470">
    <ele>2372.0</ele>
   </trkpt>
   <trkpt lat="46.1591860" lon="7.3672340">
    <ele>2372.0</ele>
   </trkpt>
   <trkpt lat="46.1591790" lon="7.3672240">
    <ele>2372.0</ele>
   </trkpt>
   <trkpt lat="46.1591710" lon="7.3672130">
    <ele>2372.0</ele>
   </trkpt>
   <trkpt lat="46.1591640" lon="7.3672030">
    <ele>2373.0</ele>
   </trkpt>
   <trkpt lat="46.1591340" lon="7.3671570">
    <ele>2373.0</ele>
   </trkpt>
   <trkpt lat="46.1591210" lon="7.3671430">
    <ele>2373.0</ele>
   </trkpt>
   <trkpt lat="46.1591090" lon="7.3671290">
    <ele>2373.0</ele>
   </trkpt>
   <trkpt lat="46.1590960" lon="7.3671160">
    <ele>2373.0</ele>
   </trkpt>
   <trkpt lat="46.1590530" lon="7.3670790">
    <ele>2372.0</ele>
   </trkpt>
   <trkpt lat="46.1590380" lon="7.3670610">
    <ele>2372.0</ele>
   </trkpt>
   <trkpt lat="46.1590240" lon="7.3670430">
    <ele>2371.0</ele>
   </trkpt>
   <trkpt lat="46.1590100" lon="7.3670250">
    <ele>2371.0</ele>
   </trkpt>
   <trkpt lat="46.1589640" lon="7.3669560">
    <ele>2370.0</ele>
   </trkpt>
   <trkpt lat="46.1589500" lon="7.3669300">
    <ele>2369.0</ele>
   </trkpt>
   <trkpt lat="46.1589350" lon="7.3669040">
    <ele>2368.0</ele>
   </trkpt>
   <trkpt lat="46.1589210" lon="7.3668780">
    <ele>2368.0</ele>
   </trkpt>
   <trkpt lat="46.1588780" lon="7.3668030">
    <ele>2367.0</ele>
   </trkpt>
   <trkpt lat="46.1588660" lon="7.3667750">
    <ele>2366.0</ele>
   </trkpt>
   <trkpt lat="46.1588540" lon="7.3667460">
    <ele>2365.0</ele>
   </trkpt>
   <trkpt lat="46.1588430" lon="7.3667180">
    <ele>2365.0</ele>
   </trkpt>
   <trkpt lat="46.1588120" lon="7.3666290">
    <ele>2364.0</ele>
   </trkpt>
   <trkpt lat="46.1588000" lon="7.3666010">
    <ele>2363.0</ele>
   </trkpt>
   <trkpt lat="46.1587890" lon="7.3665740">
    <ele>2362.0</ele>
   </trkpt>
   <trkpt lat="46.1587770" lon="7.3665460">
    <ele>2361.0</ele>
   </trkpt>
   <trkpt lat="46.1587330" lon="7.3664690">
    <ele>2360.0</ele>
   </trkpt>
   <trkpt lat="46.1587160" lon="7.3664430">
    <ele>2359.0</ele>
   </trkpt>
   <trkpt lat="46.1586990" lon="7.3664170">
    <ele>2358.0</ele>
   </trkpt>
   <trkpt lat="46.1586820" lon="7.3663910">
    <ele>2358.0</ele>
   </trkpt>
   <trkpt lat="46.1586260" lon="7.3663160">
    <ele>2357.0</ele>
   </trkpt>
   <trkpt lat="46.1586050" lon="7.3662930">
    <ele>2356.0</ele>
   </trkpt>
   <trkpt lat="46.1585840" lon="7.3662700">
    <ele>2355.0</ele>
   </trkpt>
   <trkpt lat="46.1585630" lon="7.3662470">
    <ele>2354.0</ele>
   </trkpt>
   <trkpt lat="46.1584950" lon="7.3661820">
    <ele>2353.0</ele>
   </trkpt>
   <trkpt lat="46.1584710" lon="7.3661620">
    <ele>2352.0</ele>
   </trkpt>
   <trkpt lat="46.1584480" lon="7.3661430">
    <ele>2351.0</ele>
   </trkpt>
   <trkpt lat="46.1584250" lon="7.3661230">
    <ele>2350.0</ele>
   </trkpt>
   <trkpt lat="46.1583550" lon="7.3660810">
    <ele>2349.0</ele>
   </trkpt>
   <trkpt lat="46.1583330" lon="7.3660790">
    <ele>2349.0</ele>
   </trkpt>
   <trkpt lat="46.1583100" lon="7.3660780">
    <ele>2348.0</ele>
   </trkpt>
   <trkpt lat="46.1582870" lon="7.3660770">
    <ele>2348.0</ele>
   </trkpt>
   <trkpt lat="46.1582310" lon="7.3661070">
    <ele>2347.0</ele>
   </trkpt>
   <trkpt lat="46.1582130" lon="7.3661220">
    <ele>2347.0</ele>
   </trkpt>
   <trkpt lat="46.1581950" lon="7.3661360">
    <ele>2347.0</ele>
   </trkpt>
   <trkpt lat="46.1581770" lon="7.3661510">
    <ele>2347.0</ele>
   </trkpt>
   <trkpt lat="46.1581190" lon="7.3661990">
    <ele>2347.0</ele>
   </trkpt>
   <trkpt lat="46.1580980" lon="7.3662120">
    <ele>2347.0</ele>
   </trkpt>
   <trkpt lat="46.1580780" lon="7.3662260">
    <ele>2347.0</ele>
   </trkpt>
   <trkpt lat="46.1580570" lon="7.3662390">
    <ele>2347.0</ele>
   </trkpt>
   <trkpt lat="46.1579870" lon="7.3662510">
    <ele>2346.0</ele>
   </trkpt>
   <trkpt lat="46.1579620" lon="7.3662440">
    <ele>2346.0</ele>
   </trkpt>
   <trkpt lat="46.1579360" lon="7.3662370">
    <ele>2346.0</ele>
   </trkpt>
   <trkpt lat="46.1579100" lon="7.3662310">
    <ele>2346.0</ele>
   </trkpt>
   <trkpt lat="46.1578340" lon="7.3662020">
    <ele>2345.0</ele>
   </trkpt>
   <trkpt lat="46.1578090" lon="7.3661920">
    <ele>2345.0</ele>
   </trkpt>
   <trkpt lat="46.1577840" lon="7.3661820">
    <ele>2345.0</ele>
   </trkpt>
   <trkpt lat="46.1577600" lon="7.3661730">
    <ele>2345.0</ele>
   </trkpt>
   <trkpt lat="46.1576860" lon="7.3661400">
    <ele>2344.0</ele>
   </trkpt>
   <trkpt lat="46.1576610" lon="7.3661290">
    <ele>2344.0</ele>
   </trkpt>
   <trkpt lat="46.1576350" lon="7.3661190">
    <ele>2344.0</ele>
   </trkpt>
   <trkpt lat="46.1576100" lon="7.3661090">
    <ele>2344.0</ele>
   </trkpt>
   <trkpt lat="46.1575330" lon="7.3660850">
    <ele>2343.0</ele>
   </trkpt>
   <trkpt lat="46.1575090" lon="7.3660770">
    <ele>2343.0</ele>
   </trkpt>
   <trkpt lat="46.1574840" lon="7.3660690">
    <ele>2342.0</ele>
   </trkpt>
   <trkpt lat="46.1574590" lon="7.3660600">
    <ele>2342.0</ele>
   </trkpt>
   <trkpt lat="46.1573860" lon="7.3660420">
    <ele>2341.0</ele>
   </trkpt>
   <trkpt lat="46.1573610" lon="7.3660400">
    <ele>2341.0</ele>
   </trkpt>
   <trkpt lat="46.1573370" lon="7.3660390">
    <ele>2341.0</ele>
   </trkpt>
   <trkpt lat="46.1573120" lon="7.3660370">
    <ele>2341.0</ele>
   </trkpt>
   <trkpt lat="46.1572370" lon="7.3660200">
    <ele>2340.0</ele>
   </trkpt>
   <trkpt lat="46.1572110" lon="7.3660120">
    <ele>2340.0</ele>
   </trkpt>
   <trkpt lat="46.1571850" lon="7.3660050">
    <ele>2339.0</ele>
   </trkpt>
   <trkpt lat="46.1571590" lon="7.3659980">
    <ele>2339.0</ele>
   </trkpt>
   <trkpt lat="46.1570770" lon="7.3659910">
    <ele>2338.0</ele>
   </trkpt>
   <trkpt lat="46.1570500" lon="7.3659930">
    <ele>2338.0</ele>
   </trkpt>
   <trkpt lat="46.1570230" lon="7.3659960">
    <ele>2337.0</ele>
   </trkpt>
   <trkpt lat="46.1569970" lon="7.3659990">
    <ele>2337.0</ele>
   </trkpt>
   <trkpt lat="46.1569210" lon="7.3660190">
    <ele>2336.0</ele>
   </trkpt>
   <trkpt lat="46.1568970" lon="7.3660280">
    <ele>2336.0</ele>
   </trkpt>
   <trkpt lat="46.1568720" lon="7.3660360">
    <ele>2335.0</ele>
   </trkpt>
   <trkpt lat="46.1568480" lon="7.3660450">
    <ele>2335.0</ele>
   </trkpt>
   <trkpt lat="46.1567750" lon="7.3660670">
    <ele>2334.0</ele>
   </trkpt>
   <trkpt lat="46.1567500" lon="7.3660700">
    <ele>2334.0</ele>
   </trkpt>
   <trkpt lat="46.1567260" lon="7.3660740">
    <ele>2334.0</ele>
   </trkpt>
   <trkpt lat="46.1567010" lon="7.3660770">
    <ele>2334.0</ele>
   </trkpt>
   <trkpt lat="46.1566270" lon="7.3660880">
    <ele>2333.0</ele>
   </trkpt>
   <trkpt lat="46.1566020" lon="7.3660930">
    <ele>2333.0</ele>
   </trkpt>
   <trkpt lat="46.1565780" lon="7.3660980">
    <ele>2333.0</ele>
   </trkpt>
   <trkpt lat="46.1565530" lon="7.3661030">
    <ele>2333.0</ele>
   </trkpt>
   <trkpt lat="46.1564770" lon="7.3661120">
    <ele>2333.0</ele>
   </trkpt>
   <trkpt lat="46.1564510" lon="7.3661130">
    <ele>2333.0</ele>
   </trkpt>
   <trkpt lat="46.1564240" lon="7.3661140">
    <ele>2333.0</ele>
   </trkpt>
   <trkpt lat="46.1563980" lon="7.3661160">
    <ele>2333.0</ele>
   </trkpt>
   <trkpt lat="46.1563210" lon="7.3661290">
    <ele>2332.0</ele>
   </trkpt>
   <trkpt lat="46.1562980" lon="7.3661380">
    <ele>2332.0</ele>
   </trkpt>
   <trkpt lat="46.1562740" lon="7.3661480">
    <ele>2331.0</ele>
   </trkpt>
   <trkpt lat="46.1562510" lon="7.3661570">
    <ele>2331.0</ele>
   </trkpt>
   <trkpt lat="46.1561850" lon="7.3661980">
    <ele>2331.0</ele>
   </trkpt>
   <trkpt lat="46.1561630" lon="7.3662110">
    <ele>2331.0</ele>
   </trkpt>
   <trkpt lat="46.1561410" lon="7.3662230">
    <ele>2331.0</ele>
   </trkpt>
   <trkpt lat="46.1561190" lon="7.3662360">
    <ele>2331.0</ele>
   </trkpt>
   <trkpt lat="46.1560510" lon="7.3662660">
    <ele>2330.0</ele>
   </trkpt>
   <trkpt lat="46.1560300" lon="7.3662830">
    <ele>2330.0</ele>
   </trkpt>
   <trkpt lat="46.1560100" lon="7.3663000">
    <ele>2330.0</ele>
   </trkpt>
   <trkpt lat="46.1559890" lon="7.3663170">
    <ele>2330.0</ele>
   </trkpt>
   <trkpt lat="46.1559230" lon="7.3663630">
    <ele>2329.0</ele>
   </trkpt>
   <trkpt lat="46.1559010" lon="7.3663650">
    <ele>2329.0</ele>
   </trkpt>
   <trkpt lat="46.1558780" lon="7.3663660">
    <ele>2329.0</ele>
   </trkpt>
   <trkpt lat="46.1558550" lon="7.3663680">
    <ele>2329.0</ele>
   </trkpt>
   <trkpt lat="46.1557890" lon="7.3663580">
    <ele>2328.0</ele>
   </trkpt>
   <trkpt lat="46.1557660" lon="7.3663590">
    <ele>2328.0</ele>
   </trkpt>
   <trkpt lat="46.1557440" lon="7.3663590">
    <ele>2328.0</ele>
   </trkpt>
   <trkpt lat="46.1557210" lon="7.3663610">
    <ele>2328.0</ele>
   </trkpt>
   <trkpt lat="46.1556540" lon="7.3663840">
    <ele>2328.0</ele>
   </trkpt>
   <trkpt lat="46.1556340" lon="7.3663960">
    <ele>2328.0</ele>
   </trkpt>
   <trkpt lat="46.1556140" lon="7.3664090">
    <ele>2328.0</ele>
   </trkpt>
   <trkpt lat="46.1555930" lon="7.3664220">
    <ele>2328.0</ele>
   </trkpt>
   <trkpt lat="46.1555450" lon="7.3664790">
    <ele>2328.0</ele>
   </trkpt>
   <trkpt lat="46.1555320" lon="7.3665010">
    <ele>2328.0</ele>
   </trkpt>
   <trkpt lat="46.1555200" lon="7.3665240">
    <ele>2328.0</ele>
   </trkpt>
   <trkpt lat="46.1555070" lon="7.3665470">
    <ele>2328.0</ele>
   </trkpt>
   <trkpt lat="46.1554710" lon="7.3666140">
    <ele>2328.0</ele>
   </trkpt>
   <trkpt lat="46.1554560" lon="7.3666300">
    <ele>2328.0</ele>
   </trkpt>
   <trkpt lat="46.1554410" lon="7.3666460">
    <ele>2328.0</ele>
   </trkpt>
   <trkpt lat="46.1554260" lon="7.3666620">
    <ele>2328.0</ele>
   </trkpt>
   <trkpt lat="46.1553700" lon="7.3666840">
    <ele>2328.0</ele>
   </trkpt>
   <trkpt lat="46.1553500" lon="7.3666880">
    <ele>2328.0</ele>
   </trkpt>
   <trkpt lat="46.1553310" lon="7.3666920">
    <ele>2328.0</ele>
   </trkpt>
   <trkpt lat="46.1553110" lon="7.3666960">
    <ele>2329.0</ele>
   </trkpt>
   <trkpt lat="46.1552520" lon="7.3667150">
    <ele>2329.0</ele>
   </trkpt>
   <trkpt lat="46.1552320" lon="7.3667250">
    <ele>2329.0</ele>
   </trkpt>
   <trkpt lat="46.1552120" lon="7.3667340">
    <ele>2329.0</ele>
   </trkpt>
   <trkpt lat="46.1551920" lon="7.3667440">
    <ele>2329.0</ele>
   </trkpt>
   <trkpt lat="46.1551300" lon="7.3667800">
    <ele>2329.0</ele>
   </trkpt>
   <trkpt lat="46.1551080" lon="7.3667920">
    <ele>2329.0</ele>
   </trkpt>
   <trkpt lat="46.1550870" lon="7.3668040">
    <ele>2329.0</ele>
   </trkpt>
   <trkpt lat="46.1550660" lon="7.3668160">
    <ele>2329.0</ele>
   </trkpt>
   <trkpt lat="46.1549990" lon="7.3668490">
    <ele>2329.0</ele>
   </trkpt>
   <trkpt lat="46.1549740" lon="7.3668590">
    <ele>2329.0</ele>
   </trkpt>
   <trkpt lat="46.1549490" lon="7.3668680">
    <ele>2329.0</ele>
   </trkpt>
   <trkpt lat="46.1549250" lon="7.3668780">
    <ele>2329.0</ele>
   </trkpt>
   <trkpt lat="46.1548470" lon="7.3669040">
    <ele>2328.0</ele>
   </trkpt>
   <trkpt lat="46.1548210" lon="7.3669120">
    <ele>2328.0</ele>
   </trkpt>
   <trkpt lat="46.1547940" lon="7.3669200">
    <ele>2327.0</ele>
   </trkpt>
   <trkpt lat="46.1547680" lon="7.3669280">
    <ele>2327.0</ele>
   </trkpt>
   <trkpt lat="46.1546900" lon="7.3669520">
    <ele>2326.0</ele>
   </trkpt>
   <trkpt lat="46.1546630" lon="7.3669590">
    <ele>2326.0</ele>
   </trkpt>
   <trkpt lat="46.1546370" lon="7.3669660">
    <ele>2325.0</ele>
   </trkpt>
   <trkpt lat="46.1546110" lon="7.3669740">
    <ele>2325.0</ele>
   </trkpt>
   <trkpt lat="46.1545290" lon="7.3670010">
    <ele>2324.0</ele>
   </trkpt>
   <trkpt lat="46.1545030" lon="7.3670140">
    <ele>2323.0</ele>
   </trkpt>
   <trkpt lat="46.1544770" lon="7.3670270">
    <ele>2322.0</ele>
   </trkpt>
   <trkpt lat="46.1544510" lon="7.3670400">
    <ele>2322.0</ele>
   </trkpt>
   <trkpt lat="46.1543830" lon="7.3670910">
    <ele>2321.0</ele>
   </trkpt>
   <trkpt lat="46.1543630" lon="7.3671130">
    <ele>2321.0</ele>
   </trkpt>
   <trkpt lat="46.1543440" lon="7.3671350">
    <ele>2320.0</ele>
   </trkpt>
   <trkpt lat="46.1543250" lon="7.3671570">
    <ele>2320.0</ele>
   </trkpt>
   <trkpt lat="46.1542780" lon="7.3672340">
    <ele>2319.0</ele>
   </trkpt>
   <trkpt lat="46.1542660" lon="7.3672630">
    <ele>2319.0</ele>
   </trkpt>
   <trkpt lat="46.1542540" lon="7.3672920">
    <ele>2319.0</ele>
   </trkpt>
   <trkpt lat="46.1542420" lon="7.3673200">
    <ele>2319.0</ele>
   </trkpt>
   <trkpt lat="46.1542070" lon="7.3674080">
    <ele>2318.0</ele>
   </trkpt>
   <trkpt lat="46.1541930" lon="7.3674370">
    <ele>2318.0</ele>
   </trkpt>
   <trkpt lat="46.1541790" lon="7.3674650">
    <ele>2318.0</ele>
   </trkpt>
   <trkpt lat="46.1541650" lon="7.3674930">
    <ele>2318.0</ele>
   </trkpt>
   <trkpt lat="46.1541170" lon="7.3675670">
    <ele>2318.0</ele>
   </trkpt>
   <trkpt lat="46.1540990" lon="7.3675900">
    <ele>2318.0</ele>
   </trkpt>
   <trkpt lat="46.1540820" lon="7.3676120">
    <ele>2318.0</ele>
   </trkpt>
   <trkpt lat="46.1540640" lon="7.3676350">
    <ele>2318.0</ele>
   </trkpt>
   <trkpt lat="46.1540080" lon="7.3676980">
    <ele>2317.0</ele>
   </trkpt>
   <trkpt lat="46.1539890" lon="7.3677160">
    <ele>2317.0</ele>
   </trkpt>
   <trkpt lat="46.1539700" lon="7.3677350">
    <ele>2317.0</ele>
   </trkpt>
   <trkpt lat="46.1539510" lon="7.3677530">
    <ele>2317.0</ele>
   </trkpt>
   <trkpt lat="46.1538970" lon="7.3678110">
    <ele>2316.0</ele>
   </trkpt>
   <trkpt lat="46.1538780" lon="7.3678290">
    <ele>2316.0</ele>
   </trkpt>
   <trkpt lat="46.1538580" lon="7.3678470">
    <ele>2316.0</ele>
   </trkpt>
   <trkpt lat="46.1538380" lon="7.3678650">
    <ele>2316.0</ele>
   </trkpt>
   <trkpt lat="46.1537750" lon="7.3679100">
    <ele>2315.0</ele>
   </trkpt>
   <trkpt lat="46.1537520" lon="7.3679200">
    <ele>2315.0</ele>
   </trkpt>
   <trkpt lat="46.1537290" lon="7.3679290">
    <ele>2315.0</ele>
   </trkpt>
   <trkpt lat="46.1537060" lon="7.3679390">
    <ele>2315.0</ele>
   </trkpt>
   <trkpt lat="46.1536390" lon="7.3679650">
    <ele>2314.0</ele>
   </trkpt>
   <trkpt lat="46.1536200" lon="7.3679790">
    <ele>2313.0</ele>
   </trkpt>
   <trkpt lat="46.1536000" lon="7.3679930">
    <ele>2312.0</ele>
   </trkpt>
   <trkpt lat="46.1535810" lon="7.3680080">
    <ele>2312.0</ele>
   </trkpt>
   <trkpt lat="46.1535270" lon="7.3680770">
    <ele>2311.0</ele>
   </trkpt>
   <trkpt lat="46.1535090" lon="7.3681030">
    <ele>2310.0</ele>
   </trkpt>
   <trkpt lat="46.1534910" lon="7.3681300">
    <ele>2309.0</ele>
   </trkpt>
   <trkpt lat="46.1534730" lon="7.3681560">
    <ele>2309.0</ele>
   </trkpt>
   <trkpt lat="46.1534190" lon="7.3682380">
    <ele>2308.0</ele>
   </trkpt>
   <trkpt lat="46.1534050" lon="7.3682650">
    <ele>2308.0</ele>
   </trkpt>
   <trkpt lat="46.1533900" lon="7.3682920">
    <ele>2307.0</ele>
   </trkpt>
   <trkpt lat="46.1533760" lon="7.3683200">
    <ele>2307.0</ele>
   </trkpt>
   <trkpt lat="46.1533300" lon="7.3684010">
    <ele>2306.0</ele>
   </trkpt>
   <trkpt lat="46.1533170" lon="7.3684310">
    <ele>2306.0</ele>
   </trkpt>
   <trkpt lat="46.1533040" lon="7.3684620">
    <ele>2305.0</ele>
   </trkpt>
   <trkpt lat="46.1532910" lon="7.3684920">
    <ele>2305.0</ele>
   </trkpt>
   <trkpt lat="46.1532550" lon="7.3685720">
    <ele>2304.0</ele>
   </trkpt>
   <trkpt lat="46.1532430" lon="7.3685900">
    <ele>2304.0</ele>
   </trkpt>
   <trkpt lat="46.1532300" lon="7.3686080">
    <ele>2303.0</ele>
   </trkpt>
   <trkpt lat="46.1532180" lon="7.3686270">
    <ele>2303.0</ele>
   </trkpt>
   <trkpt lat="46.1531880" lon="7.3686720">
    <ele>2303.0</ele>
   </trkpt>
   <trkpt lat="46.1531830" lon="7.3686960">
    <ele>2303.0</ele>
   </trkpt>
   <trkpt lat="46.1531740" lon="7.3687320">
    <ele>2303.0</ele>
   </trkpt>
   <trkpt lat="46.1531660" lon="7.3687690">
    <ele>2303.0</ele>
   </trkpt>
   <trkpt lat="46.1531550" lon="7.3688170">
    <ele>2303.0</ele>
   </trkpt>
   <trkpt lat="46.1531520" lon="7.3688470">
    <ele>2303.0</ele>
   </trkpt>
   <trkpt lat="46.1531500" lon="7.3688780">
    <ele>2303.0</ele>
   </trkpt>
   <trkpt lat="46.1531480" lon="7.3689080">
    <ele>2304.0</ele>
   </trkpt>
   <trkpt lat="46.1531440" lon="7.3689980">
    <ele>2304.0</ele>
   </trkpt>
   <trkpt lat="46.1531430" lon="7.3690280">
    <ele>2304.0</ele>
   </trkpt>
   <trkpt lat="46.1531420" lon="7.3690580">
    <ele>2304.0</ele>
   </trkpt>
   <trkpt lat="46.1531410" lon="7.3690870">
    <ele>2304.0</ele>
   </trkpt>
   <trkpt lat="46.1531320" lon="7.3691740">
    <ele>2304.0</ele>
   </trkpt>
   <trkpt lat="46.1531260" lon="7.3692010">
    <ele>2304.0</ele>
   </trkpt>
   <trkpt lat="46.1531190" lon="7.3692280">
    <ele>2304.0</ele>
   </trkpt>
   <trkpt lat="46.1531120" lon="7.3692550">
    <ele>2304.0</ele>
   </trkpt>
   <trkpt lat="46.1530830" lon="7.3693340">
    <ele>2304.0</ele>
   </trkpt>
   <trkpt lat="46.1530730" lon="7.3693600">
    <ele>2304.0</ele>
   </trkpt>
   <trkpt lat="46.1530630" lon="7.3693860">
    <ele>2304.0</ele>
   </trkpt>
   <trkpt lat="46.1530530" lon="7.3694130">
    <ele>2304.0</ele>
   </trkpt>
   <trkpt lat="46.1530230" lon="7.3694960">
    <ele>2304.0</ele>
   </trkpt>
   <trkpt lat="46.1530160" lon="7.3695260">
    <ele>2304.0</ele>
   </trkpt>
   <trkpt lat="46.1530100" lon="7.3695560">
    <ele>2304.0</ele>
   </trkpt>
   <trkpt lat="46.1530030" lon="7.3695870">
    <ele>2304.0</ele>
   </trkpt>
   <trkpt lat="46.1529980" lon="7.3696840">
    <ele>2304.0</ele>
   </trkpt>
   <trkpt lat="46.1529970" lon="7.3697180">
    <ele>2304.0</ele>
   </trkpt>
   <trkpt lat="46.1529970" lon="7.3697530">
    <ele>2304.0</ele>
   </trkpt>
   <trkpt lat="46.1529960" lon="7.3697870">
    <ele>2304.0</ele>
   </trkpt>
   <trkpt lat="46.1529870" lon="7.3698910">
    <ele>2303.0</ele>
   </trkpt>
   <trkpt lat="46.1529840" lon="7.3699250">
    <ele>2303.0</ele>
   </trkpt>
   <trkpt lat="46.1529810" lon="7.3699600">
    <ele>2303.0</ele>
   </trkpt>
   <trkpt lat="46.1529790" lon="7.3699940">
    <ele>2303.0</ele>
   </trkpt>
   <trkpt lat="46.1529810" lon="7.3700950">
    <ele>2302.0</ele>
   </trkpt>
   <trkpt lat="46.1529840" lon="7.3701280">
    <ele>2302.0</ele>
   </trkpt>
   <trkpt lat="46.1529870" lon="7.3701610">
    <ele>2302.0</ele>
   </trkpt>
   <trkpt lat="46.1529910" lon="7.3701940">
    <ele>2302.0</ele>
   </trkpt>
   <trkpt lat="46.1529990" lon="7.3702930">
    <ele>2302.0</ele>
   </trkpt>
   <trkpt lat="46.1530000" lon="7.3703240">
    <ele>2302.0</ele>
   </trkpt>
   <trkpt lat="46.1530010" lon="7.3703550">
    <ele>2302.0</ele>
   </trkpt>
   <trkpt lat="46.1530010" lon="7.3703860">
    <ele>2302.0</ele>
   </trkpt>
   <trkpt lat="46.1530090" lon="7.3704740">
    <ele>2301.0</ele>
   </trkpt>
   <trkpt lat="46.1530190" lon="7.3705000">
    <ele>2301.0</ele>
   </trkpt>
   <trkpt lat="46.1530300" lon="7.3705260">
    <ele>2301.0</ele>
   </trkpt>
   <trkpt lat="46.1530400" lon="7.3705520">
    <ele>2301.0</ele>
   </trkpt>
   <trkpt lat="46.1530950" lon="7.3706200">
    <ele>2301.0</ele>
   </trkpt>
   <trkpt lat="46.1531150" lon="7.3706410">
    <ele>2301.0</ele>
   </trkpt>
   <trkpt lat="46.1531350" lon="7.3706630">
    <ele>2301.0</ele>
   </trkpt>
   <trkpt lat="46.1531560" lon="7.3706840">
    <ele>2301.0</ele>
   </trkpt>
   <trkpt lat="46.1532110" lon="7.3707610">
    <ele>2300.0</ele>
   </trkpt>
   <trkpt lat="46.1532210" lon="7.3707910">
    <ele>2300.0</ele>
   </trkpt>
   <trkpt lat="46.1532320" lon="7.3708210">
    <ele>2300.0</ele>
   </trkpt>
   <trkpt lat="46.1532430" lon="7.3708510">
    <ele>2300.0</ele>
   </trkpt>
   <trkpt lat="46.1532540" lon="7.3709360">
    <ele>2299.0</ele>
   </trkpt>
   <trkpt lat="46.1532540" lon="7.3709620">
    <ele>2299.0</ele>
   </trkpt>
   <trkpt lat="46.1532550" lon="7.3709890">
    <ele>2299.0</ele>
   </trkpt>
   <trkpt lat="46.1532560" lon="7.3710150">
    <ele>2299.0</ele>
   </trkpt>
   <trkpt lat="46.1532580" lon="7.3710900">
    <ele>2299.0</ele>
   </trkpt>
   <trkpt lat="46.1532600" lon="7.3711160">
    <ele>2299.0</ele>
   </trkpt>
   <trkpt lat="46.1532630" lon="7.3711570">
    <ele>2299.0</ele>
   </trkpt>
   <trkpt lat="46.1532670" lon="7.3711990">
    <ele>2299.0</ele>
   </trkpt>
   <trkpt lat="46.1532710" lon="7.3712470">
    <ele>2299.0</ele>
   </trkpt>
   <trkpt lat="46.1532730" lon="7.3712750">
    <ele>2299.0</ele>
   </trkpt>
   <trkpt lat="46.1532750" lon="7.3713030">
    <ele>2299.0</ele>
   </trkpt>
   <trkpt lat="46.1532770" lon="7.3713310">
    <ele>2300.0</ele>
   </trkpt>
   <trkpt lat="46.1532800" lon="7.3714180">
    <ele>2300.0</ele>
   </trkpt>
   <trkpt lat="46.1532810" lon="7.3714470">
    <ele>2300.0</ele>
   </trkpt>
   <trkpt lat="46.1532820" lon="7.3714760">
    <ele>2300.0</ele>
   </trkpt>
   <trkpt lat="46.1532820" lon="7.3715050">
    <ele>2300.0</ele>
   </trkpt>
   <trkpt lat="46.1532860" lon="7.3715940">
    <ele>2300.0</ele>
   </trkpt>
   <trkpt lat="46.1532890" lon="7.3716210">
    <ele>2300.0</ele>
   </trkpt>
   <trkpt lat="46.1532930" lon="7.3716490">
    <ele>2300.0</ele>
   </trkpt>
   <trkpt lat="46.1532960" lon="7.3716760">
    <ele>2301.0</ele>
   </trkpt>
   <trkpt lat="46.1533130" lon="7.3717500">
    <ele>2301.0</ele>
   </trkpt>
   <trkpt lat="46.1533200" lon="7.3717770">
    <ele>2301.0</ele>
   </trkpt>
   <trkpt lat="46.1533270" lon="7.3718050">
    <ele>2301.0</ele>
   </trkpt>
   <trkpt lat="46.1533350" lon="7.3718320">
    <ele>2302.0</ele>
   </trkpt>
   <trkpt lat="46.1533600" lon="7.3719230">
    <ele>2302.0</ele>
   </trkpt>
   <trkpt lat="46.1533680" lon="7.3719540">
    <ele>2302.0</ele>
   </trkpt>
   <trkpt lat="46.1533770" lon="7.3719860">
    <ele>2302.0</ele>
   </trkpt>
   <trkpt lat="46.1533850" lon="7.3720170">
    <ele>2302.0</ele>
   </trkpt>
   <trkpt lat="46.1534080" lon="7.3721120">
    <ele>2301.0</ele>
   </trkpt>
   <trkpt lat="46.1534150" lon="7.3721440">
    <ele>2301.0</ele>
   </trkpt>
   <trkpt lat="46.1534230" lon="7.3721760">
    <ele>2301.0</ele>
   </trkpt>
   <trkpt lat="46.1534300" lon="7.3722080">
    <ele>2301.0</ele>
   </trkpt>
   <trkpt lat="46.1534590" lon="7.3723000">
    <ele>2300.0</ele>
   </trkpt>
   <trkpt lat="46.1534700" lon="7.3723300">
    <ele>2300.0</ele>
   </trkpt>
   <trkpt lat="46.1534820" lon="7.3723600">
    <ele>2300.0</ele>
   </trkpt>
   <trkpt lat="46.1534940" lon="7.3723910">
    <ele>2300.0</ele>
   </trkpt>
   <trkpt lat="46.1535070" lon="7.3724850">
    <ele>2299.0</ele>
   </trkpt>
   <trkpt lat="46.1534940" lon="7.3725050">
    <ele>2299.0</ele>
   </trkpt>
   <trkpt lat="46.1534820" lon="7.3725250">
    <ele>2298.0</ele>
   </trkpt>
   <trkpt lat="46.1534690" lon="7.3725450">
    <ele>2298.0</ele>
   </trkpt>
   <trkpt lat="46.1533980" lon="7.3725450">
    <ele>2297.0</ele>
   </trkpt>
   <trkpt lat="46.1533710" lon="7.3725330">
    <ele>2297.0</ele>
   </trkpt>
   <trkpt lat="46.1533440" lon="7.3725220">
    <ele>2296.0</ele>
   </trkpt>
   <trkpt lat="46.1533170" lon="7.3725110">
    <ele>2296.0</ele>
   </trkpt>
   <trkpt lat="46.1532370" lon="7.3724760">
    <ele>2295.0</ele>
   </trkpt>
   <trkpt lat="46.1532110" lon="7.3724690">
    <ele>2294.0</ele>
   </trkpt>
   <trkpt lat="46.1531860" lon="7.3724620">
    <ele>2293.0</ele>
   </trkpt>
   <trkpt lat="46.1531600" lon="7.3724550">
    <ele>2293.0</ele>
   </trkpt>
   <trkpt lat="46.1530870" lon="7.3724480">
    <ele>2292.0</ele>
   </trkpt>
   <trkpt lat="46.1530630" lon="7.3724470">
    <ele>2292.0</ele>
   </trkpt>
   <trkpt lat="46.1530380" lon="7.3724460">
    <ele>2291.0</ele>
   </trkpt>
   <trkpt lat="46.1530140" lon="7.3724440">
    <ele>2291.0</ele>
   </trkpt>
   <trkpt lat="46.1529400" lon="7.3724300">
    <ele>2290.0</ele>
   </trkpt>
   <trkpt lat="46.1529170" lon="7.3724170">
    <ele>2290.0</ele>
   </trkpt>
   <trkpt lat="46.1528940" lon="7.3724040">
    <ele>2289.0</ele>
   </trkpt>
   <trkpt lat="46.1528710" lon="7.3723910">
    <ele>2289.0</ele>
   </trkpt>
   <trkpt lat="46.1528090" lon="7.3723350">
    <ele>2288.0</ele>
   </trkpt>
   <trkpt lat="46.1527890" lon="7.3723150">
    <ele>2288.0</ele>
   </trkpt>
   <trkpt lat="46.1527700" lon="7.3722950">
    <ele>2288.0</ele>
   </trkpt>
   <trkpt lat="46.1527500" lon="7.3722750">
    <ele>2288.0</ele>
   </trkpt>
   <trkpt lat="46.1526900" lon="7.3722130">
    <ele>2287.0</ele>
   </trkpt>
   <trkpt lat="46.1526720" lon="7.3721890">
    <ele>2287.0</ele>
   </trkpt>
   <trkpt lat="46.1526540" lon="7.3721660">
    <ele>2286.0</ele>
   </trkpt>
   <trkpt lat="46.1526360" lon="7.3721420">
    <ele>2286.0</ele>
   </trkpt>
   <trkpt lat="46.1525950" lon="7.3720560">
    <ele>2285.0</ele>
   </trkpt>
   <trkpt lat="46.1525840" lon="7.3720220">
    <ele>2285.0</ele>
   </trkpt>
   <trkpt lat="46.1525740" lon="7.3719890">
    <ele>2284.0</ele>
   </trkpt>
   <trkpt lat="46.1525630" lon="7.3719560">
    <ele>2284.0</ele>
   </trkpt>
   <trkpt lat="46.1525300" lon="7.3718540">
    <ele>2283.0</ele>
   </trkpt>
   <trkpt lat="46.1525150" lon="7.3718260">
    <ele>2283.0</ele>
   </trkpt>
   <trkpt lat="46.1524990" lon="7.3717970">
    <ele>2282.0</ele>
   </trkpt>
   <trkpt lat="46.1524840" lon="7.3717690">
    <ele>2282.0</ele>
   </trkpt>
   <trkpt lat="46.1524230" lon="7.3717090">
    <ele>2281.0</ele>
   </trkpt>
   <trkpt lat="46.1523990" lon="7.3716970">
    <ele>2281.0</ele>
   </trkpt>
   <trkpt lat="46.1523750" lon="7.3716840">
    <ele>2280.0</ele>
   </trkpt>
   <trkpt lat="46.1523510" lon="7.3716720">
    <ele>2280.0</ele>
   </trkpt>
   <trkpt lat="46.1522740" lon="7.3716590">
    <ele>2279.0</ele>
   </trkpt>
   <trkpt lat="46.1522490" lon="7.3716600">
    <ele>2279.0</ele>
   </trkpt>
   <trkpt lat="46.1522230" lon="7.3716610">
    <ele>2278.0</ele>
   </trkpt>
   <trkpt lat="46.1521980" lon="7.3716620">
    <ele>2278.0</ele>
   </trkpt>
   <trkpt lat="46.1521210" lon="7.3716680">
    <ele>2277.0</ele>
   </trkpt>
   <trkpt lat="46.1520960" lon="7.3716660">
    <ele>2277.0</ele>
   </trkpt>
   <trkpt lat="46.1520700" lon="7.3716630">
    <ele>2276.0</ele>
   </trkpt>
   <trkpt lat="46.1520450" lon="7.3716610">
    <ele>2276.0</ele>
   </trkpt>
   <trkpt lat="46.1519710" lon="7.3716360">
    <ele>2275.0</ele>
   </trkpt>
   <trkpt lat="46.1519460" lon="7.3716230">
    <ele>2275.0</ele>
   </trkpt>
   <trkpt lat="46.1519220" lon="7.3716100">
    <ele>2274.0</ele>
   </trkpt>
   <trkpt lat="46.1518980" lon="7.3715970">
    <ele>2274.0</ele>
   </trkpt>
   <trkpt lat="46.1518320" lon="7.3715480">
    <ele>2273.0</ele>
   </trkpt>
   <trkpt lat="46.1518120" lon="7.3715300">
    <ele>2273.0</ele>
   </trkpt>
   <trkpt lat="46.1517910" lon="7.3715120">
    <ele>2272.0</ele>
   </trkpt>
   <trkpt lat="46.1517700" lon="7.3714940">
    <ele>2272.0</ele>
   </trkpt>
   <trkpt lat="46.1517050" lon="7.3714500">
    <ele>2271.0</ele>
   </trkpt>
   <trkpt lat="46.1516810" lon="7.3714480">
    <ele>2271.0</ele>
   </trkpt>
   <trkpt lat="46.1516570" lon="7.3714460">
    <ele>2270.0</ele>
   </trkpt>
   <trkpt lat="46.1516340" lon="7.3714440">
    <ele>2270.0</ele>
   </trkpt>
   <trkpt lat="46.1515620" lon="7.3714660">
    <ele>2269.0</ele>
   </trkpt>
   <trkpt lat="46.1515380" lon="7.3714790">
    <ele>2269.0</ele>
   </trkpt>
   <trkpt lat="46.1515140" lon="7.3714930">
    <ele>2268.0</ele>
   </trkpt>
   <trkpt lat="46.1514910" lon="7.3715060">
    <ele>2268.0</ele>
   </trkpt>
   <trkpt lat="46.1514200" lon="7.3715570">
    <ele>2267.0</ele>
   </trkpt>
   <trkpt lat="46.1513970" lon="7.3715720">
    <ele>2267.0</ele>
   </trkpt>
   <trkpt lat="46.1513730" lon="7.3715880">
    <ele>2266.0</ele>
   </trkpt>
   <trkpt lat="46.1513490" lon="7.3716040">
    <ele>2266.0</ele>
   </trkpt>
   <trkpt lat="46.1512780" lon="7.3716380">
    <ele>2265.0</ele>
   </trkpt>
   <trkpt lat="46.1512540" lon="7.3716450">
    <ele>2265.0</ele>
   </trkpt>
   <trkpt lat="46.1512290" lon="7.3716520">
    <ele>2264.0</ele>
   </trkpt>
   <trkpt lat="46.1512050" lon="7.3716590">
    <ele>2264.0</ele>
   </trkpt>
   <trkpt lat="46.1511330" lon="7.3716760">
    <ele>2263.0</ele>
   </trkpt>
   <trkpt lat="46.1511100" lon="7.3716840">
    <ele>2263.0</ele>
   </trkpt>
   <trkpt lat="46.1510870" lon="7.3716920">
    <ele>2263.0</ele>
   </trkpt>
   <trkpt lat="46.1510640" lon="7.3717000">
    <ele>2263.0</ele>
   </trkpt>
   <trkpt lat="46.1509920" lon="7.3717290">
    <ele>2262.0</ele>
   </trkpt>
   <trkpt lat="46.1509670" lon="7.3717320">
    <ele>2262.0</ele>
   </trkpt>
   <trkpt lat="46.1509420" lon="7.3717350">
    <ele>2261.0</ele>
   </trkpt>
   <trkpt lat="46.1509170" lon="7.3717380">
    <ele>2261.0</ele>
   </trkpt>
   <trkpt lat="46.1508450" lon="7.3717240">
    <ele>2260.0</ele>
   </trkpt>
   <trkpt lat="46.1508230" lon="7.3717120">
    <ele>2260.0</ele>
   </trkpt>
   <trkpt lat="46.1508010" lon="7.3717000">
    <ele>2260.0</ele>
   </trkpt>
   <trkpt lat="46.1507790" lon="7.3716880">
    <ele>2260.0</ele>
   </trkpt>
   <trkpt lat="46.1507170" lon="7.3716340">
    <ele>2259.0</ele>
   </trkpt>
   <trkpt lat="46.1506970" lon="7.3716120">
    <ele>2259.0</ele>
   </trkpt>
   <trkpt lat="46.1506770" lon="7.3715900">
    <ele>2258.0</ele>
   </trkpt>
   <trkpt lat="46.1506560" lon="7.3715690">
    <ele>2258.0</ele>
   </trkpt>
   <trkpt lat="46.1505940" lon="7.3715010">
    <ele>2257.0</ele>
   </trkpt>
   <trkpt lat="46.1505720" lon="7.3714790">
    <ele>2257.0</ele>
   </trkpt>
   <trkpt lat="46.1505510" lon="7.3714580">
    <ele>2257.0</ele>
   </trkpt>
   <trkpt lat="46.1505290" lon="7.3714360">
    <ele>2257.0</ele>
   </trkpt>
   <trkpt lat="46.1504650" lon="7.3713720">
    <ele>2256.0</ele>
   </trkpt>
   <trkpt lat="46.1504460" lon="7.3713480">
    <ele>2256.0</ele>
   </trkpt>
   <trkpt lat="46.1504260" lon="7.3713250">
    <ele>2255.0</ele>
   </trkpt>
   <trkpt lat="46.1504060" lon="7.3713010">
    <ele>2255.0</ele>
   </trkpt>
   <trkpt lat="46.1503530" lon="7.3712230">
    <ele>2254.0</ele>
   </trkpt>
   <trkpt lat="46.1503370" lon="7.3711940">
    <ele>2254.0</ele>
   </trkpt>
   <trkpt lat="46.1503220" lon="7.3711660">
    <ele>2254.0</ele>
   </trkpt>
   <trkpt lat="46.1503060" lon="7.3711370">
    <ele>2254.0</ele>
   </trkpt>
   <trkpt lat="46.1502620" lon="7.3710510">
    <ele>2253.0</ele>
   </trkpt>
   <trkpt lat="46.1502460" lon="7.3710240">
    <ele>2253.0</ele>
   </trkpt>
   <trkpt lat="46.1502300" lon="7.3709960">
    <ele>2252.0</ele>
   </trkpt>
   <trkpt lat="46.1502140" lon="7.3709680">
    <ele>2252.0</ele>
   </trkpt>
   <trkpt lat="46.1501600" lon="7.3708940">
    <ele>2251.0</ele>
   </trkpt>
   <trkpt lat="46.1501410" lon="7.3708750">
    <ele>2251.0</ele>
   </trkpt>
   <trkpt lat="46.1501210" lon="7.3708560">
    <ele>2251.0</ele>
   </trkpt>
   <trkpt lat="46.1501010" lon="7.3708360">
    <ele>2251.0</ele>
   </trkpt>
   <trkpt lat="46.1500340" lon="7.3707890">
    <ele>2250.0</ele>
   </trkpt>
   <trkpt lat="46.1500100" lon="7.3707750">
    <ele>2250.0</ele>
   </trkpt>
   <trkpt lat="46.1499870" lon="7.3707610">
    <ele>2250.0</ele>
   </trkpt>
   <trkpt lat="46.1499630" lon="7.3707470">
    <ele>2250.0</ele>
   </trkpt>
   <trkpt lat="46.1498870" lon="7.3707150">
    <ele>2249.0</ele>
   </trkpt>
   <trkpt lat="46.1498610" lon="7.3707070">
    <ele>2249.0</ele>
   </trkpt>
   <trkpt lat="46.1498360" lon="7.3706990">
    <ele>2248.0</ele>
   </trkpt>
   <trkpt lat="46.1498100" lon="7.3706900">
    <ele>2248.0</ele>
   </trkpt>
   <trkpt lat="46.1497350" lon="7.3706700">
    <ele>2247.0</ele>
   </trkpt>
   <trkpt lat="46.1497090" lon="7.3706640">
    <ele>2247.0</ele>
   </trkpt>
   <trkpt lat="46.1496840" lon="7.3706570">
    <ele>2246.0</ele>
   </trkpt>
   <trkpt lat="46.1496590" lon="7.3706510">
    <ele>2246.0</ele>
   </trkpt>
   <trkpt lat="46.1495870" lon="7.3706280">
    <ele>2245.0</ele>
   </trkpt>
   <trkpt lat="46.1495630" lon="7.3706190">
    <ele>2245.0</ele>
   </trkpt>
   <trkpt lat="46.1495390" lon="7.3706100">
    <ele>2244.0</ele>
   </trkpt>
   <trkpt lat="46.1495160" lon="7.3706000">
    <ele>2244.0</ele>
   </trkpt>
   <trkpt lat="46.1494430" lon="7.3705710">
    <ele>2243.0</ele>
   </trkpt>
   <trkpt lat="46.1494190" lon="7.3705620">
    <ele>2243.0</ele>
   </trkpt>
   <trkpt lat="46.1493950" lon="7.3705530">
    <ele>2243.0</ele>
   </trkpt>
   <trkpt lat="46.1493700" lon="7.3705440">
    <ele>2243.0</ele>
   </trkpt>
   <trkpt lat="46.1492960" lon="7.3705170">
    <ele>2242.0</ele>
   </trkpt>
   <trkpt lat="46.1492710" lon="7.3705100">
    <ele>2242.0</ele>
   </trkpt>
   <trkpt lat="46.1492450" lon="7.3705020">
    <ele>2241.0</ele>
   </trkpt>
   <trkpt lat="46.1492190" lon="7.3704950">
    <ele>2241.0</ele>
   </trkpt>
   <trkpt lat="46.1491410" lon="7.3704810">
    <ele>2240.0</ele>
   </trkpt>
   <trkpt lat="46.1491150" lon="7.3704800">
    <ele>2240.0</ele>
   </trkpt>
   <trkpt lat="46.1490890" lon="7.3704780">
    <ele>2239.0</ele>
   </trkpt>
   <trkpt lat="46.1490630" lon="7.3704770">
    <ele>2239.0</ele>
   </trkpt>
   <trkpt lat="46.1489890" lon="7.3704870">
    <ele>2238.0</ele>
   </trkpt>
   <trkpt lat="46.1489650" lon="7.3704970">
    <ele>2238.0</ele>
   </trkpt>
   <trkpt lat="46.1489420" lon="7.3705060">
    <ele>2238.0</ele>
   </trkpt>
   <trkpt lat="46.1489190" lon="7.3705160">
    <ele>2238.0</ele>
   </trkpt>
   <trkpt lat="46.1488540" lon="7.3705590">
    <ele>2237.0</ele>
   </trkpt>
   <trkpt lat="46.1488340" lon="7.3705770">
    <ele>2237.0</ele>
   </trkpt>
   <trkpt lat="46.1488140" lon="7.3705950">
    <ele>2237.0</ele>
   </trkpt>
   <trkpt lat="46.1487940" lon="7.3706130">
    <ele>2237.0</ele>
   </trkpt>
   <trkpt lat="46.1487460" lon="7.3706820">
    <ele>2236.0</ele>
   </trkpt>
   <trkpt lat="46.1487360" lon="7.3707110">
    <ele>2236.0</ele>
   </trkpt>
   <trkpt lat="46.1487260" lon="7.3707400">
    <ele>2236.0</ele>
   </trkpt>
   <trkpt lat="46.1487160" lon="7.3707690">
    <ele>2236.0</ele>
   </trkpt>
   <trkpt lat="46.1486930" lon="7.3708630">
    <ele>2235.0</ele>
   </trkpt>
   <trkpt lat="46.1486840" lon="7.3708950">
    <ele>2235.0</ele>
   </trkpt>
   <trkpt lat="46.1486750" lon="7.3709270">
    <ele>2234.0</ele>
   </trkpt>
   <trkpt lat="46.1486660" lon="7.3709600">
    <ele>2234.0</ele>
   </trkpt>
   <trkpt lat="46.1486340" lon="7.3710520">
    <ele>2233.0</ele>
   </trkpt>
   <trkpt lat="46.1486220" lon="7.3710790">
    <ele>2232.0</ele>
   </trkpt>
   <trkpt lat="46.1486100" lon="7.3711060">
    <ele>2231.0</ele>
   </trkpt>
   <trkpt lat="46.1485990" lon="7.3711330">
    <ele>2231.0</ele>
   </trkpt>
   <trkpt lat="46.1485600" lon="7.3712040">
    <ele>2230.0</ele>
   </trkpt>
   <trkpt lat="46.1485480" lon="7.3712260">
    <ele>2229.0</ele>
   </trkpt>
   <trkpt lat="46.1485360" lon="7.3712470">
    <ele>2228.0</ele>
   </trkpt>
   <trkpt lat="46.1485250" lon="7.3712690">
    <ele>2228.0</ele>
   </trkpt>
   <trkpt lat="46.1484840" lon="7.3713140">
    <ele>2227.0</ele>
   </trkpt>
   <trkpt lat="46.1484660" lon="7.3713250">
    <ele>2227.0</ele>
   </trkpt>
   <trkpt lat="46.1484490" lon="7.3713350">
    <ele>2226.0</ele>
   </trkpt>
   <trkpt lat="46.1484310" lon="7.3713450">
    <ele>2226.0</ele>
   </trkpt>
   <trkpt lat="46.1483750" lon="7.3713600">
    <ele>2225.0</ele>
   </trkpt>
   <trkpt lat="46.1483550" lon="7.3713630">
    <ele>2224.0</ele>
   </trkpt>
   <trkpt lat="46.1483350" lon="7.3713660">
    <ele>2223.0</ele>
   </trkpt>
   <trkpt lat="46.1483160" lon="7.3713690">
    <ele>2223.0</ele>
   </trkpt>
   <trkpt lat="46.1482610" lon="7.3713770">
    <ele>2222.0</ele>
   </trkpt>
   <trkpt lat="46.1482460" lon="7.3713840">
    <ele>2222.0</ele>
   </trkpt>
   <trkpt lat="46.1482300" lon="7.3713910">
    <ele>2221.0</ele>
   </trkpt>
   <trkpt lat="46.1482150" lon="7.3713990">
    <ele>2221.0</ele>
   </trkpt>
   <trkpt lat="46.1481740" lon="7.3714300">
    <ele>2220.0</ele>
   </trkpt>
   <trkpt lat="46.1481620" lon="7.3714440">
    <ele>2219.0</ele>
   </trkpt>
   <trkpt lat="46.1481500" lon="7.3714590">
    <ele>2218.0</ele>
   </trkpt>
   <trkpt lat="46.1481370" lon="7.3714730">
    <ele>2218.0</ele>
   </trkpt>
   <trkpt lat="46.1481000" lon="7.3715260">
    <ele>2217.0</ele>
   </trkpt>
   <trkpt lat="46.1480820" lon="7.3715330">
    <ele>2216.0</ele>
   </trkpt>
   <trkpt lat="46.1480650" lon="7.3715400">
    <ele>2215.0</ele>
   </trkpt>
   <trkpt lat="46.1480470" lon="7.3715470">
    <ele>2215.0</ele>
   </trkpt>
   <trkpt lat="46.1479840" lon="7.3715250">
    <ele>2214.0</ele>
   </trkpt>
   <trkpt lat="46.1479610" lon="7.3715140">
    <ele>2213.0</ele>
   </trkpt>
   <trkpt lat="46.1479380" lon="7.3715030">
    <ele>2212.0</ele>
   </trkpt>
   <trkpt lat="46.1479140" lon="7.3714920">
    <ele>2212.0</ele>
   </trkpt>
   <trkpt lat="46.1478400" lon="7.3714850">
    <ele>2211.0</ele>
   </trkpt>
   <trkpt lat="46.1478150" lon="7.3714930">
    <ele>2211.0</ele>
   </trkpt>
   <trkpt lat="46.1477900" lon="7.3715000">
    <ele>2210.0</ele>
   </trkpt>
   <trkpt lat="46.1477660" lon="7.3715080">
    <ele>2210.0</ele>
   </trkpt>
   <trkpt lat="46.1476930" lon="7.3715450">
    <ele>2209.0</ele>
   </trkpt>
   <trkpt lat="46.1476680" lon="7.3715560">
    <ele>2209.0</ele>
   </trkpt>
   <trkpt lat="46.1476430" lon="7.3715670">
    <ele>2209.0</ele>
   </trkpt>
   <trkpt lat="46.1476190" lon="7.3715780">
    <ele>2209.0</ele>
   </trkpt>
   <trkpt lat="46.1475430" lon="7.3715910">
    <ele>2208.0</ele>
   </trkpt>
   <trkpt lat="46.1475170" lon="7.3715870">
    <ele>2208.0</ele>
   </trkpt>
   <trkpt lat="46.1474920" lon="7.3715840">
    <ele>2207.0</ele>
   </trkpt>
   <trkpt lat="46.1474670" lon="7.3715810">
    <ele>2207.0</ele>
   </trkpt>
   <trkpt lat="46.1473930" lon="7.3715600">
    <ele>2206.0</ele>
   </trkpt>
   <trkpt lat="46.1473690" lon="7.3715550">
    <ele>2206.0</ele>
   </trkpt>
   <trkpt lat="46.1473440" lon="7.3715500">
    <ele>2206.0</ele>
   </trkpt>
   <trkpt lat="46.1473200" lon="7.3715450">
    <ele>2206.0</ele>
   </trkpt>
   <trkpt lat="46.1472460" lon="7.3715390">
    <ele>2205.0</ele>
   </trkpt>
   <trkpt lat="46.1472210" lon="7.3715410">
    <ele>2205.0</ele>
   </trkpt>
   <trkpt lat="46.1471950" lon="7.3715420">
    <ele>2205.0</ele>
   </trkpt>
   <trkpt lat="46.1471700" lon="7.3715440">
    <ele>2205.0</ele>
   </trkpt>
   <trkpt lat="46.1470960" lon="7.3715580">
    <ele>2204.0</ele>
   </trkpt>
   <trkpt lat="46.1470740" lon="7.3715700">
    <ele>2204.0</ele>
   </trkpt>
   <trkpt lat="46.1470510" lon="7.3715820">
    <ele>2203.0</ele>
   </trkpt>
   <trkpt lat="46.1470280" lon="7.3715940">
    <ele>2203.0</ele>
   </trkpt>
   <trkpt lat="46.1469740" lon="7.3716650">
    <ele>2202.0</ele>
   </trkpt>
   <trkpt lat="46.1469620" lon="7.3716980">
    <ele>2202.0</ele>
   </trkpt>
   <trkpt lat="46.1469490" lon="7.3717310">
    <ele>2202.0</ele>
   </trkpt>
   <trkpt lat="46.1469370" lon="7.3717650">
    <ele>2202.0</ele>
   </trkpt>
   <trkpt lat="46.1469120" lon="7.3718790">
    <ele>2201.0</ele>
   </trkpt>
   <trkpt lat="46.1469060" lon="7.3719180">
    <ele>2201.0</ele>
   </trkpt>
   <trkpt lat="46.1469010" lon="7.3719560">
    <ele>2200.0</ele>
   </trkpt>
   <trkpt lat="46.1468950" lon="7.3719950">
    <ele>2200.0</ele>
   </trkpt>
   <trkpt lat="46.1468810" lon="7.3721060">
    <ele>2199.0</ele>
   </trkpt>
   <trkpt lat="46.1468770" lon="7.3721420">
    <ele>2199.0</ele>
   </trkpt>
   <trkpt lat="46.1468730" lon="7.3721780">
    <ele>2199.0</ele>
   </trkpt>
   <trkpt lat="46.1468690" lon="7.3722140">
    <ele>2199.0</ele>
   </trkpt>
   <trkpt lat="46.1468540" lon="7.3723210">
    <ele>2198.0</ele>
   </trkpt>
   <trkpt lat="46.1468450" lon="7.3723550">
    <ele>2198.0</ele>
   </trkpt>
   <trkpt lat="46.1468370" lon="7.3723890">
    <ele>2198.0</ele>
   </trkpt>
   <trkpt lat="46.1468290" lon="7.3724230">
    <ele>2198.0</ele>
   </trkpt>
   <trkpt lat="46.1467910" lon="7.3725170">
    <ele>2197.0</ele>
   </trkpt>
   <trkpt lat="46.1467740" lon="7.3725450">
    <ele>2197.0</ele>
   </trkpt>
   <trkpt lat="46.1467570" lon="7.3725730">
    <ele>2196.0</ele>
   </trkpt>
   <trkpt lat="46.1467400" lon="7.3726010">
    <ele>2196.0</ele>
   </trkpt>
   <trkpt lat="46.1466780" lon="7.3726670">
    <ele>2195.0</ele>
   </trkpt>
   <trkpt lat="46.1466530" lon="7.3726820">
    <ele>2195.0</ele>
   </trkpt>
   <trkpt lat="46.1466290" lon="7.3726960">
    <ele>2194.0</ele>
   </trkpt>
   <trkpt lat="46.1466050" lon="7.3727100">
    <ele>2194.0</ele>
   </trkpt>
   <trkpt lat="46.1465280" lon="7.3727250">
    <ele>2193.0</ele>
   </trkpt>
   <trkpt lat="46.1465010" lon="7.3727230">
    <ele>2192.0</ele>
   </trkpt>
   <trkpt lat="46.1464750" lon="7.3727210">
    <ele>2191.0</ele>
   </trkpt>
   <trkpt lat="46.1464490" lon="7.3727180">
    <ele>2191.0</ele>
   </trkpt>
   <trkpt lat="46.1463710" lon="7.3726990">
    <ele>2190.0</ele>
   </trkpt>
   <trkpt lat="46.1463450" lon="7.3726900">
    <ele>2190.0</ele>
   </trkpt>
   <trkpt lat="46.1463180" lon="7.3726820">
    <ele>2189.0</ele>
   </trkpt>
   <trkpt lat="46.1462920" lon="7.3726730">
    <ele>2189.0</ele>
   </trkpt>
   <trkpt lat="46.1462140" lon="7.3726440">
    <ele>2188.0</ele>
   </trkpt>
   <trkpt lat="46.1461880" lon="7.3726360">
    <ele>2188.0</ele>
   </trkpt>
   <trkpt lat="46.1461630" lon="7.3726270">
    <ele>2187.0</ele>
   </trkpt>
   <trkpt lat="46.1461370" lon="7.3726190">
    <ele>2187.0</ele>
   </trkpt>
   <trkpt lat="46.1460620" lon="7.3726090">
    <ele>2186.0</ele>
   </trkpt>
   <trkpt lat="46.1460380" lon="7.3726140">
    <ele>2186.0</ele>
   </trkpt>
   <trkpt lat="46.1460140" lon="7.3726200">
    <ele>2185.0</ele>
   </trkpt>
   <trkpt lat="46.1459910" lon="7.3726260">
    <ele>2185.0</ele>
   </trkpt>
   <trkpt lat="46.1459220" lon="7.3726640">
    <ele>2184.0</ele>
   </trkpt>
   <trkpt lat="46.1459000" lon="7.3726810">
    <ele>2184.0</ele>
   </trkpt>
   <trkpt lat="46.1458770" lon="7.3726990">
    <ele>2184.0</ele>
   </trkpt>
   <trkpt lat="46.1458550" lon="7.3727160">
    <ele>2184.0</ele>
   </trkpt>
   <trkpt lat="46.1457870" lon="7.3727730">
    <ele>2183.0</ele>
   </trkpt>
   <trkpt lat="46.1457650" lon="7.3727940">
    <ele>2183.0</ele>
   </trkpt>
   <trkpt lat="46.1457430" lon="7.3728150">
    <ele>2182.0</ele>
   </trkpt>
   <trkpt lat="46.1457220" lon="7.3728360">
    <ele>2182.0</ele>
   </trkpt>
   <trkpt lat="46.1456660" lon="7.3729080">
    <ele>2181.0</ele>
   </trkpt>
   <trkpt lat="46.1456520" lon="7.3729360">
    <ele>2181.0</ele>
   </trkpt>
   <trkpt lat="46.1456370" lon="7.3729640">
    <ele>2180.0</ele>
   </trkpt>
   <trkpt lat="46.1456220" lon="7.3729920">
    <ele>2180.0</ele>
   </trkpt>
   <trkpt lat="46.1455820" lon="7.3730810">
    <ele>2179.0</ele>
   </trkpt>
   <trkpt lat="46.1455680" lon="7.3731090">
    <ele>2179.0</ele>
   </trkpt>
   <trkpt lat="46.1455530" lon="7.3731370">
    <ele>2178.0</ele>
   </trkpt>
   <trkpt lat="46.1455380" lon="7.3731650">
    <ele>2178.0</ele>
   </trkpt>
   <trkpt lat="46.1454850" lon="7.3732380">
    <ele>2177.0</ele>
   </trkpt>
   <trkpt lat="46.1454650" lon="7.3732600">
    <ele>2177.0</ele>
   </trkpt>
   <trkpt lat="46.1454460" lon="7.3732820">
    <ele>2176.0</ele>
   </trkpt>
   <trkpt lat="46.1454260" lon="7.3733040">
    <ele>2176.0</ele>
   </trkpt>
   <trkpt lat="46.1453670" lon="7.3733680">
    <ele>2175.0</ele>
   </trkpt>
   <trkpt lat="46.1453480" lon="7.3733910">
    <ele>2175.0</ele>
   </trkpt>
   <trkpt lat="46.1453280" lon="7.3734130">
    <ele>2174.0</ele>
   </trkpt>
   <trkpt lat="46.1453090" lon="7.3734360">
    <ele>2174.0</ele>
   </trkpt>
   <trkpt lat="46.1452480" lon="7.3735020">
    <ele>2173.0</ele>
   </trkpt>
   <trkpt lat="46.1452280" lon="7.3735190">
    <ele>2173.0</ele>
   </trkpt>
   <trkpt lat="46.1452080" lon="7.3735360">
    <ele>2172.0</ele>
   </trkpt>
   <trkpt lat="46.1451870" lon="7.3735530">
    <ele>2172.0</ele>
   </trkpt>
   <trkpt lat="46.1451290" lon="7.3735970">
    <ele>2171.0</ele>
   </trkpt>
   <trkpt lat="46.1451110" lon="7.3736130">
    <ele>2171.0</ele>
   </trkpt>
   <trkpt lat="46.1450930" lon="7.3736290">
    <ele>2171.0</ele>
   </trkpt>
   <trkpt lat="46.1450760" lon="7.3736450">
    <ele>2171.0</ele>
   </trkpt>
   <trkpt lat="46.1450260" lon="7.3737030">
    <ele>2170.0</ele>
   </trkpt>
   <trkpt lat="46.1450090" lon="7.3737230">
    <ele>2170.0</ele>
   </trkpt>
   <trkpt lat="46.1449920" lon="7.3737440">
    <ele>2170.0</ele>
   </trkpt>
   <trkpt lat="46.1449750" lon="7.3737650">
    <ele>2170.0</ele>
   </trkpt>
   <trkpt lat="46.1449250" lon="7.3738240">
    <ele>2170.0</ele>
   </trkpt>
   <trkpt lat="46.1449090" lon="7.3738450">
    <ele>2170.0</ele>
   </trkpt>
   <trkpt lat="46.1448930" lon="7.3738650">
    <ele>2170.0</ele>
   </trkpt>
   <trkpt lat="46.1448770" lon="7.3738860">
    <ele>2170.0</ele>
   </trkpt>
   <trkpt lat="46.1448320" lon="7.3739490">
    <ele>2170.0</ele>
   </trkpt>
   <trkpt lat="46.1448180" lon="7.3739710">
    <ele>2170.0</ele>
   </trkpt>
   <trkpt lat="46.1448040" lon="7.3739920">
    <ele>2170.0</ele>
   </trkpt>
   <trkpt lat="46.1447900" lon="7.3740140">
    <ele>2170.0</ele>
   </trkpt>
   <trkpt lat="46.1447540" lon="7.3740820">
    <ele>2170.0</ele>
   </trkpt>
   <trkpt lat="46.1447450" lon="7.3741040">
    <ele>2170.0</ele>
   </trkpt>
   <trkpt lat="46.1447350" lon="7.3741250">
    <ele>2170.0</ele>
   </trkpt>
   <trkpt lat="46.1447260" lon="7.3741470">
    <ele>2170.0</ele>
   </trkpt>
   <trkpt lat="46.1447030" lon="7.3742120">
    <ele>2170.0</ele>
   </trkpt>
   <trkpt lat="46.1446950" lon="7.3742360">
    <ele>2170.0</ele>
   </trkpt>
   <trkpt lat="46.1446880" lon="7.3742590">
    <ele>2170.0</ele>
   </trkpt>
   <trkpt lat="46.1446810" lon="7.3742820">
    <ele>2171.0</ele>
   </trkpt>
   <trkpt lat="46.1446610" lon="7.3743500">
    <ele>2171.0</ele>
   </trkpt>
   <trkpt lat="46.1446530" lon="7.3743710">
    <ele>2171.0</ele>
   </trkpt>
   <trkpt lat="46.1446450" lon="7.3743920">
    <ele>2171.0</ele>
   </trkpt>
   <trkpt lat="46.1446360" lon="7.3744130">
    <ele>2171.0</ele>
   </trkpt>
   <trkpt lat="46.1445980" lon="7.3744570">
    <ele>2171.0</ele>
   </trkpt>
   <trkpt lat="46.1445830" lon="7.3744670">
    <ele>2171.0</ele>
   </trkpt>
   <trkpt lat="46.1445690" lon="7.3744760">
    <ele>2171.0</ele>
   </trkpt>
   <trkpt lat="46.1445540" lon="7.3744850">
    <ele>2172.0</ele>
   </trkpt>
   <trkpt lat="46.1445120" lon="7.3745100">
    <ele>2172.0</ele>
   </trkpt>
   <trkpt lat="46.1445000" lon="7.3745170">
    <ele>2172.0</ele>
   </trkpt>
   <trkpt lat="46.1444880" lon="7.3745240">
    <ele>2172.0</ele>
   </trkpt>
   <trkpt lat="46.1444760" lon="7.3745300">
    <ele>2173.0</ele>
   </trkpt>
   <trkpt lat="46.1444480" lon="7.3745440">
    <ele>2173.0</ele>
   </trkpt>
   <trkpt lat="46.1444420" lon="7.3745470">
    <ele>2173.0</ele>
   </trkpt>
   <trkpt lat="46.1444350" lon="7.3745500">
    <ele>2173.0</ele>
   </trkpt>
   <trkpt lat="46.1444290" lon="7.3745540">
    <ele>2174.0</ele>
   </trkpt>
   <trkpt lat="46.1444110" lon="7.3745640">
    <ele>2174.0</ele>
   </trkpt>
   <trkpt lat="46.1444050" lon="7.3745680">
    <ele>2174.0</ele>
   </trkpt>
   <trkpt lat="46.1443980" lon="7.3745720">
    <ele>2174.0</ele>
   </trkpt>
   <trkpt lat="46.1443920" lon="7.3745760">
    <ele>2175.0</ele>
   </trkpt>
   <trkpt lat="46.1443700" lon="7.3745870">
    <ele>2175.0</ele>
   </trkpt>
   <trkpt lat="46.1443600" lon="7.3745920">
    <ele>2175.0</ele>
   </trkpt>
   <trkpt lat="46.1443510" lon="7.3745960">
    <ele>2175.0</ele>
   </trkpt>
   <trkpt lat="46.1443410" lon="7.3746010">
    <ele>2176.0</ele>
   </trkpt>
   <trkpt lat="46.1443020" lon="7.3746200">
    <ele>2176.0</ele>
   </trkpt>
   <trkpt lat="46.1442800" lon="7.3746310">
    <ele>2176.0</ele>
   </trkpt>
   <trkpt lat="46.1442540" lon="7.3746450">
    <ele>2176.0</ele>
   </trkpt>
   <trkpt lat="46.1442280" lon="7.3746590">
    <ele>2176.0</ele>
   </trkpt>
   <trkpt lat="46.1441970" lon="7.3746750">
    <ele>2176.0</ele>
   </trkpt>
   <trkpt lat="46.1441760" lon="7.3746880">
    <ele>2176.0</ele>
   </trkpt>
   <trkpt lat="46.1441560" lon="7.3747010">
    <ele>2176.0</ele>
   </trkpt>
   <trkpt lat="46.1441360" lon="7.3747140">
    <ele>2176.0</ele>
   </trkpt>
   <trkpt lat="46.1440710" lon="7.3747560">
    <ele>2175.0</ele>
   </trkpt>
   <trkpt lat="46.1440500" lon="7.3747690">
    <ele>2175.0</ele>
   </trkpt>
   <trkpt lat="46.1440290" lon="7.3747830">
    <ele>2175.0</ele>
   </trkpt>
   <trkpt lat="46.1440070" lon="7.3747970">
    <ele>2175.0</ele>
   </trkpt>
   <trkpt lat="46.1439460" lon="7.3748300">
    <ele>2174.0</ele>
   </trkpt>
   <trkpt lat="46.1439250" lon="7.3748350">
    <ele>2174.0</ele>
   </trkpt>
   <trkpt lat="46.1439050" lon="7.3748400">
    <ele>2174.0</ele>
   </trkpt>
   <trkpt lat="46.1438840" lon="7.3748440">
    <ele>2174.0</ele>
   </trkpt>
   <trkpt lat="46.1438200" lon="7.3748490">
    <ele>2174.0</ele>
   </trkpt>
   <trkpt lat="46.1437980" lon="7.3748500">
    <ele>2174.0</ele>
   </trkpt>
   <trkpt lat="46.1437770" lon="7.3748520">
    <ele>2174.0</ele>
   </trkpt>
   <trkpt lat="46.1437560" lon="7.3748540">
    <ele>2174.0</ele>
   </trkpt>
   <trkpt lat="46.1436870" lon="7.3748680">
    <ele>2173.0</ele>
   </trkpt>
   <trkpt lat="46.1436630" lon="7.3748720">
    <ele>2173.0</ele>
   </trkpt>
   <trkpt lat="46.1436390" lon="7.3748750">
    <ele>2173.0</ele>
   </trkpt>
   <trkpt lat="46.1436150" lon="7.3748790">
    <ele>2173.0</ele>
   </trkpt>
   <trkpt lat="46.1435490" lon="7.3748850">
    <ele>2172.0</ele>
   </trkpt>
   <trkpt lat="46.1435310" lon="7.3748870">
    <ele>2172.0</ele>
   </trkpt>
   <trkpt lat="46.1435120" lon="7.3748890">
    <ele>2172.0</ele>
   </trkpt>
   <trkpt lat="46.1434930" lon="7.3748910">
    <ele>2172.0</ele>
   </trkpt>
   <trkpt lat="46.1434470" lon="7.3749010">
    <ele>2172.0</ele>
   </trkpt>
   <trkpt lat="46.1434340" lon="7.3749060">
    <ele>2172.0</ele>
   </trkpt>
   <trkpt lat="46.1434210" lon="7.3749100">
    <ele>2172.0</ele>
   </trkpt>
   <trkpt lat="46.1434090" lon="7.3749140">
    <ele>2173.0</ele>
   </trkpt>
   <trkpt lat="46.1433730" lon="7.3749280">
    <ele>2173.0</ele>
   </trkpt>
   <trkpt lat="46.1433620" lon="7.3749360">
    <ele>2173.0</ele>
   </trkpt>
   <trkpt lat="46.1433510" lon="7.3749440">
    <ele>2173.0</ele>
   </trkpt>
   <trkpt lat="46.1433390" lon="7.3749520">
    <ele>2174.0</ele>
   </trkpt>
   <trkpt lat="46.1433030" lon="7.3749940">
    <ele>2174.0</ele>
   </trkpt>
   <trkpt lat="46.1432890" lon="7.3750100">
    <ele>2174.0</ele>
   </trkpt>
   <trkpt lat="46.1432740" lon="7.3750270">
    <ele>2174.0</ele>
   </trkpt>
   <trkpt lat="46.1432590" lon="7.3750440">
    <ele>2175.0</ele>
   </trkpt>
   <trkpt lat="46.1432050" lon="7.3750890">
    <ele>2174.0</ele>
   </trkpt>
   <trkpt lat="46.1431840" lon="7.3751010">
    <ele>2174.0</ele>
   </trkpt>
   <trkpt lat="46.1431630" lon="7.3751130">
    <ele>2174.0</ele>
   </trkpt>
   <trkpt lat="46.1431420" lon="7.3751250">
    <ele>2174.0</ele>
   </trkpt>
   <trkpt lat="46.1430760" lon="7.3751600">
    <ele>2173.0</ele>
   </trkpt>
   <trkpt lat="46.1430540" lon="7.3751720">
    <ele>2173.0</ele>
   </trkpt>
   <trkpt lat="46.1430320" lon="7.3751850">
    <ele>2173.0</ele>
   </trkpt>
   <trkpt lat="46.1430100" lon="7.3751980">
    <ele>2173.0</ele>
   </trkpt>
   <trkpt lat="46.1429460" lon="7.3752370">
    <ele>2172.0</ele>
   </trkpt>
   <trkpt lat="46.1429250" lon="7.3752490">
    <ele>2172.0</ele>
   </trkpt>
   <trkpt lat="46.1429050" lon="7.3752610">
    <ele>2172.0</ele>
   </trkpt>
   <trkpt lat="46.1428840" lon="7.3752730">
    <ele>2172.0</ele>
   </trkpt>
   <trkpt lat="46.1428240" lon="7.3753060">
    <ele>2171.0</ele>
   </trkpt>
   <trkpt lat="46.1428050" lon="7.3753180">
    <ele>2171.0</ele>
   </trkpt>
   <trkpt lat="46.1427870" lon="7.3753290">
    <ele>2171.0</ele>
   </trkpt>
   <trkpt lat="46.1427690" lon="7.3753400">
    <ele>2171.0</ele>
   </trkpt>
   <trkpt lat="46.1427170" lon="7.3753800">
    <ele>2171.0</ele>
   </trkpt>
   <trkpt lat="46.1427010" lon="7.3753930">
    <ele>2171.0</ele>
   </trkpt>
   <trkpt lat="46.1426840" lon="7.3754070">
    <ele>2171.0</ele>
   </trkpt>
   <trkpt lat="46.1426680" lon="7.3754210">
    <ele>2171.0</ele>
   </trkpt>
   <trkpt lat="46.1426220" lon="7.3754600">
    <ele>2171.0</ele>
   </trkpt>
   <trkpt lat="46.1426080" lon="7.3754720">
    <ele>2171.0</ele>
   </trkpt>
   <trkpt lat="46.1425930" lon="7.3754840">
    <ele>2171.0</ele>
   </trkpt>
   <trkpt lat="46.1425790" lon="7.3754960">
    <ele>2172.0</ele>
   </trkpt>
   <trkpt lat="46.1425370" lon="7.3755230">
    <ele>2172.0</ele>
   </trkpt>
   <trkpt lat="46.1425240" lon="7.3755290">
    <ele>2172.0</ele>
   </trkpt>
   <trkpt lat="46.1425100" lon="7.3755340">
    <ele>2172.0</ele>
   </trkpt>
   <trkpt lat="46.1424960" lon="7.3755390">
    <ele>2173.0</ele>
   </trkpt>
   <trkpt lat="46.1424640" lon="7.3755440">
    <ele>2173.0</ele>
   </trkpt>
   <trkpt lat="46.1424550" lon="7.3755430">
    <ele>2173.0</ele>
   </trkpt>
   <trkpt lat="46.1424460" lon="7.3755430">
    <ele>2173.0</ele>
   </trkpt>
   <trkpt lat="46.1424370" lon="7.3755430">
    <ele>2174.0</ele>
   </trkpt>
   <trkpt lat="46.1424130" lon="7.3755460">
    <ele>2174.0</ele>
   </trkpt>
   <trkpt lat="46.1424050" lon="7.3755490">
    <ele>2174.0</ele>
   </trkpt>
   <trkpt lat="46.1423970" lon="7.3755520">
    <ele>2174.0</ele>
   </trkpt>
   <trkpt lat="46.1423890" lon="7.3755550">
    <ele>2175.0</ele>
   </trkpt>
   <trkpt lat="46.1423670" lon="7.3755670">
    <ele>2175.0</ele>
   </trkpt>
   <trkpt lat="46.1423600" lon="7.3755710">
    <ele>2175.0</ele>
   </trkpt>
   <trkpt lat="46.1423530" lon="7.3755760">
    <ele>2175.0</ele>
   </trkpt>
   <trkpt lat="46.1423460" lon="7.3755800">
    <ele>2176.0</ele>
   </trkpt>
   <trkpt lat="46.1423260" lon="7.3755970">
    <ele>2176.0</ele>
   </trkpt>
   <trkpt lat="46.1423200" lon="7.3756030">
    <ele>2176.0</ele>
   </trkpt>
   <trkpt lat="46.1423140" lon="7.3756090">
    <ele>2176.0</ele>
   </trkpt>
   <trkpt lat="46.1423080" lon="7.3756150">
    <ele>2177.0</ele>
   </trkpt>
   <trkpt lat="46.1422870" lon="7.3756270">
    <ele>2177.0</ele>
   </trkpt>
   <trkpt lat="46.1422790" lon="7.3756290">
    <ele>2177.0</ele>
   </trkpt>
   <trkpt lat="46.1422710" lon="7.3756310">
    <ele>2177.0</ele>
   </trkpt>
   <trkpt lat="46.1422630" lon="7.3756330">
    <ele>2178.0</ele>
   </trkpt>
   <trkpt lat="46.1422360" lon="7.3756340">
    <ele>2178.0</ele>
   </trkpt>
   <trkpt lat="46.1422270" lon="7.3756350">
    <ele>2178.0</ele>
   </trkpt>
   <trkpt lat="46.1422170" lon="7.3756370">
    <ele>2178.0</ele>
   </trkpt>
   <trkpt lat="46.1422080" lon="7.3756380">
    <ele>2179.0</ele>
   </trkpt>
   <trkpt lat="46.1421810" lon="7.3756400">
    <ele>2179.0</ele>
   </trkpt>
   <trkpt lat="46.1421730" lon="7.3756410">
    <ele>2179.0</ele>
   </trkpt>
   <trkpt lat="46.1421640" lon="7.3756420">
    <ele>2179.0</ele>
   </trkpt>
   <trkpt lat="46.1421560" lon="7.3756430">
    <ele>2180.0</ele>
   </trkpt>
   <trkpt lat="46.1421320" lon="7.3756470">
    <ele>2180.0</ele>
   </trkpt>
   <trkpt lat="46.1421250" lon="7.3756500">
    <ele>2180.0</ele>
   </trkpt>
   <trkpt lat="46.1421180" lon="7.3756530">
    <ele>2180.0</ele>
   </trkpt>
   <trkpt lat="46.1421100" lon="7.3756560">
    <ele>2181.0</ele>
   </trkpt>
   <trkpt lat="46.1420920" lon="7.3756760">
    <ele>2181.0</ele>
   </trkpt>
   <trkpt lat="46.1420870" lon="7.3756860">
    <ele>2181.0</ele>
   </trkpt>
   <trkpt lat="46.1420830" lon="7.3756960">
    <ele>2181.0</ele>
   </trkpt>
   <trkpt lat="46.1420780" lon="7.3757060">
    <ele>2182.0</ele>
   </trkpt>
   <trkpt lat="46.1420640" lon="7.3757360">
    <ele>2182.0</ele>
   </trkpt>
   <trkpt lat="46.1420600" lon="7.3757430">
    <ele>2183.0</ele>
   </trkpt>
   <trkpt lat="46.1420550" lon="7.3757510">
    <ele>2183.0</ele>
   </trkpt>
   <trkpt lat="46.1420500" lon="7.3757590">
    <ele>2184.0</ele>
   </trkpt>
   <trkpt lat="46.1420320" lon="7.3757830">
    <ele>2184.0</ele>
   </trkpt>
   <trkpt lat="46.1420250" lon="7.3757900">
    <ele>2184.0</ele>
   </trkpt>
   <trkpt lat="46.1420180" lon="7.3757980">
    <ele>2184.0</ele>
   </trkpt>
   <trkpt lat="46.1420120" lon="7.3758060">
    <ele>2185.0</ele>
   </trkpt>
   <trkpt lat="46.1419920" lon="7.3758310">
    <ele>2185.0</ele>
   </trkpt>
   <trkpt lat="46.1419840" lon="7.3758400">
    <ele>2185.0</ele>
   </trkpt>
   <trkpt lat="46.1419760" lon="7.3758490">
    <ele>2185.0</ele>
   </trkpt>
   <trkpt lat="46.1419680" lon="7.3758570">
    <ele>2186.0</ele>
   </trkpt>
   <trkpt lat="46.1419420" lon="7.3758720">
    <ele>2186.0</ele>
   </trkpt>
   <trkpt lat="46.1419320" lon="7.3758740">
    <ele>2186.0</ele>
   </trkpt>
   <trkpt lat="46.1419230" lon="7.3758750">
    <ele>2186.0</ele>
   </trkpt>
   <trkpt lat="46.1419130" lon="7.3758770">
    <ele>2187.0</ele>
   </trkpt>
   <trkpt lat="46.1418850" lon="7.3758780">
    <ele>2187.0</ele>
   </trkpt>
   <trkpt lat="46.1418750" lon="7.3758800">
    <ele>2187.0</ele>
   </trkpt>
   <trkpt lat="46.1418660" lon="7.3758810">
    <ele>2187.0</ele>
   </trkpt>
   <trkpt lat="46.1418560" lon="7.3758830">
    <ele>2188.0</ele>
   </trkpt>
   <trkpt lat="46.1418250" lon="7.3758950">
    <ele>2188.0</ele>
   </trkpt>
   <trkpt lat="46.1418120" lon="7.3758960">
    <ele>2188.0</ele>
   </trkpt>
   <trkpt lat="46.1417990" lon="7.3758980">
    <ele>2188.0</ele>
   </trkpt>
   <trkpt lat="46.1417860" lon="7.3759000">
    <ele>2188.0</ele>
   </trkpt>
   <trkpt lat="46.1417400" lon="7.3758920">
    <ele>2188.0</ele>
   </trkpt>
   <trkpt lat="46.1417150" lon="7.3758810">
    <ele>2188.0</ele>
   </trkpt>
   <trkpt lat="46.1416890" lon="7.3758710">
    <ele>2188.0</ele>
   </trkpt>
   <trkpt lat="46.1416640" lon="7.3758600">
    <ele>2189.0</ele>
   </trkpt>
   <trkpt lat="46.1416380" lon="7.3758490">
    <ele>2189.0</ele>
   </trkpt>
   <trkpt lat="46.1416180" lon="7.3758400">
    <ele>2189.0</ele>
   </trkpt>
   <trkpt lat="46.1415970" lon="7.3758310">
    <ele>2189.0</ele>
   </trkpt>
   <trkpt lat="46.1415770" lon="7.3758230">
    <ele>2189.0</ele>
   </trkpt>
   <trkpt lat="46.1415120" lon="7.3758020">
    <ele>2189.0</ele>
   </trkpt>
   <trkpt lat="46.1414910" lon="7.3757970">
    <ele>2189.0</ele>
   </trkpt>
   <trkpt lat="46.1414700" lon="7.3757910">
    <ele>2189.0</ele>
   </trkpt>
   <trkpt lat="46.1414490" lon="7.3757850">
    <ele>2189.0</ele>
   </trkpt>
   <trkpt lat="46.1413890" lon="7.3757680">
    <ele>2188.0</ele>
   </trkpt>
   <trkpt lat="46.1413700" lon="7.3757620">
    <ele>2188.0</ele>
   </trkpt>
   <trkpt lat="46.1413500" lon="7.3757560">
    <ele>2188.0</ele>
   </trkpt>
   <trkpt lat="46.1413300" lon="7.3757500">
    <ele>2188.0</ele>
   </trkpt>
   <trkpt lat="46.1412740" lon="7.3757290">
    <ele>2188.0</ele>
   </trkpt>
   <trkpt lat="46.1412570" lon="7.3757210">
    <ele>2188.0</ele>
   </trkpt>
   <trkpt lat="46.1412400" lon="7.3757130">
    <ele>2188.0</ele>
   </trkpt>
   <trkpt lat="46.1412230" lon="7.3757040">
    <ele>2189.0</ele>
   </trkpt>
   <trkpt lat="46.1411770" lon="7.3756730">
    <ele>2189.0</ele>
   </trkpt>
   <trkpt lat="46.1411610" lon="7.3756610">
    <ele>2189.0</ele>
   </trkpt>
   <trkpt lat="46.1411460" lon="7.3756500">
    <ele>2189.0</ele>
   </trkpt>
   <trkpt lat="46.1411310" lon="7.3756390">
    <ele>2189.0</ele>
   </trkpt>
   <trkpt lat="46.1410830" lon="7.3756160">
    <ele>2189.0</ele>
   </trkpt>
   <trkpt lat="46.1410650" lon="7.3756150">
    <ele>2189.0</ele>
   </trkpt>
   <trkpt lat="46.1410470" lon="7.3756140">
    <ele>2189.0</ele>
   </trkpt>
   <trkpt lat="46.1410290" lon="7.3756140">
    <ele>2190.0</ele>
   </trkpt>
   <trkpt lat="46.1409660" lon="7.3756210">
    <ele>2190.0</ele>
   </trkpt>
   <trkpt lat="46.1409450" lon="7.3756280">
    <ele>2190.0</ele>
   </trkpt>
   <trkpt lat="46.1409240" lon="7.3756340">
    <ele>2190.0</ele>
   </trkpt>
   <trkpt lat="46.1409020" lon="7.3756410">
    <ele>2190.0</ele>
   </trkpt>
   <trkpt lat="46.1408390" lon="7.3756530">
    <ele>2189.0</ele>
   </trkpt>
   <trkpt lat="46.1408190" lon="7.3756550">
    <ele>2189.0</ele>
   </trkpt>
   <trkpt lat="46.1408000" lon="7.3756570">
    <ele>2189.0</ele>
   </trkpt>
   <trkpt lat="46.1407810" lon="7.3756590">
    <ele>2189.0</ele>
   </trkpt>
   <trkpt lat="46.1407340" lon="7.3756660">
    <ele>2189.0</ele>
   </trkpt>
   <trkpt lat="46.1407240" lon="7.3756710">
    <ele>2189.0</ele>
   </trkpt>
   <trkpt lat="46.1407140" lon="7.3756750">
    <ele>2189.0</ele>
   </trkpt>
   <trkpt lat="46.1407040" lon="7.3756800">
    <ele>2189.0</ele>
   </trkpt>
   <trkpt lat="46.1406820" lon="7.3756940">
    <ele>2189.0</ele>
   </trkpt>
   <trkpt lat="46.1406750" lon="7.3756960">
    <ele>2189.0</ele>
   </trkpt>
   <trkpt lat="46.1406680" lon="7.3756980">
    <ele>2189.0</ele>
   </trkpt>
   <trkpt lat="46.1406600" lon="7.3757000">
    <ele>2190.0</ele>
   </trkpt>
   <trkpt lat="46.1406310" lon="7.3757110">
    <ele>2190.0</ele>
   </trkpt>
   <trkpt lat="46.1406130" lon="7.3757140">
    <ele>2190.0</ele>
   </trkpt>
   <trkpt lat="46.1405900" lon="7.3757170">
    <ele>2190.0</ele>
   </trkpt>
   <trkpt lat="46.1405670" lon="7.3757210">
    <ele>2191.0</ele>
   </trkpt>
   <trkpt lat="46.1405350" lon="7.3757260">
    <ele>2191.0</ele>
   </trkpt>
   <trkpt lat="46.1405140" lon="7.3757250">
    <ele>2191.0</ele>
   </trkpt>
   <trkpt lat="46.1404930" lon="7.3757230">
    <ele>2191.0</ele>
   </trkpt>
   <trkpt lat="46.1404720" lon="7.3757220">
    <ele>2192.0</ele>
   </trkpt>
   <trkpt lat="46.1404090" lon="7.3757070">
    <ele>2192.0</ele>
   </trkpt>
   <trkpt lat="46.1403890" lon="7.3756980">
    <ele>2192.0</ele>
   </trkpt>
   <trkpt lat="46.1403690" lon="7.3756880">
    <ele>2192.0</ele>
   </trkpt>
   <trkpt lat="46.1403490" lon="7.3756790">
    <ele>2192.0</ele>
   </trkpt>
   <trkpt lat="46.1402950" lon="7.3756380">
    <ele>2191.0</ele>
   </trkpt>
   <trkpt lat="46.1402780" lon="7.3756220">
    <ele>2191.0</ele>
   </trkpt>
   <trkpt lat="46.1402610" lon="7.3756050">
    <ele>2191.0</ele>
   </trkpt>
   <trkpt lat="46.1402440" lon="7.3755890">
    <ele>2191.0</ele>
   </trkpt>
   <trkpt lat="46.1401960" lon="7.3755330">
    <ele>2191.0</ele>
   </trkpt>
   <trkpt lat="46.1401800" lon="7.3755150">
    <ele>2191.0</ele>
   </trkpt>
   <trkpt lat="46.1401650" lon="7.3754960">
    <ele>2191.0</ele>
   </trkpt>
   <trkpt lat="46.1401490" lon="7.3754770">
    <ele>2192.0</ele>
   </trkpt>
   <trkpt lat="46.1401030" lon="7.3754220">
    <ele>2192.0</ele>
   </trkpt>
   <trkpt lat="46.1400880" lon="7.3754030">
    <ele>2192.0</ele>
   </trkpt>
   <trkpt lat="46.1400720" lon="7.3753850">
    <ele>2192.0</ele>
   </trkpt>
   <trkpt lat="46.1400570" lon="7.3753660">
    <ele>2192.0</ele>
   </trkpt>
   <trkpt lat="46.1400130" lon="7.3753150">
    <ele>2192.0</ele>
   </trkpt>
   <trkpt lat="46.1399980" lon="7.3753000">
    <ele>2192.0</ele>
   </trkpt>
   <trkpt lat="46.1399730" lon="7.3752730">
    <ele>2192.0</ele>
   </trkpt>
   <trkpt lat="46.1399490" lon="7.3752470">
    <ele>2192.0</ele>
   </trkpt>
   <trkpt lat="46.1399240" lon="7.3752200">
    <ele>2192.0</ele>
   </trkpt>
   <trkpt lat="46.1399090" lon="7.3752030">
    <ele>2192.0</ele>
   </trkpt>
   <trkpt lat="46.1398930" lon="7.3751860">
    <ele>2192.0</ele>
   </trkpt>
   <trkpt lat="46.1398770" lon="7.3751690">
    <ele>2193.0</ele>
   </trkpt>
   <trkpt lat="46.1398320" lon="7.3751100">
    <ele>2193.0</ele>
   </trkpt>
   <trkpt lat="46.1398170" lon="7.3750910">
    <ele>2193.0</ele>
   </trkpt>
   <trkpt lat="46.1398020" lon="7.3750710">
    <ele>2193.0</ele>
   </trkpt>
   <trkpt lat="46.1397870" lon="7.3750510">
    <ele>2193.0</ele>
   </trkpt>
   <trkpt lat="46.1397420" lon="7.3750000">
    <ele>2193.0</ele>
   </trkpt>
   <trkpt lat="46.1397270" lon="7.3749870">
    <ele>2193.0</ele>
   </trkpt>
   <trkpt lat="46.1397110" lon="7.3749740">
    <ele>2193.0</ele>
   </trkpt>
   <trkpt lat="46.1396950" lon="7.3749610">
    <ele>2193.0</ele>
   </trkpt>
   <trkpt lat="46.1396470" lon="7.3749190">
    <ele>2193.0</ele>
   </trkpt>
   <trkpt lat="46.1396310" lon="7.3749030">
    <ele>2193.0</ele>
   </trkpt>
   <trkpt lat="46.1396160" lon="7.3748870">
    <ele>2193.0</ele>
   </trkpt>
   <trkpt lat="46.1396000" lon="7.3748710">
    <ele>2193.0</ele>
   </trkpt>
   <trkpt lat="46.1395610" lon="7.3748120">
    <ele>2193.0</ele>
   </trkpt>
   <trkpt lat="46.1395500" lon="7.3747890">
    <ele>2193.0</ele>
   </trkpt>
   <trkpt lat="46.1395390" lon="7.3747660">
    <ele>2193.0</ele>
   </trkpt>
   <trkpt lat="46.1395290" lon="7.3747430">
    <ele>2193.0</ele>
   </trkpt>
   <trkpt lat="46.1395040" lon="7.3746650">
    <ele>2193.0</ele>
   </trkpt>
   <trkpt lat="46.1394990" lon="7.3746370">
    <ele>2193.0</ele>
   </trkpt>
   <trkpt lat="46.1394950" lon="7.3746080">
    <ele>2193.0</ele>
   </trkpt>
   <trkpt lat="46.1394900" lon="7.3745800">
    <ele>2193.0</ele>
   </trkpt>
   <trkpt lat="46.1394740" lon="7.3744960">
    <ele>2193.0</ele>
   </trkpt>
   <trkpt lat="46.1394660" lon="7.3744700">
    <ele>2193.0</ele>
   </trkpt>
   <trkpt lat="46.1394580" lon="7.3744450">
    <ele>2193.0</ele>
   </trkpt>
   <trkpt lat="46.1394500" lon="7.3744190">
    <ele>2193.0</ele>
   </trkpt>
   <trkpt lat="46.1394210" lon="7.3743550">
    <ele>2192.0</ele>
   </trkpt>
   <trkpt lat="46.1394050" lon="7.3743310">
    <ele>2192.0</ele>
   </trkpt>
   <trkpt lat="46.1393860" lon="7.3743030">
    <ele>2192.0</ele>
   </trkpt>
   <trkpt lat="46.1393670" lon="7.3742740">
    <ele>2192.0</ele>
   </trkpt>
   <trkpt lat="46.1393450" lon="7.3742410">
    <ele>2192.0</ele>
   </trkpt>
   <trkpt lat="46.1393310" lon="7.3742210">
    <ele>2192.0</ele>
   </trkpt>
   <trkpt lat="46.1393180" lon="7.3742010">
    <ele>2192.0</ele>
   </trkpt>
   <trkpt lat="46.1393040" lon="7.3741800">
    <ele>2192.0</ele>
   </trkpt>
   <trkpt lat="46.1392630" lon="7.3741220">
    <ele>2192.0</ele>
   </trkpt>
   <trkpt lat="46.1392510" lon="7.3741010">
    <ele>2192.0</ele>
   </trkpt>
   <trkpt lat="46.1392380" lon="7.3740800">
    <ele>2192.0</ele>
   </trkpt>
   <trkpt lat="46.1392250" lon="7.3740590">
    <ele>2193.0</ele>
   </trkpt>
   <trkpt lat="46.1391900" lon="7.3739910">
    <ele>2193.0</ele>
   </trkpt>
   <trkpt lat="46.1391800" lon="7.3739650">
    <ele>2193.0</ele>
   </trkpt>
   <trkpt lat="46.1391700" lon="7.3739400">
    <ele>2193.0</ele>
   </trkpt>
   <trkpt lat="46.1391610" lon="7.3739140">
    <ele>2193.0</ele>
   </trkpt>
   <trkpt lat="46.1391370" lon="7.3738290">
    <ele>2192.0</ele>
   </trkpt>
   <trkpt lat="46.1391270" lon="7.3738050">
    <ele>2192.0</ele>
   </trkpt>
   <trkpt lat="46.1391170" lon="7.3737820">
    <ele>2192.0</ele>
   </trkpt>
   <trkpt lat="46.1391080" lon="7.3737580">
    <ele>2192.0</ele>
   </trkpt>
   <trkpt lat="46.1390750" lon="7.3737070">
    <ele>2191.0</ele>
   </trkpt>
   <trkpt lat="46.1390640" lon="7.3736910">
    <ele>2191.0</ele>
   </trkpt>
   <trkpt lat="46.1390540" lon="7.3736750">
    <ele>2191.0</ele>
   </trkpt>
   <trkpt lat="46.1390430" lon="7.3736600">
    <ele>2191.0</ele>
   </trkpt>
   <trkpt lat="46.1390060" lon="7.3736340">
    <ele>2190.0</ele>
   </trkpt>
   <trkpt lat="46.1389890" lon="7.3736270">
    <ele>2190.0</ele>
   </trkpt>
   <trkpt lat="46.1389640" lon="7.3736170">
    <ele>2190.0</ele>
   </trkpt>
   <trkpt lat="46.1389390" lon="7.3736070">
    <ele>2190.0</ele>
   </trkpt>
   <trkpt lat="46.1389090" lon="7.3735950">
    <ele>2190.0</ele>
   </trkpt>
   <trkpt lat="46.1388950" lon="7.3735780">
    <ele>2190.0</ele>
   </trkpt>
   <trkpt lat="46.1388820" lon="7.3735620">
    <ele>2190.0</ele>
   </trkpt>
   <trkpt lat="46.1388680" lon="7.3735460">
    <ele>2190.0</ele>
   </trkpt>
   <trkpt lat="46.1388410" lon="7.3734790">
    <ele>2189.0</ele>
   </trkpt>
   <trkpt lat="46.1388290" lon="7.3734590">
    <ele>2189.0</ele>
   </trkpt>
   <trkpt lat="46.1388180" lon="7.3734380">
    <ele>2189.0</ele>
   </trkpt>
   <trkpt lat="46.1388060" lon="7.3734170">
    <ele>2189.0</ele>
   </trkpt>
   <trkpt lat="46.1387710" lon="7.3733630">
    <ele>2188.0</ele>
   </trkpt>
   <trkpt lat="46.1387580" lon="7.3733360">
    <ele>2188.0</ele>
   </trkpt>
   <trkpt lat="46.1387420" lon="7.3733030">
    <ele>2188.0</ele>
   </trkpt>
   <trkpt lat="46.1387260" lon="7.3732710">
    <ele>2188.0</ele>
   </trkpt>
   <trkpt lat="46.1387080" lon="7.3732330">
    <ele>2187.0</ele>
   </trkpt>
   <trkpt lat="46.1386970" lon="7.3732100">
    <ele>2187.0</ele>
   </trkpt>
   <trkpt lat="46.1386850" lon="7.3731870">
    <ele>2186.0</ele>
   </trkpt>
   <trkpt lat="46.1386740" lon="7.3731650">
    <ele>2186.0</ele>
   </trkpt>
   <trkpt lat="46.1386320" lon="7.3731080">
    <ele>2185.0</ele>
   </trkpt>
   <trkpt lat="46.1386160" lon="7.3730890">
    <ele>2185.0</ele>
   </trkpt>
   <trkpt lat="46.1386000" lon="7.3730690">
    <ele>2185.0</ele>
   </trkpt>
   <trkpt lat="46.1385850" lon="7.3730500">
    <ele>2185.0</ele>
   </trkpt>
   <trkpt lat="46.1385390" lon="7.3729890">
    <ele>2185.0</ele>
   </trkpt>
   <trkpt lat="46.1385240" lon="7.3729700">
    <ele>2185.0</ele>
   </trkpt>
   <trkpt lat="46.1385080" lon="7.3729510">
    <ele>2185.0</ele>
   </trkpt>
   <trkpt lat="46.1384920" lon="7.3729310">
    <ele>2185.0</ele>
   </trkpt>
   <trkpt lat="46.1384540" lon="7.3728630">
    <ele>2184.0</ele>
   </trkpt>
   <trkpt lat="46.1384460" lon="7.3728440">
    <ele>2184.0</ele>
   </trkpt>
   <trkpt lat="46.1384370" lon="7.3728250">
    <ele>2184.0</ele>
   </trkpt>
   <trkpt lat="46.1384280" lon="7.3728070">
    <ele>2184.0</ele>
   </trkpt>
   <trkpt lat="46.1383980" lon="7.3727900">
    <ele>2183.0</ele>
   </trkpt>
   <trkpt lat="46.1383840" lon="7.3727930">
    <ele>2183.0</ele>
   </trkpt>
   <trkpt lat="46.1383710" lon="7.3727950">
    <ele>2182.0</ele>
   </trkpt>
   <trkpt lat="46.1383570" lon="7.3727980">
    <ele>2182.0</ele>
   </trkpt>
   <trkpt lat="46.1383210" lon="7.3728090">
    <ele>2181.0</ele>
   </trkpt>
   <trkpt lat="46.1383090" lon="7.3728140">
    <ele>2181.0</ele>
   </trkpt>
   <trkpt lat="46.1382980" lon="7.3728190">
    <ele>2180.0</ele>
   </trkpt>
   <trkpt lat="46.1382870" lon="7.3728240">
    <ele>2180.0</ele>
   </trkpt>
   <trkpt lat="46.1382520" lon="7.3728410">
    <ele>2180.0</ele>
   </trkpt>
   <trkpt lat="46.1382380" lon="7.3728430">
    <ele>2180.0</ele>
   </trkpt>
   <trkpt lat="46.1382230" lon="7.3728440">
    <ele>2180.0</ele>
   </trkpt>
   <trkpt lat="46.1382090" lon="7.3728450">
    <ele>2181.0</ele>
   </trkpt>
   <trkpt lat="46.1381610" lon="7.3728360">
    <ele>2181.0</ele>
   </trkpt>
   <trkpt lat="46.1381440" lon="7.3728270">
    <ele>2181.0</ele>
   </trkpt>
   <trkpt lat="46.1381270" lon="7.3728190">
    <ele>2181.0</ele>
   </trkpt>
   <trkpt lat="46.1381100" lon="7.3728100">
    <ele>2181.0</ele>
   </trkpt>
   <trkpt lat="46.1380550" lon="7.3727860">
    <ele>2181.0</ele>
   </trkpt>
   <trkpt lat="46.1380360" lon="7.3727770">
    <ele>2181.0</ele>
   </trkpt>
   <trkpt lat="46.1380170" lon="7.3727690">
    <ele>2181.0</ele>
   </trkpt>
   <trkpt lat="46.1379990" lon="7.3727610">
    <ele>2182.0</ele>
   </trkpt>
   <trkpt lat="46.1379380" lon="7.3727380">
    <ele>2182.0</ele>
   </trkpt>
   <trkpt lat="46.1379190" lon="7.3727280">
    <ele>2182.0</ele>
   </trkpt>
   <trkpt lat="46.1379000" lon="7.3727180">
    <ele>2182.0</ele>
   </trkpt>
   <trkpt lat="46.1378800" lon="7.3727080">
    <ele>2182.0</ele>
   </trkpt>
   <trkpt lat="46.1378260" lon="7.3726660">
    <ele>2182.0</ele>
   </trkpt>
   <trkpt lat="46.1378080" lon="7.3726530">
    <ele>2182.0</ele>
   </trkpt>
   <trkpt lat="46.1377910" lon="7.3726410">
    <ele>2182.0</ele>
   </trkpt>
   <trkpt lat="46.1377740" lon="7.3726280">
    <ele>2182.0</ele>
   </trkpt>
   <trkpt lat="46.1377180" lon="7.3725980">
    <ele>2182.0</ele>
   </trkpt>
   <trkpt lat="46.1377000" lon="7.3725870">
    <ele>2182.0</ele>
   </trkpt>
   <trkpt lat="46.1376810" lon="7.3725770">
    <ele>2182.0</ele>
   </trkpt>
   <trkpt lat="46.1376620" lon="7.3725660">
    <ele>2182.0</ele>
   </trkpt>
   <trkpt lat="46.1376000" lon="7.3725490">
    <ele>2181.0</ele>
   </trkpt>
   <trkpt lat="46.1375770" lon="7.3725460">
    <ele>2181.0</ele>
   </trkpt>
   <trkpt lat="46.1375550" lon="7.3725440">
    <ele>2181.0</ele>
   </trkpt>
   <trkpt lat="46.1375320" lon="7.3725420">
    <ele>2181.0</ele>
   </trkpt>
   <trkpt lat="46.1374690" lon="7.3725470">
    <ele>2180.0</ele>
   </trkpt>
   <trkpt lat="46.1374500" lon="7.3725510">
    <ele>2180.0</ele>
   </trkpt>
   <trkpt lat="46.1374300" lon="7.3725540">
    <ele>2180.0</ele>
   </trkpt>
   <trkpt lat="46.1374110" lon="7.3725580">
    <ele>2180.0</ele>
   </trkpt>
   <trkpt lat="46.1373550" lon="7.3725640">
    <ele>2180.0</ele>
   </trkpt>
   <trkpt lat="46.1373370" lon="7.3725600">
    <ele>2180.0</ele>
   </trkpt>
   <trkpt lat="46.1373180" lon="7.3725570">
    <ele>2180.0</ele>
   </trkpt>
   <trkpt lat="46.1373000" lon="7.3725530">
    <ele>2180.0</ele>
   </trkpt>
   <trkpt lat="46.1372450" lon="7.3725230">
    <ele>2180.0</ele>
   </trkpt>
   <trkpt lat="46.1372280" lon="7.3725130">
    <ele>2180.0</ele>
   </trkpt>
   <trkpt lat="46.1372110" lon="7.3725020">
    <ele>2180.0</ele>
   </trkpt>
   <trkpt lat="46.1371930" lon="7.3724910">
    <ele>2180.0</ele>
   </trkpt>
   <trkpt lat="46.1371440" lon="7.3724520">
    <ele>2180.0</ele>
   </trkpt>
   <trkpt lat="46.1371280" lon="7.3724380">
    <ele>2180.0</ele>
   </trkpt>
   <trkpt lat="46.1371120" lon="7.3724230">
    <ele>2180.0</ele>
   </trkpt>
   <trkpt lat="46.1370950" lon="7.3724090">
    <ele>2181.0</ele>
   </trkpt>
   <trkpt lat="46.1370520" lon="7.3723550">
    <ele>2181.0</ele>
   </trkpt>
   <trkpt lat="46.1370370" lon="7.3723370">
    <ele>2181.0</ele>
   </trkpt>
   <trkpt lat="46.1370210" lon="7.3723200">
    <ele>2181.0</ele>
   </trkpt>
   <trkpt lat="46.1370060" lon="7.3723020">
    <ele>2181.0</ele>
   </trkpt>
   <trkpt lat="46.1369490" lon="7.3722670">
    <ele>2180.0</ele>
   </trkpt>
   <trkpt lat="46.1369280" lon="7.3722560">
    <ele>2180.0</ele>
   </trkpt>
   <trkpt lat="46.1369080" lon="7.3722460">
    <ele>2180.0</ele>
   </trkpt>
   <trkpt lat="46.1368870" lon="7.3722350">
    <ele>2180.0</ele>
   </trkpt>
   <trkpt lat="46.1368300" lon="7.3721970">
    <ele>2180.0</ele>
   </trkpt>
   <trkpt lat="46.1368130" lon="7.3721800">
    <ele>2180.0</ele>
   </trkpt>
   <trkpt lat="46.1367960" lon="7.3721640">
    <ele>2180.0</ele>
   </trkpt>
   <trkpt lat="46.1367790" lon="7.3721470">
    <ele>2180.0</ele>
   </trkpt>
   <trkpt lat="46.1367250" lon="7.3720920">
    <ele>2180.0</ele>
   </trkpt>
   <trkpt lat="46.1367070" lon="7.3720740">
    <ele>2180.0</ele>
   </trkpt>
   <trkpt lat="46.1366890" lon="7.3720570">
    <ele>2180.0</ele>
   </trkpt>
   <trkpt lat="46.1366710" lon="7.3720390">
    <ele>2180.0</ele>
   </trkpt>
   <trkpt lat="46.1366170" lon="7.3719890">
    <ele>2179.0</ele>
   </trkpt>
   <trkpt lat="46.1366000" lon="7.3719730">
    <ele>2179.0</ele>
   </trkpt>
   <trkpt lat="46.1365830" lon="7.3719570">
    <ele>2179.0</ele>
   </trkpt>
   <trkpt lat="46.1365650" lon="7.3719400">
    <ele>2179.0</ele>
   </trkpt>
   <trkpt lat="46.1365240" lon="7.3718850">
    <ele>2179.0</ele>
   </trkpt>
   <trkpt lat="46.1365150" lon="7.3718640">
    <ele>2179.0</ele>
   </trkpt>
   <trkpt lat="46.1365070" lon="7.3718430">
    <ele>2179.0</ele>
   </trkpt>
   <trkpt lat="46.1364990" lon="7.3718220">
    <ele>2179.0</ele>
   </trkpt>
   <trkpt lat="46.1364750" lon="7.3717630">
    <ele>2178.0</ele>
   </trkpt>
   <trkpt lat="46.1364660" lon="7.3717440">
    <ele>2178.0</ele>
   </trkpt>
   <trkpt lat="46.1364560" lon="7.3717250">
    <ele>2178.0</ele>
   </trkpt>
   <trkpt lat="46.1364460" lon="7.3717060">
    <ele>2178.0</ele>
   </trkpt>
   <trkpt lat="46.1364110" lon="7.3716580">
    <ele>2178.0</ele>
   </trkpt>
   <trkpt lat="46.1363870" lon="7.3716400">
    <ele>2178.0</ele>
   </trkpt>
   <trkpt lat="46.1363670" lon="7.3716250">
    <ele>2178.0</ele>
   </trkpt>
   <trkpt lat="46.1363460" lon="7.3716090">
    <ele>2179.0</ele>
   </trkpt>
   <trkpt lat="46.1363180" lon="7.3715880">
    <ele>2179.0</ele>
   </trkpt>
   <trkpt lat="46.1362990" lon="7.3715830">
    <ele>2179.0</ele>
   </trkpt>
   <trkpt lat="46.1362810" lon="7.3715780">
    <ele>2179.0</ele>
   </trkpt>
   <trkpt lat="46.1362630" lon="7.3715730">
    <ele>2179.0</ele>
   </trkpt>
   <trkpt lat="46.1362150" lon="7.3715730">
    <ele>2179.0</ele>
   </trkpt>
   <trkpt lat="46.1361910" lon="7.3715770">
    <ele>2179.0</ele>
   </trkpt>
   <trkpt lat="46.1361720" lon="7.3715800">
    <ele>2179.0</ele>
   </trkpt>
   <trkpt lat="46.1361530" lon="7.3715830">
    <ele>2180.0</ele>
   </trkpt>
   <trkpt lat="46.1361190" lon="7.3715880">
    <ele>2180.0</ele>
   </trkpt>
   <trkpt lat="46.1361000" lon="7.3715860">
    <ele>2180.0</ele>
   </trkpt>
   <trkpt lat="46.1360810" lon="7.3715850">
    <ele>2180.0</ele>
   </trkpt>
   <trkpt lat="46.1360620" lon="7.3715830">
    <ele>2180.0</ele>
   </trkpt>
   <trkpt lat="46.1360050" lon="7.3715610">
    <ele>2180.0</ele>
   </trkpt>
   <trkpt lat="46.1359870" lon="7.3715460">
    <ele>2180.0</ele>
   </trkpt>
   <trkpt lat="46.1359700" lon="7.3715310">
    <ele>2180.0</ele>
   </trkpt>
   <trkpt lat="46.1359520" lon="7.3715150">
    <ele>2180.0</ele>
   </trkpt>
   <trkpt lat="46.1359090" lon="7.3714770">
    <ele>2180.0</ele>
   </trkpt>
   <trkpt lat="46.1358920" lon="7.3714680">
    <ele>2180.0</ele>
   </trkpt>
   <trkpt lat="46.1358700" lon="7.3714560">
    <ele>2180.0</ele>
   </trkpt>
   <trkpt lat="46.1358480" lon="7.3714440">
    <ele>2180.0</ele>
   </trkpt>
   <trkpt lat="46.1358180" lon="7.3714280">
    <ele>2180.0</ele>
   </trkpt>
   <trkpt lat="46.1358010" lon="7.3714150">
    <ele>2180.0</ele>
   </trkpt>
   <trkpt lat="46.1357850" lon="7.3714010">
    <ele>2180.0</ele>
   </trkpt>
   <trkpt lat="46.1357680" lon="7.3713880">
    <ele>2180.0</ele>
   </trkpt>
   <trkpt lat="46.1357170" lon="7.3713440">
    <ele>2179.0</ele>
   </trkpt>
   <trkpt lat="46.1357000" lon="7.3713320">
    <ele>2179.0</ele>
   </trkpt>
   <trkpt lat="46.1356830" lon="7.3713200">
    <ele>2179.0</ele>
   </trkpt>
   <trkpt lat="46.1356660" lon="7.3713080">
    <ele>2179.0</ele>
   </trkpt>
   <trkpt lat="46.1356150" lon="7.3712720">
    <ele>2178.0</ele>
   </trkpt>
   <trkpt lat="46.1355970" lon="7.3712620">
    <ele>2178.0</ele>
   </trkpt>
   <trkpt lat="46.1355790" lon="7.3712520">
    <ele>2178.0</ele>
   </trkpt>
   <trkpt lat="46.1355610" lon="7.3712430">
    <ele>2178.0</ele>
   </trkpt>
   <trkpt lat="46.1355050" lon="7.3712230">
    <ele>2177.0</ele>
   </trkpt>
   <trkpt lat="46.1354870" lon="7.3712180">
    <ele>2177.0</ele>
   </trkpt>
   <trkpt lat="46.1354700" lon="7.3712120">
    <ele>2177.0</ele>
   </trkpt>
   <trkpt lat="46.1354520" lon="7.3712070">
    <ele>2177.0</ele>
   </trkpt>
   <trkpt lat="46.1354020" lon="7.3711840">
    <ele>2177.0</ele>
   </trkpt>
   <trkpt lat="46.1353850" lon="7.3711720">
    <ele>2177.0</ele>
   </trkpt>
   <trkpt lat="46.1353680" lon="7.3711600">
    <ele>2177.0</ele>
   </trkpt>
   <trkpt lat="46.1353510" lon="7.3711480">
    <ele>2177.0</ele>
   </trkpt>
   <trkpt lat="46.1352950" lon="7.3711190">
    <ele>2177.0</ele>
   </trkpt>
   <trkpt lat="46.1352760" lon="7.3711160">
    <ele>2177.0</ele>
   </trkpt>
   <trkpt lat="46.1352560" lon="7.3711130">
    <ele>2177.0</ele>
   </trkpt>
   <trkpt lat="46.1352380" lon="7.3711100">
    <ele>2177.0</ele>
   </trkpt>
   <trkpt lat="46.1351830" lon="7.3711120">
    <ele>2177.0</ele>
   </trkpt>
   <trkpt lat="46.1351670" lon="7.3711080">
    <ele>2177.0</ele>
   </trkpt>
   <trkpt lat="46.1351510" lon="7.3711040">
    <ele>2177.0</ele>
   </trkpt>
   <trkpt lat="46.1351350" lon="7.3711000">
    <ele>2177.0</ele>
   </trkpt>
   <trkpt lat="46.1350950" lon="7.3710690">
    <ele>2177.0</ele>
   </trkpt>
   <trkpt lat="46.1350820" lon="7.3710550">
    <ele>2177.0</ele>
   </trkpt>
   <trkpt lat="46.1350700" lon="7.3710420">
    <ele>2177.0</ele>
   </trkpt>
   <trkpt lat="46.1350570" lon="7.3710280">
    <ele>2177.0</ele>
   </trkpt>
   <trkpt lat="46.1350200" lon="7.3709860">
    <ele>2177.0</ele>
   </trkpt>
   <trkpt lat="46.1350080" lon="7.3709750">
    <ele>2177.0</ele>
   </trkpt>
   <trkpt lat="46.1349960" lon="7.3709630">
    <ele>2177.0</ele>
   </trkpt>
   <trkpt lat="46.1349840" lon="7.3709510">
    <ele>2177.0</ele>
   </trkpt>
   <trkpt lat="46.1349460" lon="7.3709300">
    <ele>2177.0</ele>
   </trkpt>
   <trkpt lat="46.1349330" lon="7.3709300">
    <ele>2177.0</ele>
   </trkpt>
   <trkpt lat="46.1349190" lon="7.3709310">
    <ele>2177.0</ele>
   </trkpt>
   <trkpt lat="46.1349060" lon="7.3709320">
    <ele>2177.0</ele>
   </trkpt>
   <trkpt lat="46.1348660" lon="7.3709510">
    <ele>2177.0</ele>
   </trkpt>
   <trkpt lat="46.1348510" lon="7.3709580">
    <ele>2177.0</ele>
   </trkpt>
   <trkpt lat="46.1348370" lon="7.3709650">
    <ele>2177.0</ele>
   </trkpt>
   <trkpt lat="46.1348220" lon="7.3709720">
    <ele>2178.0</ele>
   </trkpt>
   <trkpt lat="46.1347770" lon="7.3709920">
    <ele>2178.0</ele>
   </trkpt>
   <trkpt lat="46.1347630" lon="7.3710020">
    <ele>2178.0</ele>
   </trkpt>
   <trkpt lat="46.1347490" lon="7.3710120">
    <ele>2178.0</ele>
   </trkpt>
   <trkpt lat="46.1347350" lon="7.3710220">
    <ele>2179.0</ele>
   </trkpt>
   <trkpt lat="46.1346940" lon="7.3710600">
    <ele>2179.0</ele>
   </trkpt>
   <trkpt lat="46.1346790" lon="7.3710730">
    <ele>2179.0</ele>
   </trkpt>
   <trkpt lat="46.1346640" lon="7.3710860">
    <ele>2179.0</ele>
   </trkpt>
   <trkpt lat="46.1346490" lon="7.3711000">
    <ele>2180.0</ele>
   </trkpt>
   <trkpt lat="46.1346060" lon="7.3711400">
    <ele>2180.0</ele>
   </trkpt>
   <trkpt lat="46.1345940" lon="7.3711530">
    <ele>2180.0</ele>
   </trkpt>
   <trkpt lat="46.1345810" lon="7.3711670">
    <ele>2180.0</ele>
   </trkpt>
   <trkpt lat="46.1345690" lon="7.3711810">
    <ele>2180.0</ele>
   </trkpt>
   <trkpt lat="46.1345300" lon="7.3712230">
    <ele>2180.0</ele>
   </trkpt>
   <trkpt lat="46.1345060" lon="7.3712410">
    <ele>2180.0</ele>
   </trkpt>
   <trkpt lat="46.1344830" lon="7.3712580">
    <ele>2180.0</ele>
   </trkpt>
   <trkpt lat="46.1344590" lon="7.3712750">
    <ele>2181.0</ele>
   </trkpt>
   <trkpt lat="46.1344350" lon="7.3712930">
    <ele>2181.0</ele>
   </trkpt>
   <trkpt lat="46.1344180" lon="7.3713020">
    <ele>2181.0</ele>
   </trkpt>
   <trkpt lat="46.1344010" lon="7.3713110">
    <ele>2181.0</ele>
   </trkpt>
   <trkpt lat="46.1343840" lon="7.3713200">
    <ele>2181.0</ele>
   </trkpt>
   <trkpt lat="46.1343360" lon="7.3713500">
    <ele>2181.0</ele>
   </trkpt>
   <trkpt lat="46.1343200" lon="7.3713620">
    <ele>2181.0</ele>
   </trkpt>
   <trkpt lat="46.1343050" lon="7.3713740">
    <ele>2181.0</ele>
   </trkpt>
   <trkpt lat="46.1342890" lon="7.3713860">
    <ele>2181.0</ele>
   </trkpt>
   <trkpt lat="46.1342400" lon="7.3714270">
    <ele>2181.0</ele>
   </trkpt>
   <trkpt lat="46.1342230" lon="7.3714410">
    <ele>2181.0</ele>
   </trkpt>
   <trkpt lat="46.1342070" lon="7.3714550">
    <ele>2181.0</ele>
   </trkpt>
   <trkpt lat="46.1341910" lon="7.3714690">
    <ele>2181.0</ele>
   </trkpt>
   <trkpt lat="46.1341430" lon="7.3715180">
    <ele>2181.0</ele>
   </trkpt>
   <trkpt lat="46.1341280" lon="7.3715350">
    <ele>2181.0</ele>
   </trkpt>
   <trkpt lat="46.1341130" lon="7.3715530">
    <ele>2181.0</ele>
   </trkpt>
   <trkpt lat="46.1340980" lon="7.3715710">
    <ele>2181.0</ele>
   </trkpt>
   <trkpt lat="46.1340520" lon="7.3716250">
    <ele>2181.0</ele>
   </trkpt>
   <trkpt lat="46.1340360" lon="7.3716410">
    <ele>2181.0</ele>
   </trkpt>
   <trkpt lat="46.1340190" lon="7.3716570">
    <ele>2181.0</ele>
   </trkpt>
   <trkpt lat="46.1340020" lon="7.3716740">
    <ele>2181.0</ele>
   </trkpt>
   <trkpt lat="46.1339500" lon="7.3717040">
    <ele>2181.0</ele>
   </trkpt>
   <trkpt lat="46.1339310" lon="7.3717100">
    <ele>2181.0</ele>
   </trkpt>
   <trkpt lat="46.1339110" lon="7.3717160">
    <ele>2181.0</ele>
   </trkpt>
   <trkpt lat="46.1338920" lon="7.3717230">
    <ele>2181.0</ele>
   </trkpt>
   <trkpt lat="46.1338350" lon="7.3717450">
    <ele>2180.0</ele>
   </trkpt>
   <trkpt lat="46.1338170" lon="7.3717510">
    <ele>2180.0</ele>
   </trkpt>
   <trkpt lat="46.1337990" lon="7.3717570">
    <ele>2180.0</ele>
   </trkpt>
   <trkpt lat="46.1337800" lon="7.3717630">
    <ele>2180.0</ele>
   </trkpt>
   <trkpt lat="46.1337230" lon="7.3717640">
    <ele>2179.0</ele>
   </trkpt>
   <trkpt lat="46.1337060" lon="7.3717720">
    <ele>2179.0</ele>
   </trkpt>
   <trkpt lat="46.1336880" lon="7.3717800">
    <ele>2178.0</ele>
   </trkpt>
   <trkpt lat="46.1336710" lon="7.3717890">
    <ele>2178.0</ele>
   </trkpt>
   <trkpt lat="46.1336260" lon="7.3718340">
    <ele>2177.0</ele>
   </trkpt>
   <trkpt lat="46.1336110" lon="7.3718500">
    <ele>2177.0</ele>
   </trkpt>
   <trkpt lat="46.1335970" lon="7.3718650">
    <ele>2177.0</ele>
   </trkpt>
   <trkpt lat="46.1335820" lon="7.3718800">
    <ele>2177.0</ele>
   </trkpt>
   <trkpt lat="46.1335350" lon="7.3719170">
    <ele>2177.0</ele>
   </trkpt>
   <trkpt lat="46.1335180" lon="7.3719260">
    <ele>2177.0</ele>
   </trkpt>
   <trkpt lat="46.1335000" lon="7.3719340">
    <ele>2177.0</ele>
   </trkpt>
   <trkpt lat="46.1334830" lon="7.3719430">
    <ele>2177.0</ele>
   </trkpt>
   <trkpt lat="46.1334280" lon="7.3719630">
    <ele>2177.0</ele>
   </trkpt>
   <trkpt lat="46.1334090" lon="7.3719680">
    <ele>2177.0</ele>
   </trkpt>
   <trkpt lat="46.1333910" lon="7.3719740">
    <ele>2177.0</ele>
   </trkpt>
   <trkpt lat="46.1333720" lon="7.3719800">
    <ele>2177.0</ele>
   </trkpt>
   <trkpt lat="46.1333130" lon="7.3719890">
    <ele>2176.0</ele>
   </trkpt>
   <trkpt lat="46.1332920" lon="7.3719910">
    <ele>2176.0</ele>
   </trkpt>
   <trkpt lat="46.1332700" lon="7.3719930">
    <ele>2176.0</ele>
   </trkpt>
   <trkpt lat="46.1332490" lon="7.3719950">
    <ele>2176.0</ele>
   </trkpt>
   <trkpt lat="46.1331850" lon="7.3720010">
    <ele>2175.0</ele>
   </trkpt>
   <trkpt lat="46.1331660" lon="7.3720050">
    <ele>2175.0</ele>
   </trkpt>
   <trkpt lat="46.1331470" lon="7.3720090">
    <ele>2175.0</ele>
   </trkpt>
   <trkpt lat="46.1331290" lon="7.3720130">
    <ele>2175.0</ele>
   </trkpt>
   <trkpt lat="46.1330770" lon="7.3720260">
    <ele>2175.0</ele>
   </trkpt>
   <trkpt lat="46.1330600" lon="7.3720300">
    <ele>2175.0</ele>
   </trkpt>
   <trkpt lat="46.1330430" lon="7.3720350">
    <ele>2175.0</ele>
   </trkpt>
   <trkpt lat="46.1330260" lon="7.3720400">
    <ele>2175.0</ele>
   </trkpt>
   <trkpt lat="46.1329750" lon="7.3720570">
    <ele>2175.0</ele>
   </trkpt>
   <trkpt lat="46.1329580" lon="7.3720630">
    <ele>2175.0</ele>
   </trkpt>
   <trkpt lat="46.1329420" lon="7.3720680">
    <ele>2175.0</ele>
   </trkpt>
   <trkpt lat="46.1329250" lon="7.3720740">
    <ele>2175.0</ele>
   </trkpt>
   <trkpt lat="46.1328740" lon="7.3720850">
    <ele>2175.0</ele>
   </trkpt>
   <trkpt lat="46.1328560" lon="7.3720830">
    <ele>2175.0</ele>
   </trkpt>
   <trkpt lat="46.1328380" lon="7.3720820">
    <ele>2175.0</ele>
   </trkpt>
   <trkpt lat="46.1327970" lon="7.3720830">
    <ele>2176.0</ele>
   </trkpt>
   <trkpt lat="46.1327680" lon="7.3720830">
    <ele>2176.0</ele>
   </trkpt>
   <trkpt lat="46.1327470" lon="7.3720960">
    <ele>2176.0</ele>
   </trkpt>
   <trkpt lat="46.1327220" lon="7.3721110">
    <ele>2176.0</ele>
   </trkpt>
   <trkpt lat="46.1326960" lon="7.3721260">
    <ele>2176.0</ele>
   </trkpt>
   <trkpt lat="46.1326710" lon="7.3721410">
    <ele>2176.0</ele>
   </trkpt>
   <trkpt lat="46.1326560" lon="7.3721530">
    <ele>2176.0</ele>
   </trkpt>
   <trkpt lat="46.1326410" lon="7.3721660">
    <ele>2176.0</ele>
   </trkpt>
   <trkpt lat="46.1326260" lon="7.3721780">
    <ele>2176.0</ele>
   </trkpt>
   <trkpt lat="46.1325800" lon="7.3722100">
    <ele>2176.0</ele>
   </trkpt>
   <trkpt lat="46.1325620" lon="7.3722170">
    <ele>2176.0</ele>
   </trkpt>
   <trkpt lat="46.1325440" lon="7.3722240">
    <ele>2176.0</ele>
   </trkpt>
   <trkpt lat="46.1325260" lon="7.3722320">
    <ele>2176.0</ele>
   </trkpt>
   <trkpt lat="46.1324700" lon="7.3722380">
    <ele>2176.0</ele>
   </trkpt>
   <trkpt lat="46.1324520" lon="7.3722300">
    <ele>2176.0</ele>
   </trkpt>
   <trkpt lat="46.1324350" lon="7.3722220">
    <ele>2176.0</ele>
   </trkpt>
   <trkpt lat="46.1324170" lon="7.3722140">
    <ele>2176.0</ele>
   </trkpt>
   <trkpt lat="46.1323710" lon="7.3721630">
    <ele>2176.0</ele>
   </trkpt>
   <trkpt lat="46.1323550" lon="7.3721480">
    <ele>2176.0</ele>
   </trkpt>
   <trkpt lat="46.1323390" lon="7.3721340">
    <ele>2176.0</ele>
   </trkpt>
   <trkpt lat="46.1323220" lon="7.3721190">
    <ele>2176.0</ele>
   </trkpt>
   <trkpt lat="46.1322680" lon="7.3721060">
    <ele>2175.0</ele>
   </trkpt>
   <trkpt lat="46.1322490" lon="7.3721040">
    <ele>2175.0</ele>
   </trkpt>
   <trkpt lat="46.1322300" lon="7.3721020">
    <ele>2175.0</ele>
   </trkpt>
   <trkpt lat="46.1322110" lon="7.3721000">
    <ele>2175.0</ele>
   </trkpt>
   <trkpt lat="46.1321560" lon="7.3720660">
    <ele>2174.0</ele>
   </trkpt>
   <trkpt lat="46.1321390" lon="7.3720490">
    <ele>2174.0</ele>
   </trkpt>
   <trkpt lat="46.1321220" lon="7.3720310">
    <ele>2174.0</ele>
   </trkpt>
   <trkpt lat="46.1321060" lon="7.3720130">
    <ele>2174.0</ele>
   </trkpt>
   <trkpt lat="46.1320610" lon="7.3719660">
    <ele>2173.0</ele>
   </trkpt>
   <trkpt lat="46.1320330" lon="7.3719660">
    <ele>2173.0</ele>
   </trkpt>
   <trkpt lat="46.1320150" lon="7.3719660">
    <ele>2173.0</ele>
   </trkpt>
   <trkpt lat="46.1319960" lon="7.3719660">
    <ele>2173.0</ele>
   </trkpt>
   <trkpt lat="46.1319640" lon="7.3719660">
    <ele>2173.0</ele>
   </trkpt>
   <trkpt lat="46.1319460" lon="7.3719720">
    <ele>2173.0</ele>
   </trkpt>
   <trkpt lat="46.1319280" lon="7.3719780">
    <ele>2173.0</ele>
   </trkpt>
   <trkpt lat="46.1319100" lon="7.3719840">
    <ele>2173.0</ele>
   </trkpt>
   <trkpt lat="46.1318570" lon="7.3719990">
    <ele>2173.0</ele>
   </trkpt>
   <trkpt lat="46.1318390" lon="7.3720010">
    <ele>2173.0</ele>
   </trkpt>
   <trkpt lat="46.1318210" lon="7.3720040">
    <ele>2173.0</ele>
   </trkpt>
   <trkpt lat="46.1318040" lon="7.3720060">
    <ele>2173.0</ele>
   </trkpt>
   <trkpt lat="46.1317520" lon="7.3720050">
    <ele>2173.0</ele>
   </trkpt>
   <trkpt lat="46.1317330" lon="7.3720030">
    <ele>2173.0</ele>
   </trkpt>
   <trkpt lat="46.1317140" lon="7.3720010">
    <ele>2173.0</ele>
   </trkpt>
   <trkpt lat="46.1316960" lon="7.3719990">
    <ele>2173.0</ele>
   </trkpt>
   <trkpt lat="46.1316400" lon="7.3719880">
    <ele>2173.0</ele>
   </trkpt>
   <trkpt lat="46.1316230" lon="7.3719840">
    <ele>2173.0</ele>
   </trkpt>
   <trkpt lat="46.1316050" lon="7.3719790">
    <ele>2173.0</ele>
   </trkpt>
   <trkpt lat="46.1315870" lon="7.3719750">
    <ele>2173.0</ele>
   </trkpt>
   <trkpt lat="46.1315310" lon="7.3719580">
    <ele>2172.0</ele>
   </trkpt>
   <trkpt lat="46.1315140" lon="7.3719510">
    <ele>2172.0</ele>
   </trkpt>
   <trkpt lat="46.1314960" lon="7.3719440">
    <ele>2172.0</ele>
   </trkpt>
   <trkpt lat="46.1314790" lon="7.3719370">
    <ele>2172.0</ele>
   </trkpt>
   <trkpt lat="46.1314310" lon="7.3719050">
    <ele>2172.0</ele>
   </trkpt>
   <trkpt lat="46.1314140" lon="7.3718920">
    <ele>2172.0</ele>
   </trkpt>
   <trkpt lat="46.1313970" lon="7.3718790">
    <ele>2172.0</ele>
   </trkpt>
   <trkpt lat="46.1313800" lon="7.3718660">
    <ele>2172.0</ele>
   </trkpt>
   <trkpt lat="46.1313300" lon="7.3718320">
    <ele>2172.0</ele>
   </trkpt>
   <trkpt lat="46.1313140" lon="7.3718260">
    <ele>2172.0</ele>
   </trkpt>
   <trkpt lat="46.1312990" lon="7.3718200">
    <ele>2172.0</ele>
   </trkpt>
   <trkpt lat="46.1312830" lon="7.3718140">
    <ele>2172.0</ele>
   </trkpt>
   <trkpt lat="46.1312360" lon="7.3718100">
    <ele>2172.0</ele>
   </trkpt>
   <trkpt lat="46.1312150" lon="7.3718180">
    <ele>2172.0</ele>
   </trkpt>
   <trkpt lat="46.1311890" lon="7.3718280">
    <ele>2172.0</ele>
   </trkpt>
   <trkpt lat="46.1311640" lon="7.3718370">
    <ele>2172.0</ele>
   </trkpt>
   <trkpt lat="46.1311380" lon="7.3718470">
    <ele>2172.0</ele>
   </trkpt>
   <trkpt lat="46.1311210" lon="7.3718530">
    <ele>2172.0</ele>
   </trkpt>
   <trkpt lat="46.1311050" lon="7.3718590">
    <ele>2172.0</ele>
   </trkpt>
   <trkpt lat="46.1310880" lon="7.3718650">
    <ele>2173.0</ele>
   </trkpt>
   <trkpt lat="46.1310390" lon="7.3718650">
    <ele>2173.0</ele>
   </trkpt>
   <trkpt lat="46.1310240" lon="7.3718560">
    <ele>2173.0</ele>
   </trkpt>
   <trkpt lat="46.1310100" lon="7.3718460">
    <ele>2173.0</ele>
   </trkpt>
   <trkpt lat="46.1309950" lon="7.3718370">
    <ele>2173.0</ele>
   </trkpt>
   <trkpt lat="46.1309660" lon="7.3717770">
    <ele>2173.0</ele>
   </trkpt>
   <trkpt lat="46.1309610" lon="7.3717500">
    <ele>2173.0</ele>
   </trkpt>
   <trkpt lat="46.1309560" lon="7.3717230">
    <ele>2173.0</ele>
   </trkpt>
   <trkpt lat="46.1309510" lon="7.3716950">
    <ele>2174.0</ele>
   </trkpt>
   <trkpt lat="46.1309410" lon="7.3716010">
    <ele>2174.0</ele>
   </trkpt>
   <trkpt lat="46.1309350" lon="7.3715730">
    <ele>2174.0</ele>
   </trkpt>
   <trkpt lat="46.1309300" lon="7.3715450">
    <ele>2174.0</ele>
   </trkpt>
   <trkpt lat="46.1309240" lon="7.3715160">
    <ele>2174.0</ele>
   </trkpt>
   <trkpt lat="46.1308890" lon="7.3714570">
    <ele>2173.0</ele>
   </trkpt>
   <trkpt lat="46.1308740" lon="7.3714440">
    <ele>2173.0</ele>
   </trkpt>
   <trkpt lat="46.1308590" lon="7.3714310">
    <ele>2173.0</ele>
   </trkpt>
   <trkpt lat="46.1308440" lon="7.3714180">
    <ele>2173.0</ele>
   </trkpt>
   <trkpt lat="46.1307980" lon="7.3713900">
    <ele>2173.0</ele>
   </trkpt>
   <trkpt lat="46.1307810" lon="7.3713830">
    <ele>2173.0</ele>
   </trkpt>
   <trkpt lat="46.1307650" lon="7.3713760">
    <ele>2173.0</ele>
   </trkpt>
   <trkpt lat="46.1307490" lon="7.3713690">
    <ele>2173.0</ele>
   </trkpt>
   <trkpt lat="46.1307000" lon="7.3713510">
    <ele>2173.0</ele>
   </trkpt>
   <trkpt lat="46.1306840" lon="7.3713470">
    <ele>2173.0</ele>
   </trkpt>
   <trkpt lat="46.1306690" lon="7.3713420">
    <ele>2173.0</ele>
   </trkpt>
   <trkpt lat="46.1306540" lon="7.3713370">
    <ele>2173.0</ele>
   </trkpt>
   <trkpt lat="46.1306120" lon="7.3713360">
    <ele>2173.0</ele>
   </trkpt>
   <trkpt lat="46.1305990" lon="7.3713410">
    <ele>2173.0</ele>
   </trkpt>
   <trkpt lat="46.1305870" lon="7.3713470">
    <ele>2173.0</ele>
   </trkpt>
   <trkpt lat="46.1305750" lon="7.3713520">
    <ele>2174.0</ele>
   </trkpt>
   <trkpt lat="46.1305420" lon="7.3713800">
    <ele>2174.0</ele>
   </trkpt>
   <trkpt lat="46.1305310" lon="7.3713920">
    <ele>2174.0</ele>
   </trkpt>
   <trkpt lat="46.1305200" lon="7.3714040">
    <ele>2174.0</ele>
   </trkpt>
   <trkpt lat="46.1305100" lon="7.3714160">
    <ele>2174.0</ele>
   </trkpt>
   <trkpt lat="46.1304760" lon="7.3714570">
    <ele>2174.0</ele>
   </trkpt>
   <trkpt lat="46.1304570" lon="7.3714730">
    <ele>2174.0</ele>
   </trkpt>
   <trkpt lat="46.1304340" lon="7.3714920">
    <ele>2174.0</ele>
   </trkpt>
   <trkpt lat="46.1304110" lon="7.3715120">
    <ele>2175.0</ele>
   </trkpt>
   <trkpt lat="46.1303880" lon="7.3715310">
    <ele>2175.0</ele>
   </trkpt>
   <trkpt lat="46.1303710" lon="7.3715410">
    <ele>2175.0</ele>
   </trkpt>
   <trkpt lat="46.1303540" lon="7.3715510">
    <ele>2175.0</ele>
   </trkpt>
   <trkpt lat="46.1303220" lon="7.3715740">
    <ele>2175.0</ele>
   </trkpt>
   <trkpt lat="46.1302900" lon="7.3715980">
    <ele>2175.0</ele>
   </trkpt>
   <trkpt lat="46.1302760" lon="7.3716120">
    <ele>2175.0</ele>
   </trkpt>
   <trkpt lat="46.1302620" lon="7.3716260">
    <ele>2175.0</ele>
   </trkpt>
   <trkpt lat="46.1302480" lon="7.3716400">
    <ele>2175.0</ele>
   </trkpt>
   <trkpt lat="46.1302110" lon="7.3716750">
    <ele>2175.0</ele>
   </trkpt>
   <trkpt lat="46.1301950" lon="7.3716670">
    <ele>2175.0</ele>
   </trkpt>
   <trkpt lat="46.1301780" lon="7.3716600">
    <ele>2175.0</ele>
   </trkpt>
   <trkpt lat="46.1301620" lon="7.3716520">
    <ele>2175.0</ele>
   </trkpt>
   <trkpt lat="46.1301330" lon="7.3716390">
    <ele>2175.0</ele>
   </trkpt>
   <trkpt lat="46.1301170" lon="7.3716230">
    <ele>2175.0</ele>
   </trkpt>
   <trkpt lat="46.1301010" lon="7.3716070">
    <ele>2175.0</ele>
   </trkpt>
   <trkpt lat="46.1300850" lon="7.3715910">
    <ele>2176.0</ele>
   </trkpt>
   <trkpt lat="46.1300310" lon="7.3715620">
    <ele>2175.0</ele>
   </trkpt>
   <trkpt lat="46.1300140" lon="7.3715550">
    <ele>2175.0</ele>
   </trkpt>
   <trkpt lat="46.1299970" lon="7.3715480">
    <ele>2175.0</ele>
   </trkpt>
   <trkpt lat="46.1299800" lon="7.3715410">
    <ele>2175.0</ele>
   </trkpt>
   <trkpt lat="46.1299320" lon="7.3715280">
    <ele>2175.0</ele>
   </trkpt>
   <trkpt lat="46.1299180" lon="7.3715270">
    <ele>2175.0</ele>
   </trkpt>
   <trkpt lat="46.1299040" lon="7.3715270">
    <ele>2175.0</ele>
   </trkpt>
   <trkpt lat="46.1298900" lon="7.3715270">
    <ele>2175.0</ele>
   </trkpt>
   <trkpt lat="46.1298610" lon="7.3715320">
    <ele>2175.0</ele>
   </trkpt>
   <trkpt lat="46.1298540" lon="7.3715340">
    <ele>2175.0</ele>
   </trkpt>
   <trkpt lat="46.1298470" lon="7.3715360">
    <ele>2175.0</ele>
   </trkpt>
   <trkpt lat="46.1298390" lon="7.3715380">
    <ele>2176.0</ele>
   </trkpt>
   <trkpt lat="46.1298140" lon="7.3715470">
    <ele>2176.0</ele>
   </trkpt>
   <trkpt lat="46.1298050" lon="7.3715470">
    <ele>2176.0</ele>
   </trkpt>
   <trkpt lat="46.1297960" lon="7.3715460">
    <ele>2176.0</ele>
   </trkpt>
   <trkpt lat="46.1297870" lon="7.3715460">
    <ele>2176.0</ele>
   </trkpt>
   <trkpt lat="46.1297600" lon="7.3715370">
    <ele>2176.0</ele>
   </trkpt>
   <trkpt lat="46.1297510" lon="7.3715360">
    <ele>2176.0</ele>
   </trkpt>
   <trkpt lat="46.1297430" lon="7.3715340">
    <ele>2176.0</ele>
   </trkpt>
   <trkpt lat="46.1297350" lon="7.3715320">
    <ele>2176.0</ele>
   </trkpt>
   <trkpt lat="46.1297100" lon="7.3715410">
    <ele>2176.0</ele>
   </trkpt>
   <trkpt lat="46.1297020" lon="7.3715450">
    <ele>2176.0</ele>
   </trkpt>
   <trkpt lat="46.1296930" lon="7.3715490">
    <ele>2176.0</ele>
   </trkpt>
   <trkpt lat="46.1296840" lon="7.3715530">
    <ele>2176.0</ele>
   </trkpt>
   <trkpt lat="46.1296560" lon="7.3715570">
    <ele>2176.0</ele>
   </trkpt>
   <trkpt lat="46.1296460" lon="7.3715570">
    <ele>2176.0</ele>
   </trkpt>
   <trkpt lat="46.1296360" lon="7.3715570">
    <ele>2176.0</ele>
   </trkpt>
   <trkpt lat="46.1296260" lon="7.3715580">
    <ele>2177.0</ele>
   </trkpt>
   <trkpt lat="46.1295960" lon="7.3715580">
    <ele>2177.0</ele>
   </trkpt>
   <trkpt lat="46.1295860" lon="7.3715580">
    <ele>2177.0</ele>
   </trkpt>
   <trkpt lat="46.1295760" lon="7.3715590">
    <ele>2177.0</ele>
   </trkpt>
   <trkpt lat="46.1295660" lon="7.3715590">
    <ele>2177.0</ele>
   </trkpt>
   <trkpt lat="46.1295360" lon="7.3715630">
    <ele>2177.0</ele>
   </trkpt>
   <trkpt lat="46.1295260" lon="7.3715640">
    <ele>2177.0</ele>
   </trkpt>
   <trkpt lat="46.1295160" lon="7.3715640">
    <ele>2177.0</ele>
   </trkpt>
   <trkpt lat="46.1295070" lon="7.3715640">
    <ele>2177.0</ele>
   </trkpt>
   <trkpt lat="46.1294810" lon="7.3715540">
    <ele>2177.0</ele>
   </trkpt>
   <trkpt lat="46.1294730" lon="7.3715470">
    <ele>2177.0</ele>
   </trkpt>
   <trkpt lat="46.1294650" lon="7.3715400">
    <ele>2177.0</ele>
   </trkpt>
   <trkpt lat="46.1294580" lon="7.3715320">
    <ele>2177.0</ele>
   </trkpt>
   <trkpt lat="46.1294350" lon="7.3715040">
    <ele>2177.0</ele>
   </trkpt>
   <trkpt lat="46.1294280" lon="7.3714940">
    <ele>2177.0</ele>
   </trkpt>
   <trkpt lat="46.1294200" lon="7.3714850">
    <ele>2177.0</ele>
   </trkpt>
   <trkpt lat="46.1294130" lon="7.3714750">
    <ele>2177.0</ele>
   </trkpt>
   <trkpt lat="46.1293900" lon="7.3714520">
    <ele>2177.0</ele>
   </trkpt>
   <trkpt lat="46.1293820" lon="7.3714460">
    <ele>2177.0</ele>
   </trkpt>
   <trkpt lat="46.1293740" lon="7.3714390">
    <ele>2177.0</ele>
   </trkpt>
   <trkpt lat="46.1293660" lon="7.3714330">
    <ele>2177.0</ele>
   </trkpt>
   <trkpt lat="46.1293380" lon="7.3714210">
    <ele>2177.0</ele>
   </trkpt>
   <trkpt lat="46.1293280" lon="7.3714180">
    <ele>2177.0</ele>
   </trkpt>
   <trkpt lat="46.1293180" lon="7.3714140">
    <ele>2177.0</ele>
   </trkpt>
   <trkpt lat="46.1293090" lon="7.3714100">
    <ele>2177.0</ele>
   </trkpt>
   <trkpt lat="46.1292790" lon="7.3713930">
    <ele>2177.0</ele>
   </trkpt>
   <trkpt lat="46.1292670" lon="7.3713870">
    <ele>2177.0</ele>
   </trkpt>
   <trkpt lat="46.1292560" lon="7.3713810">
    <ele>2177.0</ele>
   </trkpt>
   <trkpt lat="46.1292440" lon="7.3713750">
    <ele>2177.0</ele>
   </trkpt>
   <trkpt lat="46.1292000" lon="7.3713620">
    <ele>2177.0</ele>
   </trkpt>
   <trkpt lat="46.1291840" lon="7.3713600">
    <ele>2177.0</ele>
   </trkpt>
   <trkpt lat="46.1291680" lon="7.3713580">
    <ele>2177.0</ele>
   </trkpt>
   <trkpt lat="46.1291520" lon="7.3713560">
    <ele>2177.0</ele>
   </trkpt>
   <trkpt lat="46.1291010" lon="7.3713600">
    <ele>2177.0</ele>
   </trkpt>
   <trkpt lat="46.1290850" lon="7.3713650">
    <ele>2177.0</ele>
   </trkpt>
   <trkpt lat="46.1290690" lon="7.3713710">
    <ele>2177.0</ele>
   </trkpt>
   <trkpt lat="46.1290530" lon="7.3713760">
    <ele>2177.0</ele>
   </trkpt>
   <trkpt lat="46.1290070" lon="7.3714040">
    <ele>2177.0</ele>
   </trkpt>
   <trkpt lat="46.1289930" lon="7.3714170">
    <ele>2177.0</ele>
   </trkpt>
   <trkpt lat="46.1289790" lon="7.3714310">
    <ele>2177.0</ele>
   </trkpt>
   <trkpt lat="46.1289650" lon="7.3714440">
    <ele>2177.0</ele>
   </trkpt>
   <trkpt lat="46.1289260" lon="7.3714880">
    <ele>2177.0</ele>
   </trkpt>
   <trkpt lat="46.1289120" lon="7.3715010">
    <ele>2177.0</ele>
   </trkpt>
   <trkpt lat="46.1288980" lon="7.3715130">
    <ele>2177.0</ele>
   </trkpt>
   <trkpt lat="46.1288840" lon="7.3715260">
    <ele>2177.0</ele>
   </trkpt>
   <trkpt lat="46.1288370" lon="7.3715550">
    <ele>2177.0</ele>
   </trkpt>
   <trkpt lat="46.1288210" lon="7.3715640">
    <ele>2177.0</ele>
   </trkpt>
   <trkpt lat="46.1288050" lon="7.3715730">
    <ele>2177.0</ele>
   </trkpt>
   <trkpt lat="46.1287890" lon="7.3715830">
    <ele>2177.0</ele>
   </trkpt>
   <trkpt lat="46.1287420" lon="7.3716090">
    <ele>2177.0</ele>
   </trkpt>
   <trkpt lat="46.1287280" lon="7.3716190">
    <ele>2177.0</ele>
   </trkpt>
   <trkpt lat="46.1287140" lon="7.3716290">
    <ele>2177.0</ele>
   </trkpt>
   <trkpt lat="46.1287000" lon="7.3716390">
    <ele>2177.0</ele>
   </trkpt>
   <trkpt lat="46.1286610" lon="7.3716790">
    <ele>2177.0</ele>
   </trkpt>
   <trkpt lat="46.1286480" lon="7.3716940">
    <ele>2177.0</ele>
   </trkpt>
   <trkpt lat="46.1286360" lon="7.3717090">
    <ele>2177.0</ele>
   </trkpt>
   <trkpt lat="46.1286230" lon="7.3717250">
    <ele>2177.0</ele>
   </trkpt>
   <trkpt lat="46.1285840" lon="7.3717690">
    <ele>2177.0</ele>
   </trkpt>
   <trkpt lat="46.1285700" lon="7.3717810">
    <ele>2177.0</ele>
   </trkpt>
   <trkpt lat="46.1285560" lon="7.3717930">
    <ele>2177.0</ele>
   </trkpt>
   <trkpt lat="46.1285420" lon="7.3718050">
    <ele>2177.0</ele>
   </trkpt>
   <trkpt lat="46.1284960" lon="7.3718120">
    <ele>2177.0</ele>
   </trkpt>
   <trkpt lat="46.1284810" lon="7.3718100">
    <ele>2177.0</ele>
   </trkpt>
   <trkpt lat="46.1284660" lon="7.3718090">
    <ele>2177.0</ele>
   </trkpt>
   <trkpt lat="46.1284510" lon="7.3718070">
    <ele>2177.0</ele>
   </trkpt>
   <trkpt lat="46.1284040" lon="7.3717940">
    <ele>2177.0</ele>
   </trkpt>
   <trkpt lat="46.1283870" lon="7.3717900">
    <ele>2177.0</ele>
   </trkpt>
   <trkpt lat="46.1283710" lon="7.3717850">
    <ele>2177.0</ele>
   </trkpt>
   <trkpt lat="46.1283550" lon="7.3717800">
    <ele>2177.0</ele>
   </trkpt>
   <trkpt lat="46.1283040" lon="7.3717820">
    <ele>2176.0</ele>
   </trkpt>
   <trkpt lat="46.1282890" lon="7.3717870">
    <ele>2176.0</ele>
   </trkpt>
   <trkpt lat="46.1282750" lon="7.3717920">
    <ele>2176.0</ele>
   </trkpt>
   <trkpt lat="46.1282610" lon="7.3717970">
    <ele>2176.0</ele>
   </trkpt>
   <trkpt lat="46.1282210" lon="7.3718130">
    <ele>2175.0</ele>
   </trkpt>
   <trkpt lat="46.1282040" lon="7.3718160">
    <ele>2175.0</ele>
   </trkpt>
   <trkpt lat="46.1281730" lon="7.3718220">
    <ele>2174.0</ele>
   </trkpt>
   <trkpt lat="46.1281430" lon="7.3718280">
    <ele>2174.0</ele>
   </trkpt>
   <trkpt lat="46.1281120" lon="7.3718340">
    <ele>2173.0</ele>
   </trkpt>
   <trkpt lat="46.1280930" lon="7.3718390">
    <ele>2173.0</ele>
   </trkpt>
   <trkpt lat="46.1280750" lon="7.3718440">
    <ele>2173.0</ele>
   </trkpt>
   <trkpt lat="46.1280570" lon="7.3718490">
    <ele>2173.0</ele>
   </trkpt>
   <trkpt lat="46.1280100" lon="7.3718530">
    <ele>2173.0</ele>
   </trkpt>
   <trkpt lat="46.1279950" lon="7.3718460">
    <ele>2173.0</ele>
   </trkpt>
   <trkpt lat="46.1279810" lon="7.3718400">
    <ele>2173.0</ele>
   </trkpt>
   <trkpt lat="46.1279660" lon="7.3718340">
    <ele>2173.0</ele>
   </trkpt>
   <trkpt lat="46.1279240" lon="7.3717950">
    <ele>2173.0</ele>
   </trkpt>
   <trkpt lat="46.1279130" lon="7.3717770">
    <ele>2173.0</ele>
   </trkpt>
   <trkpt lat="46.1279030" lon="7.3717590">
    <ele>2173.0</ele>
   </trkpt>
   <trkpt lat="46.1278920" lon="7.3717410">
    <ele>2174.0</ele>
   </trkpt>
   <trkpt lat="46.1278710" lon="7.3716760">
    <ele>2174.0</ele>
   </trkpt>
   <trkpt lat="46.1278670" lon="7.3716510">
    <ele>2174.0</ele>
   </trkpt>
   <trkpt lat="46.1278620" lon="7.3716270">
    <ele>2174.0</ele>
   </trkpt>
   <trkpt lat="46.1278580" lon="7.3716020">
    <ele>2175.0</ele>
   </trkpt>
   <trkpt lat="46.1278480" lon="7.3715480">
    <ele>2175.0</ele>
   </trkpt>
   <trkpt lat="46.1278440" lon="7.3715370">
    <ele>2175.0</ele>
   </trkpt>
   <trkpt lat="46.1278400" lon="7.3715260">
    <ele>2175.0</ele>
   </trkpt>
   <trkpt lat="46.1278360" lon="7.3715150">
    <ele>2175.0</ele>
   </trkpt>
   <trkpt lat="46.1278200" lon="7.3714950">
    <ele>2175.0</ele>
   </trkpt>
   <trkpt lat="46.1278140" lon="7.3714900">
    <ele>2175.0</ele>
   </trkpt>
   <trkpt lat="46.1278070" lon="7.3714850">
    <ele>2175.0</ele>
   </trkpt>
   <trkpt lat="46.1278010" lon="7.3714790">
    <ele>2176.0</ele>
   </trkpt>
   <trkpt lat="46.1277770" lon="7.3714710">
    <ele>2176.0</ele>
   </trkpt>
   <trkpt lat="46.1277680" lon="7.3714720">
    <ele>2176.0</ele>
   </trkpt>
   <trkpt lat="46.1277590" lon="7.3714730">
    <ele>2176.0</ele>
   </trkpt>
   <trkpt lat="46.1277510" lon="7.3714730">
    <ele>2176.0</ele>
   </trkpt>
   <trkpt lat="46.1277240" lon="7.3714860">
    <ele>2176.0</ele>
   </trkpt>
   <trkpt lat="46.1277150" lon="7.3714920">
    <ele>2176.0</ele>
   </trkpt>
   <trkpt lat="46.1277050" lon="7.3714970">
    <ele>2176.0</ele>
   </trkpt>
   <trkpt lat="46.1276960" lon="7.3715030">
    <ele>2177.0</ele>
   </trkpt>
   <trkpt lat="46.1276680" lon="7.3715190">
    <ele>2177.0</ele>
   </trkpt>
   <trkpt lat="46.1276590" lon="7.3715250">
    <ele>2177.0</ele>
   </trkpt>
   <trkpt lat="46.1276500" lon="7.3715320">
    <ele>2177.0</ele>
   </trkpt>
   <trkpt lat="46.1276410" lon="7.3715380">
    <ele>2177.0</ele>
   </trkpt>
   <trkpt lat="46.1276170" lon="7.3715540">
    <ele>2177.0</ele>
   </trkpt>
   <trkpt lat="46.1276090" lon="7.3715580">
    <ele>2177.0</ele>
   </trkpt>
   <trkpt lat="46.1276020" lon="7.3715620">
    <ele>2177.0</ele>
   </trkpt>
   <trkpt lat="46.1275940" lon="7.3715660">
    <ele>2178.0</ele>
   </trkpt>
   <trkpt lat="46.1275710" lon="7.3715790">
    <ele>2178.0</ele>
   </trkpt>
   <trkpt lat="46.1275610" lon="7.3715850">
    <ele>2178.0</ele>
   </trkpt>
   <trkpt lat="46.1275510" lon="7.3715900">
    <ele>2178.0</ele>
   </trkpt>
   <trkpt lat="46.1275410" lon="7.3715950">
    <ele>2178.0</ele>
   </trkpt>
   <trkpt lat="46.1275000" lon="7.3716120">
    <ele>2178.0</ele>
   </trkpt>
   <trkpt lat="46.1274860" lon="7.3716190">
    <ele>2178.0</ele>
   </trkpt>
   <trkpt lat="46.1274710" lon="7.3716250">
    <ele>2178.0</ele>
   </trkpt>
   <trkpt lat="46.1274560" lon="7.3716320">
    <ele>2179.0</ele>
   </trkpt>
   <trkpt lat="46.1274180" lon="7.3716510">
    <ele>2179.0</ele>
   </trkpt>
   <trkpt lat="46.1274080" lon="7.3716580">
    <ele>2179.0</ele>
   </trkpt>
   <trkpt lat="46.1273980" lon="7.3716660">
    <ele>2179.0</ele>
   </trkpt>
   <trkpt lat="46.1273880" lon="7.3716730">
    <ele>2179.0</ele>
   </trkpt>
   <trkpt lat="46.1273650" lon="7.3717040">
    <ele>2178.0</ele>
   </trkpt>
   <trkpt lat="46.1273590" lon="7.3717160">
    <ele>2178.0</ele>
   </trkpt>
   <trkpt lat="46.1273520" lon="7.3717280">
    <ele>2178.0</ele>
   </trkpt>
   <trkpt lat="46.1273450" lon="7.3717400">
    <ele>2178.0</ele>
   </trkpt>
   <trkpt lat="46.1273240" lon="7.3717720">
    <ele>2178.0</ele>
   </trkpt>
   <trkpt lat="46.1273160" lon="7.3717810">
    <ele>2178.0</ele>
   </trkpt>
   <trkpt lat="46.1273080" lon="7.3717910">
    <ele>2178.0</ele>
   </trkpt>
   <trkpt lat="46.1273010" lon="7.3718000">
    <ele>2178.0</ele>
   </trkpt>
   <trkpt lat="46.1272750" lon="7.3718180">
    <ele>2178.0</ele>
   </trkpt>
   <trkpt lat="46.1272670" lon="7.3718220">
    <ele>2178.0</ele>
   </trkpt>
   <trkpt lat="46.1272590" lon="7.3718270">
    <ele>2178.0</ele>
   </trkpt>
   <trkpt lat="46.1272510" lon="7.3718310">
    <ele>2179.0</ele>
   </trkpt>
   <trkpt lat="46.1272300" lon="7.3718490">
    <ele>2179.0</ele>
   </trkpt>
   <trkpt lat="46.1272230" lon="7.3718580">
    <ele>2179.0</ele>
   </trkpt>
   <trkpt lat="46.1272150" lon="7.3718680">
    <ele>2179.0</ele>
   </trkpt>
   <trkpt lat="46.1272080" lon="7.3718780">
    <ele>2179.0</ele>
   </trkpt>
   <trkpt lat="46.1271870" lon="7.3719230">
    <ele>2179.0</ele>
   </trkpt>
   <trkpt lat="46.1271780" lon="7.3719440">
    <ele>2179.0</ele>
   </trkpt>
   <trkpt lat="46.1271620" lon="7.3719810">
    <ele>2179.0</ele>
   </trkpt>
   <trkpt lat="46.1271470" lon="7.3720180">
    <ele>2179.0</ele>
   </trkpt>
   <trkpt lat="46.1271330" lon="7.3720490">
    <ele>2179.0</ele>
   </trkpt>
   <trkpt lat="46.1271220" lon="7.3720700">
    <ele>2179.0</ele>
   </trkpt>
   <trkpt lat="46.1271110" lon="7.3720920">
    <ele>2179.0</ele>
   </trkpt>
   <trkpt lat="46.1271000" lon="7.3721130">
    <ele>2179.0</ele>
   </trkpt>
   <trkpt lat="46.1270630" lon="7.3721750">
    <ele>2179.0</ele>
   </trkpt>
   <trkpt lat="46.1270500" lon="7.3721980">
    <ele>2179.0</ele>
   </trkpt>
   <trkpt lat="46.1270380" lon="7.3722200">
    <ele>2179.0</ele>
   </trkpt>
   <trkpt lat="46.1270250" lon="7.3722430">
    <ele>2179.0</ele>
   </trkpt>
   <trkpt lat="46.1269830" lon="7.3723100">
    <ele>2179.0</ele>
   </trkpt>
   <trkpt lat="46.1269660" lon="7.3723270">
    <ele>2179.0</ele>
   </trkpt>
   <trkpt lat="46.1269500" lon="7.3723430">
    <ele>2179.0</ele>
   </trkpt>
   <trkpt lat="46.1269340" lon="7.3723590">
    <ele>2179.0</ele>
   </trkpt>
   <trkpt lat="46.1268850" lon="7.3723850">
    <ele>2179.0</ele>
   </trkpt>
   <trkpt lat="46.1268620" lon="7.3723860">
    <ele>2179.0</ele>
   </trkpt>
   <trkpt lat="46.1268350" lon="7.3723880">
    <ele>2179.0</ele>
   </trkpt>
   <trkpt lat="46.1268070" lon="7.3723890">
    <ele>2179.0</ele>
   </trkpt>
   <trkpt lat="46.1267800" lon="7.3723910">
    <ele>2179.0</ele>
   </trkpt>
   <trkpt lat="46.1267610" lon="7.3723880">
    <ele>2179.0</ele>
   </trkpt>
   <trkpt lat="46.1267420" lon="7.3723850">
    <ele>2179.0</ele>
   </trkpt>
   <trkpt lat="46.1267240" lon="7.3723820">
    <ele>2180.0</ele>
   </trkpt>
   <trkpt lat="46.1266680" lon="7.3723750">
    <ele>2180.0</ele>
   </trkpt>
   <trkpt lat="46.1266490" lon="7.3723780">
    <ele>2180.0</ele>
   </trkpt>
   <trkpt lat="46.1266310" lon="7.3723800">
    <ele>2180.0</ele>
   </trkpt>
   <trkpt lat="46.1266120" lon="7.3723830">
    <ele>2180.0</ele>
   </trkpt>
   <trkpt lat="46.1265610" lon="7.3724180">
    <ele>2180.0</ele>
   </trkpt>
   <trkpt lat="46.1265470" lon="7.3724380">
    <ele>2180.0</ele>
   </trkpt>
   <trkpt lat="46.1265330" lon="7.3724580">
    <ele>2180.0</ele>
   </trkpt>
   <trkpt lat="46.1265190" lon="7.3724780">
    <ele>2181.0</ele>
   </trkpt>
   <trkpt lat="46.1264850" lon="7.3725570">
    <ele>2181.0</ele>
   </trkpt>
   <trkpt lat="46.1264760" lon="7.3725840">
    <ele>2181.0</ele>
   </trkpt>
   <trkpt lat="46.1264670" lon="7.3726120">
    <ele>2181.0</ele>
   </trkpt>
   <trkpt lat="46.1264580" lon="7.3726400">
    <ele>2181.0</ele>
   </trkpt>
   <trkpt lat="46.1264290" lon="7.3727180">
    <ele>2181.0</ele>
   </trkpt>
   <trkpt lat="46.1264160" lon="7.3727380">
    <ele>2181.0</ele>
   </trkpt>
   <trkpt lat="46.1264030" lon="7.3727590">
    <ele>2181.0</ele>
   </trkpt>
   <trkpt lat="46.1263900" lon="7.3727790">
    <ele>2181.0</ele>
   </trkpt>
   <trkpt lat="46.1263390" lon="7.3728140">
    <ele>2181.0</ele>
   </trkpt>
   <trkpt lat="46.1263200" lon="7.3728210">
    <ele>2181.0</ele>
   </trkpt>
   <trkpt lat="46.1263010" lon="7.3728270">
    <ele>2181.0</ele>
   </trkpt>
   <trkpt lat="46.1262820" lon="7.3728340">
    <ele>2181.0</ele>
   </trkpt>
   <trkpt lat="46.1262290" lon="7.3728640">
    <ele>2181.0</ele>
   </trkpt>
   <trkpt lat="46.1262170" lon="7.3728840">
    <ele>2181.0</ele>
   </trkpt>
   <trkpt lat="46.1262040" lon="7.3729050">
    <ele>2181.0</ele>
   </trkpt>
   <trkpt lat="46.1261910" lon="7.3729250">
    <ele>2182.0</ele>
   </trkpt>
   <trkpt lat="46.1261700" lon="7.3730110">
    <ele>2182.0</ele>
   </trkpt>
   <trkpt lat="46.1261680" lon="7.3730410">
    <ele>2182.0</ele>
   </trkpt>
   <trkpt lat="46.1261650" lon="7.3730720">
    <ele>2182.0</ele>
   </trkpt>
   <trkpt lat="46.1261630" lon="7.3731020">
    <ele>2182.0</ele>
   </trkpt>
   <trkpt lat="46.1261590" lon="7.3731930">
    <ele>2182.0</ele>
   </trkpt>
   <trkpt lat="46.1261570" lon="7.3732230">
    <ele>2182.0</ele>
   </trkpt>
   <trkpt lat="46.1261550" lon="7.3732540">
    <ele>2182.0</ele>
   </trkpt>
   <trkpt lat="46.1261540" lon="7.3732840">
    <ele>2182.0</ele>
   </trkpt>
   <trkpt lat="46.1261470" lon="7.3733780">
    <ele>2182.0</ele>
   </trkpt>
   <trkpt lat="46.1261450" lon="7.3734100">
    <ele>2182.0</ele>
   </trkpt>
   <trkpt lat="46.1261430" lon="7.3734420">
    <ele>2182.0</ele>
   </trkpt>
   <trkpt lat="46.1261420" lon="7.3734740">
    <ele>2182.0</ele>
   </trkpt>
   <trkpt lat="46.1261220" lon="7.3735560">
    <ele>2181.0</ele>
   </trkpt>
   <trkpt lat="46.1261060" lon="7.3735690">
    <ele>2181.0</ele>
   </trkpt>
   <trkpt lat="46.1260910" lon="7.3735820">
    <ele>2181.0</ele>
   </trkpt>
   <trkpt lat="46.1260750" lon="7.3735950">
    <ele>2181.0</ele>
   </trkpt>
   <trkpt lat="46.1260130" lon="7.3736000">
    <ele>2180.0</ele>
   </trkpt>
   <trkpt lat="46.1259930" lon="7.3735980">
    <ele>2180.0</ele>
   </trkpt>
   <trkpt lat="46.1259720" lon="7.3735970">
    <ele>2180.0</ele>
   </trkpt>
   <trkpt lat="46.1259520" lon="7.3735950">
    <ele>2180.0</ele>
   </trkpt>
   <trkpt lat="46.1258980" lon="7.3736000">
    <ele>2179.0</ele>
   </trkpt>
   <trkpt lat="46.1258980" lon="7.3736000">
    <ele>2179.0</ele>
   </trkpt>
   <trkpt lat="46.1258980" lon="7.3736000">
    <ele>2179.0</ele>
   </trkpt>
   <trkpt lat="46.1258980" lon="7.3736000">
    <ele>2179.0</ele>
   </trkpt>
   <trkpt lat="46.1258980" lon="7.3736000">
    <ele>2179.0</ele>
   </trkpt>
   <trkpt lat="46.1258980" lon="7.3736000">
    <ele>2179.0</ele>
   </trkpt>
   <trkpt lat="46.1258980" lon="7.3736000">
    <ele>2179.0</ele>
   </trkpt>
   <trkpt lat="46.1258980" lon="7.3736000">
    <ele>2179.0</ele>
   </trkpt>
   <trkpt lat="46.1258980" lon="7.3736000">
    <ele>2178.0</ele>
   </trkpt>
   <trkpt lat="46.1258980" lon="7.3736000">
    <ele>2178.0</ele>
   </trkpt>
   <trkpt lat="46.1258980" lon="7.3736000">
    <ele>2178.0</ele>
   </trkpt>
   <trkpt lat="46.1258980" lon="7.3736000">
    <ele>2178.0</ele>
   </trkpt>
   <trkpt lat="46.1258980" lon="7.3736000">
    <ele>2178.0</ele>
   </trkpt>
   <trkpt lat="46.1258980" lon="7.3736000">
    <ele>2178.0</ele>
   </trkpt>
   <trkpt lat="46.1258980" lon="7.3736000">
    <ele>2178.0</ele>
   </trkpt>
   <trkpt lat="46.1258980" lon="7.3736000">
    <ele>2178.0</ele>
   </trkpt>
   <trkpt lat="46.1258690" lon="7.3736140">
    <ele>2178.0</ele>
   </trkpt>
   <trkpt lat="46.1258540" lon="7.3736190">
    <ele>2178.0</ele>
   </trkpt>
   <trkpt lat="46.1258470" lon="7.3736210">
    <ele>2178.0</ele>
   </trkpt>
   <trkpt lat="46.1258400" lon="7.3736230">
    <ele>2178.0</ele>
   </trkpt>
   <trkpt lat="46.1258340" lon="7.3736250">
    <ele>2178.0</ele>
   </trkpt>
   <trkpt lat="46.1258060" lon="7.3736400">
    <ele>2178.0</ele>
   </trkpt>
   <trkpt lat="46.1257960" lon="7.3736480">
    <ele>2178.0</ele>
   </trkpt>
   <trkpt lat="46.1257870" lon="7.3736560">
    <ele>2178.0</ele>
   </trkpt>
   <trkpt lat="46.1257770" lon="7.3736640">
    <ele>2178.0</ele>
   </trkpt>
   <trkpt lat="46.1257510" lon="7.3736920">
    <ele>2178.0</ele>
   </trkpt>
   <trkpt lat="46.1257420" lon="7.3737020">
    <ele>2178.0</ele>
   </trkpt>
   <trkpt lat="46.1257330" lon="7.3737110">
    <ele>2178.0</ele>
   </trkpt>
   <trkpt lat="46.1257250" lon="7.3737200">
    <ele>2178.0</ele>
   </trkpt>
   <trkpt lat="46.1256990" lon="7.3737470">
    <ele>2178.0</ele>
   </trkpt>
   <trkpt lat="46.1256900" lon="7.3737570">
    <ele>2178.0</ele>
   </trkpt>
   <trkpt lat="46.1256820" lon="7.3737680">
    <ele>2178.0</ele>
   </trkpt>
   <trkpt lat="46.1256730" lon="7.3737780">
    <ele>2178.0</ele>
   </trkpt>
   <trkpt lat="46.1256450" lon="7.3738080">
    <ele>2178.0</ele>
   </trkpt>
   <trkpt lat="46.1256370" lon="7.3738170">
    <ele>2178.0</ele>
   </trkpt>
   <trkpt lat="46.1256280" lon="7.3738260">
    <ele>2179.0</ele>
   </trkpt>
   <trkpt lat="46.1256200" lon="7.3738350">
    <ele>2179.0</ele>
   </trkpt>
   <trkpt lat="46.1255930" lon="7.3738610">
    <ele>2179.0</ele>
   </trkpt>
   <trkpt lat="46.1255790" lon="7.3738760">
    <ele>2179.0</ele>
   </trkpt>
   <trkpt lat="46.1255650" lon="7.3738910">
    <ele>2179.0</ele>
   </trkpt>
   <trkpt lat="46.1255400" lon="7.3739170">
    <ele>2178.0</ele>
   </trkpt>
   <trkpt lat="46.1255150" lon="7.3739430">
    <ele>2178.0</ele>
   </trkpt>
   <trkpt lat="46.1254990" lon="7.3739620">
    <ele>2178.0</ele>
   </trkpt>
   <trkpt lat="46.1254830" lon="7.3739800">
    <ele>2178.0</ele>
   </trkpt>
   <trkpt lat="46.1254680" lon="7.3739990">
    <ele>2178.0</ele>
   </trkpt>
   <trkpt lat="46.1254260" lon="7.3740640">
    <ele>2178.0</ele>
   </trkpt>
   <trkpt lat="46.1254140" lon="7.3740890">
    <ele>2178.0</ele>
   </trkpt>
   <trkpt lat="46.1254010" lon="7.3741140">
    <ele>2178.0</ele>
   </trkpt>
   <trkpt lat="46.1253890" lon="7.3741400">
    <ele>2178.0</ele>
   </trkpt>
   <trkpt lat="46.1253540" lon="7.3742200">
    <ele>2178.0</ele>
   </trkpt>
   <trkpt lat="46.1253410" lon="7.3742450">
    <ele>2178.0</ele>
   </trkpt>
   <trkpt lat="46.1253290" lon="7.3742700">
    <ele>2178.0</ele>
   </trkpt>
   <trkpt lat="46.1253160" lon="7.3742950">
    <ele>2178.0</ele>
   </trkpt>
   <trkpt lat="46.1252760" lon="7.3743690">
    <ele>2178.0</ele>
   </trkpt>
   <trkpt lat="46.1252620" lon="7.3743950">
    <ele>2178.0</ele>
   </trkpt>
   <trkpt lat="46.1252480" lon="7.3744200">
    <ele>2178.0</ele>
   </trkpt>
   <trkpt lat="46.1252340" lon="7.3744460">
    <ele>2178.0</ele>
   </trkpt>
   <trkpt lat="46.1251900" lon="7.3745190">
    <ele>2178.0</ele>
   </trkpt>
   <trkpt lat="46.1251740" lon="7.3745400">
    <ele>2178.0</ele>
   </trkpt>
   <trkpt lat="46.1251590" lon="7.3745600">
    <ele>2178.0</ele>
   </trkpt>
   <trkpt lat="46.1251440" lon="7.3745810">
    <ele>2177.0</ele>
   </trkpt>
   <trkpt lat="46.1250920" lon="7.3746220">
    <ele>2177.0</ele>
   </trkpt>
   <trkpt lat="46.1250730" lon="7.3746290">
    <ele>2177.0</ele>
   </trkpt>
   <trkpt lat="46.1250540" lon="7.3746350">
    <ele>2177.0</ele>
   </trkpt>
   <trkpt lat="46.1250350" lon="7.3746420">
    <ele>2177.0</ele>
   </trkpt>
   <trkpt lat="46.1249700" lon="7.3746470">
    <ele>2177.0</ele>
   </trkpt>
   <trkpt lat="46.1249470" lon="7.3746430">
    <ele>2177.0</ele>
   </trkpt>
   <trkpt lat="46.1249230" lon="7.3746390">
    <ele>2177.0</ele>
   </trkpt>
   <trkpt lat="46.1249000" lon="7.3746360">
    <ele>2177.0</ele>
   </trkpt>
   <trkpt lat="46.1248350" lon="7.3746230">
    <ele>2177.0</ele>
   </trkpt>
   <trkpt lat="46.1248170" lon="7.3746200">
    <ele>2177.0</ele>
   </trkpt>
   <trkpt lat="46.1247980" lon="7.3746170">
    <ele>2177.0</ele>
   </trkpt>
   <trkpt lat="46.1247800" lon="7.3746140">
    <ele>2177.0</ele>
   </trkpt>
   <trkpt lat="46.1247260" lon="7.3746040">
    <ele>2177.0</ele>
   </trkpt>
   <trkpt lat="46.1247060" lon="7.3745990">
    <ele>2177.0</ele>
   </trkpt>
   <trkpt lat="46.1246870" lon="7.3745950">
    <ele>2177.0</ele>
   </trkpt>
   <trkpt lat="46.1246680" lon="7.3745900">
    <ele>2177.0</ele>
   </trkpt>
   <trkpt lat="46.1246070" lon="7.3745700">
    <ele>2177.0</ele>
   </trkpt>
   <trkpt lat="46.1245870" lon="7.3745600">
    <ele>2177.0</ele>
   </trkpt>
   <trkpt lat="46.1245660" lon="7.3745490">
    <ele>2177.0</ele>
   </trkpt>
   <trkpt lat="46.1245450" lon="7.3745390">
    <ele>2177.0</ele>
   </trkpt>
   <trkpt lat="46.1244830" lon="7.3745100">
    <ele>2177.0</ele>
   </trkpt>
   <trkpt lat="46.1244620" lon="7.3745040">
    <ele>2177.0</ele>
   </trkpt>
   <trkpt lat="46.1244400" lon="7.3744980">
    <ele>2177.0</ele>
   </trkpt>
   <trkpt lat="46.1244180" lon="7.3744920">
    <ele>2176.0</ele>
   </trkpt>
   <trkpt lat="46.1243490" lon="7.3744740">
    <ele>2176.0</ele>
   </trkpt>
   <trkpt lat="46.1243250" lon="7.3744630">
    <ele>2175.0</ele>
   </trkpt>
   <trkpt lat="46.1243020" lon="7.3744520">
    <ele>2175.0</ele>
   </trkpt>
   <trkpt lat="46.1242790" lon="7.3744410">
    <ele>2174.0</ele>
   </trkpt>
   <trkpt lat="46.1242160" lon="7.3744120">
    <ele>2174.0</ele>
   </trkpt>
   <trkpt lat="46.1241970" lon="7.3744090">
    <ele>2173.0</ele>
   </trkpt>
   <trkpt lat="46.1241780" lon="7.3744060">
    <ele>2173.0</ele>
   </trkpt>
   <trkpt lat="46.1241590" lon="7.3744040">
    <ele>2173.0</ele>
   </trkpt>
   <trkpt lat="46.1241070" lon="7.3744000">
    <ele>2173.0</ele>
   </trkpt>
   <trkpt lat="46.1240900" lon="7.3743990">
    <ele>2173.0</ele>
   </trkpt>
   <trkpt lat="46.1240730" lon="7.3743970">
    <ele>2173.0</ele>
   </trkpt>
   <trkpt lat="46.1240560" lon="7.3743950">
    <ele>2173.0</ele>
   </trkpt>
   <trkpt lat="46.1240090" lon="7.3743930">
    <ele>2173.0</ele>
   </trkpt>
   <trkpt lat="46.1239930" lon="7.3743950">
    <ele>2173.0</ele>
   </trkpt>
   <trkpt lat="46.1239760" lon="7.3743970">
    <ele>2174.0</ele>
   </trkpt>
   <trkpt lat="46.1239600" lon="7.3743980">
    <ele>2174.0</ele>
   </trkpt>
   <trkpt lat="46.1239110" lon="7.3744130">
    <ele>2174.0</ele>
   </trkpt>
   <trkpt lat="46.1238960" lon="7.3744180">
    <ele>2174.0</ele>
   </trkpt>
   <trkpt lat="46.1238820" lon="7.3744240">
    <ele>2174.0</ele>
   </trkpt>
   <trkpt lat="46.1238670" lon="7.3744300">
    <ele>2174.0</ele>
   </trkpt>
   <trkpt lat="46.1238360" lon="7.3744490">
    <ele>2174.0</ele>
   </trkpt>
   <trkpt lat="46.1238270" lon="7.3744600">
    <ele>2174.0</ele>
   </trkpt>
   <trkpt lat="46.1238170" lon="7.3744710">
    <ele>2175.0</ele>
   </trkpt>
   <trkpt lat="46.1238070" lon="7.3744810">
    <ele>2175.0</ele>
   </trkpt>
   <trkpt lat="46.1237690" lon="7.3745230">
    <ele>2175.0</ele>
   </trkpt>
   <trkpt lat="46.1237480" lon="7.3745530">
    <ele>2175.0</ele>
   </trkpt>
   <trkpt lat="46.1237280" lon="7.3745820">
    <ele>2175.0</ele>
   </trkpt>
   <trkpt lat="46.1237100" lon="7.3746080">
    <ele>2175.0</ele>
   </trkpt>
   <trkpt lat="46.1236920" lon="7.3746330">
    <ele>2175.0</ele>
   </trkpt>
   <trkpt lat="46.1236820" lon="7.3746560">
    <ele>2175.0</ele>
   </trkpt>
   <trkpt lat="46.1236720" lon="7.3746780">
    <ele>2176.0</ele>
   </trkpt>
   <trkpt lat="46.1236610" lon="7.3747000">
    <ele>2176.0</ele>
   </trkpt>
   <trkpt lat="46.1236330" lon="7.3747670">
    <ele>2176.0</ele>
   </trkpt>
   <trkpt lat="46.1236250" lon="7.3747870">
    <ele>2176.0</ele>
   </trkpt>
   <trkpt lat="46.1236170" lon="7.3748070">
    <ele>2176.0</ele>
   </trkpt>
   <trkpt lat="46.1236090" lon="7.3748280">
    <ele>2176.0</ele>
   </trkpt>
   <trkpt lat="46.1235850" lon="7.3748830">
    <ele>2176.0</ele>
   </trkpt>
   <trkpt lat="46.1235780" lon="7.3748980">
    <ele>2176.0</ele>
   </trkpt>
   <trkpt lat="46.1235700" lon="7.3749140">
    <ele>2177.0</ele>
   </trkpt>
   <trkpt lat="46.1235630" lon="7.3749300">
    <ele>2177.0</ele>
   </trkpt>
   <trkpt lat="46.1235430" lon="7.3749640">
    <ele>2177.0</ele>
   </trkpt>
   <trkpt lat="46.1235360" lon="7.3749750">
    <ele>2177.0</ele>
   </trkpt>
   <trkpt lat="46.1235290" lon="7.3749860">
    <ele>2178.0</ele>
   </trkpt>
   <trkpt lat="46.1235230" lon="7.3749980">
    <ele>2178.0</ele>
   </trkpt>
   <trkpt lat="46.1235030" lon="7.3750320">
    <ele>2178.0</ele>
   </trkpt>
   <trkpt lat="46.1234960" lon="7.3750410">
    <ele>2178.0</ele>
   </trkpt>
   <trkpt lat="46.1234900" lon="7.3750510">
    <ele>2178.0</ele>
   </trkpt>
   <trkpt lat="46.1234830" lon="7.3750610">
    <ele>2178.0</ele>
   </trkpt>
   <trkpt lat="46.1234610" lon="7.3750870">
    <ele>2178.0</ele>
   </trkpt>
   <trkpt lat="46.1234540" lon="7.3750960">
    <ele>2178.0</ele>
   </trkpt>
   <trkpt lat="46.1234470" lon="7.3751050">
    <ele>2178.0</ele>
   </trkpt>
   <trkpt lat="46.1234390" lon="7.3751140">
    <ele>2178.0</ele>
   </trkpt>
   <trkpt lat="46.1234170" lon="7.3751420">
    <ele>2178.0</ele>
   </trkpt>
   <trkpt lat="46.1234080" lon="7.3751520">
    <ele>2178.0</ele>
   </trkpt>
   <trkpt lat="46.1234000" lon="7.3751610">
    <ele>2178.0</ele>
   </trkpt>
   <trkpt lat="46.1233920" lon="7.3751710">
    <ele>2178.0</ele>
   </trkpt>
   <trkpt lat="46.1233710" lon="7.3752010">
    <ele>2178.0</ele>
   </trkpt>
   <trkpt lat="46.1233660" lon="7.3752140">
    <ele>2178.0</ele>
   </trkpt>
   <trkpt lat="46.1233600" lon="7.3752270">
    <ele>2179.0</ele>
   </trkpt>
   <trkpt lat="46.1233540" lon="7.3752400">
    <ele>2179.0</ele>
   </trkpt>
   <trkpt lat="46.1233320" lon="7.3752890">
    <ele>2179.0</ele>
   </trkpt>
   <trkpt lat="46.1233190" lon="7.3753150">
    <ele>2179.0</ele>
   </trkpt>
   <trkpt lat="46.1233070" lon="7.3753400">
    <ele>2179.0</ele>
   </trkpt>
   <trkpt lat="46.1232890" lon="7.3753760">
    <ele>2179.0</ele>
   </trkpt>
   <trkpt lat="46.1232710" lon="7.3754120">
    <ele>2179.0</ele>
   </trkpt>
   <trkpt lat="46.1232590" lon="7.3754330">
    <ele>2179.0</ele>
   </trkpt>
   <trkpt lat="46.1232480" lon="7.3754550">
    <ele>2179.0</ele>
   </trkpt>
   <trkpt lat="46.1232360" lon="7.3754760">
    <ele>2178.0</ele>
   </trkpt>
   <trkpt lat="46.1231980" lon="7.3755300">
    <ele>2178.0</ele>
   </trkpt>
   <trkpt lat="46.1231840" lon="7.3755480">
    <ele>2178.0</ele>
   </trkpt>
   <trkpt lat="46.1231690" lon="7.3755670">
    <ele>2178.0</ele>
   </trkpt>
   <trkpt lat="46.1231550" lon="7.3755850">
    <ele>2178.0</ele>
   </trkpt>
   <trkpt lat="46.1231110" lon="7.3756440">
    <ele>2178.0</ele>
   </trkpt>
   <trkpt lat="46.1230970" lon="7.3756650">
    <ele>2178.0</ele>
   </trkpt>
   <trkpt lat="46.1230820" lon="7.3756860">
    <ele>2178.0</ele>
   </trkpt>
   <trkpt lat="46.1230670" lon="7.3757080">
    <ele>2178.0</ele>
   </trkpt>
   <trkpt lat="46.1230240" lon="7.3757680">
    <ele>2178.0</ele>
   </trkpt>
   <trkpt lat="46.1230110" lon="7.3757880">
    <ele>2178.0</ele>
   </trkpt>
   <trkpt lat="46.1229970" lon="7.3758080">
    <ele>2178.0</ele>
   </trkpt>
   <trkpt lat="46.1229840" lon="7.3758280">
    <ele>2178.0</ele>
   </trkpt>
   <trkpt lat="46.1229440" lon="7.3758900">
    <ele>2178.0</ele>
   </trkpt>
   <trkpt lat="46.1229310" lon="7.3759090">
    <ele>2178.0</ele>
   </trkpt>
   <trkpt lat="46.1229170" lon="7.3759290">
    <ele>2178.0</ele>
   </trkpt>
   <trkpt lat="46.1229040" lon="7.3759490">
    <ele>2177.0</ele>
   </trkpt>
   <trkpt lat="46.1228640" lon="7.3760010">
    <ele>2177.0</ele>
   </trkpt>
   <trkpt lat="46.1228440" lon="7.3760200">
    <ele>2177.0</ele>
   </trkpt>
   <trkpt lat="46.1228240" lon="7.3760400">
    <ele>2177.0</ele>
   </trkpt>
   <trkpt lat="46.1228000" lon="7.3760630">
    <ele>2177.0</ele>
   </trkpt>
   <trkpt lat="46.1227760" lon="7.3760860">
    <ele>2177.0</ele>
   </trkpt>
   <trkpt lat="46.1227600" lon="7.3760990">
    <ele>2177.0</ele>
   </trkpt>
   <trkpt lat="46.1227440" lon="7.3761120">
    <ele>2177.0</ele>
   </trkpt>
   <trkpt lat="46.1227280" lon="7.3761260">
    <ele>2177.0</ele>
   </trkpt>
   <trkpt lat="46.1226760" lon="7.3761650">
    <ele>2177.0</ele>
   </trkpt>
   <trkpt lat="46.1226580" lon="7.3761780">
    <ele>2177.0</ele>
   </trkpt>
   <trkpt lat="46.1226410" lon="7.3761910">
    <ele>2178.0</ele>
   </trkpt>
   <trkpt lat="46.1226240" lon="7.3762040">
    <ele>2178.0</ele>
   </trkpt>
   <trkpt lat="46.1225730" lon="7.3762390">
    <ele>2178.0</ele>
   </trkpt>
   <trkpt lat="46.1225560" lon="7.3762510">
    <ele>2178.0</ele>
   </trkpt>
   <trkpt lat="46.1225400" lon="7.3762620">
    <ele>2178.0</ele>
   </trkpt>
   <trkpt lat="46.1225230" lon="7.3762740">
    <ele>2178.0</ele>
   </trkpt>
   <trkpt lat="46.1224720" lon="7.3763110">
    <ele>2178.0</ele>
   </trkpt>
   <trkpt lat="46.1224560" lon="7.3763210">
    <ele>2178.0</ele>
   </trkpt>
   <trkpt lat="46.1224390" lon="7.3763320">
    <ele>2178.0</ele>
   </trkpt>
   <trkpt lat="46.1224220" lon="7.3763430">
    <ele>2178.0</ele>
   </trkpt>
   <trkpt lat="46.1223760" lon="7.3763800">
    <ele>2178.0</ele>
   </trkpt>
   <trkpt lat="46.1223620" lon="7.3763910">
    <ele>2178.0</ele>
   </trkpt>
   <trkpt lat="46.1223480" lon="7.3764020">
    <ele>2178.0</ele>
   </trkpt>
   <trkpt lat="46.1223340" lon="7.3764130">
    <ele>2178.0</ele>
   </trkpt>
   <trkpt lat="46.1222920" lon="7.3764360">
    <ele>2178.0</ele>
   </trkpt>
   <trkpt lat="46.1222700" lon="7.3764490">
    <ele>2178.0</ele>
   </trkpt>
   <trkpt lat="46.1222470" lon="7.3764630">
    <ele>2179.0</ele>
   </trkpt>
   <trkpt lat="46.1222250" lon="7.3764760">
    <ele>2179.0</ele>
   </trkpt>
   <trkpt lat="46.1222020" lon="7.3764890">
    <ele>2179.0</ele>
   </trkpt>
   <trkpt lat="46.1221840" lon="7.3764970">
    <ele>2179.0</ele>
   </trkpt>
   <trkpt lat="46.1221670" lon="7.3765060">
    <ele>2179.0</ele>
   </trkpt>
   <trkpt lat="46.1221490" lon="7.3765140">
    <ele>2179.0</ele>
   </trkpt>
   <trkpt lat="46.1220880" lon="7.3765310">
    <ele>2179.0</ele>
   </trkpt>
   <trkpt lat="46.1220670" lon="7.3765380">
    <ele>2179.0</ele>
   </trkpt>
   <trkpt lat="46.1220460" lon="7.3765450">
    <ele>2179.0</ele>
   </trkpt>
   <trkpt lat="46.1220260" lon="7.3765520">
    <ele>2178.0</ele>
   </trkpt>
   <trkpt lat="46.1219690" lon="7.3765840">
    <ele>2178.0</ele>
   </trkpt>
   <trkpt lat="46.1219520" lon="7.3765950">
    <ele>2178.0</ele>
   </trkpt>
   <trkpt lat="46.1219340" lon="7.3766060">
    <ele>2178.0</ele>
   </trkpt>
   <trkpt lat="46.1219170" lon="7.3766170">
    <ele>2178.0</ele>
   </trkpt>
   <trkpt lat="46.1218730" lon="7.3766550">
    <ele>2178.0</ele>
   </trkpt>
   <trkpt lat="46.1218640" lon="7.3766830">
    <ele>2178.0</ele>
   </trkpt>
   <trkpt lat="46.1218540" lon="7.3767110">
    <ele>2178.0</ele>
   </trkpt>
   <trkpt lat="46.1218410" lon="7.3767500">
    <ele>2178.0</ele>
   </trkpt>
   <trkpt lat="46.1218280" lon="7.3767890">
    <ele>2178.0</ele>
   </trkpt>
   <trkpt lat="46.1218170" lon="7.3768040">
    <ele>2178.0</ele>
   </trkpt>
   <trkpt lat="46.1218060" lon="7.3768200">
    <ele>2178.0</ele>
   </trkpt>
   <trkpt lat="46.1217950" lon="7.3768350">
    <ele>2178.0</ele>
   </trkpt>
   <trkpt lat="46.1217460" lon="7.3768390">
    <ele>2178.0</ele>
   </trkpt>
   <trkpt lat="46.1217280" lon="7.3768430">
    <ele>2178.0</ele>
   </trkpt>
   <trkpt lat="46.1217090" lon="7.3768470">
    <ele>2178.0</ele>
   </trkpt>
   <trkpt lat="46.1216910" lon="7.3768510">
    <ele>2177.0</ele>
   </trkpt>
   <trkpt lat="46.1216430" lon="7.3769000">
    <ele>2177.0</ele>
   </trkpt>
   <trkpt lat="46.1216300" lon="7.3769210">
    <ele>2177.0</ele>
   </trkpt>
   <trkpt lat="46.1216160" lon="7.3769410">
    <ele>2177.0</ele>
   </trkpt>
   <trkpt lat="46.1216030" lon="7.3769620">
    <ele>2177.0</ele>
   </trkpt>
   <trkpt lat="46.1215630" lon="7.3770210">
    <ele>2177.0</ele>
   </trkpt>
   <trkpt lat="46.1215480" lon="7.3770380">
    <ele>2177.0</ele>
   </trkpt>
   <trkpt lat="46.1215330" lon="7.3770560">
    <ele>2177.0</ele>
   </trkpt>
   <trkpt lat="46.1215170" lon="7.3770740">
    <ele>2177.0</ele>
   </trkpt>
   <trkpt lat="46.1214650" lon="7.3771140">
    <ele>2177.0</ele>
   </trkpt>
   <trkpt lat="46.1214470" lon="7.3771260">
    <ele>2177.0</ele>
   </trkpt>
   <trkpt lat="46.1214290" lon="7.3771390">
    <ele>2177.0</ele>
   </trkpt>
   <trkpt lat="46.1214110" lon="7.3771510">
    <ele>2177.0</ele>
   </trkpt>
   <trkpt lat="46.1213610" lon="7.3771990">
    <ele>2177.0</ele>
   </trkpt>
   <trkpt lat="46.1213450" lon="7.3772160">
    <ele>2177.0</ele>
   </trkpt>
   <trkpt lat="46.1213300" lon="7.3772330">
    <ele>2177.0</ele>
   </trkpt>
   <trkpt lat="46.1213140" lon="7.3772500">
    <ele>2177.0</ele>
   </trkpt>
   <trkpt lat="46.1212740" lon="7.3773040">
    <ele>2177.0</ele>
   </trkpt>
   <trkpt lat="46.1212620" lon="7.3773240">
    <ele>2177.0</ele>
   </trkpt>
   <trkpt lat="46.1212510" lon="7.3773440">
    <ele>2177.0</ele>
   </trkpt>
   <trkpt lat="46.1212390" lon="7.3773640">
    <ele>2177.0</ele>
   </trkpt>
   <trkpt lat="46.1212060" lon="7.3774280">
    <ele>2177.0</ele>
   </trkpt>
   <trkpt lat="46.1211970" lon="7.3774530">
    <ele>2177.0</ele>
   </trkpt>
   <trkpt lat="46.1211870" lon="7.3774780">
    <ele>2177.0</ele>
   </trkpt>
   <trkpt lat="46.1211780" lon="7.3775030">
    <ele>2177.0</ele>
   </trkpt>
   <trkpt lat="46.1211530" lon="7.3775800">
    <ele>2177.0</ele>
   </trkpt>
   <trkpt lat="46.1211450" lon="7.3776050">
    <ele>2177.0</ele>
   </trkpt>
   <trkpt lat="46.1211370" lon="7.3776310">
    <ele>2177.0</ele>
   </trkpt>
   <trkpt lat="46.1211290" lon="7.3776560">
    <ele>2177.0</ele>
   </trkpt>
   <trkpt lat="46.1211080" lon="7.3777280">
    <ele>2177.0</ele>
   </trkpt>
   <trkpt lat="46.1211020" lon="7.3777530">
    <ele>2177.0</ele>
   </trkpt>
   <trkpt lat="46.1210960" lon="7.3777770">
    <ele>2177.0</ele>
   </trkpt>
   <trkpt lat="46.1210900" lon="7.3778020">
    <ele>2177.0</ele>
   </trkpt>
   <trkpt lat="46.1210640" lon="7.3778760">
    <ele>2177.0</ele>
   </trkpt>
   <trkpt lat="46.1210530" lon="7.3778970">
    <ele>2177.0</ele>
   </trkpt>
   <trkpt lat="46.1210420" lon="7.3779190">
    <ele>2177.0</ele>
   </trkpt>
   <trkpt lat="46.1210310" lon="7.3779400">
    <ele>2177.0</ele>
   </trkpt>
   <trkpt lat="46.1209950" lon="7.3779990">
    <ele>2177.0</ele>
   </trkpt>
   <trkpt lat="46.1209820" lon="7.3780180">
    <ele>2177.0</ele>
   </trkpt>
   <trkpt lat="46.1209680" lon="7.3780370">
    <ele>2177.0</ele>
   </trkpt>
   <trkpt lat="46.1209550" lon="7.3780560">
    <ele>2177.0</ele>
   </trkpt>
   <trkpt lat="46.1209120" lon="7.3781080">
    <ele>2177.0</ele>
   </trkpt>
   <trkpt lat="46.1208970" lon="7.3781240">
    <ele>2177.0</ele>
   </trkpt>
   <trkpt lat="46.1208820" lon="7.3781400">
    <ele>2177.0</ele>
   </trkpt>
   <trkpt lat="46.1208680" lon="7.3781570">
    <ele>2177.0</ele>
   </trkpt>
   <trkpt lat="46.1208250" lon="7.3782050">
    <ele>2177.0</ele>
   </trkpt>
   <trkpt lat="46.1208110" lon="7.3782240">
    <ele>2177.0</ele>
   </trkpt>
   <trkpt lat="46.1207980" lon="7.3782430">
    <ele>2177.0</ele>
   </trkpt>
   <trkpt lat="46.1207850" lon="7.3782630">
    <ele>2177.0</ele>
   </trkpt>
   <trkpt lat="46.1207430" lon="7.3783140">
    <ele>2177.0</ele>
   </trkpt>
   <trkpt lat="46.1207260" lon="7.3783230">
    <ele>2177.0</ele>
   </trkpt>
   <trkpt lat="46.1207090" lon="7.3783310">
    <ele>2177.0</ele>
   </trkpt>
   <trkpt lat="46.1206920" lon="7.3783400">
    <ele>2177.0</ele>
   </trkpt>
   <trkpt lat="46.1206340" lon="7.3783360">
    <ele>2177.0</ele>
   </trkpt>
   <trkpt lat="46.1206130" lon="7.3783270">
    <ele>2177.0</ele>
   </trkpt>
   <trkpt lat="46.1205930" lon="7.3783180">
    <ele>2177.0</ele>
   </trkpt>
   <trkpt lat="46.1205720" lon="7.3783090">
    <ele>2177.0</ele>
   </trkpt>
   <trkpt lat="46.1205160" lon="7.3782680">
    <ele>2177.0</ele>
   </trkpt>
   <trkpt lat="46.1205000" lon="7.3782540">
    <ele>2177.0</ele>
   </trkpt>
   <trkpt lat="46.1204840" lon="7.3782400">
    <ele>2177.0</ele>
   </trkpt>
   <trkpt lat="46.1204680" lon="7.3782260">
    <ele>2177.0</ele>
   </trkpt>
   <trkpt lat="46.1204220" lon="7.3781830">
    <ele>2177.0</ele>
   </trkpt>
   <trkpt lat="46.1204060" lon="7.3781680">
    <ele>2177.0</ele>
   </trkpt>
   <trkpt lat="46.1203900" lon="7.3781540">
    <ele>2177.0</ele>
   </trkpt>
   <trkpt lat="46.1203730" lon="7.3781390">
    <ele>2177.0</ele>
   </trkpt>
   <trkpt lat="46.1203220" lon="7.3781100">
    <ele>2177.0</ele>
   </trkpt>
   <trkpt lat="46.1203060" lon="7.3781070">
    <ele>2177.0</ele>
   </trkpt>
   <trkpt lat="46.1202900" lon="7.3781030">
    <ele>2177.0</ele>
   </trkpt>
   <trkpt lat="46.1202750" lon="7.3781000">
    <ele>2177.0</ele>
   </trkpt>
   <trkpt lat="46.1202430" lon="7.3781100">
    <ele>2177.0</ele>
   </trkpt>
   <trkpt lat="46.1202350" lon="7.3781210">
    <ele>2177.0</ele>
   </trkpt>
   <trkpt lat="46.1202260" lon="7.3781310">
    <ele>2177.0</ele>
   </trkpt>
   <trkpt lat="46.1202180" lon="7.3781420">
    <ele>2177.0</ele>
   </trkpt>
   <trkpt lat="46.1201810" lon="7.3781770">
    <ele>2177.0</ele>
   </trkpt>
   <trkpt lat="46.1201690" lon="7.3781850">
    <ele>2177.0</ele>
   </trkpt>
   <trkpt lat="46.1201560" lon="7.3781920">
    <ele>2177.0</ele>
   </trkpt>
   <trkpt lat="46.1201440" lon="7.3782000">
    <ele>2177.0</ele>
   </trkpt>
   <trkpt lat="46.1201130" lon="7.3782170">
    <ele>2177.0</ele>
   </trkpt>
   <trkpt lat="46.1201050" lon="7.3782230">
    <ele>2177.0</ele>
   </trkpt>
   <trkpt lat="46.1200980" lon="7.3782300">
    <ele>2177.0</ele>
   </trkpt>
   <trkpt lat="46.1200900" lon="7.3782360">
    <ele>2177.0</ele>
   </trkpt>
   <trkpt lat="46.1200670" lon="7.3782570">
    <ele>2177.0</ele>
   </trkpt>
   <trkpt lat="46.1200580" lon="7.3782650">
    <ele>2177.0</ele>
   </trkpt>
   <trkpt lat="46.1200490" lon="7.3782730">
    <ele>2177.0</ele>
   </trkpt>
   <trkpt lat="46.1200400" lon="7.3782810">
    <ele>2177.0</ele>
   </trkpt>
   <trkpt lat="46.1200020" lon="7.3783050">
    <ele>2177.0</ele>
   </trkpt>
   <trkpt lat="46.1199880" lon="7.3783130">
    <ele>2177.0</ele>
   </trkpt>
   <trkpt lat="46.1199730" lon="7.3783210">
    <ele>2177.0</ele>
   </trkpt>
   <trkpt lat="46.1199580" lon="7.3783290">
    <ele>2177.0</ele>
   </trkpt>
   <trkpt lat="46.1199110" lon="7.3783490">
    <ele>2177.0</ele>
   </trkpt>
   <trkpt lat="46.1198940" lon="7.3783540">
    <ele>2177.0</ele>
   </trkpt>
   <trkpt lat="46.1198770" lon="7.3783590">
    <ele>2178.0</ele>
   </trkpt>
   <trkpt lat="46.1198600" lon="7.3783640">
    <ele>2178.0</ele>
   </trkpt>
   <trkpt lat="46.1198080" lon="7.3783750">
    <ele>2178.0</ele>
   </trkpt>
   <trkpt lat="46.1197920" lon="7.3783850">
    <ele>2178.0</ele>
   </trkpt>
   <trkpt lat="46.1197750" lon="7.3783940">
    <ele>2178.0</ele>
   </trkpt>
   <trkpt lat="46.1197450" lon="7.3784260">
    <ele>2178.0</ele>
   </trkpt>
   <trkpt lat="46.1197150" lon="7.3784580">
    <ele>2178.0</ele>
   </trkpt>
   <trkpt lat="46.1196990" lon="7.3784770">
    <ele>2178.0</ele>
   </trkpt>
   <trkpt lat="46.1196830" lon="7.3784970">
    <ele>2178.0</ele>
   </trkpt>
   <trkpt lat="46.1196670" lon="7.3785160">
    <ele>2178.0</ele>
   </trkpt>
   <trkpt lat="46.1196100" lon="7.3785590">
    <ele>2178.0</ele>
   </trkpt>
   <trkpt lat="46.1195940" lon="7.3785720">
    <ele>2178.0</ele>
   </trkpt>
   <trkpt lat="46.1195790" lon="7.3785840">
    <ele>2178.0</ele>
   </trkpt>
   <trkpt lat="46.1195640" lon="7.3785960">
    <ele>2178.0</ele>
   </trkpt>
   <trkpt lat="46.1195340" lon="7.3786480">
    <ele>2178.0</ele>
   </trkpt>
   <trkpt lat="46.1195140" lon="7.3786770">
    <ele>2178.0</ele>
   </trkpt>
   <trkpt lat="46.1194940" lon="7.3787050">
    <ele>2178.0</ele>
   </trkpt>
   <trkpt lat="46.1194770" lon="7.3787300">
    <ele>2178.0</ele>
   </trkpt>
   <trkpt lat="46.1194600" lon="7.3787540">
    <ele>2178.0</ele>
   </trkpt>
   <trkpt lat="46.1194430" lon="7.3787670">
    <ele>2178.0</ele>
   </trkpt>
   <trkpt lat="46.1194270" lon="7.3787800">
    <ele>2178.0</ele>
   </trkpt>
   <trkpt lat="46.1194110" lon="7.3787920">
    <ele>2177.0</ele>
   </trkpt>
   <trkpt lat="46.1193540" lon="7.3788310">
    <ele>2177.0</ele>
   </trkpt>
   <trkpt lat="46.1193350" lon="7.3788420">
    <ele>2177.0</ele>
   </trkpt>
   <trkpt lat="46.1193160" lon="7.3788540">
    <ele>2177.0</ele>
   </trkpt>
   <trkpt lat="46.1192960" lon="7.3788650">
    <ele>2177.0</ele>
   </trkpt>
   <trkpt lat="46.1192360" lon="7.3788930">
    <ele>2177.0</ele>
   </trkpt>
   <trkpt lat="46.1192170" lon="7.3789000">
    <ele>2177.0</ele>
   </trkpt>
   <trkpt lat="46.1191990" lon="7.3789080">
    <ele>2177.0</ele>
   </trkpt>
   <trkpt lat="46.1191810" lon="7.3789150">
    <ele>2177.0</ele>
   </trkpt>
   <trkpt lat="46.1191390" lon="7.3789320">
    <ele>2177.0</ele>
   </trkpt>
   <trkpt lat="46.1191280" lon="7.3789370">
    <ele>2177.0</ele>
   </trkpt>
   <trkpt lat="46.1191180" lon="7.3789410">
    <ele>2177.0</ele>
   </trkpt>
   <trkpt lat="46.1191070" lon="7.3789460">
    <ele>2177.0</ele>
   </trkpt>
   <trkpt lat="46.1190810" lon="7.3789600">
    <ele>2177.0</ele>
   </trkpt>
   <trkpt lat="46.1190730" lon="7.3789650">
    <ele>2177.0</ele>
   </trkpt>
   <trkpt lat="46.1190650" lon="7.3789710">
    <ele>2177.0</ele>
   </trkpt>
   <trkpt lat="46.1190570" lon="7.3789760">
    <ele>2177.0</ele>
   </trkpt>
   <trkpt lat="46.1190270" lon="7.3789910">
    <ele>2177.0</ele>
   </trkpt>
   <trkpt lat="46.1190120" lon="7.3789990">
    <ele>2177.0</ele>
   </trkpt>
   <trkpt lat="46.1189980" lon="7.3790060">
    <ele>2177.0</ele>
   </trkpt>
   <trkpt lat="46.1189830" lon="7.3790130">
    <ele>2176.0</ele>
   </trkpt>
   <trkpt lat="46.1189350" lon="7.3790360">
    <ele>2176.0</ele>
   </trkpt>
   <trkpt lat="46.1189220" lon="7.3790460">
    <ele>2176.0</ele>
   </trkpt>
   <trkpt lat="46.1189100" lon="7.3790560">
    <ele>2176.0</ele>
   </trkpt>
   <trkpt lat="46.1188980" lon="7.3790660">
    <ele>2176.0</ele>
   </trkpt>
   <trkpt lat="46.1188750" lon="7.3791060">
    <ele>2176.0</ele>
   </trkpt>
   <trkpt lat="46.1188700" lon="7.3791200">
    <ele>2176.0</ele>
   </trkpt>
   <trkpt lat="46.1188660" lon="7.3791350">
    <ele>2176.0</ele>
   </trkpt>
   <trkpt lat="46.1188610" lon="7.3791490">
    <ele>2175.0</ele>
   </trkpt>
   <trkpt lat="46.1188510" lon="7.3791980">
    <ele>2175.0</ele>
   </trkpt>
   <trkpt lat="46.1188470" lon="7.3792130">
    <ele>2174.0</ele>
   </trkpt>
   <trkpt lat="46.1188440" lon="7.3792280">
    <ele>2174.0</ele>
   </trkpt>
   <trkpt lat="46.1188400" lon="7.3792430">
    <ele>2173.0</ele>
   </trkpt>
   <trkpt lat="46.1188230" lon="7.3792780">
    <ele>2173.0</ele>
   </trkpt>
   <trkpt lat="46.1188150" lon="7.3792880">
    <ele>2173.0</ele>
   </trkpt>
   <trkpt lat="46.1188070" lon="7.3792990">
    <ele>2173.0</ele>
   </trkpt>
   <trkpt lat="46.1188000" lon="7.3793090">
    <ele>2173.0</ele>
   </trkpt>
   <trkpt lat="46.1187760" lon="7.3793360">
    <ele>2173.0</ele>
   </trkpt>
   <trkpt lat="46.1187690" lon="7.3793460">
    <ele>2173.0</ele>
   </trkpt>
   <trkpt lat="46.1187610" lon="7.3793570">
    <ele>2173.0</ele>
   </trkpt>
   <trkpt lat="46.1187540" lon="7.3793670">
    <ele>2172.0</ele>
   </trkpt>
   <trkpt lat="46.1187310" lon="7.3794040">
    <ele>2172.0</ele>
   </trkpt>
   <trkpt lat="46.1187240" lon="7.3794150">
    <ele>2172.0</ele>
   </trkpt>
   <trkpt lat="46.1187160" lon="7.3794260">
    <ele>2172.0</ele>
   </trkpt>
   <trkpt lat="46.1187080" lon="7.3794370">
    <ele>2172.0</ele>
   </trkpt>
   <trkpt lat="46.1186800" lon="7.3794610">
    <ele>2172.0</ele>
   </trkpt>
   <trkpt lat="46.1186710" lon="7.3794660">
    <ele>2172.0</ele>
   </trkpt>
   <trkpt lat="46.1186620" lon="7.3794700">
    <ele>2172.0</ele>
   </trkpt>
   <trkpt lat="46.1186540" lon="7.3794740">
    <ele>2172.0</ele>
   </trkpt>
   <trkpt lat="46.1186300" lon="7.3794810">
    <ele>2172.0</ele>
   </trkpt>
   <trkpt lat="46.1186210" lon="7.3794830">
    <ele>2172.0</ele>
   </trkpt>
   <trkpt lat="46.1186130" lon="7.3794850">
    <ele>2172.0</ele>
   </trkpt>
   <trkpt lat="46.1186040" lon="7.3794870">
    <ele>2172.0</ele>
   </trkpt>
   <trkpt lat="46.1185770" lon="7.3794980">
    <ele>2172.0</ele>
   </trkpt>
   <trkpt lat="46.1185700" lon="7.3795080">
    <ele>2172.0</ele>
   </trkpt>
   <trkpt lat="46.1185620" lon="7.3795180">
    <ele>2172.0</ele>
   </trkpt>
   <trkpt lat="46.1185550" lon="7.3795290">
    <ele>2172.0</ele>
   </trkpt>
   <trkpt lat="46.1185380" lon="7.3795870">
    <ele>2172.0</ele>
   </trkpt>
   <trkpt lat="46.1185320" lon="7.3796140">
    <ele>2172.0</ele>
   </trkpt>
   <trkpt lat="46.1185270" lon="7.3796420">
    <ele>2172.0</ele>
   </trkpt>
   <trkpt lat="46.1185210" lon="7.3796700">
    <ele>2171.0</ele>
   </trkpt>
   <trkpt lat="46.1185010" lon="7.3797490">
    <ele>2171.0</ele>
   </trkpt>
   <trkpt lat="46.1184940" lon="7.3797660">
    <ele>2170.0</ele>
   </trkpt>
   <trkpt lat="46.1184870" lon="7.3797830">
    <ele>2170.0</ele>
   </trkpt>
   <trkpt lat="46.1184800" lon="7.3798000">
    <ele>2169.0</ele>
   </trkpt>
   <trkpt lat="46.1184620" lon="7.3798310">
    <ele>2169.0</ele>
   </trkpt>
   <trkpt lat="46.1184560" lon="7.3798420">
    <ele>2169.0</ele>
   </trkpt>
   <trkpt lat="46.1184490" lon="7.3798530">
    <ele>2169.0</ele>
   </trkpt>
   <trkpt lat="46.1184430" lon="7.3798640">
    <ele>2169.0</ele>
   </trkpt>
   <trkpt lat="46.1184170" lon="7.3799090">
    <ele>2169.0</ele>
   </trkpt>
   <trkpt lat="46.1184020" lon="7.3799410">
    <ele>2169.0</ele>
   </trkpt>
   <trkpt lat="46.1183880" lon="7.3799730">
    <ele>2170.0</ele>
   </trkpt>
   <trkpt lat="46.1183750" lon="7.3800000">
    <ele>2170.0</ele>
   </trkpt>
   <trkpt lat="46.1183630" lon="7.3800270">
    <ele>2170.0</ele>
   </trkpt>
   <trkpt lat="46.1183570" lon="7.3800520">
    <ele>2170.0</ele>
   </trkpt>
   <trkpt lat="46.1183510" lon="7.3800780">
    <ele>2170.0</ele>
   </trkpt>
   <trkpt lat="46.1183460" lon="7.3801030">
    <ele>2170.0</ele>
   </trkpt>
   <trkpt lat="46.1183270" lon="7.3801710">
    <ele>2170.0</ele>
   </trkpt>
   <trkpt lat="46.1183220" lon="7.3801930">
    <ele>2170.0</ele>
   </trkpt>
   <trkpt lat="46.1183170" lon="7.3802150">
    <ele>2170.0</ele>
   </trkpt>
   <trkpt lat="46.1183120" lon="7.3802360">
    <ele>2170.0</ele>
   </trkpt>
   <trkpt lat="46.1183000" lon="7.3803010">
    <ele>2170.0</ele>
   </trkpt>
   <trkpt lat="46.1182970" lon="7.3803230">
    <ele>2170.0</ele>
   </trkpt>
   <trkpt lat="46.1182940" lon="7.3803450">
    <ele>2170.0</ele>
   </trkpt>
   <trkpt lat="46.1182900" lon="7.3803660">
    <ele>2170.0</ele>
   </trkpt>
   <trkpt lat="46.1182780" lon="7.3804320">
    <ele>2170.0</ele>
   </trkpt>
   <trkpt lat="46.1182760" lon="7.3804520">
    <ele>2170.0</ele>
   </trkpt>
   <trkpt lat="46.1182730" lon="7.3804730">
    <ele>2170.0</ele>
   </trkpt>
   <trkpt lat="46.1182700" lon="7.3804930">
    <ele>2169.0</ele>
   </trkpt>
   <trkpt lat="46.1182680" lon="7.3805510">
    <ele>2169.0</ele>
   </trkpt>
   <trkpt lat="46.1182670" lon="7.3805640">
    <ele>2169.0</ele>
   </trkpt>
   <trkpt lat="46.1182660" lon="7.3805770">
    <ele>2169.0</ele>
   </trkpt>
   <trkpt lat="46.1182660" lon="7.3805910">
    <ele>2168.0</ele>
   </trkpt>
   <trkpt lat="46.1182630" lon="7.3806210">
    <ele>2168.0</ele>
   </trkpt>
   <trkpt lat="46.1182610" lon="7.3806330">
    <ele>2168.0</ele>
   </trkpt>
   <trkpt lat="46.1182590" lon="7.3806460">
    <ele>2168.0</ele>
   </trkpt>
   <trkpt lat="46.1182560" lon="7.3806590">
    <ele>2167.0</ele>
   </trkpt>
   <trkpt lat="46.1182260" lon="7.3807030">
    <ele>2167.0</ele>
   </trkpt>
   <trkpt lat="46.1182120" lon="7.3807180">
    <ele>2166.0</ele>
   </trkpt>
   <trkpt lat="46.1181970" lon="7.3807320">
    <ele>2166.0</ele>
   </trkpt>
   <trkpt lat="46.1181820" lon="7.3807470">
    <ele>2165.0</ele>
   </trkpt>
   <trkpt lat="46.1181340" lon="7.3807880">
    <ele>2165.0</ele>
   </trkpt>
   <trkpt lat="46.1181170" lon="7.3808010">
    <ele>2165.0</ele>
   </trkpt>
   <trkpt lat="46.1181010" lon="7.3808140">
    <ele>2165.0</ele>
   </trkpt>
   <trkpt lat="46.1180850" lon="7.3808270">
    <ele>2165.0</ele>
   </trkpt>
   <trkpt lat="46.1180370" lon="7.3808680">
    <ele>2165.0</ele>
   </trkpt>
   <trkpt lat="46.1180230" lon="7.3808800">
    <ele>2165.0</ele>
   </trkpt>
   <trkpt lat="46.1180080" lon="7.3808930">
    <ele>2165.0</ele>
   </trkpt>
   <trkpt lat="46.1179940" lon="7.3809060">
    <ele>2165.0</ele>
   </trkpt>
   <trkpt lat="46.1179540" lon="7.3809410">
    <ele>2165.0</ele>
   </trkpt>
   <trkpt lat="46.1179420" lon="7.3809500">
    <ele>2165.0</ele>
   </trkpt>
   <trkpt lat="46.1179310" lon="7.3809590">
    <ele>2165.0</ele>
   </trkpt>
   <trkpt lat="46.1179190" lon="7.3809680">
    <ele>2165.0</ele>
   </trkpt>
   <trkpt lat="46.1178880" lon="7.3809840">
    <ele>2165.0</ele>
   </trkpt>
   <trkpt lat="46.1178790" lon="7.3809890">
    <ele>2165.0</ele>
   </trkpt>
   <trkpt lat="46.1178700" lon="7.3809940">
    <ele>2166.0</ele>
   </trkpt>
   <trkpt lat="46.1178620" lon="7.3810000">
    <ele>2166.0</ele>
   </trkpt>
   <trkpt lat="46.1178380" lon="7.3810210">
    <ele>2166.0</ele>
   </trkpt>
   <trkpt lat="46.1178310" lon="7.3810280">
    <ele>2166.0</ele>
   </trkpt>
   <trkpt lat="46.1178250" lon="7.3810350">
    <ele>2167.0</ele>
   </trkpt>
   <trkpt lat="46.1178180" lon="7.3810420">
    <ele>2167.0</ele>
   </trkpt>
   <trkpt lat="46.1177980" lon="7.3810600">
    <ele>2167.0</ele>
   </trkpt>
   <trkpt lat="46.1177920" lon="7.3810670">
    <ele>2167.0</ele>
   </trkpt>
   <trkpt lat="46.1177870" lon="7.3810750">
    <ele>2168.0</ele>
   </trkpt>
   <trkpt lat="46.1177810" lon="7.3810830">
    <ele>2168.0</ele>
   </trkpt>
   <trkpt lat="46.1177640" lon="7.3811100">
    <ele>2168.0</ele>
   </trkpt>
   <trkpt lat="46.1177580" lon="7.3811190">
    <ele>2168.0</ele>
   </trkpt>
   <trkpt lat="46.1177520" lon="7.3811290">
    <ele>2169.0</ele>
   </trkpt>
   <trkpt lat="46.1177460" lon="7.3811380">
    <ele>2169.0</ele>
   </trkpt>
   <trkpt lat="46.1177230" lon="7.3811640">
    <ele>2169.0</ele>
   </trkpt>
   <trkpt lat="46.1177140" lon="7.3811710">
    <ele>2169.0</ele>
   </trkpt>
   <trkpt lat="46.1177050" lon="7.3811770">
    <ele>2170.0</ele>
   </trkpt>
   <trkpt lat="46.1176970" lon="7.3811840">
    <ele>2170.0</ele>
   </trkpt>
   <trkpt lat="46.1176700" lon="7.3811960">
    <ele>2170.0</ele>
   </trkpt>
   <trkpt lat="46.1176600" lon="7.3811990">
    <ele>2170.0</ele>
   </trkpt>
   <trkpt lat="46.1176510" lon="7.3812020">
    <ele>2171.0</ele>
   </trkpt>
   <trkpt lat="46.1176410" lon="7.3812060">
    <ele>2171.0</ele>
   </trkpt>
   <trkpt lat="46.1176100" lon="7.3812160">
    <ele>2171.0</ele>
   </trkpt>
   <trkpt lat="46.1175990" lon="7.3812210">
    <ele>2171.0</ele>
   </trkpt>
   <trkpt lat="46.1175880" lon="7.3812260">
    <ele>2172.0</ele>
   </trkpt>
   <trkpt lat="46.1175770" lon="7.3812310">
    <ele>2172.0</ele>
   </trkpt>
   <trkpt lat="46.1175420" lon="7.3812520">
    <ele>2172.0</ele>
   </trkpt>
   <trkpt lat="46.1175310" lon="7.3812610">
    <ele>2172.0</ele>
   </trkpt>
   <trkpt lat="46.1175200" lon="7.3812700">
    <ele>2173.0</ele>
   </trkpt>
   <trkpt lat="46.1175090" lon="7.3812790">
    <ele>2173.0</ele>
   </trkpt>
   <trkpt lat="46.1174720" lon="7.3813150">
    <ele>2173.0</ele>
   </trkpt>
   <trkpt lat="46.1174620" lon="7.3813280">
    <ele>2173.0</ele>
   </trkpt>
   <trkpt lat="46.1174520" lon="7.3813400">
    <ele>2173.0</ele>
   </trkpt>
   <trkpt lat="46.1174410" lon="7.3813530">
    <ele>2173.0</ele>
   </trkpt>
   <trkpt lat="46.1174180" lon="7.3813940">
    <ele>2173.0</ele>
   </trkpt>
   <trkpt lat="46.1174110" lon="7.3814060">
    <ele>2173.0</ele>
   </trkpt>
   <trkpt lat="46.1174040" lon="7.3814190">
    <ele>2174.0</ele>
   </trkpt>
   <trkpt lat="46.1173970" lon="7.3814310">
    <ele>2174.0</ele>
   </trkpt>
   <trkpt lat="46.1173810" lon="7.3814670">
    <ele>2174.0</ele>
   </trkpt>
   <trkpt lat="46.1173730" lon="7.3814810">
    <ele>2174.0</ele>
   </trkpt>
   <trkpt lat="46.1173660" lon="7.3814950">
    <ele>2174.0</ele>
   </trkpt>
   <trkpt lat="46.1173590" lon="7.3815100">
    <ele>2174.0</ele>
   </trkpt>
   <trkpt lat="46.1173330" lon="7.3815470">
    <ele>2174.0</ele>
   </trkpt>
   <trkpt lat="46.1173240" lon="7.3815560">
    <ele>2174.0</ele>
   </trkpt>
   <trkpt lat="46.1173160" lon="7.3815650">
    <ele>2175.0</ele>
   </trkpt>
   <trkpt lat="46.1173070" lon="7.3815740">
    <ele>2175.0</ele>
   </trkpt>
   <trkpt lat="46.1172850" lon="7.3816010">
    <ele>2175.0</ele>
   </trkpt>
   <trkpt lat="46.1172770" lon="7.3816090">
    <ele>2175.0</ele>
   </trkpt>
   <trkpt lat="46.1172680" lon="7.3816170">
    <ele>2175.0</ele>
   </trkpt>
   <trkpt lat="46.1172600" lon="7.3816250">
    <ele>2175.0</ele>
   </trkpt>
   <trkpt lat="46.1172340" lon="7.3816460">
    <ele>2175.0</ele>
   </trkpt>
   <trkpt lat="46.1172250" lon="7.3816530">
    <ele>2175.0</ele>
   </trkpt>
   <trkpt lat="46.1172170" lon="7.3816600">
    <ele>2176.0</ele>
   </trkpt>
   <trkpt lat="46.1172080" lon="7.3816670">
    <ele>2176.0</ele>
   </trkpt>
   <trkpt lat="46.1171830" lon="7.3816900">
    <ele>2176.0</ele>
   </trkpt>
   <trkpt lat="46.1171760" lon="7.3816990">
    <ele>2176.0</ele>
   </trkpt>
   <trkpt lat="46.1171680" lon="7.3817080">
    <ele>2176.0</ele>
   </trkpt>
   <trkpt lat="46.1171610" lon="7.3817170">
    <ele>2176.0</ele>
   </trkpt>
   <trkpt lat="46.1171420" lon="7.3817420">
    <ele>2176.0</ele>
   </trkpt>
   <trkpt lat="46.1171350" lon="7.3817490">
    <ele>2176.0</ele>
   </trkpt>
   <trkpt lat="46.1171280" lon="7.3817550">
    <ele>2176.0</ele>
   </trkpt>
   <trkpt lat="46.1171210" lon="7.3817620">
    <ele>2175.0</ele>
   </trkpt>
   <trkpt lat="46.1170850" lon="7.3817730">
    <ele>2175.0</ele>
   </trkpt>
   <trkpt lat="46.1170570" lon="7.3817740">
    <ele>2175.0</ele>
   </trkpt>
   <trkpt lat="46.1170300" lon="7.3817740">
    <ele>2175.0</ele>
   </trkpt>
   <trkpt lat="46.1170060" lon="7.3817750">
    <ele>2175.0</ele>
   </trkpt>
   <trkpt lat="46.1169820" lon="7.3817750">
    <ele>2175.0</ele>
   </trkpt>
   <trkpt lat="46.1169630" lon="7.3817820">
    <ele>2175.0</ele>
   </trkpt>
   <trkpt lat="46.1169450" lon="7.3817880">
    <ele>2175.0</ele>
   </trkpt>
   <trkpt lat="46.1169260" lon="7.3817950">
    <ele>2174.0</ele>
   </trkpt>
   <trkpt lat="46.1168710" lon="7.3818170">
    <ele>2174.0</ele>
   </trkpt>
   <trkpt lat="46.1168570" lon="7.3818240">
    <ele>2174.0</ele>
   </trkpt>
   <trkpt lat="46.1168430" lon="7.3818310">
    <ele>2174.0</ele>
   </trkpt>
   <trkpt lat="46.1168290" lon="7.3818380">
    <ele>2174.0</ele>
   </trkpt>
   <trkpt lat="46.1168000" lon="7.3818540">
    <ele>2174.0</ele>
   </trkpt>
   <trkpt lat="46.1167920" lon="7.3818580">
    <ele>2174.0</ele>
   </trkpt>
   <trkpt lat="46.1167840" lon="7.3818610">
    <ele>2174.0</ele>
   </trkpt>
   <trkpt lat="46.1167770" lon="7.3818640">
    <ele>2174.0</ele>
   </trkpt>
   <trkpt lat="46.1167510" lon="7.3818750">
    <ele>2174.0</ele>
   </trkpt>
   <trkpt lat="46.1167400" lon="7.3818800">
    <ele>2174.0</ele>
   </trkpt>
   <trkpt lat="46.1167290" lon="7.3818860">
    <ele>2175.0</ele>
   </trkpt>
   <trkpt lat="46.1167180" lon="7.3818920">
    <ele>2175.0</ele>
   </trkpt>
   <trkpt lat="46.1166770" lon="7.3819170">
    <ele>2175.0</ele>
   </trkpt>
   <trkpt lat="46.1166610" lon="7.3819280">
    <ele>2175.0</ele>
   </trkpt>
   <trkpt lat="46.1166450" lon="7.3819380">
    <ele>2175.0</ele>
   </trkpt>
   <trkpt lat="46.1166290" lon="7.3819480">
    <ele>2175.0</ele>
   </trkpt>
   <trkpt lat="46.1165920" lon="7.3819740">
    <ele>2175.0</ele>
   </trkpt>
   <trkpt lat="46.1165830" lon="7.3819800">
    <ele>2175.0</ele>
   </trkpt>
   <trkpt lat="46.1165730" lon="7.3819870">
    <ele>2175.0</ele>
   </trkpt>
   <trkpt lat="46.1165640" lon="7.3819930">
    <ele>2175.0</ele>
   </trkpt>
   <trkpt lat="46.1165400" lon="7.3820140">
    <ele>2175.0</ele>
   </trkpt>
   <trkpt lat="46.1165330" lon="7.3820220">
    <ele>2175.0</ele>
   </trkpt>
   <trkpt lat="46.1165270" lon="7.3820290">
    <ele>2175.0</ele>
   </trkpt>
   <trkpt lat="46.1165200" lon="7.3820370">
    <ele>2175.0</ele>
   </trkpt>
   <trkpt lat="46.1165060" lon="7.3820660">
    <ele>2175.0</ele>
   </trkpt>
   <trkpt lat="46.1165030" lon="7.3820770">
    <ele>2175.0</ele>
   </trkpt>
   <trkpt lat="46.1165010" lon="7.3820880">
    <ele>2176.0</ele>
   </trkpt>
   <trkpt lat="46.1164980" lon="7.3821000">
    <ele>2176.0</ele>
   </trkpt>
   <trkpt lat="46.1164930" lon="7.3821350">
    <ele>2176.0</ele>
   </trkpt>
   <trkpt lat="46.1164920" lon="7.3821480">
    <ele>2176.0</ele>
   </trkpt>
   <trkpt lat="46.1164920" lon="7.3821610">
    <ele>2177.0</ele>
   </trkpt>
   <trkpt lat="46.1164910" lon="7.3821730">
    <ele>2177.0</ele>
   </trkpt>
   <trkpt lat="46.1164890" lon="7.3822130">
    <ele>2178.0</ele>
   </trkpt>
   <trkpt lat="46.1164880" lon="7.3822260">
    <ele>2178.0</ele>
   </trkpt>
   <trkpt lat="46.1164870" lon="7.3822390">
    <ele>2179.0</ele>
   </trkpt>
   <trkpt lat="46.1164860" lon="7.3822520">
    <ele>2179.0</ele>
   </trkpt>
   <trkpt lat="46.1164800" lon="7.3823010">
    <ele>2179.0</ele>
   </trkpt>
   <trkpt lat="46.1164770" lon="7.3823180">
    <ele>2179.0</ele>
   </trkpt>
   <trkpt lat="46.1164740" lon="7.3823340">
    <ele>2179.0</ele>
   </trkpt>
   <trkpt lat="46.1164710" lon="7.3823510">
    <ele>2178.0</ele>
   </trkpt>
   <trkpt lat="46.1164590" lon="7.3824080">
    <ele>2178.0</ele>
   </trkpt>
   <trkpt lat="46.1164470" lon="7.3824460">
    <ele>2178.0</ele>
   </trkpt>
   <trkpt lat="46.1164350" lon="7.3824830">
    <ele>2178.0</ele>
   </trkpt>
   <trkpt lat="46.1164250" lon="7.3825160">
    <ele>2177.0</ele>
   </trkpt>
   <trkpt lat="46.1164150" lon="7.3825480">
    <ele>2177.0</ele>
   </trkpt>
   <trkpt lat="46.1164100" lon="7.3825660">
    <ele>2177.0</ele>
   </trkpt>
   <trkpt lat="46.1164040" lon="7.3825840">
    <ele>2177.0</ele>
   </trkpt>
   <trkpt lat="46.1163980" lon="7.3826020">
    <ele>2177.0</ele>
   </trkpt>
   <trkpt lat="46.1163880" lon="7.3826370">
    <ele>2177.0</ele>
   </trkpt>
   <trkpt lat="46.1163840" lon="7.3826460">
    <ele>2177.0</ele>
   </trkpt>
   <trkpt lat="46.1163800" lon="7.3826560">
    <ele>2177.0</ele>
   </trkpt>
   <trkpt lat="46.1163760" lon="7.3826660">
    <ele>2177.0</ele>
   </trkpt>
   <trkpt lat="46.1163650" lon="7.3826950">
    <ele>2177.0</ele>
   </trkpt>
   <trkpt lat="46.1163620" lon="7.3827040">
    <ele>2177.0</ele>
   </trkpt>
   <trkpt lat="46.1163580" lon="7.3827130">
    <ele>2177.0</ele>
   </trkpt>
   <trkpt lat="46.1163550" lon="7.3827230">
    <ele>2177.0</ele>
   </trkpt>
   <trkpt lat="46.1163480" lon="7.3827490">
    <ele>2177.0</ele>
   </trkpt>
   <trkpt lat="46.1163470" lon="7.3827590">
    <ele>2177.0</ele>
   </trkpt>
   <trkpt lat="46.1163460" lon="7.3827690">
    <ele>2178.0</ele>
   </trkpt>
   <trkpt lat="46.1163450" lon="7.3827800">
    <ele>2178.0</ele>
   </trkpt>
   <trkpt lat="46.1163390" lon="7.3828130">
    <ele>2178.0</ele>
   </trkpt>
   <trkpt lat="46.1163350" lon="7.3828240">
    <ele>2178.0</ele>
   </trkpt>
   <trkpt lat="46.1163310" lon="7.3828340">
    <ele>2179.0</ele>
   </trkpt>
   <trkpt lat="46.1163270" lon="7.3828450">
    <ele>2179.0</ele>
   </trkpt>
   <trkpt lat="46.1163130" lon="7.3828780">
    <ele>2179.0</ele>
   </trkpt>
   <trkpt lat="46.1163080" lon="7.3828900">
    <ele>2179.0</ele>
   </trkpt>
   <trkpt lat="46.1163020" lon="7.3829010">
    <ele>2180.0</ele>
   </trkpt>
   <trkpt lat="46.1162970" lon="7.3829120">
    <ele>2180.0</ele>
   </trkpt>
   <trkpt lat="46.1162830" lon="7.3829500">
    <ele>2180.0</ele>
   </trkpt>
   <trkpt lat="46.1162780" lon="7.3829620">
    <ele>2180.0</ele>
   </trkpt>
   <trkpt lat="46.1162740" lon="7.3829740">
    <ele>2181.0</ele>
   </trkpt>
   <trkpt lat="46.1162700" lon="7.3829860">
    <ele>2181.0</ele>
   </trkpt>
   <trkpt lat="46.1162540" lon="7.3830080">
    <ele>2181.0</ele>
   </trkpt>
   <trkpt lat="46.1162490" lon="7.3830130">
    <ele>2181.0</ele>
   </trkpt>
   <trkpt lat="46.1162430" lon="7.3830190">
    <ele>2182.0</ele>
   </trkpt>
   <trkpt lat="46.1162380" lon="7.3830240">
    <ele>2182.0</ele>
   </trkpt>
   <trkpt lat="46.1162210" lon="7.3830440">
    <ele>2182.0</ele>
   </trkpt>
   <trkpt lat="46.1162150" lon="7.3830510">
    <ele>2182.0</ele>
   </trkpt>
   <trkpt lat="46.1162090" lon="7.3830580">
    <ele>2183.0</ele>
   </trkpt>
   <trkpt lat="46.1162030" lon="7.3830660">
    <ele>2183.0</ele>
   </trkpt>
   <trkpt lat="46.1161860" lon="7.3830890">
    <ele>2183.0</ele>
   </trkpt>
   <trkpt lat="46.1161810" lon="7.3830980">
    <ele>2183.0</ele>
   </trkpt>
   <trkpt lat="46.1161760" lon="7.3831060">
    <ele>2184.0</ele>
   </trkpt>
   <trkpt lat="46.1161710" lon="7.3831150">
    <ele>2184.0</ele>
   </trkpt>
   <trkpt lat="46.1161550" lon="7.3831410">
    <ele>2184.0</ele>
   </trkpt>
   <trkpt lat="46.1161500" lon="7.3831490">
    <ele>2184.0</ele>
   </trkpt>
   <trkpt lat="46.1161460" lon="7.3831570">
    <ele>2185.0</ele>
   </trkpt>
   <trkpt lat="46.1161410" lon="7.3831660">
    <ele>2185.0</ele>
   </trkpt>
   <trkpt lat="46.1161240" lon="7.3831880">
    <ele>2185.0</ele>
   </trkpt>
   <trkpt lat="46.1161190" lon="7.3831950">
    <ele>2185.0</ele>
   </trkpt>
   <trkpt lat="46.1161140" lon="7.3832020">
    <ele>2186.0</ele>
   </trkpt>
   <trkpt lat="46.1161090" lon="7.3832100">
    <ele>2186.0</ele>
   </trkpt>
   <trkpt lat="46.1160930" lon="7.3832330">
    <ele>2186.0</ele>
   </trkpt>
   <trkpt lat="46.1160870" lon="7.3832400">
    <ele>2186.0</ele>
   </trkpt>
   <trkpt lat="46.1160810" lon="7.3832460">
    <ele>2187.0</ele>
   </trkpt>
   <trkpt lat="46.1160750" lon="7.3832530">
    <ele>2187.0</ele>
   </trkpt>
   <trkpt lat="46.1160570" lon="7.3832720">
    <ele>2187.0</ele>
   </trkpt>
   <trkpt lat="46.1160520" lon="7.3832760">
    <ele>2187.0</ele>
   </trkpt>
   <trkpt lat="46.1160470" lon="7.3832800">
    <ele>2188.0</ele>
   </trkpt>
   <trkpt lat="46.1160420" lon="7.3832840">
    <ele>2188.0</ele>
   </trkpt>
   <trkpt lat="46.1160280" lon="7.3832900">
    <ele>2188.0</ele>
   </trkpt>
   <trkpt lat="46.1160230" lon="7.3832910">
    <ele>2188.0</ele>
   </trkpt>
   <trkpt lat="46.1160180" lon="7.3832930">
    <ele>2189.0</ele>
   </trkpt>
   <trkpt lat="46.1160130" lon="7.3832950">
    <ele>2189.0</ele>
   </trkpt>
   <trkpt lat="46.1160000" lon="7.3832950">
    <ele>2189.0</ele>
   </trkpt>
   <trkpt lat="46.1159960" lon="7.3832930">
    <ele>2189.0</ele>
   </trkpt>
   <trkpt lat="46.1159920" lon="7.3832910">
    <ele>2190.0</ele>
   </trkpt>
   <trkpt lat="46.1159880" lon="7.3832900">
    <ele>2190.0</ele>
   </trkpt>
   <trkpt lat="46.1159740" lon="7.3832910">
    <ele>2190.0</ele>
   </trkpt>
   <trkpt lat="46.1159680" lon="7.3832920">
    <ele>2190.0</ele>
   </trkpt>
   <trkpt lat="46.1159620" lon="7.3832920">
    <ele>2191.0</ele>
   </trkpt>
   <trkpt lat="46.1159560" lon="7.3832930">
    <ele>2191.0</ele>
   </trkpt>
   <trkpt lat="46.1159350" lon="7.3832980">
    <ele>2191.0</ele>
   </trkpt>
   <trkpt lat="46.1159280" lon="7.3833000">
    <ele>2191.0</ele>
   </trkpt>
   <trkpt lat="46.1159200" lon="7.3833020">
    <ele>2192.0</ele>
   </trkpt>
   <trkpt lat="46.1159130" lon="7.3833040">
    <ele>2192.0</ele>
   </trkpt>
   <trkpt lat="46.1158910" lon="7.3833120">
    <ele>2192.0</ele>
   </trkpt>
   <trkpt lat="46.1158840" lon="7.3833160">
    <ele>2192.0</ele>
   </trkpt>
   <trkpt lat="46.1158770" lon="7.3833200">
    <ele>2193.0</ele>
   </trkpt>
   <trkpt lat="46.1158700" lon="7.3833250">
    <ele>2193.0</ele>
   </trkpt>
   <trkpt lat="46.1158490" lon="7.3833410">
    <ele>2193.0</ele>
   </trkpt>
   <trkpt lat="46.1158420" lon="7.3833480">
    <ele>2193.0</ele>
   </trkpt>
   <trkpt lat="46.1158350" lon="7.3833550">
    <ele>2193.0</ele>
   </trkpt>
   <trkpt lat="46.1158280" lon="7.3833620">
    <ele>2193.0</ele>
   </trkpt>
   <trkpt lat="46.1158040" lon="7.3833860">
    <ele>2193.0</ele>
   </trkpt>
   <trkpt lat="46.1157960" lon="7.3833950">
    <ele>2193.0</ele>
   </trkpt>
   <trkpt lat="46.1157890" lon="7.3834030">
    <ele>2194.0</ele>
   </trkpt>
   <trkpt lat="46.1157820" lon="7.3834120">
    <ele>2194.0</ele>
   </trkpt>
   <trkpt lat="46.1157640" lon="7.3834340">
    <ele>2194.0</ele>
   </trkpt>
   <trkpt lat="46.1157590" lon="7.3834400">
    <ele>2194.0</ele>
   </trkpt>
   <trkpt lat="46.1157530" lon="7.3834460">
    <ele>2194.0</ele>
   </trkpt>
   <trkpt lat="46.1157480" lon="7.3834520">
    <ele>2194.0</ele>
   </trkpt>
   <trkpt lat="46.1157310" lon="7.3834720">
    <ele>2194.0</ele>
   </trkpt>
   <trkpt lat="46.1157240" lon="7.3834780">
    <ele>2194.0</ele>
   </trkpt>
   <trkpt lat="46.1157170" lon="7.3834840">
    <ele>2195.0</ele>
   </trkpt>
   <trkpt lat="46.1157100" lon="7.3834910">
    <ele>2195.0</ele>
   </trkpt>
   <trkpt lat="46.1156870" lon="7.3835100">
    <ele>2195.0</ele>
   </trkpt>
   <trkpt lat="46.1156790" lon="7.3835160">
    <ele>2195.0</ele>
   </trkpt>
   <trkpt lat="46.1156710" lon="7.3835220">
    <ele>2196.0</ele>
   </trkpt>
   <trkpt lat="46.1156630" lon="7.3835280">
    <ele>2196.0</ele>
   </trkpt>
   <trkpt lat="46.1156290" lon="7.3835530">
    <ele>2196.0</ele>
   </trkpt>
   <trkpt lat="46.1156170" lon="7.3835650">
    <ele>2196.0</ele>
   </trkpt>
   <trkpt lat="46.1156040" lon="7.3835780">
    <ele>2196.0</ele>
   </trkpt>
   <trkpt lat="46.1155910" lon="7.3835910">
    <ele>2196.0</ele>
   </trkpt>
   <trkpt lat="46.1155530" lon="7.3836330">
    <ele>2196.0</ele>
   </trkpt>
   <trkpt lat="46.1155380" lon="7.3836450">
    <ele>2196.0</ele>
   </trkpt>
   <trkpt lat="46.1155230" lon="7.3836560">
    <ele>2197.0</ele>
   </trkpt>
   <trkpt lat="46.1155070" lon="7.3836680">
    <ele>2196.0</ele>
   </trkpt>
   <trkpt lat="46.1154930" lon="7.3836760">
    <ele>2196.0</ele>
   </trkpt>
   <trkpt lat="46.1154780" lon="7.3836830">
    <ele>2196.0</ele>
   </trkpt>
   <trkpt lat="46.1154630" lon="7.3836900">
    <ele>2196.0</ele>
   </trkpt>
   <trkpt lat="46.1154290" lon="7.3837080">
    <ele>2196.0</ele>
   </trkpt>
   <trkpt lat="46.1154200" lon="7.3837130">
    <ele>2196.0</ele>
   </trkpt>
   <trkpt lat="46.1154100" lon="7.3837180">
    <ele>2196.0</ele>
   </trkpt>
   <trkpt lat="46.1154010" lon="7.3837230">
    <ele>2197.0</ele>
   </trkpt>
   <trkpt lat="46.1153780" lon="7.3837380">
    <ele>2197.0</ele>
   </trkpt>
   <trkpt lat="46.1153710" lon="7.3837440">
    <ele>2197.0</ele>
   </trkpt>
   <trkpt lat="46.1153640" lon="7.3837500">
    <ele>2197.0</ele>
   </trkpt>
   <trkpt lat="46.1153570" lon="7.3837550">
    <ele>2197.0</ele>
   </trkpt>
   <trkpt lat="46.1153360" lon="7.3837660">
    <ele>2197.0</ele>
   </trkpt>
   <trkpt lat="46.1153290" lon="7.3837670">
    <ele>2197.0</ele>
   </trkpt>
   <trkpt lat="46.1153230" lon="7.3837690">
    <ele>2197.0</ele>
   </trkpt>
   <trkpt lat="46.1153160" lon="7.3837700">
    <ele>2198.0</ele>
   </trkpt>
   <trkpt lat="46.1152950" lon="7.3837700">
    <ele>2198.0</ele>
   </trkpt>
   <trkpt lat="46.1152890" lon="7.3837700">
    <ele>2198.0</ele>
   </trkpt>
   <trkpt lat="46.1152820" lon="7.3837690">
    <ele>2198.0</ele>
   </trkpt>
   <trkpt lat="46.1152760" lon="7.3837690">
    <ele>2199.0</ele>
   </trkpt>
   <trkpt lat="46.1152580" lon="7.3837700">
    <ele>2199.0</ele>
   </trkpt>
   <trkpt lat="46.1152520" lon="7.3837720">
    <ele>2199.0</ele>
   </trkpt>
   <trkpt lat="46.1152460" lon="7.3837740">
    <ele>2199.0</ele>
   </trkpt>
   <trkpt lat="46.1152400" lon="7.3837770">
    <ele>2200.0</ele>
   </trkpt>
   <trkpt lat="46.1152250" lon="7.3837860">
    <ele>2200.0</ele>
   </trkpt>
   <trkpt lat="46.1152200" lon="7.3837890">
    <ele>2201.0</ele>
   </trkpt>
   <trkpt lat="46.1152150" lon="7.3837920">
    <ele>2201.0</ele>
   </trkpt>
   <trkpt lat="46.1152110" lon="7.3837950">
    <ele>2202.0</ele>
   </trkpt>
   <trkpt lat="46.1151960" lon="7.3837990">
    <ele>2202.0</ele>
   </trkpt>
   <trkpt lat="46.1151910" lon="7.3837990">
    <ele>2202.0</ele>
   </trkpt>
   <trkpt lat="46.1151860" lon="7.3837990">
    <ele>2202.0</ele>
   </trkpt>
   <trkpt lat="46.1151810" lon="7.3837990">
    <ele>2203.0</ele>
   </trkpt>
   <trkpt lat="46.1151630" lon="7.3837980">
    <ele>2203.0</ele>
   </trkpt>
   <trkpt lat="46.1151560" lon="7.3837980">
    <ele>2203.0</ele>
   </trkpt>
   <trkpt lat="46.1151490" lon="7.3837980">
    <ele>2203.0</ele>
   </trkpt>
   <trkpt lat="46.1151420" lon="7.3837980">
    <ele>2204.0</ele>
   </trkpt>
   <trkpt lat="46.1151210" lon="7.3837980">
    <ele>2204.0</ele>
   </trkpt>
   <trkpt lat="46.1151140" lon="7.3837960">
    <ele>2204.0</ele>
   </trkpt>
   <trkpt lat="46.1151070" lon="7.3837940">
    <ele>2204.0</ele>
   </trkpt>
   <trkpt lat="46.1151000" lon="7.3837920">
    <ele>2205.0</ele>
   </trkpt>
   <trkpt lat="46.1150840" lon="7.3837850">
    <ele>2205.0</ele>
   </trkpt>
   <trkpt lat="46.1150790" lon="7.3837830">
    <ele>2205.0</ele>
   </trkpt>
   <trkpt lat="46.1150730" lon="7.3837820">
    <ele>2205.0</ele>
   </trkpt>
   <trkpt lat="46.1150680" lon="7.3837810">
    <ele>2205.0</ele>
   </trkpt>
   <trkpt lat="46.1150520" lon="7.3837790">
    <ele>2205.0</ele>
   </trkpt>
   <trkpt lat="46.1150460" lon="7.3837790">
    <ele>2205.0</ele>
   </trkpt>
   <trkpt lat="46.1150400" lon="7.3837790">
    <ele>2205.0</ele>
   </trkpt>
   <trkpt lat="46.1150340" lon="7.3837790">
    <ele>2206.0</ele>
   </trkpt>
   <trkpt lat="46.1150150" lon="7.3837820">
    <ele>2206.0</ele>
   </trkpt>
   <trkpt lat="46.1150080" lon="7.3837840">
    <ele>2206.0</ele>
   </trkpt>
   <trkpt lat="46.1150010" lon="7.3837870">
    <ele>2206.0</ele>
   </trkpt>
   <trkpt lat="46.1149940" lon="7.3837890">
    <ele>2207.0</ele>
   </trkpt>
   <trkpt lat="46.1149720" lon="7.3837960">
    <ele>2207.0</ele>
   </trkpt>
   <trkpt lat="46.1149650" lon="7.3837970">
    <ele>2207.0</ele>
   </trkpt>
   <trkpt lat="46.1149580" lon="7.3837980">
    <ele>2207.0</ele>
   </trkpt>
   <trkpt lat="46.1149510" lon="7.3837990">
    <ele>2207.0</ele>
   </trkpt>
   <trkpt lat="46.1149330" lon="7.3837950">
    <ele>2207.0</ele>
   </trkpt>
   <trkpt lat="46.1149280" lon="7.3837920">
    <ele>2208.0</ele>
   </trkpt>
   <trkpt lat="46.1149230" lon="7.3837900">
    <ele>2208.0</ele>
   </trkpt>
   <trkpt lat="46.1149180" lon="7.3837870">
    <ele>2209.0</ele>
   </trkpt>
   <trkpt lat="46.1149040" lon="7.3837740">
    <ele>2209.0</ele>
   </trkpt>
   <trkpt lat="46.1148990" lon="7.3837730">
    <ele>2209.0</ele>
   </trkpt>
   <trkpt lat="46.1148950" lon="7.3837710">
    <ele>2209.0</ele>
   </trkpt>
   <trkpt lat="46.1148910" lon="7.3837700">
    <ele>2210.0</ele>
   </trkpt>
   <trkpt lat="46.1148750" lon="7.3837770">
    <ele>2210.0</ele>
   </trkpt>
   <trkpt lat="46.1148700" lon="7.3837800">
    <ele>2210.0</ele>
   </trkpt>
   <trkpt lat="46.1148640" lon="7.3837840">
    <ele>2210.0</ele>
   </trkpt>
   <trkpt lat="46.1148590" lon="7.3837870">
    <ele>2211.0</ele>
   </trkpt>
   <trkpt lat="46.1148500" lon="7.3837930">
    <ele>2211.0</ele>
   </trkpt>
   <trkpt lat="46.1148450" lon="7.3837940">
    <ele>2211.0</ele>
   </trkpt>
   <trkpt lat="46.1148400" lon="7.3837950">
    <ele>2211.0</ele>
   </trkpt>
   <trkpt lat="46.1148360" lon="7.3837960">
    <ele>2212.0</ele>
   </trkpt>
   <trkpt lat="46.1148160" lon="7.3837990">
    <ele>2212.0</ele>
   </trkpt>
   <trkpt lat="46.1148050" lon="7.3838030">
    <ele>2212.0</ele>
   </trkpt>
   <trkpt lat="46.1147940" lon="7.3838070">
    <ele>2212.0</ele>
   </trkpt>
   <trkpt lat="46.1147830" lon="7.3838100">
    <ele>2213.0</ele>
   </trkpt>
   <trkpt lat="46.1147530" lon="7.3838210">
    <ele>2213.0</ele>
   </trkpt>
   <trkpt lat="46.1147440" lon="7.3838240">
    <ele>2213.0</ele>
   </trkpt>
   <trkpt lat="46.1147350" lon="7.3838260">
    <ele>2213.0</ele>
   </trkpt>
   <trkpt lat="46.1147270" lon="7.3838290">
    <ele>2214.0</ele>
   </trkpt>
   <trkpt lat="46.1147040" lon="7.3838340">
    <ele>2214.0</ele>
   </trkpt>
   <trkpt lat="46.1146970" lon="7.3838360">
    <ele>2214.0</ele>
   </trkpt>
   <trkpt lat="46.1146910" lon="7.3838380">
    <ele>2214.0</ele>
   </trkpt>
   <trkpt lat="46.1146840" lon="7.3838400">
    <ele>2214.0</ele>
   </trkpt>
   <trkpt lat="46.1146650" lon="7.3838520">
    <ele>2214.0</ele>
   </trkpt>
   <trkpt lat="46.1146570" lon="7.3838560">
    <ele>2214.0</ele>
   </trkpt>
   <trkpt lat="46.1146500" lon="7.3838610">
    <ele>2214.0</ele>
   </trkpt>
   <trkpt lat="46.1146420" lon="7.3838660">
    <ele>2215.0</ele>
   </trkpt>
   <trkpt lat="46.1146190" lon="7.3838830">
    <ele>2215.0</ele>
   </trkpt>
   <trkpt lat="46.1146130" lon="7.3838900">
    <ele>2215.0</ele>
   </trkpt>
   <trkpt lat="46.1146070" lon="7.3838980">
    <ele>2215.0</ele>
   </trkpt>
   <trkpt lat="46.1146010" lon="7.3839050">
    <ele>2216.0</ele>
   </trkpt>
   <trkpt lat="46.1145840" lon="7.3839280">
    <ele>2216.0</ele>
   </trkpt>
   <trkpt lat="46.1145780" lon="7.3839350">
    <ele>2216.0</ele>
   </trkpt>
   <trkpt lat="46.1145730" lon="7.3839430">
    <ele>2216.0</ele>
   </trkpt>
   <trkpt lat="46.1145670" lon="7.3839510">
    <ele>2216.0</ele>
   </trkpt>
   <trkpt lat="46.1145500" lon="7.3839710">
    <ele>2216.0</ele>
   </trkpt>
   <trkpt lat="46.1145450" lon="7.3839760">
    <ele>2216.0</ele>
   </trkpt>
   <trkpt lat="46.1145410" lon="7.3839820">
    <ele>2216.0</ele>
   </trkpt>
   <trkpt lat="46.1145360" lon="7.3839870">
    <ele>2217.0</ele>
   </trkpt>
   <trkpt lat="46.1145310" lon="7.3839910">
    <ele>2217.0</ele>
   </trkpt>
   <trkpt lat="46.1145270" lon="7.3839940">
    <ele>2217.0</ele>
   </trkpt>
   <trkpt lat="46.1145220" lon="7.3839980">
    <ele>2217.0</ele>
   </trkpt>
   <trkpt lat="46.1145110" lon="7.3840120">
    <ele>2218.0</ele>
   </trkpt>
   <trkpt lat="46.1145070" lon="7.3840170">
    <ele>2218.0</ele>
   </trkpt>
   <trkpt lat="46.1145030" lon="7.3840230">
    <ele>2218.0</ele>
   </trkpt>
   <trkpt lat="46.1145000" lon="7.3840290">
    <ele>2218.0</ele>
   </trkpt>
   <trkpt lat="46.1144890" lon="7.3840500">
    <ele>2219.0</ele>
   </trkpt>
   <trkpt lat="46.1144850" lon="7.3840540">
    <ele>2219.0</ele>
   </trkpt>
   <trkpt lat="46.1144810" lon="7.3840590">
    <ele>2219.0</ele>
   </trkpt>
   <trkpt lat="46.1144770" lon="7.3840630">
    <ele>2219.0</ele>
   </trkpt>
   <trkpt lat="46.1144650" lon="7.3840630">
    <ele>2220.0</ele>
   </trkpt>
   <trkpt lat="46.1144610" lon="7.3840640">
    <ele>2220.0</ele>
   </trkpt>
   <trkpt lat="46.1144570" lon="7.3840660">
    <ele>2220.0</ele>
   </trkpt>
   <trkpt lat="46.1144530" lon="7.3840670">
    <ele>2220.0</ele>
   </trkpt>
   <trkpt lat="46.1144450" lon="7.3840820">
    <ele>2221.0</ele>
   </trkpt>
   <trkpt lat="46.1144420" lon="7.3840900">
    <ele>2221.0</ele>
   </trkpt>
   <trkpt lat="46.1144380" lon="7.3840980">
    <ele>2221.0</ele>
   </trkpt>
   <trkpt lat="46.1144350" lon="7.3841060">
    <ele>2221.0</ele>
   </trkpt>
   <trkpt lat="46.1144260" lon="7.3841380">
    <ele>2222.0</ele>
   </trkpt>
   <trkpt lat="46.1144230" lon="7.3841480">
    <ele>2222.0</ele>
   </trkpt>
   <trkpt lat="46.1144200" lon="7.3841580">
    <ele>2222.0</ele>
   </trkpt>
   <trkpt lat="46.1144170" lon="7.3841680">
    <ele>2222.0</ele>
   </trkpt>
   <trkpt lat="46.1144020" lon="7.3841880">
    <ele>2223.0</ele>
   </trkpt>
   <trkpt lat="46.1143960" lon="7.3841900">
    <ele>2223.0</ele>
   </trkpt>
   <trkpt lat="46.1143890" lon="7.3841910">
    <ele>2223.0</ele>
   </trkpt>
   <trkpt lat="46.1143820" lon="7.3841930">
    <ele>2223.0</ele>
   </trkpt>
   <trkpt lat="46.1143590" lon="7.3841870">
    <ele>2224.0</ele>
   </trkpt>
   <trkpt lat="46.1143520" lon="7.3841830">
    <ele>2224.0</ele>
   </trkpt>
   <trkpt lat="46.1143440" lon="7.3841790">
    <ele>2224.0</ele>
   </trkpt>
   <trkpt lat="46.1143370" lon="7.3841750">
    <ele>2224.0</ele>
   </trkpt>
   <trkpt lat="46.1143170" lon="7.3841640">
    <ele>2225.0</ele>
   </trkpt>
   <trkpt lat="46.1143080" lon="7.3841600">
    <ele>2225.0</ele>
   </trkpt>
   <trkpt lat="46.1143000" lon="7.3841560">
    <ele>2225.0</ele>
   </trkpt>
   <trkpt lat="46.1142920" lon="7.3841510">
    <ele>2225.0</ele>
   </trkpt>
   <trkpt lat="46.1142660" lon="7.3841320">
    <ele>2226.0</ele>
   </trkpt>
   <trkpt lat="46.1142560" lon="7.3841230">
    <ele>2226.0</ele>
   </trkpt>
   <trkpt lat="46.1142450" lon="7.3841140">
    <ele>2226.0</ele>
   </trkpt>
   <trkpt lat="46.1142350" lon="7.3841050">
    <ele>2226.0</ele>
   </trkpt>
   <trkpt lat="46.1141970" lon="7.3840740">
    <ele>2226.0</ele>
   </trkpt>
   <trkpt lat="46.1141770" lon="7.3840640">
    <ele>2225.0</ele>
   </trkpt>
   <trkpt lat="46.1141570" lon="7.3840530">
    <ele>2225.0</ele>
   </trkpt>
   <trkpt lat="46.1141280" lon="7.3840390">
    <ele>2225.0</ele>
   </trkpt>
   <trkpt lat="46.1141000" lon="7.3840240">
    <ele>2225.0</ele>
   </trkpt>
   <trkpt lat="46.1140860" lon="7.3840210">
    <ele>2224.0</ele>
   </trkpt>
   <trkpt lat="46.1140710" lon="7.3840170">
    <ele>2224.0</ele>
   </trkpt>
   <trkpt lat="46.1140570" lon="7.3840130">
    <ele>2224.0</ele>
   </trkpt>
   <trkpt lat="46.1140140" lon="7.3840030">
    <ele>2224.0</ele>
   </trkpt>
   <trkpt lat="46.1139960" lon="7.3839980">
    <ele>2223.0</ele>
   </trkpt>
   <trkpt lat="46.1139780" lon="7.3839930">
    <ele>2222.0</ele>
   </trkpt>
   <trkpt lat="46.1139600" lon="7.3839880">
    <ele>2221.0</ele>
   </trkpt>
   <trkpt lat="46.1139060" lon="7.3839650">
    <ele>2221.0</ele>
   </trkpt>
   <trkpt lat="46.1138890" lon="7.3839560">
    <ele>2220.0</ele>
   </trkpt>
   <trkpt lat="46.1138720" lon="7.3839470">
    <ele>2220.0</ele>
   </trkpt>
   <trkpt lat="46.1138550" lon="7.3839370">
    <ele>2219.0</ele>
   </trkpt>
   <trkpt lat="46.1138000" lon="7.3839080">
    <ele>2219.0</ele>
   </trkpt>
   <trkpt lat="46.1137800" lon="7.3838990">
    <ele>2218.0</ele>
   </trkpt>
   <trkpt lat="46.1137600" lon="7.3838900">
    <ele>2217.0</ele>
   </trkpt>
   <trkpt lat="46.1137400" lon="7.3838820">
    <ele>2216.0</ele>
   </trkpt>
   <trkpt lat="46.1136790" lon="7.3838530">
    <ele>2216.0</ele>
   </trkpt>
   <trkpt lat="46.1136610" lon="7.3838460">
    <ele>2215.0</ele>
   </trkpt>
   <trkpt lat="46.1136420" lon="7.3838390">
    <ele>2215.0</ele>
   </trkpt>
   <trkpt lat="46.1136240" lon="7.3838320">
    <ele>2214.0</ele>
   </trkpt>
   <trkpt lat="46.1135790" lon="7.3838290">
    <ele>2214.0</ele>
   </trkpt>
   <trkpt lat="46.1135580" lon="7.3838350">
    <ele>2213.0</ele>
   </trkpt>
   <trkpt lat="46.1135370" lon="7.3838410">
    <ele>2213.0</ele>
   </trkpt>
   <trkpt lat="46.1135080" lon="7.3838490">
    <ele>2212.0</ele>
   </trkpt>
   <trkpt lat="46.1134790" lon="7.3838570">
    <ele>2212.0</ele>
   </trkpt>
   <trkpt lat="46.1134600" lon="7.3838560">
    <ele>2211.0</ele>
   </trkpt>
   <trkpt lat="46.1134410" lon="7.3838550">
    <ele>2211.0</ele>
   </trkpt>
   <trkpt lat="46.1134230" lon="7.3838550">
    <ele>2210.0</ele>
   </trkpt>
   <trkpt lat="46.1133730" lon="7.3838360">
    <ele>2210.0</ele>
   </trkpt>
   <trkpt lat="46.1133590" lon="7.3838290">
    <ele>2209.0</ele>
   </trkpt>
   <trkpt lat="46.1133440" lon="7.3838220">
    <ele>2209.0</ele>
   </trkpt>
   <trkpt lat="46.1133290" lon="7.3838150">
    <ele>2209.0</ele>
   </trkpt>
   <trkpt lat="46.1132870" lon="7.3837960">
    <ele>2209.0</ele>
   </trkpt>
   <trkpt lat="46.1132650" lon="7.3837880">
    <ele>2208.0</ele>
   </trkpt>
   <trkpt lat="46.1132430" lon="7.3837800">
    <ele>2208.0</ele>
   </trkpt>
   <trkpt lat="46.1132160" lon="7.3837710">
    <ele>2208.0</ele>
   </trkpt>
   <trkpt lat="46.1131900" lon="7.3837610">
    <ele>2208.0</ele>
   </trkpt>
   <trkpt lat="46.1131740" lon="7.3837540">
    <ele>2207.0</ele>
   </trkpt>
   <trkpt lat="46.1131580" lon="7.3837460">
    <ele>2207.0</ele>
   </trkpt>
   <trkpt lat="46.1131430" lon="7.3837390">
    <ele>2207.0</ele>
   </trkpt>
   <trkpt lat="46.1130970" lon="7.3837230">
    <ele>2207.0</ele>
   </trkpt>
   <trkpt lat="46.1130810" lon="7.3837190">
    <ele>2206.0</ele>
   </trkpt>
   <trkpt lat="46.1130640" lon="7.3837150">
    <ele>2206.0</ele>
   </trkpt>
   <trkpt lat="46.1130480" lon="7.3837120">
    <ele>2206.0</ele>
   </trkpt>
   <trkpt lat="46.1129990" lon="7.3837070">
    <ele>2206.0</ele>
   </trkpt>
   <trkpt lat="46.1129820" lon="7.3837030">
    <ele>2205.0</ele>
   </trkpt>
   <trkpt lat="46.1129650" lon="7.3836990">
    <ele>2205.0</ele>
   </trkpt>
   <trkpt lat="46.1129490" lon="7.3836960">
    <ele>2204.0</ele>
   </trkpt>
   <trkpt lat="46.1129000" lon="7.3836770">
    <ele>2204.0</ele>
   </trkpt>
   <trkpt lat="46.1128830" lon="7.3836680">
    <ele>2203.0</ele>
   </trkpt>
   <trkpt lat="46.1128600" lon="7.3836570">
    <ele>2203.0</ele>
   </trkpt>
   <trkpt lat="46.1128270" lon="7.3836420">
    <ele>2202.0</ele>
   </trkpt>
   <trkpt lat="46.1127940" lon="7.3836270">
    <ele>2202.0</ele>
   </trkpt>
   <trkpt lat="46.1127780" lon="7.3836230">
    <ele>2201.0</ele>
   </trkpt>
   <trkpt lat="46.1127620" lon="7.3836200">
    <ele>2201.0</ele>
   </trkpt>
   <trkpt lat="46.1127460" lon="7.3836160">
    <ele>2201.0</ele>
   </trkpt>
   <trkpt lat="46.1127000" lon="7.3836110">
    <ele>2201.0</ele>
   </trkpt>
   <trkpt lat="46.1126830" lon="7.3836090">
    <ele>2200.0</ele>
   </trkpt>
   <trkpt lat="46.1126650" lon="7.3836060">
    <ele>2200.0</ele>
   </trkpt>
   <trkpt lat="46.1126280" lon="7.3836040">
    <ele>2199.0</ele>
   </trkpt>
   <trkpt lat="46.1125910" lon="7.3836020">
    <ele>2199.0</ele>
   </trkpt>
   <trkpt lat="46.1125730" lon="7.3836090">
    <ele>2198.0</ele>
   </trkpt>
   <trkpt lat="46.1125550" lon="7.3836160">
    <ele>2198.0</ele>
   </trkpt>
   <trkpt lat="46.1125370" lon="7.3836230">
    <ele>2197.0</ele>
   </trkpt>
   <trkpt lat="46.1124950" lon="7.3836460">
    <ele>2197.0</ele>
   </trkpt>
   <trkpt lat="46.1124840" lon="7.3836490">
    <ele>2196.0</ele>
   </trkpt>
   <trkpt lat="46.1124730" lon="7.3836520">
    <ele>2196.0</ele>
   </trkpt>
   <trkpt lat="46.1124610" lon="7.3836560">
    <ele>2196.0</ele>
   </trkpt>
   <trkpt lat="46.1124300" lon="7.3836580">
    <ele>2196.0</ele>
   </trkpt>
   <trkpt lat="46.1124170" lon="7.3836600">
    <ele>2196.0</ele>
   </trkpt>
   <trkpt lat="46.1124050" lon="7.3836620">
    <ele>2196.0</ele>
   </trkpt>
   <trkpt lat="46.1123920" lon="7.3836640">
    <ele>2196.0</ele>
   </trkpt>
   <trkpt lat="46.1123500" lon="7.3836670">
    <ele>2196.0</ele>
   </trkpt>
   <trkpt lat="46.1123290" lon="7.3836730">
    <ele>2195.0</ele>
   </trkpt>
   <trkpt lat="46.1123080" lon="7.3836790">
    <ele>2195.0</ele>
   </trkpt>
   <trkpt lat="46.1122770" lon="7.3836890">
    <ele>2195.0</ele>
   </trkpt>
   <trkpt lat="46.1122460" lon="7.3836980">
    <ele>2195.0</ele>
   </trkpt>
   <trkpt lat="46.1122250" lon="7.3837070">
    <ele>2194.0</ele>
   </trkpt>
   <trkpt lat="46.1122030" lon="7.3837170">
    <ele>2194.0</ele>
   </trkpt>
   <trkpt lat="46.1121820" lon="7.3837260">
    <ele>2193.0</ele>
   </trkpt>
   <trkpt lat="46.1121160" lon="7.3837480">
    <ele>2193.0</ele>
   </trkpt>
   <trkpt lat="46.1121000" lon="7.3837570">
    <ele>2192.0</ele>
   </trkpt>
   <trkpt lat="46.1120830" lon="7.3837660">
    <ele>2192.0</ele>
   </trkpt>
   <trkpt lat="46.1120670" lon="7.3837750">
    <ele>2192.0</ele>
   </trkpt>
   <trkpt lat="46.1120310" lon="7.3838100">
    <ele>2192.0</ele>
   </trkpt>
   <trkpt lat="46.1120190" lon="7.3838210">
    <ele>2192.0</ele>
   </trkpt>
   <trkpt lat="46.1120070" lon="7.3838320">
    <ele>2192.0</ele>
   </trkpt>
   <trkpt lat="46.1119950" lon="7.3838430">
    <ele>2192.0</ele>
   </trkpt>
   <trkpt lat="46.1119560" lon="7.3838630">
    <ele>2192.0</ele>
   </trkpt>
   <trkpt lat="46.1119420" lon="7.3838670">
    <ele>2192.0</ele>
   </trkpt>
   <trkpt lat="46.1119290" lon="7.3838700">
    <ele>2192.0</ele>
   </trkpt>
   <trkpt lat="46.1119150" lon="7.3838730">
    <ele>2192.0</ele>
   </trkpt>
   <trkpt lat="46.1118710" lon="7.3838800">
    <ele>2193.0</ele>
   </trkpt>
   <trkpt lat="46.1118560" lon="7.3838820">
    <ele>2193.0</ele>
   </trkpt>
   <trkpt lat="46.1118420" lon="7.3838830">
    <ele>2193.0</ele>
   </trkpt>
   <trkpt lat="46.1118270" lon="7.3838850">
    <ele>2193.0</ele>
   </trkpt>
   <trkpt lat="46.1117840" lon="7.3838960">
    <ele>2193.0</ele>
   </trkpt>
   <trkpt lat="46.1117680" lon="7.3839000">
    <ele>2193.0</ele>
   </trkpt>
   <trkpt lat="46.1117530" lon="7.3839050">
    <ele>2193.0</ele>
   </trkpt>
   <trkpt lat="46.1117380" lon="7.3839090">
    <ele>2193.0</ele>
   </trkpt>
   <trkpt lat="46.1117020" lon="7.3839110">
    <ele>2194.0</ele>
   </trkpt>
   <trkpt lat="46.1116940" lon="7.3839110">
    <ele>2194.0</ele>
   </trkpt>
   <trkpt lat="46.1116850" lon="7.3839100">
    <ele>2194.0</ele>
   </trkpt>
   <trkpt lat="46.1116760" lon="7.3839090">
    <ele>2194.0</ele>
   </trkpt>
   <trkpt lat="46.1116520" lon="7.3839070">
    <ele>2195.0</ele>
   </trkpt>
   <trkpt lat="46.1116440" lon="7.3839050">
    <ele>2195.0</ele>
   </trkpt>
   <trkpt lat="46.1116350" lon="7.3839030">
    <ele>2195.0</ele>
   </trkpt>
   <trkpt lat="46.1116270" lon="7.3839010">
    <ele>2195.0</ele>
   </trkpt>
   <trkpt lat="46.1116010" lon="7.3838910">
    <ele>2196.0</ele>
   </trkpt>
   <trkpt lat="46.1115910" lon="7.3838880">
    <ele>2196.0</ele>
   </trkpt>
   <trkpt lat="46.1115820" lon="7.3838860">
    <ele>2196.0</ele>
   </trkpt>
   <trkpt lat="46.1115720" lon="7.3838830">
    <ele>2196.0</ele>
   </trkpt>
   <trkpt lat="46.1115350" lon="7.3838710">
    <ele>2196.0</ele>
   </trkpt>
   <trkpt lat="46.1115210" lon="7.3838660">
    <ele>2196.0</ele>
   </trkpt>
   <trkpt lat="46.1115070" lon="7.3838620">
    <ele>2196.0</ele>
   </trkpt>
   <trkpt lat="46.1114920" lon="7.3838570">
    <ele>2196.0</ele>
   </trkpt>
   <trkpt lat="46.1114450" lon="7.3838410">
    <ele>2197.0</ele>
   </trkpt>
   <trkpt lat="46.1114180" lon="7.3838290">
    <ele>2197.0</ele>
   </trkpt>
   <trkpt lat="46.1113910" lon="7.3838180">
    <ele>2197.0</ele>
   </trkpt>
   <trkpt lat="46.1113640" lon="7.3838060">
    <ele>2197.0</ele>
   </trkpt>
   <trkpt lat="46.1113370" lon="7.3837940">
    <ele>2197.0</ele>
   </trkpt>
   <trkpt lat="46.1113190" lon="7.3837810">
    <ele>2197.0</ele>
   </trkpt>
   <trkpt lat="46.1113000" lon="7.3837690">
    <ele>2197.0</ele>
   </trkpt>
   <trkpt lat="46.1112810" lon="7.3837560">
    <ele>2197.0</ele>
   </trkpt>
   <trkpt lat="46.1112320" lon="7.3837190">
    <ele>2197.0</ele>
   </trkpt>
   <trkpt lat="46.1112160" lon="7.3837100">
    <ele>2196.0</ele>
   </trkpt>
   <trkpt lat="46.1112010" lon="7.3837010">
    <ele>2196.0</ele>
   </trkpt>
   <trkpt lat="46.1111850" lon="7.3836910">
    <ele>2196.0</ele>
   </trkpt>
   <trkpt lat="46.1111370" lon="7.3836730">
    <ele>2196.0</ele>
   </trkpt>
   <trkpt lat="46.1111220" lon="7.3836680">
    <ele>2196.0</ele>
   </trkpt>
   <trkpt lat="46.1111080" lon="7.3836630">
    <ele>2196.0</ele>
   </trkpt>
   <trkpt lat="46.1110940" lon="7.3836580">
    <ele>2196.0</ele>
   </trkpt>
   <trkpt lat="46.1110610" lon="7.3836570">
    <ele>2196.0</ele>
   </trkpt>
   <trkpt lat="46.1110540" lon="7.3836600">
    <ele>2196.0</ele>
   </trkpt>
   <trkpt lat="46.1110460" lon="7.3836630">
    <ele>2196.0</ele>
   </trkpt>
   <trkpt lat="46.1110390" lon="7.3836670">
    <ele>2196.0</ele>
   </trkpt>
   <trkpt lat="46.1110160" lon="7.3836830">
    <ele>2196.0</ele>
   </trkpt>
   <trkpt lat="46.1110080" lon="7.3836900">
    <ele>2196.0</ele>
   </trkpt>
   <trkpt lat="46.1110010" lon="7.3836960">
    <ele>2196.0</ele>
   </trkpt>
   <trkpt lat="46.1109930" lon="7.3837020">
    <ele>2196.0</ele>
   </trkpt>
   <trkpt lat="46.1109720" lon="7.3837240">
    <ele>2197.0</ele>
   </trkpt>
   <trkpt lat="46.1109660" lon="7.3837310">
    <ele>2197.0</ele>
   </trkpt>
   <trkpt lat="46.1109590" lon="7.3837380">
    <ele>2197.0</ele>
   </trkpt>
   <trkpt lat="46.1109530" lon="7.3837450">
    <ele>2197.0</ele>
   </trkpt>
   <trkpt lat="46.1109300" lon="7.3837630">
    <ele>2198.0</ele>
   </trkpt>
   <trkpt lat="46.1109220" lon="7.3837670">
    <ele>2198.0</ele>
   </trkpt>
   <trkpt lat="46.1109130" lon="7.3837710">
    <ele>2198.0</ele>
   </trkpt>
   <trkpt lat="46.1109040" lon="7.3837750">
    <ele>2198.0</ele>
   </trkpt>
   <trkpt lat="46.1108740" lon="7.3837810">
    <ele>2199.0</ele>
   </trkpt>
   <trkpt lat="46.1108580" lon="7.3837920">
    <ele>2199.0</ele>
   </trkpt>
   <trkpt lat="46.1108410" lon="7.3838020">
    <ele>2199.0</ele>
   </trkpt>
   <trkpt lat="46.1108170" lon="7.3838180">
    <ele>2199.0</ele>
   </trkpt>
   <trkpt lat="46.1107920" lon="7.3838340">
    <ele>2199.0</ele>
   </trkpt>
   <trkpt lat="46.1107730" lon="7.3838430">
    <ele>2199.0</ele>
   </trkpt>
   <trkpt lat="46.1107540" lon="7.3838530">
    <ele>2199.0</ele>
   </trkpt>
   <trkpt lat="46.1107350" lon="7.3838620">
    <ele>2199.0</ele>
   </trkpt>
   <trkpt lat="46.1106740" lon="7.3838820">
    <ele>2199.0</ele>
   </trkpt>
   <trkpt lat="46.1106550" lon="7.3838860">
    <ele>2199.0</ele>
   </trkpt>
   <trkpt lat="46.1106370" lon="7.3838890">
    <ele>2199.0</ele>
   </trkpt>
   <trkpt lat="46.1106190" lon="7.3838930">
    <ele>2199.0</ele>
   </trkpt>
   <trkpt lat="46.1105730" lon="7.3838890">
    <ele>2199.0</ele>
   </trkpt>
   <trkpt lat="46.1105580" lon="7.3838890">
    <ele>2198.0</ele>
   </trkpt>
   <trkpt lat="46.1105440" lon="7.3838890">
    <ele>2198.0</ele>
   </trkpt>
   <trkpt lat="46.1105300" lon="7.3838890">
    <ele>2198.0</ele>
   </trkpt>
   <trkpt lat="46.1104850" lon="7.3839020">
    <ele>2198.0</ele>
   </trkpt>
   <trkpt lat="46.1104630" lon="7.3839130">
    <ele>2198.0</ele>
   </trkpt>
   <trkpt lat="46.1104420" lon="7.3839240">
    <ele>2198.0</ele>
   </trkpt>
   <trkpt lat="46.1104160" lon="7.3839370">
    <ele>2198.0</ele>
   </trkpt>
   <trkpt lat="46.1103900" lon="7.3839500">
    <ele>2198.0</ele>
   </trkpt>
   <trkpt lat="46.1103730" lon="7.3839590">
    <ele>2198.0</ele>
   </trkpt>
   <trkpt lat="46.1103560" lon="7.3839680">
    <ele>2198.0</ele>
   </trkpt>
   <trkpt lat="46.1103380" lon="7.3839770">
    <ele>2198.0</ele>
   </trkpt>
   <trkpt lat="46.1102860" lon="7.3839880">
    <ele>2199.0</ele>
   </trkpt>
   <trkpt lat="46.1102670" lon="7.3839860">
    <ele>2199.0</ele>
   </trkpt>
   <trkpt lat="46.1102490" lon="7.3839840">
    <ele>2199.0</ele>
   </trkpt>
   <trkpt lat="46.1102310" lon="7.3839830">
    <ele>2199.0</ele>
   </trkpt>
   <trkpt lat="46.1101720" lon="7.3839760">
    <ele>2199.0</ele>
   </trkpt>
   <trkpt lat="46.1101550" lon="7.3839740">
    <ele>2199.0</ele>
   </trkpt>
   <trkpt lat="46.1101380" lon="7.3839730">
    <ele>2199.0</ele>
   </trkpt>
   <trkpt lat="46.1101210" lon="7.3839710">
    <ele>2199.0</ele>
   </trkpt>
   <trkpt lat="46.1100860" lon="7.3839710">
    <ele>2200.0</ele>
   </trkpt>
   <trkpt lat="46.1100770" lon="7.3839710">
    <ele>2200.0</ele>
   </trkpt>
   <trkpt lat="46.1100680" lon="7.3839710">
    <ele>2200.0</ele>
   </trkpt>
   <trkpt lat="46.1100590" lon="7.3839710">
    <ele>2200.0</ele>
   </trkpt>
   <trkpt lat="46.1100230" lon="7.3839810">
    <ele>2200.0</ele>
   </trkpt>
   <trkpt lat="46.1100090" lon="7.3839880">
    <ele>2200.0</ele>
   </trkpt>
   <trkpt lat="46.1099940" lon="7.3839960">
    <ele>2200.0</ele>
   </trkpt>
   <trkpt lat="46.1099800" lon="7.3840030">
    <ele>2200.0</ele>
   </trkpt>
   <trkpt lat="46.1099450" lon="7.3840340">
    <ele>2200.0</ele>
   </trkpt>
   <trkpt lat="46.1099360" lon="7.3840440">
    <ele>2200.0</ele>
   </trkpt>
   <trkpt lat="46.1099280" lon="7.3840550">
    <ele>2200.0</ele>
   </trkpt>
   <trkpt lat="46.1099200" lon="7.3840650">
    <ele>2200.0</ele>
   </trkpt>
   <trkpt lat="46.1098960" lon="7.3840970">
    <ele>2200.0</ele>
   </trkpt>
   <trkpt lat="46.1098860" lon="7.3841110">
    <ele>2200.0</ele>
   </trkpt>
   <trkpt lat="46.1098760" lon="7.3841250">
    <ele>2200.0</ele>
   </trkpt>
   <trkpt lat="46.1098660" lon="7.3841390">
    <ele>2200.0</ele>
   </trkpt>
   <trkpt lat="46.1098320" lon="7.3841820">
    <ele>2200.0</ele>
   </trkpt>
   <trkpt lat="46.1098210" lon="7.3841940">
    <ele>2200.0</ele>
   </trkpt>
   <trkpt lat="46.1098110" lon="7.3842060">
    <ele>2200.0</ele>
   </trkpt>
   <trkpt lat="46.1098010" lon="7.3842180">
    <ele>2200.0</ele>
   </trkpt>
   <trkpt lat="46.1097730" lon="7.3842650">
    <ele>2201.0</ele>
   </trkpt>
   <trkpt lat="46.1097650" lon="7.3842800">
    <ele>2201.0</ele>
   </trkpt>
   <trkpt lat="46.1097560" lon="7.3842950">
    <ele>2201.0</ele>
   </trkpt>
   <trkpt lat="46.1097470" lon="7.3843100">
    <ele>2201.0</ele>
   </trkpt>
   <trkpt lat="46.1097300" lon="7.3843460">
    <ele>2201.0</ele>
   </trkpt>
   <trkpt lat="46.1097230" lon="7.3843540">
    <ele>2201.0</ele>
   </trkpt>
   <trkpt lat="46.1097170" lon="7.3843630">
    <ele>2201.0</ele>
   </trkpt>
   <trkpt lat="46.1097110" lon="7.3843720">
    <ele>2201.0</ele>
   </trkpt>
   <trkpt lat="46.1096890" lon="7.3843930">
    <ele>2202.0</ele>
   </trkpt>
   <trkpt lat="46.1096780" lon="7.3844010">
    <ele>2202.0</ele>
   </trkpt>
   <trkpt lat="46.1096680" lon="7.3844080">
    <ele>2202.0</ele>
   </trkpt>
   <trkpt lat="46.1096580" lon="7.3844160">
    <ele>2202.0</ele>
   </trkpt>
   <trkpt lat="46.1096160" lon="7.3844390">
    <ele>2203.0</ele>
   </trkpt>
   <trkpt lat="46.1096010" lon="7.3844480">
    <ele>2203.0</ele>
   </trkpt>
   <trkpt lat="46.1095870" lon="7.3844560">
    <ele>2203.0</ele>
   </trkpt>
   <trkpt lat="46.1095730" lon="7.3844650">
    <ele>2203.0</ele>
   </trkpt>
   <trkpt lat="46.1095390" lon="7.3844860">
    <ele>2203.0</ele>
   </trkpt>
   <trkpt lat="46.1095310" lon="7.3844910">
    <ele>2203.0</ele>
   </trkpt>
   <trkpt lat="46.1095220" lon="7.3844960">
    <ele>2203.0</ele>
   </trkpt>
   <trkpt lat="46.1095140" lon="7.3845010">
    <ele>2203.0</ele>
   </trkpt>
   <trkpt lat="46.1094930" lon="7.3845130">
    <ele>2204.0</ele>
   </trkpt>
   <trkpt lat="46.1094850" lon="7.3845170">
    <ele>2204.0</ele>
   </trkpt>
   <trkpt lat="46.1094770" lon="7.3845210">
    <ele>2204.0</ele>
   </trkpt>
   <trkpt lat="46.1094700" lon="7.3845250">
    <ele>2204.0</ele>
   </trkpt>
   <trkpt lat="46.1094400" lon="7.3845400">
    <ele>2204.0</ele>
   </trkpt>
   <trkpt lat="46.1094180" lon="7.3845450">
    <ele>2204.0</ele>
   </trkpt>
   <trkpt lat="46.1093970" lon="7.3845500">
    <ele>2204.0</ele>
   </trkpt>
   <trkpt lat="46.1093710" lon="7.3845550">
    <ele>2204.0</ele>
   </trkpt>
   <trkpt lat="46.1093450" lon="7.3845610">
    <ele>2205.0</ele>
   </trkpt>
   <trkpt lat="46.1093250" lon="7.3845660">
    <ele>2205.0</ele>
   </trkpt>
   <trkpt lat="46.1093050" lon="7.3845720">
    <ele>2205.0</ele>
   </trkpt>
   <trkpt lat="46.1092860" lon="7.3845770">
    <ele>2205.0</ele>
   </trkpt>
   <trkpt lat="46.1092250" lon="7.3846010">
    <ele>2205.0</ele>
   </trkpt>
   <trkpt lat="46.1092040" lon="7.3846100">
    <ele>2204.0</ele>
   </trkpt>
   <trkpt lat="46.1091830" lon="7.3846190">
    <ele>2204.0</ele>
   </trkpt>
   <trkpt lat="46.1091620" lon="7.3846270">
    <ele>2204.0</ele>
   </trkpt>
   <trkpt lat="46.1091020" lon="7.3846420">
    <ele>2204.0</ele>
   </trkpt>
   <trkpt lat="46.1090860" lon="7.3846440">
    <ele>2203.0</ele>
   </trkpt>
   <trkpt lat="46.1090700" lon="7.3846470">
    <ele>2203.0</ele>
   </trkpt>
   <trkpt lat="46.1090540" lon="7.3846490">
    <ele>2203.0</ele>
   </trkpt>
   <trkpt lat="46.1090070" lon="7.3846450">
    <ele>2203.0</ele>
   </trkpt>
   <trkpt lat="46.1089920" lon="7.3846410">
    <ele>2202.0</ele>
   </trkpt>
   <trkpt lat="46.1089770" lon="7.3846370">
    <ele>2202.0</ele>
   </trkpt>
   <trkpt lat="46.1089630" lon="7.3846320">
    <ele>2202.0</ele>
   </trkpt>
   <trkpt lat="46.1089140" lon="7.3846280">
    <ele>2202.0</ele>
   </trkpt>
   <trkpt lat="46.1088950" lon="7.3846290">
    <ele>2201.0</ele>
   </trkpt>
   <trkpt lat="46.1088760" lon="7.3846300">
    <ele>2201.0</ele>
   </trkpt>
   <trkpt lat="46.1088570" lon="7.3846310">
    <ele>2201.0</ele>
   </trkpt>
   <trkpt lat="46.1087930" lon="7.3846330">
    <ele>2201.0</ele>
   </trkpt>
   <trkpt lat="46.1087710" lon="7.3846330">
    <ele>2200.0</ele>
   </trkpt>
   <trkpt lat="46.1087490" lon="7.3846320">
    <ele>2200.0</ele>
   </trkpt>
   <trkpt lat="46.1087260" lon="7.3846320">
    <ele>2200.0</ele>
   </trkpt>
   <trkpt lat="46.1086590" lon="7.3846300">
    <ele>2200.0</ele>
   </trkpt>
   <trkpt lat="46.1086370" lon="7.3846300">
    <ele>2199.0</ele>
   </trkpt>
   <trkpt lat="46.1086150" lon="7.3846300">
    <ele>2199.0</ele>
   </trkpt>
   <trkpt lat="46.1085930" lon="7.3846300">
    <ele>2199.0</ele>
   </trkpt>
   <trkpt lat="46.1085350" lon="7.3846340">
    <ele>2199.0</ele>
   </trkpt>
   <trkpt lat="46.1085170" lon="7.3846370">
    <ele>2198.0</ele>
   </trkpt>
   <trkpt lat="46.1084990" lon="7.3846390">
    <ele>2198.0</ele>
   </trkpt>
   <trkpt lat="46.1084820" lon="7.3846410">
    <ele>2198.0</ele>
   </trkpt>
   <trkpt lat="46.1084350" lon="7.3846470">
    <ele>2198.0</ele>
   </trkpt>
   <trkpt lat="46.1084230" lon="7.3846500">
    <ele>2197.0</ele>
   </trkpt>
   <trkpt lat="46.1084100" lon="7.3846520">
    <ele>2197.0</ele>
   </trkpt>
   <trkpt lat="46.1083980" lon="7.3846550">
    <ele>2197.0</ele>
   </trkpt>
   <trkpt lat="46.1083610" lon="7.3846740">
    <ele>2197.0</ele>
   </trkpt>
   <trkpt lat="46.1083460" lon="7.3846810">
    <ele>2196.0</ele>
   </trkpt>
   <trkpt lat="46.1083320" lon="7.3846890">
    <ele>2196.0</ele>
   </trkpt>
   <trkpt lat="46.1083180" lon="7.3846970">
    <ele>2196.0</ele>
   </trkpt>
   <trkpt lat="46.1082780" lon="7.3847250">
    <ele>2196.0</ele>
   </trkpt>
   <trkpt lat="46.1082660" lon="7.3847340">
    <ele>2196.0</ele>
   </trkpt>
   <trkpt lat="46.1082540" lon="7.3847430">
    <ele>2196.0</ele>
   </trkpt>
   <trkpt lat="46.1082430" lon="7.3847520">
    <ele>2196.0</ele>
   </trkpt>
   <trkpt lat="46.1082110" lon="7.3847680">
    <ele>2196.0</ele>
   </trkpt>
   <trkpt lat="46.1082000" lon="7.3847720">
    <ele>2196.0</ele>
   </trkpt>
   <trkpt lat="46.1081880" lon="7.3847750">
    <ele>2196.0</ele>
   </trkpt>
   <trkpt lat="46.1081760" lon="7.3847780">
    <ele>2196.0</ele>
   </trkpt>
   <trkpt lat="46.1081360" lon="7.3847760">
    <ele>2197.0</ele>
   </trkpt>
   <trkpt lat="46.1081210" lon="7.3847730">
    <ele>2197.0</ele>
   </trkpt>
   <trkpt lat="46.1081070" lon="7.3847690">
    <ele>2197.0</ele>
   </trkpt>
   <trkpt lat="46.1080920" lon="7.3847660">
    <ele>2197.0</ele>
   </trkpt>
   <trkpt lat="46.1080500" lon="7.3847610">
    <ele>2197.0</ele>
   </trkpt>
   <trkpt lat="46.1080360" lon="7.3847630">
    <ele>2197.0</ele>
   </trkpt>
   <trkpt lat="46.1080220" lon="7.3847650">
    <ele>2197.0</ele>
   </trkpt>
   <trkpt lat="46.1080080" lon="7.3847670">
    <ele>2197.0</ele>
   </trkpt>
   <trkpt lat="46.1079660" lon="7.3847880">
    <ele>2197.0</ele>
   </trkpt>
   <trkpt lat="46.1079490" lon="7.3848080">
    <ele>2197.0</ele>
   </trkpt>
   <trkpt lat="46.1079310" lon="7.3848290">
    <ele>2197.0</ele>
   </trkpt>
   <trkpt lat="46.1079070" lon="7.3848570">
    <ele>2197.0</ele>
   </trkpt>
   <trkpt lat="46.1078820" lon="7.3848860">
    <ele>2197.0</ele>
   </trkpt>
   <trkpt lat="46.1078680" lon="7.3849030">
    <ele>2197.0</ele>
   </trkpt>
   <trkpt lat="46.1078540" lon="7.3849210">
    <ele>2197.0</ele>
   </trkpt>
   <trkpt lat="46.1078410" lon="7.3849390">
    <ele>2197.0</ele>
   </trkpt>
   <trkpt lat="46.1078040" lon="7.3849930">
    <ele>2197.0</ele>
   </trkpt>
   <trkpt lat="46.1077930" lon="7.3850090">
    <ele>2196.0</ele>
   </trkpt>
   <trkpt lat="46.1077820" lon="7.3850240">
    <ele>2196.0</ele>
   </trkpt>
   <trkpt lat="46.1077710" lon="7.3850400">
    <ele>2196.0</ele>
   </trkpt>
   <trkpt lat="46.1077390" lon="7.3850690">
    <ele>2196.0</ele>
   </trkpt>
   <trkpt lat="46.1077220" lon="7.3850730">
    <ele>2196.0</ele>
   </trkpt>
   <trkpt lat="46.1077040" lon="7.3850780">
    <ele>2196.0</ele>
   </trkpt>
   <trkpt lat="46.1076740" lon="7.3850850">
    <ele>2196.0</ele>
   </trkpt>
   <trkpt lat="46.1076440" lon="7.3850930">
    <ele>2196.0</ele>
   </trkpt>
   <trkpt lat="46.1076250" lon="7.3850950">
    <ele>2195.0</ele>
   </trkpt>
   <trkpt lat="46.1076070" lon="7.3850970">
    <ele>2195.0</ele>
   </trkpt>
   <trkpt lat="46.1075880" lon="7.3850990">
    <ele>2195.0</ele>
   </trkpt>
   <trkpt lat="46.1075350" lon="7.3851070">
    <ele>2195.0</ele>
   </trkpt>
   <trkpt lat="46.1075180" lon="7.3851090">
    <ele>2194.0</ele>
   </trkpt>
   <trkpt lat="46.1075020" lon="7.3851120">
    <ele>2194.0</ele>
   </trkpt>
   <trkpt lat="46.1074850" lon="7.3851140">
    <ele>2193.0</ele>
   </trkpt>
   <trkpt lat="46.1074400" lon="7.3851140">
    <ele>2193.0</ele>
   </trkpt>
   <trkpt lat="46.1074260" lon="7.3851080">
    <ele>2192.0</ele>
   </trkpt>
   <trkpt lat="46.1074120" lon="7.3851020">
    <ele>2192.0</ele>
   </trkpt>
   <trkpt lat="46.1073980" lon="7.3850970">
    <ele>2191.0</ele>
   </trkpt>
   <trkpt lat="46.1073560" lon="7.3850660">
    <ele>2191.0</ele>
   </trkpt>
   <trkpt lat="46.1073410" lon="7.3850570">
    <ele>2190.0</ele>
   </trkpt>
   <trkpt lat="46.1073260" lon="7.3850470">
    <ele>2190.0</ele>
   </trkpt>
   <trkpt lat="46.1073110" lon="7.3850370">
    <ele>2190.0</ele>
   </trkpt>
   <trkpt lat="46.1072610" lon="7.3850230">
    <ele>2190.0</ele>
   </trkpt>
   <trkpt lat="46.1072450" lon="7.3850230">
    <ele>2189.0</ele>
   </trkpt>
   <trkpt lat="46.1072290" lon="7.3850240">
    <ele>2189.0</ele>
   </trkpt>
   <trkpt lat="46.1072130" lon="7.3850240">
    <ele>2189.0</ele>
   </trkpt>
   <trkpt lat="46.1071720" lon="7.3850370">
    <ele>2189.0</ele>
   </trkpt>
   <trkpt lat="46.1071610" lon="7.3850440">
    <ele>2189.0</ele>
   </trkpt>
   <trkpt lat="46.1071500" lon="7.3850500">
    <ele>2189.0</ele>
   </trkpt>
   <trkpt lat="46.1071390" lon="7.3850570">
    <ele>2189.0</ele>
   </trkpt>
   <trkpt lat="46.1071090" lon="7.3850760">
    <ele>2189.0</ele>
   </trkpt>
   <trkpt lat="46.1070990" lon="7.3850830">
    <ele>2189.0</ele>
   </trkpt>
   <trkpt lat="46.1070890" lon="7.3850900">
    <ele>2189.0</ele>
   </trkpt>
   <trkpt lat="46.1070790" lon="7.3850970">
    <ele>2189.0</ele>
   </trkpt>
   <trkpt lat="46.1070460" lon="7.3851230">
    <ele>2190.0</ele>
   </trkpt>
   <trkpt lat="46.1070360" lon="7.3851300">
    <ele>2190.0</ele>
   </trkpt>
   <trkpt lat="46.1070260" lon="7.3851370">
    <ele>2190.0</ele>
   </trkpt>
   <trkpt lat="46.1070160" lon="7.3851450">
    <ele>2190.0</ele>
   </trkpt>
   <trkpt lat="46.1069930" lon="7.3851570">
    <ele>2191.0</ele>
   </trkpt>
   <trkpt lat="46.1069840" lon="7.3851620">
    <ele>2191.0</ele>
   </trkpt>
   <trkpt lat="46.1069740" lon="7.3851670">
    <ele>2191.0</ele>
   </trkpt>
   <trkpt lat="46.1069650" lon="7.3851720">
    <ele>2191.0</ele>
   </trkpt>
   <trkpt lat="46.1069320" lon="7.3851900">
    <ele>2191.0</ele>
   </trkpt>
   <trkpt lat="46.1069190" lon="7.3851930">
    <ele>2191.0</ele>
   </trkpt>
   <trkpt lat="46.1069070" lon="7.3851960">
    <ele>2191.0</ele>
   </trkpt>
   <trkpt lat="46.1068950" lon="7.3851990">
    <ele>2191.0</ele>
   </trkpt>
   <trkpt lat="46.1068490" lon="7.3852070">
    <ele>2192.0</ele>
   </trkpt>
   <trkpt lat="46.1068320" lon="7.3852110">
    <ele>2192.0</ele>
   </trkpt>
   <trkpt lat="46.1068140" lon="7.3852150">
    <ele>2192.0</ele>
   </trkpt>
   <trkpt lat="46.1067780" lon="7.3852220">
    <ele>2192.0</ele>
   </trkpt>
   <trkpt lat="46.1067410" lon="7.3852290">
    <ele>2192.0</ele>
   </trkpt>
   <trkpt lat="46.1067220" lon="7.3852290">
    <ele>2191.0</ele>
   </trkpt>
   <trkpt lat="46.1067030" lon="7.3852300">
    <ele>2191.0</ele>
   </trkpt>
   <trkpt lat="46.1066840" lon="7.3852310">
    <ele>2190.0</ele>
   </trkpt>
   <trkpt lat="46.1066300" lon="7.3852240">
    <ele>2190.0</ele>
   </trkpt>
   <trkpt lat="46.1066110" lon="7.3852220">
    <ele>2189.0</ele>
   </trkpt>
   <trkpt lat="46.1065920" lon="7.3852200">
    <ele>2189.0</ele>
   </trkpt>
   <trkpt lat="46.1065720" lon="7.3852170">
    <ele>2189.0</ele>
   </trkpt>
   <trkpt lat="46.1065150" lon="7.3852200">
    <ele>2189.0</ele>
   </trkpt>
   <trkpt lat="46.1064960" lon="7.3852230">
    <ele>2188.0</ele>
   </trkpt>
   <trkpt lat="46.1064770" lon="7.3852270">
    <ele>2188.0</ele>
   </trkpt>
   <trkpt lat="46.1064590" lon="7.3852310">
    <ele>2188.0</ele>
   </trkpt>
   <trkpt lat="46.1064050" lon="7.3852410">
    <ele>2188.0</ele>
   </trkpt>
   <trkpt lat="46.1063860" lon="7.3852410">
    <ele>2187.0</ele>
   </trkpt>
   <trkpt lat="46.1063680" lon="7.3852420">
    <ele>2187.0</ele>
   </trkpt>
   <trkpt lat="46.1063500" lon="7.3852430">
    <ele>2187.0</ele>
   </trkpt>
   <trkpt lat="46.1062970" lon="7.3852360">
    <ele>2187.0</ele>
   </trkpt>
   <trkpt lat="46.1062800" lon="7.3852330">
    <ele>2187.0</ele>
   </trkpt>
   <trkpt lat="46.1062630" lon="7.3852290">
    <ele>2187.0</ele>
   </trkpt>
   <trkpt lat="46.1062470" lon="7.3852260">
    <ele>2187.0</ele>
   </trkpt>
   <trkpt lat="46.1061990" lon="7.3852120">
    <ele>2187.0</ele>
   </trkpt>
   <trkpt lat="46.1061830" lon="7.3852060">
    <ele>2186.0</ele>
   </trkpt>
   <trkpt lat="46.1061670" lon="7.3852000">
    <ele>2186.0</ele>
   </trkpt>
   <trkpt lat="46.1061510" lon="7.3851940">
    <ele>2186.0</ele>
   </trkpt>
   <trkpt lat="46.1061110" lon="7.3851780">
    <ele>2186.0</ele>
   </trkpt>
   <trkpt lat="46.1061000" lon="7.3851760">
    <ele>2185.0</ele>
   </trkpt>
   <trkpt lat="46.1060890" lon="7.3851750">
    <ele>2185.0</ele>
   </trkpt>
   <trkpt lat="46.1060780" lon="7.3851740">
    <ele>2185.0</ele>
   </trkpt>
   <trkpt lat="46.1060510" lon="7.3851770">
    <ele>2185.0</ele>
   </trkpt>
   <trkpt lat="46.1060430" lon="7.3851790">
    <ele>2185.0</ele>
   </trkpt>
   <trkpt lat="46.1060350" lon="7.3851810">
    <ele>2185.0</ele>
   </trkpt>
   <trkpt lat="46.1060260" lon="7.3851830">
    <ele>2185.0</ele>
   </trkpt>
   <trkpt lat="46.1059980" lon="7.3851930">
    <ele>2186.0</ele>
   </trkpt>
   <trkpt lat="46.1059870" lon="7.3851990">
    <ele>2186.0</ele>
   </trkpt>
   <trkpt lat="46.1059760" lon="7.3852050">
    <ele>2186.0</ele>
   </trkpt>
   <trkpt lat="46.1059640" lon="7.3852110">
    <ele>2186.0</ele>
   </trkpt>
   <trkpt lat="46.1059300" lon="7.3852330">
    <ele>2187.0</ele>
   </trkpt>
   <trkpt lat="46.1059190" lon="7.3852420">
    <ele>2187.0</ele>
   </trkpt>
   <trkpt lat="46.1059080" lon="7.3852510">
    <ele>2187.0</ele>
   </trkpt>
   <trkpt lat="46.1058980" lon="7.3852610">
    <ele>2187.0</ele>
   </trkpt>
   <trkpt lat="46.1058700" lon="7.3852890">
    <ele>2188.0</ele>
   </trkpt>
   <trkpt lat="46.1058610" lon="7.3852980">
    <ele>2188.0</ele>
   </trkpt>
   <trkpt lat="46.1058520" lon="7.3853060">
    <ele>2188.0</ele>
   </trkpt>
   <trkpt lat="46.1058430" lon="7.3853140">
    <ele>2188.0</ele>
   </trkpt>
   <trkpt lat="46.1058180" lon="7.3853360">
    <ele>2189.0</ele>
   </trkpt>
   <trkpt lat="46.1058110" lon="7.3853430">
    <ele>2189.0</ele>
   </trkpt>
   <trkpt lat="46.1058040" lon="7.3853510">
    <ele>2189.0</ele>
   </trkpt>
   <trkpt lat="46.1057980" lon="7.3853590">
    <ele>2189.0</ele>
   </trkpt>
   <trkpt lat="46.1057800" lon="7.3853900">
    <ele>2190.0</ele>
   </trkpt>
   <trkpt lat="46.1057720" lon="7.3854040">
    <ele>2190.0</ele>
   </trkpt>
   <trkpt lat="46.1057640" lon="7.3854180">
    <ele>2190.0</ele>
   </trkpt>
   <trkpt lat="46.1057570" lon="7.3854330">
    <ele>2190.0</ele>
   </trkpt>
   <trkpt lat="46.1057270" lon="7.3854800">
    <ele>2191.0</ele>
   </trkpt>
   <trkpt lat="46.1057180" lon="7.3854930">
    <ele>2191.0</ele>
   </trkpt>
   <trkpt lat="46.1057080" lon="7.3855060">
    <ele>2191.0</ele>
   </trkpt>
   <trkpt lat="46.1056990" lon="7.3855190">
    <ele>2191.0</ele>
   </trkpt>
   <trkpt lat="46.1056740" lon="7.3855480">
    <ele>2191.0</ele>
   </trkpt>
   <trkpt lat="46.1056650" lon="7.3855580">
    <ele>2191.0</ele>
   </trkpt>
   <trkpt lat="46.1056570" lon="7.3855670">
    <ele>2191.0</ele>
   </trkpt>
   <trkpt lat="46.1056480" lon="7.3855770">
    <ele>2191.0</ele>
   </trkpt>
   <trkpt lat="46.1056170" lon="7.3856030">
    <ele>2192.0</ele>
   </trkpt>
   <trkpt lat="46.1056040" lon="7.3856100">
    <ele>2192.0</ele>
   </trkpt>
   <trkpt lat="46.1055920" lon="7.3856170">
    <ele>2192.0</ele>
   </trkpt>
   <trkpt lat="46.1055800" lon="7.3856230">
    <ele>2192.0</ele>
   </trkpt>
   <trkpt lat="46.1055370" lon="7.3856370">
    <ele>2192.0</ele>
   </trkpt>
   <trkpt lat="46.1055220" lon="7.3856380">
    <ele>2192.0</ele>
   </trkpt>
   <trkpt lat="46.1055060" lon="7.3856390">
    <ele>2192.0</ele>
   </trkpt>
   <trkpt lat="46.1054900" lon="7.3856400">
    <ele>2192.0</ele>
   </trkpt>
   <trkpt lat="46.1054430" lon="7.3856320">
    <ele>2193.0</ele>
   </trkpt>
   <trkpt lat="46.1054290" lon="7.3856320">
    <ele>2193.0</ele>
   </trkpt>
   <trkpt lat="46.1054160" lon="7.3856320">
    <ele>2193.0</ele>
   </trkpt>
   <trkpt lat="46.1054020" lon="7.3856320">
    <ele>2193.0</ele>
   </trkpt>
   <trkpt lat="46.1053660" lon="7.3856380">
    <ele>2193.0</ele>
   </trkpt>
   <trkpt lat="46.1053530" lon="7.3856430">
    <ele>2193.0</ele>
   </trkpt>
   <trkpt lat="46.1053400" lon="7.3856470">
    <ele>2193.0</ele>
   </trkpt>
   <trkpt lat="46.1053270" lon="7.3856520">
    <ele>2193.0</ele>
   </trkpt>
   <trkpt lat="46.1052850" lon="7.3856500">
    <ele>2193.0</ele>
   </trkpt>
   <trkpt lat="46.1052720" lon="7.3856480">
    <ele>2193.0</ele>
   </trkpt>
   <trkpt lat="46.1052590" lon="7.3856470">
    <ele>2193.0</ele>
   </trkpt>
   <trkpt lat="46.1052450" lon="7.3856450">
    <ele>2193.0</ele>
   </trkpt>
   <trkpt lat="46.1052090" lon="7.3856590">
    <ele>2193.0</ele>
   </trkpt>
   <trkpt lat="46.1051980" lon="7.3856670">
    <ele>2192.0</ele>
   </trkpt>
   <trkpt lat="46.1051870" lon="7.3856740">
    <ele>2192.0</ele>
   </trkpt>
   <trkpt lat="46.1051760" lon="7.3856820">
    <ele>2192.0</ele>
   </trkpt>
   <trkpt lat="46.1051510" lon="7.3857050">
    <ele>2192.0</ele>
   </trkpt>
   <trkpt lat="46.1051450" lon="7.3857150">
    <ele>2191.0</ele>
   </trkpt>
   <trkpt lat="46.1051390" lon="7.3857250">
    <ele>2191.0</ele>
   </trkpt>
   <trkpt lat="46.1051330" lon="7.3857350">
    <ele>2191.0</ele>
   </trkpt>
   <trkpt lat="46.1051160" lon="7.3857810">
    <ele>2191.0</ele>
   </trkpt>
   <trkpt lat="46.1050960" lon="7.3858130">
    <ele>2190.0</ele>
   </trkpt>
   <trkpt lat="46.1050760" lon="7.3858440">
    <ele>2190.0</ele>
   </trkpt>
   <trkpt lat="46.1050580" lon="7.3858710">
    <ele>2190.0</ele>
   </trkpt>
   <trkpt lat="46.1050410" lon="7.3858980">
    <ele>2190.0</ele>
   </trkpt>
   <trkpt lat="46.1050240" lon="7.3859230">
    <ele>2189.0</ele>
   </trkpt>
   <trkpt lat="46.1050060" lon="7.3859480">
    <ele>2189.0</ele>
   </trkpt>
   <trkpt lat="46.1049890" lon="7.3859730">
    <ele>2189.0</ele>
   </trkpt>
   <trkpt lat="46.1049330" lon="7.3860510">
    <ele>2189.0</ele>
   </trkpt>
   <trkpt lat="46.1049140" lon="7.3860780">
    <ele>2188.0</ele>
   </trkpt>
   <trkpt lat="46.1048950" lon="7.3861040">
    <ele>2188.0</ele>
   </trkpt>
   <trkpt lat="46.1048760" lon="7.3861300">
    <ele>2187.0</ele>
   </trkpt>
   <trkpt lat="46.1048220" lon="7.3862030">
    <ele>2187.0</ele>
   </trkpt>
   <trkpt lat="46.1048060" lon="7.3862260">
    <ele>2186.0</ele>
   </trkpt>
   <trkpt lat="46.1047890" lon="7.3862490">
    <ele>2186.0</ele>
   </trkpt>
   <trkpt lat="46.1047730" lon="7.3862720">
    <ele>2186.0</ele>
   </trkpt>
   <trkpt lat="46.1047270" lon="7.3863340">
    <ele>2186.0</ele>
   </trkpt>
   <trkpt lat="46.1047110" lon="7.3863520">
    <ele>2186.0</ele>
   </trkpt>
   <trkpt lat="46.1046960" lon="7.3863700">
    <ele>2186.0</ele>
   </trkpt>
   <trkpt lat="46.1046800" lon="7.3863880">
    <ele>2186.0</ele>
   </trkpt>
   <trkpt lat="46.1046270" lon="7.3864350">
    <ele>2186.0</ele>
   </trkpt>
   <trkpt lat="46.1046080" lon="7.3864470">
    <ele>2186.0</ele>
   </trkpt>
   <trkpt lat="46.1045880" lon="7.3864590">
    <ele>2186.0</ele>
   </trkpt>
   <trkpt lat="46.1045690" lon="7.3864710">
    <ele>2186.0</ele>
   </trkpt>
   <trkpt lat="46.1045070" lon="7.3864930">
    <ele>2186.0</ele>
   </trkpt>
   <trkpt lat="46.1044860" lon="7.3864940">
    <ele>2186.0</ele>
   </trkpt>
   <trkpt lat="46.1044650" lon="7.3864950">
    <ele>2186.0</ele>
   </trkpt>
   <trkpt lat="46.1044440" lon="7.3864970">
    <ele>2186.0</ele>
   </trkpt>
   <trkpt lat="46.1043840" lon="7.3864850">
    <ele>2186.0</ele>
   </trkpt>
   <trkpt lat="46.1043660" lon="7.3864840">
    <ele>2186.0</ele>
   </trkpt>
   <trkpt lat="46.1043470" lon="7.3864830">
    <ele>2186.0</ele>
   </trkpt>
   <trkpt lat="46.1043280" lon="7.3864810">
    <ele>2186.0</ele>
   </trkpt>
   <trkpt lat="46.1042730" lon="7.3864980">
    <ele>2186.0</ele>
   </trkpt>
   <trkpt lat="46.1042560" lon="7.3865090">
    <ele>2186.0</ele>
   </trkpt>
   <trkpt lat="46.1042380" lon="7.3865200">
    <ele>2186.0</ele>
   </trkpt>
   <trkpt lat="46.1042200" lon="7.3865310">
    <ele>2186.0</ele>
   </trkpt>
   <trkpt lat="46.1041710" lon="7.3865770">
    <ele>2186.0</ele>
   </trkpt>
   <trkpt lat="46.1041580" lon="7.3865970">
    <ele>2186.0</ele>
   </trkpt>
   <trkpt lat="46.1041450" lon="7.3866170">
    <ele>2186.0</ele>
   </trkpt>
   <trkpt lat="46.1041320" lon="7.3866370">
    <ele>2186.0</ele>
   </trkpt>
   <trkpt lat="46.1041040" lon="7.3867060">
    <ele>2186.0</ele>
   </trkpt>
   <trkpt lat="46.1040990" lon="7.3867290">
    <ele>2185.0</ele>
   </trkpt>
   <trkpt lat="46.1040930" lon="7.3867520">
    <ele>2185.0</ele>
   </trkpt>
   <trkpt lat="46.1040880" lon="7.3867750">
    <ele>2185.0</ele>
   </trkpt>
   <trkpt lat="46.1040750" lon="7.3868450">
    <ele>2185.0</ele>
   </trkpt>
   <trkpt lat="46.1040640" lon="7.3868680">
    <ele>2184.0</ele>
   </trkpt>
   <trkpt lat="46.1040530" lon="7.3868910">
    <ele>2184.0</ele>
   </trkpt>
   <trkpt lat="46.1040420" lon="7.3869140">
    <ele>2183.0</ele>
   </trkpt>
   <trkpt lat="46.1039920" lon="7.3869770">
    <ele>2183.0</ele>
   </trkpt>
   <trkpt lat="46.1039750" lon="7.3869970">
    <ele>2182.0</ele>
   </trkpt>
   <trkpt lat="46.1039580" lon="7.3870170">
    <ele>2181.0</ele>
   </trkpt>
   <trkpt lat="46.1039400" lon="7.3870360">
    <ele>2180.0</ele>
   </trkpt>
   <trkpt lat="46.1038920" lon="7.3870930">
    <ele>2180.0</ele>
   </trkpt>
   <trkpt lat="46.1038760" lon="7.3871040">
    <ele>2179.0</ele>
   </trkpt>
   <trkpt lat="46.1038590" lon="7.3871150">
    <ele>2179.0</ele>
   </trkpt>
   <trkpt lat="46.1038430" lon="7.3871260">
    <ele>2179.0</ele>
   </trkpt>
   <trkpt lat="46.1038010" lon="7.3871400">
    <ele>2179.0</ele>
   </trkpt>
   <trkpt lat="46.1037870" lon="7.3871450">
    <ele>2178.0</ele>
   </trkpt>
   <trkpt lat="46.1037730" lon="7.3871510">
    <ele>2178.0</ele>
   </trkpt>
   <trkpt lat="46.1037590" lon="7.3871570">
    <ele>2178.0</ele>
   </trkpt>
   <trkpt lat="46.1037260" lon="7.3871740">
    <ele>2178.0</ele>
   </trkpt>
   <trkpt lat="46.1037160" lon="7.3871850">
    <ele>2177.0</ele>
   </trkpt>
   <trkpt lat="46.1037070" lon="7.3871960">
    <ele>2177.0</ele>
   </trkpt>
   <trkpt lat="46.1036970" lon="7.3872080">
    <ele>2177.0</ele>
   </trkpt>
   <trkpt lat="46.1036640" lon="7.3872510">
    <ele>2177.0</ele>
   </trkpt>
   <trkpt lat="46.1036540" lon="7.3872670">
    <ele>2176.0</ele>
   </trkpt>
   <trkpt lat="46.1036440" lon="7.3872830">
    <ele>2176.0</ele>
   </trkpt>
   <trkpt lat="46.1036340" lon="7.3873000">
    <ele>2176.0</ele>
   </trkpt>
   <trkpt lat="46.1036030" lon="7.3873520">
    <ele>2176.0</ele>
   </trkpt>
   <trkpt lat="46.1035930" lon="7.3873700">
    <ele>2175.0</ele>
   </trkpt>
   <trkpt lat="46.1035830" lon="7.3873870">
    <ele>2175.0</ele>
   </trkpt>
   <trkpt lat="46.1035730" lon="7.3874050">
    <ele>2175.0</ele>
   </trkpt>
   <trkpt lat="46.1035460" lon="7.3874570">
    <ele>2175.0</ele>
   </trkpt>
   <trkpt lat="46.1035360" lon="7.3874700">
    <ele>2174.0</ele>
   </trkpt>
   <trkpt lat="46.1035270" lon="7.3874830">
    <ele>2174.0</ele>
   </trkpt>
   <trkpt lat="46.1035170" lon="7.3874960">
    <ele>2174.0</ele>
   </trkpt>
   <trkpt lat="46.1034820" lon="7.3875270">
    <ele>2174.0</ele>
   </trkpt>
   <trkpt lat="46.1034690" lon="7.3875370">
    <ele>2173.0</ele>
   </trkpt>
   <trkpt lat="46.1034550" lon="7.3875480">
    <ele>2173.0</ele>
   </trkpt>
   <trkpt lat="46.1034410" lon="7.3875580">
    <ele>2173.0</ele>
   </trkpt>
   <trkpt lat="46.1033970" lon="7.3875930">
    <ele>2173.0</ele>
   </trkpt>
   <trkpt lat="46.1033820" lon="7.3876080">
    <ele>2173.0</ele>
   </trkpt>
   <trkpt lat="46.1033680" lon="7.3876240">
    <ele>2173.0</ele>
   </trkpt>
   <trkpt lat="46.1033540" lon="7.3876390">
    <ele>2173.0</ele>
   </trkpt>
   <trkpt lat="46.1033210" lon="7.3876930">
    <ele>2173.0</ele>
   </trkpt>
   <trkpt lat="46.1033030" lon="7.3877180">
    <ele>2173.0</ele>
   </trkpt>
   <trkpt lat="46.1032850" lon="7.3877420">
    <ele>2173.0</ele>
   </trkpt>
   <trkpt lat="46.1032660" lon="7.3877670">
    <ele>2173.0</ele>
   </trkpt>
   <trkpt lat="46.1032480" lon="7.3877910">
    <ele>2173.0</ele>
   </trkpt>
   <trkpt lat="46.1032320" lon="7.3878050">
    <ele>2172.0</ele>
   </trkpt>
   <trkpt lat="46.1032160" lon="7.3878190">
    <ele>2172.0</ele>
   </trkpt>
   <trkpt lat="46.1031850" lon="7.3878490">
    <ele>2172.0</ele>
   </trkpt>
   <trkpt lat="46.1031540" lon="7.3878780">
    <ele>2172.0</ele>
   </trkpt>
   <trkpt lat="46.1031420" lon="7.3878920">
    <ele>2172.0</ele>
   </trkpt>
   <trkpt lat="46.1031310" lon="7.3879070">
    <ele>2172.0</ele>
   </trkpt>
   <trkpt lat="46.1031190" lon="7.3879220">
    <ele>2172.0</ele>
   </trkpt>
   <trkpt lat="46.1030970" lon="7.3879690">
    <ele>2172.0</ele>
   </trkpt>
   <trkpt lat="46.1030900" lon="7.3879870">
    <ele>2171.0</ele>
   </trkpt>
   <trkpt lat="46.1030820" lon="7.3880050">
    <ele>2171.0</ele>
   </trkpt>
   <trkpt lat="46.1030750" lon="7.3880230">
    <ele>2171.0</ele>
   </trkpt>
   <trkpt lat="46.1030390" lon="7.3880710">
    <ele>2171.0</ele>
   </trkpt>
   <trkpt lat="46.1030100" lon="7.3880860">
    <ele>2170.0</ele>
   </trkpt>
   <trkpt lat="46.1029800" lon="7.3881020">
    <ele>2170.0</ele>
   </trkpt>
   <trkpt lat="46.1029590" lon="7.3881130">
    <ele>2170.0</ele>
   </trkpt>
   <trkpt lat="46.1029380" lon="7.3881240">
    <ele>2170.0</ele>
   </trkpt>
   <trkpt lat="46.1029200" lon="7.3881280">
    <ele>2169.0</ele>
   </trkpt>
   <trkpt lat="46.1029010" lon="7.3881330">
    <ele>2169.0</ele>
   </trkpt>
   <trkpt lat="46.1028830" lon="7.3881370">
    <ele>2169.0</ele>
   </trkpt>
   <trkpt lat="46.1028320" lon="7.3881560">
    <ele>2169.0</ele>
   </trkpt>
   <trkpt lat="46.1028090" lon="7.3881740">
    <ele>2168.0</ele>
   </trkpt>
   <trkpt lat="46.1027850" lon="7.3881920">
    <ele>2168.0</ele>
   </trkpt>
   <trkpt lat="46.1027620" lon="7.3882100">
    <ele>2168.0</ele>
   </trkpt>
   <trkpt lat="46.1027390" lon="7.3882280">
    <ele>2168.0</ele>
   </trkpt>
   <trkpt lat="46.1027220" lon="7.3882360">
    <ele>2167.0</ele>
   </trkpt>
   <trkpt lat="46.1027050" lon="7.3882430">
    <ele>2167.0</ele>
   </trkpt>
   <trkpt lat="46.1026880" lon="7.3882510">
    <ele>2167.0</ele>
   </trkpt>
   <trkpt lat="46.1026360" lon="7.3882640">
    <ele>2167.0</ele>
   </trkpt>
   <trkpt lat="46.1026210" lon="7.3882670">
    <ele>2166.0</ele>
   </trkpt>
   <trkpt lat="46.1026060" lon="7.3882690">
    <ele>2166.0</ele>
   </trkpt>
   <trkpt lat="46.1025920" lon="7.3882710">
    <ele>2166.0</ele>
   </trkpt>
   <trkpt lat="46.1025460" lon="7.3882710">
    <ele>2166.0</ele>
   </trkpt>
   <trkpt lat="46.1025300" lon="7.3882700">
    <ele>2166.0</ele>
   </trkpt>
   <trkpt lat="46.1025150" lon="7.3882680">
    <ele>2166.0</ele>
   </trkpt>
   <trkpt lat="46.1025000" lon="7.3882670">
    <ele>2166.0</ele>
   </trkpt>
   <trkpt lat="46.1024640" lon="7.3882590">
    <ele>2166.0</ele>
   </trkpt>
   <trkpt lat="46.1024540" lon="7.3882560">
    <ele>2166.0</ele>
   </trkpt>
   <trkpt lat="46.1024450" lon="7.3882540">
    <ele>2166.0</ele>
   </trkpt>
   <trkpt lat="46.1024350" lon="7.3882510">
    <ele>2166.0</ele>
   </trkpt>
   <trkpt lat="46.1024110" lon="7.3882480">
    <ele>2166.0</ele>
   </trkpt>
   <trkpt lat="46.1024020" lon="7.3882510">
    <ele>2166.0</ele>
   </trkpt>
   <trkpt lat="46.1023930" lon="7.3882530">
    <ele>2166.0</ele>
   </trkpt>
   <trkpt lat="46.1023850" lon="7.3882560">
    <ele>2166.0</ele>
   </trkpt>
   <trkpt lat="46.1023490" lon="7.3882730">
    <ele>2167.0</ele>
   </trkpt>
   <trkpt lat="46.1023340" lon="7.3882810">
    <ele>2167.0</ele>
   </trkpt>
   <trkpt lat="46.1023190" lon="7.3882890">
    <ele>2167.0</ele>
   </trkpt>
   <trkpt lat="46.1023040" lon="7.3882970">
    <ele>2167.0</ele>
   </trkpt>
   <trkpt lat="46.1022690" lon="7.3883150">
    <ele>2167.0</ele>
   </trkpt>
   <trkpt lat="46.1022620" lon="7.3883200">
    <ele>2167.0</ele>
   </trkpt>
   <trkpt lat="46.1022550" lon="7.3883260">
    <ele>2167.0</ele>
   </trkpt>
   <trkpt lat="46.1022470" lon="7.3883310">
    <ele>2167.0</ele>
   </trkpt>
   <trkpt lat="46.1022150" lon="7.3883470">
    <ele>2167.0</ele>
   </trkpt>
   <trkpt lat="46.1022010" lon="7.3883510">
    <ele>2167.0</ele>
   </trkpt>
   <trkpt lat="46.1021880" lon="7.3883540">
    <ele>2167.0</ele>
   </trkpt>
   <trkpt lat="46.1021740" lon="7.3883580">
    <ele>2167.0</ele>
   </trkpt>
   <trkpt lat="46.1021320" lon="7.3883680">
    <ele>2168.0</ele>
   </trkpt>
   <trkpt lat="46.1021190" lon="7.3883710">
    <ele>2168.0</ele>
   </trkpt>
   <trkpt lat="46.1021060" lon="7.3883750">
    <ele>2168.0</ele>
   </trkpt>
   <trkpt lat="46.1020930" lon="7.3883780">
    <ele>2168.0</ele>
   </trkpt>
   <trkpt lat="46.1020580" lon="7.3883930">
    <ele>2168.0</ele>
   </trkpt>
   <trkpt lat="46.1020440" lon="7.3884000">
    <ele>2168.0</ele>
   </trkpt>
   <trkpt lat="46.1020300" lon="7.3884070">
    <ele>2168.0</ele>
   </trkpt>
   <trkpt lat="46.1020170" lon="7.3884140">
    <ele>2168.0</ele>
   </trkpt>
   <trkpt lat="46.1019770" lon="7.3884250">
    <ele>2168.0</ele>
   </trkpt>
   <trkpt lat="46.1019680" lon="7.3884240">
    <ele>2168.0</ele>
   </trkpt>
   <trkpt lat="46.1019590" lon="7.3884240">
    <ele>2168.0</ele>
   </trkpt>
   <trkpt lat="46.1019490" lon="7.3884240">
    <ele>2168.0</ele>
   </trkpt>
   <trkpt lat="46.1019240" lon="7.3884300">
    <ele>2168.0</ele>
   </trkpt>
   <trkpt lat="46.1019140" lon="7.3884350">
    <ele>2168.0</ele>
   </trkpt>
   <trkpt lat="46.1019050" lon="7.3884410">
    <ele>2168.0</ele>
   </trkpt>
   <trkpt lat="46.1018950" lon="7.3884470">
    <ele>2168.0</ele>
   </trkpt>
   <trkpt lat="46.1018660" lon="7.3884570">
    <ele>2168.0</ele>
   </trkpt>
   <trkpt lat="46.1018550" lon="7.3884550">
    <ele>2168.0</ele>
   </trkpt>
   <trkpt lat="46.1018450" lon="7.3884530">
    <ele>2168.0</ele>
   </trkpt>
   <trkpt lat="46.1018340" lon="7.3884510">
    <ele>2168.0</ele>
   </trkpt>
   <trkpt lat="46.1018040" lon="7.3884370">
    <ele>2168.0</ele>
   </trkpt>
   <trkpt lat="46.1017950" lon="7.3884340">
    <ele>2168.0</ele>
   </trkpt>
   <trkpt lat="46.1017870" lon="7.3884310">
    <ele>2168.0</ele>
   </trkpt>
   <trkpt lat="46.1017780" lon="7.3884280">
    <ele>2168.0</ele>
   </trkpt>
   <trkpt lat="46.1017520" lon="7.3884190">
    <ele>2169.0</ele>
   </trkpt>
   <trkpt lat="46.1017430" lon="7.3884150">
    <ele>2169.0</ele>
   </trkpt>
   <trkpt lat="46.1017340" lon="7.3884110">
    <ele>2169.0</ele>
   </trkpt>
   <trkpt lat="46.1017250" lon="7.3884070">
    <ele>2169.0</ele>
   </trkpt>
   <trkpt lat="46.1016920" lon="7.3883930">
    <ele>2169.0</ele>
   </trkpt>
   <trkpt lat="46.1016810" lon="7.3883880">
    <ele>2169.0</ele>
   </trkpt>
   <trkpt lat="46.1016690" lon="7.3883840">
    <ele>2169.0</ele>
   </trkpt>
   <trkpt lat="46.1016580" lon="7.3883790">
    <ele>2169.0</ele>
   </trkpt>
   <trkpt lat="46.1016270" lon="7.3883670">
    <ele>2170.0</ele>
   </trkpt>
   <trkpt lat="46.1016190" lon="7.3883640">
    <ele>2169.0</ele>
   </trkpt>
   <trkpt lat="46.1016100" lon="7.3883620">
    <ele>2169.0</ele>
   </trkpt>
   <trkpt lat="46.1016020" lon="7.3883590">
    <ele>2169.0</ele>
   </trkpt>
   <trkpt lat="46.1015760" lon="7.3883570">
    <ele>2169.0</ele>
   </trkpt>
   <trkpt lat="46.1015680" lon="7.3883530">
    <ele>2169.0</ele>
   </trkpt>
   <trkpt lat="46.1015590" lon="7.3883500">
    <ele>2169.0</ele>
   </trkpt>
   <trkpt lat="46.1015500" lon="7.3883470">
    <ele>2169.0</ele>
   </trkpt>
   <trkpt lat="46.1015240" lon="7.3883350">
    <ele>2169.0</ele>
   </trkpt>
   <trkpt lat="46.1015140" lon="7.3883340">
    <ele>2169.0</ele>
   </trkpt>
   <trkpt lat="46.1015050" lon="7.3883320">
    <ele>2169.0</ele>
   </trkpt>
   <trkpt lat="46.1014950" lon="7.3883310">
    <ele>2169.0</ele>
   </trkpt>
   <trkpt lat="46.1014640" lon="7.3883160">
    <ele>2169.0</ele>
   </trkpt>
   <trkpt lat="46.1014520" lon="7.3883090">
    <ele>2169.0</ele>
   </trkpt>
   <trkpt lat="46.1014400" lon="7.3883030">
    <ele>2169.0</ele>
   </trkpt>
   <trkpt lat="46.1014280" lon="7.3882970">
    <ele>2169.0</ele>
   </trkpt>
   <trkpt lat="46.1013840" lon="7.3882900">
    <ele>2170.0</ele>
   </trkpt>
   <trkpt lat="46.1013620" lon="7.3882970">
    <ele>2170.0</ele>
   </trkpt>
   <trkpt lat="46.1013390" lon="7.3883030">
    <ele>2170.0</ele>
   </trkpt>
   <trkpt lat="46.1013130" lon="7.3883110">
    <ele>2170.0</ele>
   </trkpt>
   <trkpt lat="46.1012860" lon="7.3883190">
    <ele>2170.0</ele>
   </trkpt>
   <trkpt lat="46.1012700" lon="7.3883290">
    <ele>2170.0</ele>
   </trkpt>
   <trkpt lat="46.1012530" lon="7.3883390">
    <ele>2170.0</ele>
   </trkpt>
   <trkpt lat="46.1012210" lon="7.3883620">
    <ele>2170.0</ele>
   </trkpt>
   <trkpt lat="46.1011880" lon="7.3883860">
    <ele>2170.0</ele>
   </trkpt>
   <trkpt lat="46.1011740" lon="7.3883970">
    <ele>2169.0</ele>
   </trkpt>
   <trkpt lat="46.1011600" lon="7.3884070">
    <ele>2169.0</ele>
   </trkpt>
   <trkpt lat="46.1011470" lon="7.3884180">
    <ele>2169.0</ele>
   </trkpt>
   <trkpt lat="46.1011090" lon="7.3884370">
    <ele>2169.0</ele>
   </trkpt>
   <trkpt lat="46.1010960" lon="7.3884380">
    <ele>2169.0</ele>
   </trkpt>
   <trkpt lat="46.1010830" lon="7.3884390">
    <ele>2169.0</ele>
   </trkpt>
   <trkpt lat="46.1010700" lon="7.3884400">
    <ele>2169.0</ele>
   </trkpt>
   <trkpt lat="46.1010300" lon="7.3884410">
    <ele>2169.0</ele>
   </trkpt>
   <trkpt lat="46.1010160" lon="7.3884430">
    <ele>2169.0</ele>
   </trkpt>
   <trkpt lat="46.1010010" lon="7.3884450">
    <ele>2169.0</ele>
   </trkpt>
   <trkpt lat="46.1009860" lon="7.3884470">
    <ele>2169.0</ele>
   </trkpt>
   <trkpt lat="46.1009390" lon="7.3884610">
    <ele>2169.0</ele>
   </trkpt>
   <trkpt lat="46.1009200" lon="7.3884690">
    <ele>2168.0</ele>
   </trkpt>
   <trkpt lat="46.1009020" lon="7.3884760">
    <ele>2168.0</ele>
   </trkpt>
   <trkpt lat="46.1008840" lon="7.3884840">
    <ele>2168.0</ele>
   </trkpt>
   <trkpt lat="46.1008240" lon="7.3885160">
    <ele>2168.0</ele>
   </trkpt>
   <trkpt lat="46.1008050" lon="7.3885300">
    <ele>2167.0</ele>
   </trkpt>
   <trkpt lat="46.1007860" lon="7.3885450">
    <ele>2167.0</ele>
   </trkpt>
   <trkpt lat="46.1007680" lon="7.3885590">
    <ele>2167.0</ele>
   </trkpt>
   <trkpt lat="46.1007150" lon="7.3886010">
    <ele>2167.0</ele>
   </trkpt>
   <trkpt lat="46.1007000" lon="7.3886150">
    <ele>2167.0</ele>
   </trkpt>
   <trkpt lat="46.1006850" lon="7.3886290">
    <ele>2167.0</ele>
   </trkpt>
   <trkpt lat="46.1006690" lon="7.3886430">
    <ele>2167.0</ele>
   </trkpt>
   <trkpt lat="46.1006250" lon="7.3886790">
    <ele>2167.0</ele>
   </trkpt>
   <trkpt lat="46.1006090" lon="7.3886920">
    <ele>2167.0</ele>
   </trkpt>
   <trkpt lat="46.1005870" lon="7.3887110">
    <ele>2167.0</ele>
   </trkpt>
   <trkpt lat="46.1005570" lon="7.3887370">
    <ele>2167.0</ele>
   </trkpt>
   <trkpt lat="46.1005270" lon="7.3887640">
    <ele>2167.0</ele>
   </trkpt>
   <trkpt lat="46.1005090" lon="7.3887800">
    <ele>2166.0</ele>
   </trkpt>
   <trkpt lat="46.1004910" lon="7.3887970">
    <ele>2166.0</ele>
   </trkpt>
   <trkpt lat="46.1004730" lon="7.3888130">
    <ele>2166.0</ele>
   </trkpt>
   <trkpt lat="46.1004160" lon="7.3888590">
    <ele>2166.0</ele>
   </trkpt>
   <trkpt lat="46.1003970" lon="7.3888720">
    <ele>2165.0</ele>
   </trkpt>
   <trkpt lat="46.1003770" lon="7.3888850">
    <ele>2165.0</ele>
   </trkpt>
   <trkpt lat="46.1003580" lon="7.3888980">
    <ele>2165.0</ele>
   </trkpt>
   <trkpt lat="46.1003030" lon="7.3889360">
    <ele>2165.0</ele>
   </trkpt>
   <trkpt lat="46.1002850" lon="7.3889480">
    <ele>2164.0</ele>
   </trkpt>
   <trkpt lat="46.1002670" lon="7.3889590">
    <ele>2164.0</ele>
   </trkpt>
   <trkpt lat="46.1002500" lon="7.3889710">
    <ele>2164.0</ele>
   </trkpt>
   <trkpt lat="46.1001930" lon="7.3889960">
    <ele>2164.0</ele>
   </trkpt>
   <trkpt lat="46.1001740" lon="7.3890000">
    <ele>2163.0</ele>
   </trkpt>
   <trkpt lat="46.1001560" lon="7.3890040">
    <ele>2163.0</ele>
   </trkpt>
   <trkpt lat="46.1001370" lon="7.3890080">
    <ele>2162.0</ele>
   </trkpt>
   <trkpt lat="46.1000820" lon="7.3890170">
    <ele>2162.0</ele>
   </trkpt>
   <trkpt lat="46.1000660" lon="7.3890240">
    <ele>2161.0</ele>
   </trkpt>
   <trkpt lat="46.1000510" lon="7.3890320">
    <ele>2161.0</ele>
   </trkpt>
   <trkpt lat="46.1000360" lon="7.3890390">
    <ele>2161.0</ele>
   </trkpt>
   <trkpt lat="46.0999920" lon="7.3890710">
    <ele>2161.0</ele>
   </trkpt>
   <trkpt lat="46.0999770" lon="7.3890820">
    <ele>2160.0</ele>
   </trkpt>
   <trkpt lat="46.0999610" lon="7.3890920">
    <ele>2160.0</ele>
   </trkpt>
   <trkpt lat="46.0999460" lon="7.3891030">
    <ele>2160.0</ele>
   </trkpt>
   <trkpt lat="46.0998970" lon="7.3891300">
    <ele>2160.0</ele>
   </trkpt>
   <trkpt lat="46.0998800" lon="7.3891390">
    <ele>2159.0</ele>
   </trkpt>
   <trkpt lat="46.0998630" lon="7.3891490">
    <ele>2159.0</ele>
   </trkpt>
   <trkpt lat="46.0998300" lon="7.3891710">
    <ele>2159.0</ele>
   </trkpt>
   <trkpt lat="46.0997980" lon="7.3891920">
    <ele>2159.0</ele>
   </trkpt>
   <trkpt lat="46.0997830" lon="7.3892050">
    <ele>2159.0</ele>
   </trkpt>
   <trkpt lat="46.0997670" lon="7.3892190">
    <ele>2159.0</ele>
   </trkpt>
   <trkpt lat="46.0997370" lon="7.3892510">
    <ele>2159.0</ele>
   </trkpt>
   <trkpt lat="46.0997060" lon="7.3892830">
    <ele>2159.0</ele>
   </trkpt>
   <trkpt lat="46.0996910" lon="7.3892980">
    <ele>2159.0</ele>
   </trkpt>
   <trkpt lat="46.0996760" lon="7.3893130">
    <ele>2159.0</ele>
   </trkpt>
   <trkpt lat="46.0996610" lon="7.3893280">
    <ele>2159.0</ele>
   </trkpt>
   <trkpt lat="46.0996160" lon="7.3893710">
    <ele>2160.0</ele>
   </trkpt>
   <trkpt lat="46.0996010" lon="7.3893860">
    <ele>2160.0</ele>
   </trkpt>
   <trkpt lat="46.0995870" lon="7.3894010">
    <ele>2160.0</ele>
   </trkpt>
   <trkpt lat="46.0995720" lon="7.3894160">
    <ele>2160.0</ele>
   </trkpt>
   <trkpt lat="46.0995270" lon="7.3894510">
    <ele>2160.0</ele>
   </trkpt>
   <trkpt lat="46.0995120" lon="7.3894630">
    <ele>2160.0</ele>
   </trkpt>
   <trkpt lat="46.0994970" lon="7.3894740">
    <ele>2160.0</ele>
   </trkpt>
   <trkpt lat="46.0994820" lon="7.3894860">
    <ele>2160.0</ele>
   </trkpt>
   <trkpt lat="46.0994370" lon="7.3895250">
    <ele>2160.0</ele>
   </trkpt>
   <trkpt lat="46.0994230" lon="7.3895400">
    <ele>2160.0</ele>
   </trkpt>
   <trkpt lat="46.0994080" lon="7.3895540">
    <ele>2160.0</ele>
   </trkpt>
   <trkpt lat="46.0993940" lon="7.3895690">
    <ele>2160.0</ele>
   </trkpt>
   <trkpt lat="46.0993490" lon="7.3896100">
    <ele>2160.0</ele>
   </trkpt>
   <trkpt lat="46.0993320" lon="7.3896220">
    <ele>2159.0</ele>
   </trkpt>
   <trkpt lat="46.0993140" lon="7.3896330">
    <ele>2159.0</ele>
   </trkpt>
   <trkpt lat="46.0992970" lon="7.3896450">
    <ele>2159.0</ele>
   </trkpt>
   <trkpt lat="46.0992400" lon="7.3896790">
    <ele>2159.0</ele>
   </trkpt>
   <trkpt lat="46.0992200" lon="7.3896870">
    <ele>2159.0</ele>
   </trkpt>
   <trkpt lat="46.0992000" lon="7.3896950">
    <ele>2159.0</ele>
   </trkpt>
   <trkpt lat="46.0991800" lon="7.3897030">
    <ele>2159.0</ele>
   </trkpt>
   <trkpt lat="46.0991200" lon="7.3897200">
    <ele>2159.0</ele>
   </trkpt>
   <trkpt lat="46.0991030" lon="7.3897230">
    <ele>2158.0</ele>
   </trkpt>
   <trkpt lat="46.0990860" lon="7.3897260">
    <ele>2158.0</ele>
   </trkpt>
   <trkpt lat="46.0990690" lon="7.3897300">
    <ele>2158.0</ele>
   </trkpt>
   <trkpt lat="46.0990470" lon="7.3897300">
    <ele>2158.0</ele>
   </trkpt>
   <trkpt lat="46.0990360" lon="7.3897280">
    <ele>2158.0</ele>
   </trkpt>
   <trkpt lat="46.0990250" lon="7.3897260">
    <ele>2158.0</ele>
   </trkpt>
   <trkpt lat="46.0990140" lon="7.3897250">
    <ele>2158.0</ele>
   </trkpt>
   <trkpt lat="46.0989880" lon="7.3897210">
    <ele>2158.0</ele>
   </trkpt>
   <trkpt lat="46.0989760" lon="7.3897200">
    <ele>2158.0</ele>
   </trkpt>
   <trkpt lat="46.0989650" lon="7.3897190">
    <ele>2158.0</ele>
   </trkpt>
   <trkpt lat="46.0989530" lon="7.3897180">
    <ele>2158.0</ele>
   </trkpt>
   <trkpt lat="46.0989090" lon="7.3897070">
    <ele>2158.0</ele>
   </trkpt>
   <trkpt lat="46.0988950" lon="7.3897020">
    <ele>2157.0</ele>
   </trkpt>
   <trkpt lat="46.0988800" lon="7.3896960">
    <ele>2157.0</ele>
   </trkpt>
   <trkpt lat="46.0988660" lon="7.3896910">
    <ele>2157.0</ele>
   </trkpt>
   <trkpt lat="46.0988220" lon="7.3896760">
    <ele>2157.0</ele>
   </trkpt>
   <trkpt lat="46.0988080" lon="7.3896740">
    <ele>2157.0</ele>
   </trkpt>
   <trkpt lat="46.0987940" lon="7.3896720">
    <ele>2157.0</ele>
   </trkpt>
   <trkpt lat="46.0987800" lon="7.3896710">
    <ele>2157.0</ele>
   </trkpt>
   <trkpt lat="46.0987420" lon="7.3896800">
    <ele>2158.0</ele>
   </trkpt>
   <trkpt lat="46.0987290" lon="7.3896880">
    <ele>2158.0</ele>
   </trkpt>
   <trkpt lat="46.0987170" lon="7.3896960">
    <ele>2159.0</ele>
   </trkpt>
   <trkpt lat="46.0987050" lon="7.3897040">
    <ele>2159.0</ele>
   </trkpt>
   <trkpt lat="46.0986700" lon="7.3897430">
    <ele>2160.0</ele>
   </trkpt>
   <trkpt lat="46.0986590" lon="7.3897590">
    <ele>2160.0</ele>
   </trkpt>
   <trkpt lat="46.0986490" lon="7.3897760">
    <ele>2160.0</ele>
   </trkpt>
   <trkpt lat="46.0986390" lon="7.3897920">
    <ele>2160.0</ele>
   </trkpt>
   <trkpt lat="46.0986160" lon="7.3898520">
    <ele>2161.0</ele>
   </trkpt>
   <trkpt lat="46.0986110" lon="7.3898730">
    <ele>2161.0</ele>
   </trkpt>
   <trkpt lat="46.0986060" lon="7.3898950">
    <ele>2161.0</ele>
   </trkpt>
   <trkpt lat="46.0986010" lon="7.3899170">
    <ele>2161.0</ele>
   </trkpt>
   <trkpt lat="46.0985830" lon="7.3899780">
    <ele>2162.0</ele>
   </trkpt>
   <trkpt lat="46.0985750" lon="7.3899950">
    <ele>2162.0</ele>
   </trkpt>
   <trkpt lat="46.0985680" lon="7.3900120">
    <ele>2162.0</ele>
   </trkpt>
   <trkpt lat="46.0985600" lon="7.3900290">
    <ele>2162.0</ele>
   </trkpt>
   <trkpt lat="46.0985380" lon="7.3900730">
    <ele>2163.0</ele>
   </trkpt>
   <trkpt lat="46.0985330" lon="7.3900870">
    <ele>2163.0</ele>
   </trkpt>
   <trkpt lat="46.0985280" lon="7.3901000">
    <ele>2163.0</ele>
   </trkpt>
   <trkpt lat="46.0985240" lon="7.3901130">
    <ele>2163.0</ele>
   </trkpt>
   <trkpt lat="46.0985140" lon="7.3901520">
    <ele>2164.0</ele>
   </trkpt>
   <trkpt lat="46.0985100" lon="7.3901640">
    <ele>2164.0</ele>
   </trkpt>
   <trkpt lat="46.0985060" lon="7.3901770">
    <ele>2164.0</ele>
   </trkpt>
   <trkpt lat="46.0985030" lon="7.3901890">
    <ele>2164.0</ele>
   </trkpt>
   <trkpt lat="46.0984860" lon="7.3902220">
    <ele>2165.0</ele>
   </trkpt>
   <trkpt lat="46.0984790" lon="7.3902340">
    <ele>2165.0</ele>
   </trkpt>
   <trkpt lat="46.0984720" lon="7.3902460">
    <ele>2165.0</ele>
   </trkpt>
   <trkpt lat="46.0984650" lon="7.3902580">
    <ele>2165.0</ele>
   </trkpt>
   <trkpt lat="46.0984460" lon="7.3902990">
    <ele>2165.0</ele>
   </trkpt>
   <trkpt lat="46.0984410" lon="7.3903130">
    <ele>2165.0</ele>
   </trkpt>
   <trkpt lat="46.0984360" lon="7.3903270">
    <ele>2165.0</ele>
   </trkpt>
   <trkpt lat="46.0984310" lon="7.3903410">
    <ele>2165.0</ele>
   </trkpt>
   <trkpt lat="46.0984170" lon="7.3903810">
    <ele>2165.0</ele>
   </trkpt>
   <trkpt lat="46.0984120" lon="7.3903940">
    <ele>2165.0</ele>
   </trkpt>
   <trkpt lat="46.0984060" lon="7.3904070">
    <ele>2165.0</ele>
   </trkpt>
   <trkpt lat="46.0984010" lon="7.3904200">
    <ele>2165.0</ele>
   </trkpt>
   <trkpt lat="46.0983820" lon="7.3904560">
    <ele>2165.0</ele>
   </trkpt>
   <trkpt lat="46.0983740" lon="7.3904680">
    <ele>2165.0</ele>
   </trkpt>
   <trkpt lat="46.0983660" lon="7.3904790">
    <ele>2165.0</ele>
   </trkpt>
   <trkpt lat="46.0983580" lon="7.3904910">
    <ele>2165.0</ele>
   </trkpt>
   <trkpt lat="46.0983340" lon="7.3905180">
    <ele>2165.0</ele>
   </trkpt>
   <trkpt lat="46.0983260" lon="7.3905270">
    <ele>2164.0</ele>
   </trkpt>
   <trkpt lat="46.0983180" lon="7.3905360">
    <ele>2164.0</ele>
   </trkpt>
   <trkpt lat="46.0983110" lon="7.3905450">
    <ele>2164.0</ele>
   </trkpt>
   <trkpt lat="46.0982890" lon="7.3905750">
    <ele>2164.0</ele>
   </trkpt>
   <trkpt lat="46.0982820" lon="7.3905850">
    <ele>2164.0</ele>
   </trkpt>
   <trkpt lat="46.0982750" lon="7.3905950">
    <ele>2164.0</ele>
   </trkpt>
   <trkpt lat="46.0982690" lon="7.3906050">
    <ele>2164.0</ele>
   </trkpt>
   <trkpt lat="46.0982470" lon="7.3906390">
    <ele>2165.0</ele>
   </trkpt>
   <trkpt lat="46.0982400" lon="7.3906510">
    <ele>2164.0</ele>
   </trkpt>
   <trkpt lat="46.0982330" lon="7.3906620">
    <ele>2164.0</ele>
   </trkpt>
   <trkpt lat="46.0982260" lon="7.3906730">
    <ele>2164.0</ele>
   </trkpt>
   <trkpt lat="46.0982050" lon="7.3907060">
    <ele>2164.0</ele>
   </trkpt>
   <trkpt lat="46.0981970" lon="7.3907170">
    <ele>2164.0</ele>
   </trkpt>
   <trkpt lat="46.0981890" lon="7.3907290">
    <ele>2164.0</ele>
   </trkpt>
   <trkpt lat="46.0981810" lon="7.3907400">
    <ele>2164.0</ele>
   </trkpt>
   <trkpt lat="46.0981530" lon="7.3907830">
    <ele>2164.0</ele>
   </trkpt>
   <trkpt lat="46.0981400" lon="7.3908010">
    <ele>2164.0</ele>
   </trkpt>
   <trkpt lat="46.0981270" lon="7.3908190">
    <ele>2164.0</ele>
   </trkpt>
   <trkpt lat="46.0980970" lon="7.3908570">
    <ele>2164.0</ele>
   </trkpt>
   <trkpt lat="46.0980680" lon="7.3908960">
    <ele>2164.0</ele>
   </trkpt>
   <trkpt lat="46.0980500" lon="7.3909140">
    <ele>2164.0</ele>
   </trkpt>
   <trkpt lat="46.0980330" lon="7.3909320">
    <ele>2164.0</ele>
   </trkpt>
   <trkpt lat="46.0980160" lon="7.3909500">
    <ele>2164.0</ele>
   </trkpt>
   <trkpt lat="46.0979650" lon="7.3910030">
    <ele>2164.0</ele>
   </trkpt>
   <trkpt lat="46.0979480" lon="7.3910230">
    <ele>2164.0</ele>
   </trkpt>
   <trkpt lat="46.0979310" lon="7.3910420">
    <ele>2164.0</ele>
   </trkpt>
   <trkpt lat="46.0979150" lon="7.3910610">
    <ele>2164.0</ele>
   </trkpt>
   <trkpt lat="46.0978660" lon="7.3911240">
    <ele>2164.0</ele>
   </trkpt>
   <trkpt lat="46.0978500" lon="7.3911460">
    <ele>2163.0</ele>
   </trkpt>
   <trkpt lat="46.0978340" lon="7.3911670">
    <ele>2163.0</ele>
   </trkpt>
   <trkpt lat="46.0978180" lon="7.3911890">
    <ele>2163.0</ele>
   </trkpt>
   <trkpt lat="46.0977700" lon="7.3912530">
    <ele>2163.0</ele>
   </trkpt>
   <trkpt lat="46.0977530" lon="7.3912720">
    <ele>2163.0</ele>
   </trkpt>
   <trkpt lat="46.0977350" lon="7.3912910">
    <ele>2163.0</ele>
   </trkpt>
   <trkpt lat="46.0977180" lon="7.3913110">
    <ele>2163.0</ele>
   </trkpt>
   <trkpt lat="46.0976620" lon="7.3913600">
    <ele>2163.0</ele>
   </trkpt>
   <trkpt lat="46.0976420" lon="7.3913720">
    <ele>2162.0</ele>
   </trkpt>
   <trkpt lat="46.0976220" lon="7.3913840">
    <ele>2162.0</ele>
   </trkpt>
   <trkpt lat="46.0976020" lon="7.3913960">
    <ele>2162.0</ele>
   </trkpt>
   <trkpt lat="46.0975400" lon="7.3914090">
    <ele>2162.0</ele>
   </trkpt>
   <trkpt lat="46.0975190" lon="7.3914080">
    <ele>2161.0</ele>
   </trkpt>
   <trkpt lat="46.0974990" lon="7.3914080">
    <ele>2161.0</ele>
   </trkpt>
   <trkpt lat="46.0974790" lon="7.3914080">
    <ele>2161.0</ele>
   </trkpt>
   <trkpt lat="46.0974180" lon="7.3914050">
    <ele>2161.0</ele>
   </trkpt>
   <trkpt lat="46.0974000" lon="7.3914020">
    <ele>2161.0</ele>
   </trkpt>
   <trkpt lat="46.0973810" lon="7.3913990">
    <ele>2161.0</ele>
   </trkpt>
   <trkpt lat="46.0973630" lon="7.3913960">
    <ele>2161.0</ele>
   </trkpt>
   <trkpt lat="46.0973210" lon="7.3913880">
    <ele>2161.0</ele>
   </trkpt>
   <trkpt lat="46.0973100" lon="7.3913860">
    <ele>2161.0</ele>
   </trkpt>
   <trkpt lat="46.0973000" lon="7.3913830">
    <ele>2161.0</ele>
   </trkpt>
   <trkpt lat="46.0972890" lon="7.3913810">
    <ele>2161.0</ele>
   </trkpt>
   <trkpt lat="46.0972610" lon="7.3913730">
    <ele>2161.0</ele>
   </trkpt>
   <trkpt lat="46.0972520" lon="7.3913710">
    <ele>2161.0</ele>
   </trkpt>
   <trkpt lat="46.0972420" lon="7.3913690">
    <ele>2161.0</ele>
   </trkpt>
   <trkpt lat="46.0972330" lon="7.3913670">
    <ele>2161.0</ele>
   </trkpt>
   <trkpt lat="46.0972060" lon="7.3913630">
    <ele>2162.0</ele>
   </trkpt>
   <trkpt lat="46.0971980" lon="7.3913630">
    <ele>2162.0</ele>
   </trkpt>
   <trkpt lat="46.0971890" lon="7.3913630">
    <ele>2162.0</ele>
   </trkpt>
   <trkpt lat="46.0971800" lon="7.3913630">
    <ele>2162.0</ele>
   </trkpt>
   <trkpt lat="46.0971520" lon="7.3913640">
    <ele>2163.0</ele>
   </trkpt>
   <trkpt lat="46.0971430" lon="7.3913660">
    <ele>2163.0</ele>
   </trkpt>
   <trkpt lat="46.0971340" lon="7.3913690">
    <ele>2163.0</ele>
   </trkpt>
   <trkpt lat="46.0971250" lon="7.3913710">
    <ele>2163.0</ele>
   </trkpt>
   <trkpt lat="46.0971000" lon="7.3913800">
    <ele>2163.0</ele>
   </trkpt>
   <trkpt lat="46.0970900" lon="7.3913820">
    <ele>2163.0</ele>
   </trkpt>
   <trkpt lat="46.0970800" lon="7.3913850">
    <ele>2163.0</ele>
   </trkpt>
   <trkpt lat="46.0970700" lon="7.3913870">
    <ele>2163.0</ele>
   </trkpt>
   <trkpt lat="46.0970420" lon="7.3913820">
    <ele>2164.0</ele>
   </trkpt>
   <trkpt lat="46.0970330" lon="7.3913760">
    <ele>2164.0</ele>
   </trkpt>
   <trkpt lat="46.0970250" lon="7.3913700">
    <ele>2164.0</ele>
   </trkpt>
   <trkpt lat="46.0970160" lon="7.3913640">
    <ele>2164.0</ele>
   </trkpt>
   <trkpt lat="46.0969940" lon="7.3913380">
    <ele>2165.0</ele>
   </trkpt>
   <trkpt lat="46.0969870" lon="7.3913280">
    <ele>2165.0</ele>
   </trkpt>
   <trkpt lat="46.0969790" lon="7.3913180">
    <ele>2165.0</ele>
   </trkpt>
   <trkpt lat="46.0969720" lon="7.3913090">
    <ele>2165.0</ele>
   </trkpt>
   <trkpt lat="46.0969480" lon="7.3912780">
    <ele>2165.0</ele>
   </trkpt>
   <trkpt lat="46.0969400" lon="7.3912670">
    <ele>2165.0</ele>
   </trkpt>
   <trkpt lat="46.0969320" lon="7.3912570">
    <ele>2165.0</ele>
   </trkpt>
   <trkpt lat="46.0969240" lon="7.3912470">
    <ele>2165.0</ele>
   </trkpt>
   <trkpt lat="46.0969010" lon="7.3912220">
    <ele>2166.0</ele>
   </trkpt>
   <trkpt lat="46.0968930" lon="7.3912180">
    <ele>2166.0</ele>
   </trkpt>
   <trkpt lat="46.0968850" lon="7.3912130">
    <ele>2166.0</ele>
   </trkpt>
   <trkpt lat="46.0968770" lon="7.3912090">
    <ele>2166.0</ele>
   </trkpt>
   <trkpt lat="46.0968520" lon="7.3912120">
    <ele>2167.0</ele>
   </trkpt>
   <trkpt lat="46.0968440" lon="7.3912170">
    <ele>2167.0</ele>
   </trkpt>
   <trkpt lat="46.0968350" lon="7.3912220">
    <ele>2167.0</ele>
   </trkpt>
   <trkpt lat="46.0968270" lon="7.3912270">
    <ele>2167.0</ele>
   </trkpt>
   <trkpt lat="46.0968010" lon="7.3912430">
    <ele>2167.0</ele>
   </trkpt>
   <trkpt lat="46.0967920" lon="7.3912460">
    <ele>2167.0</ele>
   </trkpt>
   <trkpt lat="46.0967830" lon="7.3912490">
    <ele>2167.0</ele>
   </trkpt>
   <trkpt lat="46.0967750" lon="7.3912520">
    <ele>2167.0</ele>
   </trkpt>
   <trkpt lat="46.0967480" lon="7.3912500">
    <ele>2168.0</ele>
   </trkpt>
   <trkpt lat="46.0967390" lon="7.3912460">
    <ele>2168.0</ele>
   </trkpt>
   <trkpt lat="46.0967300" lon="7.3912420">
    <ele>2168.0</ele>
   </trkpt>
   <trkpt lat="46.0967210" lon="7.3912390">
    <ele>2168.0</ele>
   </trkpt>
   <trkpt lat="46.0966930" lon="7.3912250">
    <ele>2168.0</ele>
   </trkpt>
   <trkpt lat="46.0966840" lon="7.3912200">
    <ele>2168.0</ele>
   </trkpt>
   <trkpt lat="46.0966760" lon="7.3912150">
    <ele>2168.0</ele>
   </trkpt>
   <trkpt lat="46.0966670" lon="7.3912110">
    <ele>2168.0</ele>
   </trkpt>
   <trkpt lat="46.0966420" lon="7.3911960">
    <ele>2169.0</ele>
   </trkpt>
   <trkpt lat="46.0966330" lon="7.3911910">
    <ele>2169.0</ele>
   </trkpt>
   <trkpt lat="46.0966250" lon="7.3911860">
    <ele>2169.0</ele>
   </trkpt>
   <trkpt lat="46.0966160" lon="7.3911820">
    <ele>2169.0</ele>
   </trkpt>
   <trkpt lat="46.0965920" lon="7.3911710">
    <ele>2170.0</ele>
   </trkpt>
   <trkpt lat="46.0965840" lon="7.3911680">
    <ele>2170.0</ele>
   </trkpt>
   <trkpt lat="46.0965750" lon="7.3911650">
    <ele>2170.0</ele>
   </trkpt>
   <trkpt lat="46.0965670" lon="7.3911610">
    <ele>2170.0</ele>
   </trkpt>
   <trkpt lat="46.0965460" lon="7.3911560">
    <ele>2170.0</ele>
   </trkpt>
   <trkpt lat="46.0965390" lon="7.3911560">
    <ele>2170.0</ele>
   </trkpt>
   <trkpt lat="46.0965330" lon="7.3911560">
    <ele>2171.0</ele>
   </trkpt>
   <trkpt lat="46.0965260" lon="7.3911560">
    <ele>2171.0</ele>
   </trkpt>
   <trkpt lat="46.0965050" lon="7.3911620">
    <ele>2172.0</ele>
   </trkpt>
   <trkpt lat="46.0964980" lon="7.3911640">
    <ele>2172.0</ele>
   </trkpt>
   <trkpt lat="46.0964900" lon="7.3911670">
    <ele>2172.0</ele>
   </trkpt>
   <trkpt lat="46.0964830" lon="7.3911690">
    <ele>2172.0</ele>
   </trkpt>
   <trkpt lat="46.0964600" lon="7.3911790">
    <ele>2173.0</ele>
   </trkpt>
   <trkpt lat="46.0964520" lon="7.3911830">
    <ele>2173.0</ele>
   </trkpt>
   <trkpt lat="46.0964440" lon="7.3911870">
    <ele>2173.0</ele>
   </trkpt>
   <trkpt lat="46.0964370" lon="7.3911920">
    <ele>2173.0</ele>
   </trkpt>
   <trkpt lat="46.0964140" lon="7.3912080">
    <ele>2174.0</ele>
   </trkpt>
   <trkpt lat="46.0964080" lon="7.3912130">
    <ele>2174.0</ele>
   </trkpt>
   <trkpt lat="46.0964010" lon="7.3912180">
    <ele>2174.0</ele>
   </trkpt>
   <trkpt lat="46.0963940" lon="7.3912240">
    <ele>2174.0</ele>
   </trkpt>
   <trkpt lat="46.0963750" lon="7.3912370">
    <ele>2175.0</ele>
   </trkpt>
   <trkpt lat="46.0963690" lon="7.3912420">
    <ele>2175.0</ele>
   </trkpt>
   <trkpt lat="46.0963640" lon="7.3912460">
    <ele>2175.0</ele>
   </trkpt>
   <trkpt lat="46.0963580" lon="7.3912510">
    <ele>2175.0</ele>
   </trkpt>
   <trkpt lat="46.0963440" lon="7.3912680">
    <ele>2175.0</ele>
   </trkpt>
   <trkpt lat="46.0963400" lon="7.3912740">
    <ele>2175.0</ele>
   </trkpt>
   <trkpt lat="46.0963350" lon="7.3912800">
    <ele>2176.0</ele>
   </trkpt>
   <trkpt lat="46.0963300" lon="7.3912860">
    <ele>2176.0</ele>
   </trkpt>
   <trkpt lat="46.0963170" lon="7.3913040">
    <ele>2177.0</ele>
   </trkpt>
   <trkpt lat="46.0963120" lon="7.3913110">
    <ele>2177.0</ele>
   </trkpt>
   <trkpt lat="46.0963080" lon="7.3913180">
    <ele>2177.0</ele>
   </trkpt>
   <trkpt lat="46.0963030" lon="7.3913250">
    <ele>2177.0</ele>
   </trkpt>
   <trkpt lat="46.0962870" lon="7.3913460">
    <ele>2178.0</ele>
   </trkpt>
   <trkpt lat="46.0962810" lon="7.3913520">
    <ele>2178.0</ele>
   </trkpt>
   <trkpt lat="46.0962750" lon="7.3913580">
    <ele>2178.0</ele>
   </trkpt>
   <trkpt lat="46.0962690" lon="7.3913640">
    <ele>2178.0</ele>
   </trkpt>
   <trkpt lat="46.0962490" lon="7.3913670">
    <ele>2178.0</ele>
   </trkpt>
   <trkpt lat="46.0962440" lon="7.3913620">
    <ele>2178.0</ele>
   </trkpt>
   <trkpt lat="46.0962390" lon="7.3913570">
    <ele>2178.0</ele>
   </trkpt>
   <trkpt lat="46.0962330" lon="7.3913530">
    <ele>2178.0</ele>
   </trkpt>
   <trkpt lat="46.0962270" lon="7.3913290">
    <ele>2179.0</ele>
   </trkpt>
   <trkpt lat="46.0962280" lon="7.3913190">
    <ele>2179.0</ele>
   </trkpt>
   <trkpt lat="46.0962290" lon="7.3913100">
    <ele>2179.0</ele>
   </trkpt>
   <trkpt lat="46.0962300" lon="7.3913000">
    <ele>2179.0</ele>
   </trkpt>
   <trkpt lat="46.0962360" lon="7.3912680">
    <ele>2180.0</ele>
   </trkpt>
   <trkpt lat="46.0962380" lon="7.3912580">
    <ele>2180.0</ele>
   </trkpt>
   <trkpt lat="46.0962400" lon="7.3912470">
    <ele>2180.0</ele>
   </trkpt>
   <trkpt lat="46.0962420" lon="7.3912360">
    <ele>2180.0</ele>
   </trkpt>
   <trkpt lat="46.0962460" lon="7.3912020">
    <ele>2181.0</ele>
   </trkpt>
   <trkpt lat="46.0962470" lon="7.3911900">
    <ele>2181.0</ele>
   </trkpt>
   <trkpt lat="46.0962480" lon="7.3911770">
    <ele>2181.0</ele>
   </trkpt>
   <trkpt lat="46.0962490" lon="7.3911650">
    <ele>2181.0</ele>
   </trkpt>
   <trkpt lat="46.0962480" lon="7.3911290">
    <ele>2182.0</ele>
   </trkpt>
   <trkpt lat="46.0962480" lon="7.3911190">
    <ele>2182.0</ele>
   </trkpt>
   <trkpt lat="46.0962470" lon="7.3911090">
    <ele>2182.0</ele>
   </trkpt>
   <trkpt lat="46.0962470" lon="7.3910990">
    <ele>2182.0</ele>
   </trkpt>
   <trkpt lat="46.0962430" lon="7.3910720">
    <ele>2183.0</ele>
   </trkpt>
   <trkpt lat="46.0962420" lon="7.3910640">
    <ele>2183.0</ele>
   </trkpt>
   <trkpt lat="46.0962420" lon="7.3910560">
    <ele>2183.0</ele>
   </trkpt>
   <trkpt lat="46.0962410" lon="7.3910480">
    <ele>2183.0</ele>
   </trkpt>
   <trkpt lat="46.0962380" lon="7.3910240">
    <ele>2184.0</ele>
   </trkpt>
   <trkpt lat="46.0962370" lon="7.3910160">
    <ele>2184.0</ele>
   </trkpt>
   <trkpt lat="46.0962360" lon="7.3910080">
    <ele>2184.0</ele>
   </trkpt>
   <trkpt lat="46.0962340" lon="7.3910000">
    <ele>2184.0</ele>
   </trkpt>
   <trkpt lat="46.0962280" lon="7.3909760">
    <ele>2184.0</ele>
   </trkpt>
   <trkpt lat="46.0962240" lon="7.3909690">
    <ele>2184.0</ele>
   </trkpt>
   <trkpt lat="46.0962210" lon="7.3909630">
    <ele>2184.0</ele>
   </trkpt>
   <trkpt lat="46.0962170" lon="7.3909560">
    <ele>2184.0</ele>
   </trkpt>
   <trkpt lat="46.0962030" lon="7.3909410">
    <ele>2185.0</ele>
   </trkpt>
   <trkpt lat="46.0961970" lon="7.3909380">
    <ele>2185.0</ele>
   </trkpt>
   <trkpt lat="46.0961920" lon="7.3909360">
    <ele>2185.0</ele>
   </trkpt>
   <trkpt lat="46.0961870" lon="7.3909340">
    <ele>2185.0</ele>
   </trkpt>
   <trkpt lat="46.0961690" lon="7.3909350">
    <ele>2186.0</ele>
   </trkpt>
   <trkpt lat="46.0961620" lon="7.3909370">
    <ele>2186.0</ele>
   </trkpt>
   <trkpt lat="46.0961550" lon="7.3909400">
    <ele>2186.0</ele>
   </trkpt>
   <trkpt lat="46.0961480" lon="7.3909430">
    <ele>2186.0</ele>
   </trkpt>
   <trkpt lat="46.0961270" lon="7.3909590">
    <ele>2187.0</ele>
   </trkpt>
   <trkpt lat="46.0961210" lon="7.3909670">
    <ele>2187.0</ele>
   </trkpt>
   <trkpt lat="46.0961140" lon="7.3909750">
    <ele>2187.0</ele>
   </trkpt>
   <trkpt lat="46.0961070" lon="7.3909830">
    <ele>2187.0</ele>
   </trkpt>
   <trkpt lat="46.0960900" lon="7.3910130">
    <ele>2188.0</ele>
   </trkpt>
   <trkpt lat="46.0960860" lon="7.3910220">
    <ele>2188.0</ele>
   </trkpt>
   <trkpt lat="46.0960810" lon="7.3910320">
    <ele>2188.0</ele>
   </trkpt>
   <trkpt lat="46.0960770" lon="7.3910410">
    <ele>2188.0</ele>
   </trkpt>
   <trkpt lat="46.0960640" lon="7.3910690">
    <ele>2188.0</ele>
   </trkpt>
   <trkpt lat="46.0960610" lon="7.3910790">
    <ele>2188.0</ele>
   </trkpt>
   <trkpt lat="46.0960570" lon="7.3910880">
    <ele>2188.0</ele>
   </trkpt>
   <trkpt lat="46.0960540" lon="7.3910970">
    <ele>2188.0</ele>
   </trkpt>
   <trkpt lat="46.0960440" lon="7.3911250">
    <ele>2189.0</ele>
   </trkpt>
   <trkpt lat="46.0960390" lon="7.3911340">
    <ele>2189.0</ele>
   </trkpt>
   <trkpt lat="46.0960350" lon="7.3911420">
    <ele>2189.0</ele>
   </trkpt>
   <trkpt lat="46.0960310" lon="7.3911510">
    <ele>2189.0</ele>
   </trkpt>
   <trkpt lat="46.0960160" lon="7.3911710">
    <ele>2190.0</ele>
   </trkpt>
   <trkpt lat="46.0960100" lon="7.3911750">
    <ele>2190.0</ele>
   </trkpt>
   <trkpt lat="46.0960050" lon="7.3911790">
    <ele>2190.0</ele>
   </trkpt>
   <trkpt lat="46.0959990" lon="7.3911830">
    <ele>2190.0</ele>
   </trkpt>
   <trkpt lat="46.0959800" lon="7.3911900">
    <ele>2191.0</ele>
   </trkpt>
   <trkpt lat="46.0959740" lon="7.3911900">
    <ele>2191.0</ele>
   </trkpt>
   <trkpt lat="46.0959670" lon="7.3911890">
    <ele>2191.0</ele>
   </trkpt>
   <trkpt lat="46.0959610" lon="7.3911890">
    <ele>2191.0</ele>
   </trkpt>
   <trkpt lat="46.0959400" lon="7.3911840">
    <ele>2192.0</ele>
   </trkpt>
   <trkpt lat="46.0959330" lon="7.3911830">
    <ele>2192.0</ele>
   </trkpt>
   <trkpt lat="46.0959260" lon="7.3911820">
    <ele>2193.0</ele>
   </trkpt>
   <trkpt lat="46.0959180" lon="7.3911810">
    <ele>2193.0</ele>
   </trkpt>
   <trkpt lat="46.0958970" lon="7.3911840">
    <ele>2194.0</ele>
   </trkpt>
   <trkpt lat="46.0958900" lon="7.3911880">
    <ele>2194.0</ele>
   </trkpt>
   <trkpt lat="46.0958830" lon="7.3911920">
    <ele>2194.0</ele>
   </trkpt>
   <trkpt lat="46.0958760" lon="7.3911960">
    <ele>2194.0</ele>
   </trkpt>
   <trkpt lat="46.0958580" lon="7.3912140">
    <ele>2194.0</ele>
   </trkpt>
   <trkpt lat="46.0958530" lon="7.3912210">
    <ele>2194.0</ele>
   </trkpt>
   <trkpt lat="46.0958470" lon="7.3912280">
    <ele>2194.0</ele>
   </trkpt>
   <trkpt lat="46.0958420" lon="7.3912350">
    <ele>2194.0</ele>
   </trkpt>
   <trkpt lat="46.0958270" lon="7.3912570">
    <ele>2195.0</ele>
   </trkpt>
   <trkpt lat="46.0958220" lon="7.3912630">
    <ele>2195.0</ele>
   </trkpt>
   <trkpt lat="46.0958170" lon="7.3912700">
    <ele>2195.0</ele>
   </trkpt>
   <trkpt lat="46.0958110" lon="7.3912760">
    <ele>2195.0</ele>
   </trkpt>
   <trkpt lat="46.0957960" lon="7.3912950">
    <ele>2196.0</ele>
   </trkpt>
   <trkpt lat="46.0957920" lon="7.3913000">
    <ele>2196.0</ele>
   </trkpt>
   <trkpt lat="46.0957880" lon="7.3913060">
    <ele>2196.0</ele>
   </trkpt>
   <trkpt lat="46.0957830" lon="7.3913120">
    <ele>2196.0</ele>
   </trkpt>
   <trkpt lat="46.0957690" lon="7.3913290">
    <ele>2197.0</ele>
   </trkpt>
   <trkpt lat="46.0957650" lon="7.3913340">
    <ele>2197.0</ele>
   </trkpt>
   <trkpt lat="46.0957600" lon="7.3913400">
    <ele>2197.0</ele>
   </trkpt>
   <trkpt lat="46.0957550" lon="7.3913460">
    <ele>2197.0</ele>
   </trkpt>
   <trkpt lat="46.0957410" lon="7.3913650">
    <ele>2198.0</ele>
   </trkpt>
   <trkpt lat="46.0957360" lon="7.3913720">
    <ele>2198.0</ele>
   </trkpt>
   <trkpt lat="46.0957310" lon="7.3913790">
    <ele>2198.0</ele>
   </trkpt>
   <trkpt lat="46.0957260" lon="7.3913870">
    <ele>2198.0</ele>
   </trkpt>
   <trkpt lat="46.0957110" lon="7.3914130">
    <ele>2199.0</ele>
   </trkpt>
   <trkpt lat="46.0957060" lon="7.3914230">
    <ele>2199.0</ele>
   </trkpt>
   <trkpt lat="46.0957010" lon="7.3914330">
    <ele>2199.0</ele>
   </trkpt>
   <trkpt lat="46.0956960" lon="7.3914430">
    <ele>2199.0</ele>
   </trkpt>
   <trkpt lat="46.0956840" lon="7.3914720">
    <ele>2199.0</ele>
   </trkpt>
   <trkpt lat="46.0956800" lon="7.3914830">
    <ele>2199.0</ele>
   </trkpt>
   <trkpt lat="46.0956770" lon="7.3914930">
    <ele>2199.0</ele>
   </trkpt>
   <trkpt lat="46.0956730" lon="7.3915030">
    <ele>2199.0</ele>
   </trkpt>
   <trkpt lat="46.0956630" lon="7.3915350">
    <ele>2200.0</ele>
   </trkpt>
   <trkpt lat="46.0956600" lon="7.3915450">
    <ele>2200.0</ele>
   </trkpt>
   <trkpt lat="46.0956570" lon="7.3915560">
    <ele>2200.0</ele>
   </trkpt>
   <trkpt lat="46.0956530" lon="7.3915660">
    <ele>2200.0</ele>
   </trkpt>
   <trkpt lat="46.0956430" lon="7.3915970">
    <ele>2201.0</ele>
   </trkpt>
   <trkpt lat="46.0956390" lon="7.3916060">
    <ele>2201.0</ele>
   </trkpt>
   <trkpt lat="46.0956360" lon="7.3916160">
    <ele>2201.0</ele>
   </trkpt>
   <trkpt lat="46.0956320" lon="7.3916250">
    <ele>2201.0</ele>
   </trkpt>
   <trkpt lat="46.0956190" lon="7.3916510">
    <ele>2201.0</ele>
   </trkpt>
   <trkpt lat="46.0956150" lon="7.3916590">
    <ele>2201.0</ele>
   </trkpt>
   <trkpt lat="46.0956110" lon="7.3916660">
    <ele>2201.0</ele>
   </trkpt>
   <trkpt lat="46.0956070" lon="7.3916740">
    <ele>2201.0</ele>
   </trkpt>
   <trkpt lat="46.0955930" lon="7.3916950">
    <ele>2202.0</ele>
   </trkpt>
   <trkpt lat="46.0955890" lon="7.3917020">
    <ele>2202.0</ele>
   </trkpt>
   <trkpt lat="46.0955840" lon="7.3917100">
    <ele>2202.0</ele>
   </trkpt>
   <trkpt lat="46.0955800" lon="7.3917170">
    <ele>2202.0</ele>
   </trkpt>
   <trkpt lat="46.0955650" lon="7.3917410">
    <ele>2203.0</ele>
   </trkpt>
   <trkpt lat="46.0955600" lon="7.3917500">
    <ele>2203.0</ele>
   </trkpt>
   <trkpt lat="46.0955540" lon="7.3917580">
    <ele>2203.0</ele>
   </trkpt>
   <trkpt lat="46.0955490" lon="7.3917670">
    <ele>2203.0</ele>
   </trkpt>
   <trkpt lat="46.0955330" lon="7.3917910">
    <ele>2204.0</ele>
   </trkpt>
   <trkpt lat="46.0955280" lon="7.3917980">
    <ele>2204.0</ele>
   </trkpt>
   <trkpt lat="46.0955220" lon="7.3918060">
    <ele>2204.0</ele>
   </trkpt>
   <trkpt lat="46.0955170" lon="7.3918130">
    <ele>2204.0</ele>
   </trkpt>
   <trkpt lat="46.0955030" lon="7.3918340">
    <ele>2205.0</ele>
   </trkpt>
   <trkpt lat="46.0954980" lon="7.3918400">
    <ele>2205.0</ele>
   </trkpt>
   <trkpt lat="46.0954930" lon="7.3918450">
    <ele>2205.0</ele>
   </trkpt>
   <trkpt lat="46.0954880" lon="7.3918510">
    <ele>2205.0</ele>
   </trkpt>
   <trkpt lat="46.0954710" lon="7.3918620">
    <ele>2206.0</ele>
   </trkpt>
   <trkpt lat="46.0954640" lon="7.3918650">
    <ele>2206.0</ele>
   </trkpt>
   <trkpt lat="46.0954580" lon="7.3918680">
    <ele>2206.0</ele>
   </trkpt>
   <trkpt lat="46.0954510" lon="7.3918710">
    <ele>2206.0</ele>
   </trkpt>
   <trkpt lat="46.0954330" lon="7.3918810">
    <ele>2207.0</ele>
   </trkpt>
   <trkpt lat="46.0954270" lon="7.3918850">
    <ele>2207.0</ele>
   </trkpt>
   <trkpt lat="46.0954210" lon="7.3918890">
    <ele>2207.0</ele>
   </trkpt>
   <trkpt lat="46.0954150" lon="7.3918930">
    <ele>2207.0</ele>
   </trkpt>
   <trkpt lat="46.0953980" lon="7.3919060">
    <ele>2208.0</ele>
   </trkpt>
   <trkpt lat="46.0953930" lon="7.3919110">
    <ele>2208.0</ele>
   </trkpt>
   <trkpt lat="46.0953870" lon="7.3919150">
    <ele>2208.0</ele>
   </trkpt>
   <trkpt lat="46.0953820" lon="7.3919200">
    <ele>2208.0</ele>
   </trkpt>
   <trkpt lat="46.0953640" lon="7.3919340">
    <ele>2209.0</ele>
   </trkpt>
   <trkpt lat="46.0953580" lon="7.3919380">
    <ele>2209.0</ele>
   </trkpt>
   <trkpt lat="46.0953520" lon="7.3919420">
    <ele>2209.0</ele>
   </trkpt>
   <trkpt lat="46.0953460" lon="7.3919470">
    <ele>2209.0</ele>
   </trkpt>
   <trkpt lat="46.0953280" lon="7.3919610">
    <ele>2210.0</ele>
   </trkpt>
   <trkpt lat="46.0953210" lon="7.3919670">
    <ele>2210.0</ele>
   </trkpt>
   <trkpt lat="46.0953150" lon="7.3919720">
    <ele>2210.0</ele>
   </trkpt>
   <trkpt lat="46.0953090" lon="7.3919770">
    <ele>2210.0</ele>
   </trkpt>
   <trkpt lat="46.0952900" lon="7.3919940">
    <ele>2210.0</ele>
   </trkpt>
   <trkpt lat="46.0952830" lon="7.3919990">
    <ele>2210.0</ele>
   </trkpt>
   <trkpt lat="46.0952770" lon="7.3920050">
    <ele>2210.0</ele>
   </trkpt>
   <trkpt lat="46.0952700" lon="7.3920100">
    <ele>2210.0</ele>
   </trkpt>
   <trkpt lat="46.0952510" lon="7.3920280">
    <ele>2211.0</ele>
   </trkpt>
   <trkpt lat="46.0952440" lon="7.3920330">
    <ele>2211.0</ele>
   </trkpt>
   <trkpt lat="46.0952380" lon="7.3920380">
    <ele>2211.0</ele>
   </trkpt>
   <trkpt lat="46.0952310" lon="7.3920430">
    <ele>2211.0</ele>
   </trkpt>
   <trkpt lat="46.0952100" lon="7.3920540">
    <ele>2212.0</ele>
   </trkpt>
   <trkpt lat="46.0952030" lon="7.3920550">
    <ele>2212.0</ele>
   </trkpt>
   <trkpt lat="46.0951960" lon="7.3920560">
    <ele>2212.0</ele>
   </trkpt>
   <trkpt lat="46.0951890" lon="7.3920580">
    <ele>2212.0</ele>
   </trkpt>
   <trkpt lat="46.0951700" lon="7.3920570">
    <ele>2213.0</ele>
   </trkpt>
   <trkpt lat="46.0951640" lon="7.3920550">
    <ele>2213.0</ele>
   </trkpt>
   <trkpt lat="46.0951570" lon="7.3920540">
    <ele>2213.0</ele>
   </trkpt>
   <trkpt lat="46.0951510" lon="7.3920530">
    <ele>2213.0</ele>
   </trkpt>
   <trkpt lat="46.0951320" lon="7.3920460">
    <ele>2214.0</ele>
   </trkpt>
   <trkpt lat="46.0951250" lon="7.3920430">
    <ele>2214.0</ele>
   </trkpt>
   <trkpt lat="46.0951190" lon="7.3920410">
    <ele>2214.0</ele>
   </trkpt>
   <trkpt lat="46.0951130" lon="7.3920380">
    <ele>2214.0</ele>
   </trkpt>
   <trkpt lat="46.0950930" lon="7.3920250">
    <ele>2215.0</ele>
   </trkpt>
   <trkpt lat="46.0950870" lon="7.3920180">
    <ele>2215.0</ele>
   </trkpt>
   <trkpt lat="46.0950800" lon="7.3920120">
    <ele>2215.0</ele>
   </trkpt>
   <trkpt lat="46.0950740" lon="7.3920050">
    <ele>2215.0</ele>
   </trkpt>
   <trkpt lat="46.0950560" lon="7.3919800">
    <ele>2216.0</ele>
   </trkpt>
   <trkpt lat="46.0950500" lon="7.3919700">
    <ele>2216.0</ele>
   </trkpt>
   <trkpt lat="46.0950450" lon="7.3919610">
    <ele>2216.0</ele>
   </trkpt>
   <trkpt lat="46.0950390" lon="7.3919510">
    <ele>2216.0</ele>
   </trkpt>
   <trkpt lat="46.0950240" lon="7.3919240">
    <ele>2217.0</ele>
   </trkpt>
   <trkpt lat="46.0950180" lon="7.3919170">
    <ele>2217.0</ele>
   </trkpt>
   <trkpt lat="46.0950130" lon="7.3919100">
    <ele>2217.0</ele>
   </trkpt>
   <trkpt lat="46.0950070" lon="7.3919040">
    <ele>2217.0</ele>
   </trkpt>
   <trkpt lat="46.0949890" lon="7.3918870">
    <ele>2217.0</ele>
   </trkpt>
   <trkpt lat="46.0949820" lon="7.3918820">
    <ele>2217.0</ele>
   </trkpt>
   <trkpt lat="46.0949760" lon="7.3918760">
    <ele>2217.0</ele>
   </trkpt>
   <trkpt lat="46.0949700" lon="7.3918700">
    <ele>2217.0</ele>
   </trkpt>
   <trkpt lat="46.0949540" lon="7.3918480">
    <ele>2218.0</ele>
   </trkpt>
   <trkpt lat="46.0949490" lon="7.3918390">
    <ele>2218.0</ele>
   </trkpt>
   <trkpt lat="46.0949440" lon="7.3918300">
    <ele>2218.0</ele>
   </trkpt>
   <trkpt lat="46.0949400" lon="7.3918210">
    <ele>2218.0</ele>
   </trkpt>
   <trkpt lat="46.0949300" lon="7.3917910">
    <ele>2219.0</ele>
   </trkpt>
   <trkpt lat="46.0949280" lon="7.3917820">
    <ele>2219.0</ele>
   </trkpt>
   <trkpt lat="46.0949270" lon="7.3917720">
    <ele>2219.0</ele>
   </trkpt>
   <trkpt lat="46.0949250" lon="7.3917620">
    <ele>2219.0</ele>
   </trkpt>
   <trkpt lat="46.0949280" lon="7.3917350">
    <ele>2220.0</ele>
   </trkpt>
   <trkpt lat="46.0949320" lon="7.3917270">
    <ele>2220.0</ele>
   </trkpt>
   <trkpt lat="46.0949360" lon="7.3917190">
    <ele>2220.0</ele>
   </trkpt>
   <trkpt lat="46.0949400" lon="7.3917110">
    <ele>2220.0</ele>
   </trkpt>
   <trkpt lat="46.0949580" lon="7.3916900">
    <ele>2221.0</ele>
   </trkpt>
   <trkpt lat="46.0949640" lon="7.3916840">
    <ele>2221.0</ele>
   </trkpt>
   <trkpt lat="46.0949700" lon="7.3916780">
    <ele>2221.0</ele>
   </trkpt>
   <trkpt lat="46.0949770" lon="7.3916720">
    <ele>2221.0</ele>
   </trkpt>
   <trkpt lat="46.0949930" lon="7.3916540">
    <ele>2222.0</ele>
   </trkpt>
   <trkpt lat="46.0949990" lon="7.3916480">
    <ele>2222.0</ele>
   </trkpt>
   <trkpt lat="46.0950040" lon="7.3916420">
    <ele>2222.0</ele>
   </trkpt>
   <trkpt lat="46.0950090" lon="7.3916370">
    <ele>2222.0</ele>
   </trkpt>
   <trkpt lat="46.0950250" lon="7.3916170">
    <ele>2223.0</ele>
   </trkpt>
   <trkpt lat="46.0950300" lon="7.3916090">
    <ele>2223.0</ele>
   </trkpt>
   <trkpt lat="46.0950350" lon="7.3916010">
    <ele>2223.0</ele>
   </trkpt>
   <trkpt lat="46.0950400" lon="7.3915930">
    <ele>2223.0</ele>
   </trkpt>
   <trkpt lat="46.0950510" lon="7.3915660">
    <ele>2224.0</ele>
   </trkpt>
   <trkpt lat="46.0950540" lon="7.3915560">
    <ele>2224.0</ele>
   </trkpt>
   <trkpt lat="46.0950580" lon="7.3915470">
    <ele>2224.0</ele>
   </trkpt>
   <trkpt lat="46.0950610" lon="7.3915380">
    <ele>2224.0</ele>
   </trkpt>
   <trkpt lat="46.0950710" lon="7.3915110">
    <ele>2224.0</ele>
   </trkpt>
   <trkpt lat="46.0950750" lon="7.3915020">
    <ele>2224.0</ele>
   </trkpt>
   <trkpt lat="46.0950780" lon="7.3914930">
    <ele>2224.0</ele>
   </trkpt>
   <trkpt lat="46.0950810" lon="7.3914840">
    <ele>2224.0</ele>
   </trkpt>
   <trkpt lat="46.0950910" lon="7.3914570">
    <ele>2225.0</ele>
   </trkpt>
   <trkpt lat="46.0950940" lon="7.3914490">
    <ele>2225.0</ele>
   </trkpt>
   <trkpt lat="46.0950970" lon="7.3914400">
    <ele>2225.0</ele>
   </trkpt>
   <trkpt lat="46.0951010" lon="7.3914320">
    <ele>2225.0</ele>
   </trkpt>
   <trkpt lat="46.0951080" lon="7.3914070">
    <ele>2226.0</ele>
   </trkpt>
   <trkpt lat="46.0951100" lon="7.3913980">
    <ele>2226.0</ele>
   </trkpt>
   <trkpt lat="46.0951130" lon="7.3913900">
    <ele>2226.0</ele>
   </trkpt>
   <trkpt lat="46.0951150" lon="7.3913810">
    <ele>2226.0</ele>
   </trkpt>
   <trkpt lat="46.0951220" lon="7.3913530">
    <ele>2227.0</ele>
   </trkpt>
   <trkpt lat="46.0951240" lon="7.3913430">
    <ele>2227.0</ele>
   </trkpt>
   <trkpt lat="46.0951260" lon="7.3913330">
    <ele>2227.0</ele>
   </trkpt>
   <trkpt lat="46.0951290" lon="7.3913230">
    <ele>2227.0</ele>
   </trkpt>
   <trkpt lat="46.0951360" lon="7.3912920">
    <ele>2228.0</ele>
   </trkpt>
   <trkpt lat="46.0951380" lon="7.3912810">
    <ele>2228.0</ele>
   </trkpt>
   <trkpt lat="46.0951410" lon="7.3912700">
    <ele>2228.0</ele>
   </trkpt>
   <trkpt lat="46.0951430" lon="7.3912590">
    <ele>2228.0</ele>
   </trkpt>
   <trkpt lat="46.0951500" lon="7.3912250">
    <ele>2229.0</ele>
   </trkpt>
   <trkpt lat="46.0951510" lon="7.3912140">
    <ele>2229.0</ele>
   </trkpt>
   <trkpt lat="46.0951530" lon="7.3912030">
    <ele>2229.0</ele>
   </trkpt>
   <trkpt lat="46.0951540" lon="7.3911930">
    <ele>2229.0</ele>
   </trkpt>
   <trkpt lat="46.0951530" lon="7.3911600">
    <ele>2230.0</ele>
   </trkpt>
   <trkpt lat="46.0951510" lon="7.3911490">
    <ele>2230.0</ele>
   </trkpt>
   <trkpt lat="46.0951490" lon="7.3911380">
    <ele>2230.0</ele>
   </trkpt>
   <trkpt lat="46.0951470" lon="7.3911260">
    <ele>2230.0</ele>
   </trkpt>
   <trkpt lat="46.0951400" lon="7.3910890">
    <ele>2231.0</ele>
   </trkpt>
   <trkpt lat="46.0951380" lon="7.3910760">
    <ele>2231.0</ele>
   </trkpt>
   <trkpt lat="46.0951350" lon="7.3910630">
    <ele>2231.0</ele>
   </trkpt>
   <trkpt lat="46.0951330" lon="7.3910500">
    <ele>2231.0</ele>
   </trkpt>
   <trkpt lat="46.0951270" lon="7.3910090">
    <ele>2231.0</ele>
   </trkpt>
   <trkpt lat="46.0951240" lon="7.3909960">
    <ele>2231.0</ele>
   </trkpt>
   <trkpt lat="46.0951220" lon="7.3909820">
    <ele>2231.0</ele>
   </trkpt>
   <trkpt lat="46.0951190" lon="7.3909690">
    <ele>2231.0</ele>
   </trkpt>
   <trkpt lat="46.0951120" lon="7.3909300">
    <ele>2232.0</ele>
   </trkpt>
   <trkpt lat="46.0951100" lon="7.3909180">
    <ele>2232.0</ele>
   </trkpt>
   <trkpt lat="46.0951080" lon="7.3909060">
    <ele>2232.0</ele>
   </trkpt>
   <trkpt lat="46.0951070" lon="7.3908940">
    <ele>2232.0</ele>
   </trkpt>
   <trkpt lat="46.0951020" lon="7.3908600">
    <ele>2232.0</ele>
   </trkpt>
   <trkpt lat="46.0951010" lon="7.3908480">
    <ele>2232.0</ele>
   </trkpt>
   <trkpt lat="46.0950990" lon="7.3908360">
    <ele>2232.0</ele>
   </trkpt>
   <trkpt lat="46.0950970" lon="7.3908240">
    <ele>2232.0</ele>
   </trkpt>
   <trkpt lat="46.0950940" lon="7.3907840">
    <ele>2232.0</ele>
   </trkpt>
   <trkpt lat="46.0950930" lon="7.3907710">
    <ele>2232.0</ele>
   </trkpt>
   <trkpt lat="46.0950920" lon="7.3907570">
    <ele>2232.0</ele>
   </trkpt>
   <trkpt lat="46.0950910" lon="7.3907440">
    <ele>2232.0</ele>
   </trkpt>
   <trkpt lat="46.0950850" lon="7.3907040">
    <ele>2232.0</ele>
   </trkpt>
   <trkpt lat="46.0950820" lon="7.3906920">
    <ele>2232.0</ele>
   </trkpt>
   <trkpt lat="46.0950800" lon="7.3906800">
    <ele>2232.0</ele>
   </trkpt>
   <trkpt lat="46.0950770" lon="7.3906680">
    <ele>2232.0</ele>
   </trkpt>
   <trkpt lat="46.0950770" lon="7.3906680">
    <ele>2232.0</ele>
   </trkpt>
   <trkpt lat="46.0950770" lon="7.3906680">
    <ele>2232.0</ele>
   </trkpt>
   <trkpt lat="46.0950770" lon="7.3906680">
    <ele>2232.0</ele>
   </trkpt>
   <trkpt lat="46.0950770" lon="7.3906680">
    <ele>2232.0</ele>
   </trkpt>
   <trkpt lat="46.0950770" lon="7.3906680">
    <ele>2232.0</ele>
   </trkpt>
   <trkpt lat="46.0950770" lon="7.3906680">
    <ele>2232.0</ele>
   </trkpt>
   <trkpt lat="46.0950770" lon="7.3906680">
    <ele>2232.0</ele>
   </trkpt>
   <trkpt lat="46.0950770" lon="7.3906680">
    <ele>2232.0</ele>
   </trkpt>
   <trkpt lat="46.0950770" lon="7.3906680">
    <ele>2232.0</ele>
   </trkpt>
   <trkpt lat="46.0950770" lon="7.3906680">
    <ele>2232.0</ele>
   </trkpt>
   <trkpt lat="46.0950770" lon="7.3906680">
    <ele>2232.0</ele>
   </trkpt>
   <trkpt lat="46.0950770" lon="7.3906680">
    <ele>2232.0</ele>
   </trkpt>
   <trkpt lat="46.0950770" lon="7.3906680">
    <ele>2232.0</ele>
   </trkpt>
   <trkpt lat="46.0950770" lon="7.3906680">
    <ele>2232.0</ele>
   </trkpt>
   <trkpt lat="46.0950770" lon="7.3906680">
    <ele>2232.0</ele>
   </trkpt>
   <trkpt lat="46.0950770" lon="7.3906680">
    <ele>2232.0</ele>
   </trkpt>
   <trkpt lat="46.0950770" lon="7.3906680">
    <ele>2232.0</ele>
   </trkpt>
   <trkpt lat="46.0950770" lon="7.3906680">
    <ele>2232.0</ele>
   </trkpt>
   <trkpt lat="46.0950770" lon="7.3906680">
    <ele>2232.0</ele>
   </trkpt>
   <trkpt lat="46.0950770" lon="7.3906680">
    <ele>2232.0</ele>
   </trkpt>
   <trkpt lat="46.0950770" lon="7.3906680">
    <ele>2232.0</ele>
   </trkpt>
   <trkpt lat="46.0950750" lon="7.3906440">
    <ele>2232.0</ele>
   </trkpt>
   <trkpt lat="46.0950690" lon="7.3906300">
    <ele>2232.0</ele>
   </trkpt>
   <trkpt lat="46.0950630" lon="7.3906270">
    <ele>2232.0</ele>
   </trkpt>
   <trkpt lat="46.0950580" lon="7.3906230">
    <ele>2232.0</ele>
   </trkpt>
   <trkpt lat="46.0950530" lon="7.3906190">
    <ele>2232.0</ele>
   </trkpt>
   <trkpt lat="46.0950290" lon="7.3906040">
    <ele>2232.0</ele>
   </trkpt>
   <trkpt lat="46.0950200" lon="7.3905990">
    <ele>2232.0</ele>
   </trkpt>
   <trkpt lat="46.0950110" lon="7.3905930">
    <ele>2232.0</ele>
   </trkpt>
   <trkpt lat="46.0950020" lon="7.3905880">
    <ele>2232.0</ele>
   </trkpt>
   <trkpt lat="46.0949740" lon="7.3905740">
    <ele>2232.0</ele>
   </trkpt>
   <trkpt lat="46.0949650" lon="7.3905710">
    <ele>2232.0</ele>
   </trkpt>
   <trkpt lat="46.0949550" lon="7.3905680">
    <ele>2232.0</ele>
   </trkpt>
   <trkpt lat="46.0949460" lon="7.3905660">
    <ele>2232.0</ele>
   </trkpt>
   <trkpt lat="46.0949180" lon="7.3905610">
    <ele>2232.0</ele>
   </trkpt>
   <trkpt lat="46.0949090" lon="7.3905600">
    <ele>2232.0</ele>
   </trkpt>
   <trkpt lat="46.0949000" lon="7.3905580">
    <ele>2232.0</ele>
   </trkpt>
   <trkpt lat="46.0948910" lon="7.3905570">
    <ele>2232.0</ele>
   </trkpt>
   <trkpt lat="46.0948650" lon="7.3905500">
    <ele>2232.0</ele>
   </trkpt>
   <trkpt lat="46.0948560" lon="7.3905480">
    <ele>2232.0</ele>
   </trkpt>
   <trkpt lat="46.0948470" lon="7.3905470">
    <ele>2233.0</ele>
   </trkpt>
   <trkpt lat="46.0948380" lon="7.3905450">
    <ele>2233.0</ele>
   </trkpt>
   <trkpt lat="46.0948120" lon="7.3905370">
    <ele>2233.0</ele>
   </trkpt>
   <trkpt lat="46.0948030" lon="7.3905310">
    <ele>2233.0</ele>
   </trkpt>
   <trkpt lat="46.0947940" lon="7.3905240">
    <ele>2233.0</ele>
   </trkpt>
   <trkpt lat="46.0947850" lon="7.3905180">
    <ele>2233.0</ele>
   </trkpt>
   <trkpt lat="46.0947590" lon="7.3904890">
    <ele>2233.0</ele>
   </trkpt>
   <trkpt lat="46.0947520" lon="7.3904770">
    <ele>2233.0</ele>
   </trkpt>
   <trkpt lat="46.0947440" lon="7.3904640">
    <ele>2233.0</ele>
   </trkpt>
   <trkpt lat="46.0947370" lon="7.3904520">
    <ele>2233.0</ele>
   </trkpt>
   <trkpt lat="46.0947180" lon="7.3904110">
    <ele>2233.0</ele>
   </trkpt>
   <trkpt lat="46.0947120" lon="7.3903980">
    <ele>2233.0</ele>
   </trkpt>
   <trkpt lat="46.0947060" lon="7.3903860">
    <ele>2234.0</ele>
   </trkpt>
   <trkpt lat="46.0947000" lon="7.3903740">
    <ele>2234.0</ele>
   </trkpt>
   <trkpt lat="46.0946800" lon="7.3903470">
    <ele>2234.0</ele>
   </trkpt>
   <trkpt lat="46.0946680" lon="7.3903350">
    <ele>2234.0</ele>
   </trkpt>
   <trkpt lat="46.0946560" lon="7.3903220">
    <ele>2234.0</ele>
   </trkpt>
   <trkpt lat="46.0946320" lon="7.3902980">
    <ele>2234.0</ele>
   </trkpt>
   <trkpt lat="46.0946080" lon="7.3902730">
    <ele>2234.0</ele>
   </trkpt>
   <trkpt lat="46.0945900" lon="7.3902580">
    <ele>2234.0</ele>
   </trkpt>
   <trkpt lat="46.0945730" lon="7.3902440">
    <ele>2234.0</ele>
   </trkpt>
   <trkpt lat="46.0945550" lon="7.3902290">
    <ele>2234.0</ele>
   </trkpt>
   <trkpt lat="46.0945020" lon="7.3901840">
    <ele>2234.0</ele>
   </trkpt>
   <trkpt lat="46.0944850" lon="7.3901690">
    <ele>2234.0</ele>
   </trkpt>
   <trkpt lat="46.0944680" lon="7.3901540">
    <ele>2234.0</ele>
   </trkpt>
   <trkpt lat="46.0944510" lon="7.3901390">
    <ele>2234.0</ele>
   </trkpt>
   <trkpt lat="46.0944010" lon="7.3901050">
    <ele>2234.0</ele>
   </trkpt>
   <trkpt lat="46.0943840" lon="7.3900960">
    <ele>2234.0</ele>
   </trkpt>
   <trkpt lat="46.0943680" lon="7.3900870">
    <ele>2234.0</ele>
   </trkpt>
   <trkpt lat="46.0943520" lon="7.3900790">
    <ele>2234.0</ele>
   </trkpt>
   <trkpt lat="46.0943040" lon="7.3900560">
    <ele>2234.0</ele>
   </trkpt>
   <trkpt lat="46.0942890" lon="7.3900480">
    <ele>2234.0</ele>
   </trkpt>
   <trkpt lat="46.0942740" lon="7.3900400">
    <ele>2235.0</ele>
   </trkpt>
   <trkpt lat="46.0942590" lon="7.3900320">
    <ele>2235.0</ele>
   </trkpt>
   <trkpt lat="46.0942130" lon="7.3900050">
    <ele>2235.0</ele>
   </trkpt>
   <trkpt lat="46.0941970" lon="7.3899970">
    <ele>2235.0</ele>
   </trkpt>
   <trkpt lat="46.0941820" lon="7.3899890">
    <ele>2235.0</ele>
   </trkpt>
   <trkpt lat="46.0941660" lon="7.3899820">
    <ele>2235.0</ele>
   </trkpt>
   <trkpt lat="46.0941190" lon="7.3899560">
    <ele>2235.0</ele>
   </trkpt>
   <trkpt lat="46.0941040" lon="7.3899470">
    <ele>2235.0</ele>
   </trkpt>
   <trkpt lat="46.0940880" lon="7.3899390">
    <ele>2235.0</ele>
   </trkpt>
   <trkpt lat="46.0940730" lon="7.3899300">
    <ele>2235.0</ele>
   </trkpt>
   <trkpt lat="46.0940240" lon="7.3899090">
    <ele>2235.0</ele>
   </trkpt>
   <trkpt lat="46.0940090" lon="7.3899010">
    <ele>2235.0</ele>
   </trkpt>
   <trkpt lat="46.0939940" lon="7.3898920">
    <ele>2236.0</ele>
   </trkpt>
   <trkpt lat="46.0939780" lon="7.3898840">
    <ele>2236.0</ele>
   </trkpt>
   <trkpt lat="46.0939390" lon="7.3898610">
    <ele>2236.0</ele>
   </trkpt>
   <trkpt lat="46.0939280" lon="7.3898560">
    <ele>2236.0</ele>
   </trkpt>
   <trkpt lat="46.0939170" lon="7.3898520">
    <ele>2236.0</ele>
   </trkpt>
   <trkpt lat="46.0939070" lon="7.3898470">
    <ele>2236.0</ele>
   </trkpt>
   <trkpt lat="46.0938780" lon="7.3898400">
    <ele>2236.0</ele>
   </trkpt>
   <trkpt lat="46.0938690" lon="7.3898380">
    <ele>2236.0</ele>
   </trkpt>
   <trkpt lat="46.0938600" lon="7.3898360">
    <ele>2237.0</ele>
   </trkpt>
   <trkpt lat="46.0938520" lon="7.3898340">
    <ele>2237.0</ele>
   </trkpt>
   <trkpt lat="46.0938260" lon="7.3898290">
    <ele>2237.0</ele>
   </trkpt>
   <trkpt lat="46.0938170" lon="7.3898280">
    <ele>2237.0</ele>
   </trkpt>
   <trkpt lat="46.0938080" lon="7.3898270">
    <ele>2237.0</ele>
   </trkpt>
   <trkpt lat="46.0937990" lon="7.3898260">
    <ele>2237.0</ele>
   </trkpt>
   <trkpt lat="46.0937700" lon="7.3898240">
    <ele>2237.0</ele>
   </trkpt>
   <trkpt lat="46.0937610" lon="7.3898230">
    <ele>2237.0</ele>
   </trkpt>
   <trkpt lat="46.0937510" lon="7.3898220">
    <ele>2238.0</ele>
   </trkpt>
   <trkpt lat="46.0937410" lon="7.3898220">
    <ele>2238.0</ele>
   </trkpt>
   <trkpt lat="46.0937120" lon="7.3898190">
    <ele>2238.0</ele>
   </trkpt>
   <trkpt lat="46.0937020" lon="7.3898190">
    <ele>2238.0</ele>
   </trkpt>
   <trkpt lat="46.0936920" lon="7.3898180">
    <ele>2238.0</ele>
   </trkpt>
   <trkpt lat="46.0936820" lon="7.3898170">
    <ele>2238.0</ele>
   </trkpt>
   <trkpt lat="46.0936500" lon="7.3898120">
    <ele>2238.0</ele>
   </trkpt>
   <trkpt lat="46.0936390" lon="7.3898120">
    <ele>2238.0</ele>
   </trkpt>
   <trkpt lat="46.0936270" lon="7.3898120">
    <ele>2239.0</ele>
   </trkpt>
   <trkpt lat="46.0936150" lon="7.3898120">
    <ele>2239.0</ele>
   </trkpt>
   <trkpt lat="46.0935750" lon="7.3898180">
    <ele>2239.0</ele>
   </trkpt>
   <trkpt lat="46.0935610" lon="7.3898190">
    <ele>2239.0</ele>
   </trkpt>
   <trkpt lat="46.0935480" lon="7.3898190">
    <ele>2240.0</ele>
   </trkpt>
   <trkpt lat="46.0935340" lon="7.3898200">
    <ele>2240.0</ele>
   </trkpt>
   <trkpt lat="46.0934910" lon="7.3898140">
    <ele>2240.0</ele>
   </trkpt>
   <trkpt lat="46.0934760" lon="7.3898100">
    <ele>2240.0</ele>
   </trkpt>
   <trkpt lat="46.0934620" lon="7.3898050">
    <ele>2241.0</ele>
   </trkpt>
   <trkpt lat="46.0934470" lon="7.3898010">
    <ele>2241.0</ele>
   </trkpt>
   <trkpt lat="46.0934070" lon="7.3897840">
    <ele>2241.0</ele>
   </trkpt>
   <trkpt lat="46.0933940" lon="7.3897790">
    <ele>2241.0</ele>
   </trkpt>
   <trkpt lat="46.0933810" lon="7.3897740">
    <ele>2241.0</ele>
   </trkpt>
   <trkpt lat="46.0933690" lon="7.3897690">
    <ele>2241.0</ele>
   </trkpt>
   <trkpt lat="46.0933300" lon="7.3897700">
    <ele>2241.0</ele>
   </trkpt>
   <trkpt lat="46.0933070" lon="7.3897820">
    <ele>2241.0</ele>
   </trkpt>
   <trkpt lat="46.0932840" lon="7.3897950">
    <ele>2242.0</ele>
   </trkpt>
   <trkpt lat="46.0932580" lon="7.3898090">
    <ele>2242.0</ele>
   </trkpt>
   <trkpt lat="46.0932310" lon="7.3898240">
    <ele>2242.0</ele>
   </trkpt>
   <trkpt lat="46.0932170" lon="7.3898310">
    <ele>2242.0</ele>
   </trkpt>
   <trkpt lat="46.0932020" lon="7.3898380">
    <ele>2242.0</ele>
   </trkpt>
   <trkpt lat="46.0931870" lon="7.3898460">
    <ele>2241.0</ele>
   </trkpt>
   <trkpt lat="46.0931550" lon="7.3898620">
    <ele>2241.0</ele>
   </trkpt>
   <trkpt lat="46.0931460" lon="7.3898650">
    <ele>2241.0</ele>
   </trkpt>
   <trkpt lat="46.0931370" lon="7.3898670">
    <ele>2241.0</ele>
   </trkpt>
   <trkpt lat="46.0931280" lon="7.3898690">
    <ele>2241.0</ele>
   </trkpt>
   <trkpt lat="46.0931040" lon="7.3898690">
    <ele>2241.0</ele>
   </trkpt>
   <trkpt lat="46.0930980" lon="7.3898680">
    <ele>2241.0</ele>
   </trkpt>
   <trkpt lat="46.0930910" lon="7.3898670">
    <ele>2242.0</ele>
   </trkpt>
   <trkpt lat="46.0930840" lon="7.3898660">
    <ele>2242.0</ele>
   </trkpt>
   <trkpt lat="46.0930640" lon="7.3898620">
    <ele>2242.0</ele>
   </trkpt>
   <trkpt lat="46.0930580" lon="7.3898570">
    <ele>2242.0</ele>
   </trkpt>
   <trkpt lat="46.0930510" lon="7.3898530">
    <ele>2243.0</ele>
   </trkpt>
   <trkpt lat="46.0930440" lon="7.3898490">
    <ele>2243.0</ele>
   </trkpt>
   <trkpt lat="46.0930260" lon="7.3898350">
    <ele>2243.0</ele>
   </trkpt>
   <trkpt lat="46.0930200" lon="7.3898290">
    <ele>2243.0</ele>
   </trkpt>
   <trkpt lat="46.0930150" lon="7.3898240">
    <ele>2244.0</ele>
   </trkpt>
   <trkpt lat="46.0930090" lon="7.3898190">
    <ele>2244.0</ele>
   </trkpt>
   <trkpt lat="46.0929920" lon="7.3898000">
    <ele>2244.0</ele>
   </trkpt>
   <trkpt lat="46.0929870" lon="7.3897950">
    <ele>2244.0</ele>
   </trkpt>
   <trkpt lat="46.0929820" lon="7.3897900">
    <ele>2245.0</ele>
   </trkpt>
   <trkpt lat="46.0929770" lon="7.3897840">
    <ele>2245.0</ele>
   </trkpt>
   <trkpt lat="46.0929610" lon="7.3897730">
    <ele>2245.0</ele>
   </trkpt>
   <trkpt lat="46.0929550" lon="7.3897690">
    <ele>2245.0</ele>
   </trkpt>
   <trkpt lat="46.0929500" lon="7.3897660">
    <ele>2246.0</ele>
   </trkpt>
   <trkpt lat="46.0929450" lon="7.3897630">
    <ele>2246.0</ele>
   </trkpt>
   <trkpt lat="46.0929310" lon="7.3897510">
    <ele>2246.0</ele>
   </trkpt>
   <trkpt lat="46.0929280" lon="7.3897460">
    <ele>2246.0</ele>
   </trkpt>
   <trkpt lat="46.0929240" lon="7.3897410">
    <ele>2247.0</ele>
   </trkpt>
   <trkpt lat="46.0929210" lon="7.3897370">
    <ele>2247.0</ele>
   </trkpt>
   <trkpt lat="46.0929140" lon="7.3897260">
    <ele>2247.0</ele>
   </trkpt>
   <trkpt lat="46.0929110" lon="7.3897230">
    <ele>2247.0</ele>
   </trkpt>
   <trkpt lat="46.0929080" lon="7.3897210">
    <ele>2248.0</ele>
   </trkpt>
   <trkpt lat="46.0929050" lon="7.3897180">
    <ele>2248.0</ele>
   </trkpt>
   <trkpt lat="46.0928960" lon="7.3897080">
    <ele>2248.0</ele>
   </trkpt>
   <trkpt lat="46.0928930" lon="7.3897050">
    <ele>2248.0</ele>
   </trkpt>
   <trkpt lat="46.0928900" lon="7.3897020">
    <ele>2249.0</ele>
   </trkpt>
   <trkpt lat="46.0928870" lon="7.3896990">
    <ele>2249.0</ele>
   </trkpt>
   <trkpt lat="46.0928790" lon="7.3896850">
    <ele>2249.0</ele>
   </trkpt>
   <trkpt lat="46.0928770" lon="7.3896780">
    <ele>2249.0</ele>
   </trkpt>
   <trkpt lat="46.0928750" lon="7.3896720">
    <ele>2250.0</ele>
   </trkpt>
   <trkpt lat="46.0928730" lon="7.3896660">
    <ele>2250.0</ele>
   </trkpt>
   <trkpt lat="46.0928730" lon="7.3896520">
    <ele>2250.0</ele>
   </trkpt>
   <trkpt lat="46.0928730" lon="7.3896430">
    <ele>2250.0</ele>
   </trkpt>
   <trkpt lat="46.0928730" lon="7.3896340">
    <ele>2251.0</ele>
   </trkpt>
   <trkpt lat="46.0928740" lon="7.3896250">
    <ele>2251.0</ele>
   </trkpt>
   <trkpt lat="46.0928720" lon="7.3896040">
    <ele>2251.0</ele>
   </trkpt>
   <trkpt lat="46.0928690" lon="7.3896010">
    <ele>2251.0</ele>
   </trkpt>
   <trkpt lat="46.0928660" lon="7.3895980">
    <ele>2252.0</ele>
   </trkpt>
   <trkpt lat="46.0928630" lon="7.3895960">
    <ele>2252.0</ele>
   </trkpt>
   <trkpt lat="46.0928500" lon="7.3895960">
    <ele>2252.0</ele>
   </trkpt>
   <trkpt lat="46.0928450" lon="7.3895960">
    <ele>2252.0</ele>
   </trkpt>
   <trkpt lat="46.0928400" lon="7.3895960">
    <ele>2253.0</ele>
   </trkpt>
   <trkpt lat="46.0928350" lon="7.3895960">
    <ele>2253.0</ele>
   </trkpt>
   <trkpt lat="46.0928210" lon="7.3895920">
    <ele>2253.0</ele>
   </trkpt>
   <trkpt lat="46.0928160" lon="7.3895890">
    <ele>2253.0</ele>
   </trkpt>
   <trkpt lat="46.0928110" lon="7.3895860">
    <ele>2254.0</ele>
   </trkpt>
   <trkpt lat="46.0928060" lon="7.3895840">
    <ele>2254.0</ele>
   </trkpt>
   <trkpt lat="46.0927920" lon="7.3895770">
    <ele>2254.0</ele>
   </trkpt>
   <trkpt lat="46.0927880" lon="7.3895740">
    <ele>2254.0</ele>
   </trkpt>
   <trkpt lat="46.0927850" lon="7.3895700">
    <ele>2255.0</ele>
   </trkpt>
   <trkpt lat="46.0927820" lon="7.3895660">
    <ele>2255.0</ele>
   </trkpt>
   <trkpt lat="46.0927720" lon="7.3895540">
    <ele>2255.0</ele>
   </trkpt>
   <trkpt lat="46.0927690" lon="7.3895490">
    <ele>2255.0</ele>
   </trkpt>
   <trkpt lat="46.0927660" lon="7.3895450">
    <ele>2256.0</ele>
   </trkpt>
   <trkpt lat="46.0927620" lon="7.3895410">
    <ele>2256.0</ele>
   </trkpt>
   <trkpt lat="46.0927550" lon="7.3895240">
    <ele>2256.0</ele>
   </trkpt>
   <trkpt lat="46.0927530" lon="7.3895210">
    <ele>2256.0</ele>
   </trkpt>
   <trkpt lat="46.0927520" lon="7.3895170">
    <ele>2257.0</ele>
   </trkpt>
   <trkpt lat="46.0927500" lon="7.3895130">
    <ele>2257.0</ele>
   </trkpt>
   <trkpt lat="46.0927420" lon="7.3894940">
    <ele>2257.0</ele>
   </trkpt>
   <trkpt lat="46.0927400" lon="7.3894870">
    <ele>2257.0</ele>
   </trkpt>
   <trkpt lat="46.0927380" lon="7.3894810">
    <ele>2257.0</ele>
   </trkpt>
   <trkpt lat="46.0927360" lon="7.3894750">
    <ele>2257.0</ele>
   </trkpt>
   <trkpt lat="46.0927370" lon="7.3894530">
    <ele>2257.0</ele>
   </trkpt>
   <trkpt lat="46.0927370" lon="7.3894450">
    <ele>2257.0</ele>
   </trkpt>
   <trkpt lat="46.0927380" lon="7.3894370">
    <ele>2258.0</ele>
   </trkpt>
   <trkpt lat="46.0927390" lon="7.3894300">
    <ele>2258.0</ele>
   </trkpt>
   <trkpt lat="46.0927350" lon="7.3894140">
    <ele>2258.0</ele>
   </trkpt>
   <trkpt lat="46.0927320" lon="7.3894110">
    <ele>2258.0</ele>
   </trkpt>
   <trkpt lat="46.0927290" lon="7.3894080">
    <ele>2259.0</ele>
   </trkpt>
   <trkpt lat="46.0927250" lon="7.3894050">
    <ele>2259.0</ele>
   </trkpt>
   <trkpt lat="46.0927110" lon="7.3894060">
    <ele>2259.0</ele>
   </trkpt>
   <trkpt lat="46.0927050" lon="7.3894100">
    <ele>2259.0</ele>
   </trkpt>
   <trkpt lat="46.0926990" lon="7.3894140">
    <ele>2260.0</ele>
   </trkpt>
   <trkpt lat="46.0926930" lon="7.3894190">
    <ele>2260.0</ele>
   </trkpt>
   <trkpt lat="46.0926740" lon="7.3894360">
    <ele>2260.0</ele>
   </trkpt>
   <trkpt lat="46.0926680" lon="7.3894410">
    <ele>2260.0</ele>
   </trkpt>
   <trkpt lat="46.0926620" lon="7.3894460">
    <ele>2261.0</ele>
   </trkpt>
   <trkpt lat="46.0926560" lon="7.3894510">
    <ele>2261.0</ele>
   </trkpt>
   <trkpt lat="46.0926370" lon="7.3894720">
    <ele>2261.0</ele>
   </trkpt>
   <trkpt lat="46.0926290" lon="7.3894820">
    <ele>2261.0</ele>
   </trkpt>
   <trkpt lat="46.0926220" lon="7.3894910">
    <ele>2261.0</ele>
   </trkpt>
   <trkpt lat="46.0926140" lon="7.3895010">
    <ele>2261.0</ele>
   </trkpt>
   <trkpt lat="46.0925850" lon="7.3895250">
    <ele>2261.0</ele>
   </trkpt>
   <trkpt lat="46.0925770" lon="7.3895320">
    <ele>2261.0</ele>
   </trkpt>
   <trkpt lat="46.0925680" lon="7.3895390">
    <ele>2261.0</ele>
   </trkpt>
   <trkpt lat="46.0925600" lon="7.3895450">
    <ele>2261.0</ele>
   </trkpt>
   <trkpt lat="46.0925400" lon="7.3895730">
    <ele>2261.0</ele>
   </trkpt>
   <trkpt lat="46.0925300" lon="7.3895830">
    <ele>2261.0</ele>
   </trkpt>
   <trkpt lat="46.0925200" lon="7.3895930">
    <ele>2261.0</ele>
   </trkpt>
   <trkpt lat="46.0925100" lon="7.3896030">
    <ele>2261.0</ele>
   </trkpt>
   <trkpt lat="46.0924730" lon="7.3896220">
    <ele>2261.0</ele>
   </trkpt>
   <trkpt lat="46.0924620" lon="7.3896260">
    <ele>2261.0</ele>
   </trkpt>
   <trkpt lat="46.0924510" lon="7.3896310">
    <ele>2261.0</ele>
   </trkpt>
   <trkpt lat="46.0924400" lon="7.3896360">
    <ele>2261.0</ele>
   </trkpt>
   <trkpt lat="46.0924100" lon="7.3896660">
    <ele>2261.0</ele>
   </trkpt>
   <trkpt lat="46.0924030" lon="7.3896750">
    <ele>2261.0</ele>
   </trkpt>
   <trkpt lat="46.0923960" lon="7.3896850">
    <ele>2261.0</ele>
   </trkpt>
   <trkpt lat="46.0923890" lon="7.3896950">
    <ele>2261.0</ele>
   </trkpt>
   <trkpt lat="46.0923700" lon="7.3897130">
    <ele>2261.0</ele>
   </trkpt>
   <trkpt lat="46.0923620" lon="7.3897160">
    <ele>2261.0</ele>
   </trkpt>
   <trkpt lat="46.0923530" lon="7.3897190">
    <ele>2261.0</ele>
   </trkpt>
   <trkpt lat="46.0923450" lon="7.3897220">
    <ele>2261.0</ele>
   </trkpt>
   <trkpt lat="46.0923030" lon="7.3897360">
    <ele>2261.0</ele>
   </trkpt>
   <trkpt lat="46.0922780" lon="7.3897510">
    <ele>2261.0</ele>
   </trkpt>
   <trkpt lat="46.0922520" lon="7.3897660">
    <ele>2261.0</ele>
   </trkpt>
   <trkpt lat="46.0922270" lon="7.3897810">
    <ele>2261.0</ele>
   </trkpt>
   <trkpt lat="46.0922010" lon="7.3897960">
    <ele>2261.0</ele>
   </trkpt>
   <trkpt lat="46.0921870" lon="7.3898110">
    <ele>2261.0</ele>
   </trkpt>
   <trkpt lat="46.0921720" lon="7.3898260">
    <ele>2261.0</ele>
   </trkpt>
   <trkpt lat="46.0921570" lon="7.3898420">
    <ele>2261.0</ele>
   </trkpt>
   <trkpt lat="46.0921170" lon="7.3898860">
    <ele>2261.0</ele>
   </trkpt>
   <trkpt lat="46.0921040" lon="7.3899000">
    <ele>2261.0</ele>
   </trkpt>
   <trkpt lat="46.0920910" lon="7.3899140">
    <ele>2261.0</ele>
   </trkpt>
   <trkpt lat="46.0920780" lon="7.3899280">
    <ele>2261.0</ele>
   </trkpt>
   <trkpt lat="46.0920340" lon="7.3899670">
    <ele>2261.0</ele>
   </trkpt>
   <trkpt lat="46.0920190" lon="7.3899800">
    <ele>2261.0</ele>
   </trkpt>
   <trkpt lat="46.0920030" lon="7.3899940">
    <ele>2261.0</ele>
   </trkpt>
   <trkpt lat="46.0919880" lon="7.3900070">
    <ele>2261.0</ele>
   </trkpt>
   <trkpt lat="46.0919450" lon="7.3900440">
    <ele>2261.0</ele>
   </trkpt>
   <trkpt lat="46.0919320" lon="7.3900560">
    <ele>2261.0</ele>
   </trkpt>
   <trkpt lat="46.0919180" lon="7.3900680">
    <ele>2261.0</ele>
   </trkpt>
   <trkpt lat="46.0919050" lon="7.3900800">
    <ele>2261.0</ele>
   </trkpt>
   <trkpt lat="46.0918660" lon="7.3901180">
    <ele>2261.0</ele>
   </trkpt>
   <trkpt lat="46.0918510" lon="7.3901300">
    <ele>2261.0</ele>
   </trkpt>
   <trkpt lat="46.0918370" lon="7.3901420">
    <ele>2261.0</ele>
   </trkpt>
   <trkpt lat="46.0918220" lon="7.3901540">
    <ele>2261.0</ele>
   </trkpt>
   <trkpt lat="46.0917770" lon="7.3901890">
    <ele>2261.0</ele>
   </trkpt>
   <trkpt lat="46.0917610" lon="7.3902000">
    <ele>2261.0</ele>
   </trkpt>
   <trkpt lat="46.0917460" lon="7.3902100">
    <ele>2261.0</ele>
   </trkpt>
   <trkpt lat="46.0917300" lon="7.3902210">
    <ele>2261.0</ele>
   </trkpt>
   <trkpt lat="46.0916800" lon="7.3902470">
    <ele>2261.0</ele>
   </trkpt>
   <trkpt lat="46.0916630" lon="7.3902570">
    <ele>2261.0</ele>
   </trkpt>
   <trkpt lat="46.0916460" lon="7.3902660">
    <ele>2262.0</ele>
   </trkpt>
   <trkpt lat="46.0916290" lon="7.3902750">
    <ele>2262.0</ele>
   </trkpt>
   <trkpt lat="46.0915820" lon="7.3903010">
    <ele>2262.0</ele>
   </trkpt>
   <trkpt lat="46.0915670" lon="7.3903100">
    <ele>2262.0</ele>
   </trkpt>
   <trkpt lat="46.0915520" lon="7.3903190">
    <ele>2262.0</ele>
   </trkpt>
   <trkpt lat="46.0915370" lon="7.3903280">
    <ele>2262.0</ele>
   </trkpt>
   <trkpt lat="46.0914930" lon="7.3903480">
    <ele>2262.0</ele>
   </trkpt>
   <trkpt lat="46.0914810" lon="7.3903510">
    <ele>2262.0</ele>
   </trkpt>
   <trkpt lat="46.0914700" lon="7.3903540">
    <ele>2262.0</ele>
   </trkpt>
   <trkpt lat="46.0914580" lon="7.3903580">
    <ele>2262.0</ele>
   </trkpt>
   <trkpt lat="46.0914310" lon="7.3903640">
    <ele>2262.0</ele>
   </trkpt>
   <trkpt lat="46.0914220" lon="7.3903670">
    <ele>2262.0</ele>
   </trkpt>
   <trkpt lat="46.0914140" lon="7.3903700">
    <ele>2262.0</ele>
   </trkpt>
   <trkpt lat="46.0914060" lon="7.3903740">
    <ele>2262.0</ele>
   </trkpt>
   <trkpt lat="46.0913760" lon="7.3903870">
    <ele>2262.0</ele>
   </trkpt>
   <trkpt lat="46.0913640" lon="7.3903940">
    <ele>2262.0</ele>
   </trkpt>
   <trkpt lat="46.0913520" lon="7.3904020">
    <ele>2262.0</ele>
   </trkpt>
   <trkpt lat="46.0913390" lon="7.3904090">
    <ele>2262.0</ele>
   </trkpt>
   <trkpt lat="46.0912940" lon="7.3904350">
    <ele>2262.0</ele>
   </trkpt>
   <trkpt lat="46.0912710" lon="7.3904460">
    <ele>2262.0</ele>
   </trkpt>
   <trkpt lat="46.0912490" lon="7.3904580">
    <ele>2262.0</ele>
   </trkpt>
   <trkpt lat="46.0912210" lon="7.3904710">
    <ele>2262.0</ele>
   </trkpt>
   <trkpt lat="46.0911940" lon="7.3904850">
    <ele>2262.0</ele>
   </trkpt>
   <trkpt lat="46.0911770" lon="7.3904940">
    <ele>2262.0</ele>
   </trkpt>
   <trkpt lat="46.0911590" lon="7.3905020">
    <ele>2262.0</ele>
   </trkpt>
   <trkpt lat="46.0911420" lon="7.3905110">
    <ele>2262.0</ele>
   </trkpt>
   <trkpt lat="46.0910930" lon="7.3905430">
    <ele>2262.0</ele>
   </trkpt>
   <trkpt lat="46.0910770" lon="7.3905520">
    <ele>2262.0</ele>
   </trkpt>
   <trkpt lat="46.0910610" lon="7.3905610">
    <ele>2262.0</ele>
   </trkpt>
   <trkpt lat="46.0910450" lon="7.3905700">
    <ele>2262.0</ele>
   </trkpt>
   <trkpt lat="46.0909940" lon="7.3905830">
    <ele>2262.0</ele>
   </trkpt>
   <trkpt lat="46.0909760" lon="7.3905860">
    <ele>2262.0</ele>
   </trkpt>
   <trkpt lat="46.0909590" lon="7.3905880">
    <ele>2262.0</ele>
   </trkpt>
   <trkpt lat="46.0909420" lon="7.3905910">
    <ele>2262.0</ele>
   </trkpt>
   <trkpt lat="46.0908910" lon="7.3906000">
    <ele>2262.0</ele>
   </trkpt>
   <trkpt lat="46.0908750" lon="7.3906050">
    <ele>2262.0</ele>
   </trkpt>
   <trkpt lat="46.0908580" lon="7.3906100">
    <ele>2262.0</ele>
   </trkpt>
   <trkpt lat="46.0908410" lon="7.3906150">
    <ele>2262.0</ele>
   </trkpt>
   <trkpt lat="46.0907950" lon="7.3906330">
    <ele>2262.0</ele>
   </trkpt>
   <trkpt lat="46.0907840" lon="7.3906360">
    <ele>2262.0</ele>
   </trkpt>
   <trkpt lat="46.0907730" lon="7.3906390">
    <ele>2262.0</ele>
   </trkpt>
   <trkpt lat="46.0907620" lon="7.3906420">
    <ele>2262.0</ele>
   </trkpt>
   <trkpt lat="46.0907420" lon="7.3906420">
    <ele>2262.0</ele>
   </trkpt>
   <trkpt lat="46.0907370" lon="7.3906430">
    <ele>2262.0</ele>
   </trkpt>
   <trkpt lat="46.0907310" lon="7.3906440">
    <ele>2263.0</ele>
   </trkpt>
   <trkpt lat="46.0907260" lon="7.3906440">
    <ele>2263.0</ele>
   </trkpt>
   <trkpt lat="46.0907050" lon="7.3906420">
    <ele>2263.0</ele>
   </trkpt>
   <trkpt lat="46.0906970" lon="7.3906410">
    <ele>2263.0</ele>
   </trkpt>
   <trkpt lat="46.0906900" lon="7.3906410">
    <ele>2264.0</ele>
   </trkpt>
   <trkpt lat="46.0906820" lon="7.3906410">
    <ele>2264.0</ele>
   </trkpt>
   <trkpt lat="46.0906590" lon="7.3906460">
    <ele>2264.0</ele>
   </trkpt>
   <trkpt lat="46.0906510" lon="7.3906480">
    <ele>2264.0</ele>
   </trkpt>
   <trkpt lat="46.0906440" lon="7.3906500">
    <ele>2264.0</ele>
   </trkpt>
   <trkpt lat="46.0906370" lon="7.3906530">
    <ele>2264.0</ele>
   </trkpt>
   <trkpt lat="46.0906160" lon="7.3906580">
    <ele>2264.0</ele>
   </trkpt>
   <trkpt lat="46.0906120" lon="7.3906550">
    <ele>2264.0</ele>
   </trkpt>
   <trkpt lat="46.0906080" lon="7.3906530">
    <ele>2265.0</ele>
   </trkpt>
   <trkpt lat="46.0906040" lon="7.3906500">
    <ele>2265.0</ele>
   </trkpt>
   <trkpt lat="46.0906070" lon="7.3906290">
    <ele>2265.0</ele>
   </trkpt>
   <trkpt lat="46.0906110" lon="7.3906190">
    <ele>2265.0</ele>
   </trkpt>
   <trkpt lat="46.0906150" lon="7.3906090">
    <ele>2266.0</ele>
   </trkpt>
   <trkpt lat="46.0906190" lon="7.3905990">
    <ele>2266.0</ele>
   </trkpt>
   <trkpt lat="46.0906350" lon="7.3905700">
    <ele>2266.0</ele>
   </trkpt>
   <trkpt lat="46.0906410" lon="7.3905620">
    <ele>2266.0</ele>
   </trkpt>
   <trkpt lat="46.0906460" lon="7.3905530">
    <ele>2267.0</ele>
   </trkpt>
   <trkpt lat="46.0906520" lon="7.3905440">
    <ele>2267.0</ele>
   </trkpt>
   <trkpt lat="46.0906650" lon="7.3905170">
    <ele>2267.0</ele>
   </trkpt>
   <trkpt lat="46.0906680" lon="7.3905070">
    <ele>2267.0</ele>
   </trkpt>
   <trkpt lat="46.0906710" lon="7.3904980">
    <ele>2268.0</ele>
   </trkpt>
   <trkpt lat="46.0906740" lon="7.3904880">
    <ele>2268.0</ele>
   </trkpt>
   <trkpt lat="46.0906720" lon="7.3904660">
    <ele>2268.0</ele>
   </trkpt>
   <trkpt lat="46.0906660" lon="7.3904640">
    <ele>2268.0</ele>
   </trkpt>
   <trkpt lat="46.0906610" lon="7.3904620">
    <ele>2268.0</ele>
   </trkpt>
   <trkpt lat="46.0906560" lon="7.3904610">
    <ele>2268.0</ele>
   </trkpt>
   <trkpt lat="46.0906320" lon="7.3904680">
    <ele>2268.0</ele>
   </trkpt>
   <trkpt lat="46.0906230" lon="7.3904720">
    <ele>2268.0</ele>
   </trkpt>
   <trkpt lat="46.0906140" lon="7.3904760">
    <ele>2269.0</ele>
   </trkpt>
   <trkpt lat="46.0906060" lon="7.3904800">
    <ele>2269.0</ele>
   </trkpt>
   <trkpt lat="46.0905810" lon="7.3904850">
    <ele>2269.0</ele>
   </trkpt>
   <trkpt lat="46.0905740" lon="7.3904860">
    <ele>2269.0</ele>
   </trkpt>
   <trkpt lat="46.0905660" lon="7.3904870">
    <ele>2270.0</ele>
   </trkpt>
   <trkpt lat="46.0905590" lon="7.3904880">
    <ele>2270.0</ele>
   </trkpt>
   <trkpt lat="46.0905370" lon="7.3904970">
    <ele>2270.0</ele>
   </trkpt>
   <trkpt lat="46.0905290" lon="7.3904990">
    <ele>2270.0</ele>
   </trkpt>
   <trkpt lat="46.0905220" lon="7.3905020">
    <ele>2271.0</ele>
   </trkpt>
   <trkpt lat="46.0905150" lon="7.3905050">
    <ele>2271.0</ele>
   </trkpt>
   <trkpt lat="46.0904940" lon="7.3905080">
    <ele>2271.0</ele>
   </trkpt>
   <trkpt lat="46.0904870" lon="7.3905080">
    <ele>2271.0</ele>
   </trkpt>
   <trkpt lat="46.0904800" lon="7.3905090">
    <ele>2272.0</ele>
   </trkpt>
   <trkpt lat="46.0904720" lon="7.3905090">
    <ele>2272.0</ele>
   </trkpt>
   <trkpt lat="46.0904510" lon="7.3905110">
    <ele>2272.0</ele>
   </trkpt>
   <trkpt lat="46.0904460" lon="7.3905070">
    <ele>2272.0</ele>
   </trkpt>
   <trkpt lat="46.0904410" lon="7.3905040">
    <ele>2273.0</ele>
   </trkpt>
   <trkpt lat="46.0904360" lon="7.3905010">
    <ele>2273.0</ele>
   </trkpt>
   <trkpt lat="46.0904360" lon="7.3904790">
    <ele>2273.0</ele>
   </trkpt>
   <trkpt lat="46.0904400" lon="7.3904700">
    <ele>2273.0</ele>
   </trkpt>
   <trkpt lat="46.0904440" lon="7.3904610">
    <ele>2274.0</ele>
   </trkpt>
   <trkpt lat="46.0904480" lon="7.3904520">
    <ele>2274.0</ele>
   </trkpt>
   <trkpt lat="46.0904620" lon="7.3904260">
    <ele>2274.0</ele>
   </trkpt>
   <trkpt lat="46.0904670" lon="7.3904180">
    <ele>2274.0</ele>
   </trkpt>
   <trkpt lat="46.0904720" lon="7.3904100">
    <ele>2275.0</ele>
   </trkpt>
   <trkpt lat="46.0904770" lon="7.3904020">
    <ele>2275.0</ele>
   </trkpt>
   <trkpt lat="46.0904910" lon="7.3903800">
    <ele>2275.0</ele>
   </trkpt>
   <trkpt lat="46.0904950" lon="7.3903710">
    <ele>2275.0</ele>
   </trkpt>
   <trkpt lat="46.0904990" lon="7.3903630">
    <ele>2276.0</ele>
   </trkpt>
   <trkpt lat="46.0905040" lon="7.3903550">
    <ele>2276.0</ele>
   </trkpt>
   <trkpt lat="46.0905170" lon="7.3903320">
    <ele>2276.0</ele>
   </trkpt>
   <trkpt lat="46.0905210" lon="7.3903240">
    <ele>2276.0</ele>
   </trkpt>
   <trkpt lat="46.0905250" lon="7.3903160">
    <ele>2277.0</ele>
   </trkpt>
   <trkpt lat="46.0905290" lon="7.3903080">
    <ele>2277.0</ele>
   </trkpt>
   <trkpt lat="46.0905400" lon="7.3902830">
    <ele>2277.0</ele>
   </trkpt>
   <trkpt lat="46.0905440" lon="7.3902740">
    <ele>2277.0</ele>
   </trkpt>
   <trkpt lat="46.0905480" lon="7.3902650">
    <ele>2277.0</ele>
   </trkpt>
   <trkpt lat="46.0905520" lon="7.3902570">
    <ele>2277.0</ele>
   </trkpt>
   <trkpt lat="46.0905600" lon="7.3902340">
    <ele>2277.0</ele>
   </trkpt>
   <trkpt lat="46.0905580" lon="7.3902300">
    <ele>2277.0</ele>
   </trkpt>
   <trkpt lat="46.0905570" lon="7.3902260">
    <ele>2278.0</ele>
   </trkpt>
   <trkpt lat="46.0905560" lon="7.3902210">
    <ele>2278.0</ele>
   </trkpt>
   <trkpt lat="46.0905380" lon="7.3902210">
    <ele>2278.0</ele>
   </trkpt>
   <trkpt lat="46.0905290" lon="7.3902220">
    <ele>2278.0</ele>
   </trkpt>
   <trkpt lat="46.0905210" lon="7.3902230">
    <ele>2279.0</ele>
   </trkpt>
   <trkpt lat="46.0905130" lon="7.3902250">
    <ele>2279.0</ele>
   </trkpt>
   <trkpt lat="46.0904860" lon="7.3902340">
    <ele>2279.0</ele>
   </trkpt>
   <trkpt lat="46.0904780" lon="7.3902370">
    <ele>2279.0</ele>
   </trkpt>
   <trkpt lat="46.0904700" lon="7.3902400">
    <ele>2280.0</ele>
   </trkpt>
   <trkpt lat="46.0904620" lon="7.3902430">
    <ele>2280.0</ele>
   </trkpt>
   <trkpt lat="46.0904380" lon="7.3902470">
    <ele>2280.0</ele>
   </trkpt>
   <trkpt lat="46.0904300" lon="7.3902480">
    <ele>2280.0</ele>
   </trkpt>
   <trkpt lat="46.0904220" lon="7.3902490">
    <ele>2281.0</ele>
   </trkpt>
   <trkpt lat="46.0904140" lon="7.3902510">
    <ele>2281.0</ele>
   </trkpt>
   <trkpt lat="46.0903890" lon="7.3902550">
    <ele>2281.0</ele>
   </trkpt>
   <trkpt lat="46.0903820" lon="7.3902570">
    <ele>2281.0</ele>
   </trkpt>
   <trkpt lat="46.0903750" lon="7.3902590">
    <ele>2282.0</ele>
   </trkpt>
   <trkpt lat="46.0903670" lon="7.3902610">
    <ele>2282.0</ele>
   </trkpt>
   <trkpt lat="46.0903470" lon="7.3902710">
    <ele>2282.0</ele>
   </trkpt>
   <trkpt lat="46.0903410" lon="7.3902750">
    <ele>2282.0</ele>
   </trkpt>
   <trkpt lat="46.0903340" lon="7.3902790">
    <ele>2283.0</ele>
   </trkpt>
   <trkpt lat="46.0903270" lon="7.3902830">
    <ele>2283.0</ele>
   </trkpt>
   <trkpt lat="46.0903060" lon="7.3902910">
    <ele>2283.0</ele>
   </trkpt>
   <trkpt lat="46.0902990" lon="7.3902930">
    <ele>2283.0</ele>
   </trkpt>
   <trkpt lat="46.0902920" lon="7.3902950">
    <ele>2283.0</ele>
   </trkpt>
   <trkpt lat="46.0902850" lon="7.3902970">
    <ele>2283.0</ele>
   </trkpt>
   <trkpt lat="46.0902630" lon="7.3903040">
    <ele>2283.0</ele>
   </trkpt>
   <trkpt lat="46.0902550" lon="7.3903070">
    <ele>2283.0</ele>
   </trkpt>
   <trkpt lat="46.0902470" lon="7.3903100">
    <ele>2284.0</ele>
   </trkpt>
   <trkpt lat="46.0902390" lon="7.3903120">
    <ele>2284.0</ele>
   </trkpt>
   <trkpt lat="46.0902170" lon="7.3903190">
    <ele>2284.0</ele>
   </trkpt>
   <trkpt lat="46.0902110" lon="7.3903200">
    <ele>2284.0</ele>
   </trkpt>
   <trkpt lat="46.0902050" lon="7.3903210">
    <ele>2285.0</ele>
   </trkpt>
   <trkpt lat="46.0902000" lon="7.3903220">
    <ele>2285.0</ele>
   </trkpt>
   <trkpt lat="46.0901820" lon="7.3903260">
    <ele>2285.0</ele>
   </trkpt>
   <trkpt lat="46.0901740" lon="7.3903280">
    <ele>2285.0</ele>
   </trkpt>
   <trkpt lat="46.0901660" lon="7.3903310">
    <ele>2286.0</ele>
   </trkpt>
   <trkpt lat="46.0901590" lon="7.3903330">
    <ele>2286.0</ele>
   </trkpt>
   <trkpt lat="46.0901340" lon="7.3903420">
    <ele>2286.0</ele>
   </trkpt>
   <trkpt lat="46.0901270" lon="7.3903430">
    <ele>2286.0</ele>
   </trkpt>
   <trkpt lat="46.0901190" lon="7.3903450">
    <ele>2287.0</ele>
   </trkpt>
   <trkpt lat="46.0901110" lon="7.3903460">
    <ele>2287.0</ele>
   </trkpt>
   <trkpt lat="46.0900910" lon="7.3903460">
    <ele>2287.0</ele>
   </trkpt>
   <trkpt lat="46.0900840" lon="7.3903470">
    <ele>2287.0</ele>
   </trkpt>
   <trkpt lat="46.0900770" lon="7.3903470">
    <ele>2288.0</ele>
   </trkpt>
   <trkpt lat="46.0900710" lon="7.3903480">
    <ele>2288.0</ele>
   </trkpt>
   <trkpt lat="46.0900500" lon="7.3903560">
    <ele>2288.0</ele>
   </trkpt>
   <trkpt lat="46.0900430" lon="7.3903610">
    <ele>2288.0</ele>
   </trkpt>
   <trkpt lat="46.0900360" lon="7.3903660">
    <ele>2289.0</ele>
   </trkpt>
   <trkpt lat="46.0900280" lon="7.3903710">
    <ele>2289.0</ele>
   </trkpt>
   <trkpt lat="46.0900050" lon="7.3903860">
    <ele>2289.0</ele>
   </trkpt>
   <trkpt lat="46.0899980" lon="7.3903910">
    <ele>2289.0</ele>
   </trkpt>
   <trkpt lat="46.0899910" lon="7.3903960">
    <ele>2290.0</ele>
   </trkpt>
   <trkpt lat="46.0899830" lon="7.3904010">
    <ele>2290.0</ele>
   </trkpt>
   <trkpt lat="46.0899650" lon="7.3904160">
    <ele>2290.0</ele>
   </trkpt>
   <trkpt lat="46.0899590" lon="7.3904220">
    <ele>2290.0</ele>
   </trkpt>
   <trkpt lat="46.0899530" lon="7.3904270">
    <ele>2290.0</ele>
   </trkpt>
   <trkpt lat="46.0899480" lon="7.3904330">
    <ele>2290.0</ele>
   </trkpt>
   <trkpt lat="46.0899330" lon="7.3904520">
    <ele>2290.0</ele>
   </trkpt>
   <trkpt lat="46.0899290" lon="7.3904580">
    <ele>2290.0</ele>
   </trkpt>
   <trkpt lat="46.0899250" lon="7.3904650">
    <ele>2291.0</ele>
   </trkpt>
   <trkpt lat="46.0899220" lon="7.3904710">
    <ele>2291.0</ele>
   </trkpt>
   <trkpt lat="46.0899170" lon="7.3904770">
    <ele>2291.0</ele>
   </trkpt>
   <trkpt lat="46.0899130" lon="7.3904830">
    <ele>2291.0</ele>
   </trkpt>
   <trkpt lat="46.0899090" lon="7.3904890">
    <ele>2292.0</ele>
   </trkpt>
   <trkpt lat="46.0899000" lon="7.3905080">
    <ele>2292.0</ele>
   </trkpt>
   <trkpt lat="46.0898970" lon="7.3905170">
    <ele>2292.0</ele>
   </trkpt>
   <trkpt lat="46.0898950" lon="7.3905260">
    <ele>2292.0</ele>
   </trkpt>
   <trkpt lat="46.0898930" lon="7.3905340">
    <ele>2293.0</ele>
   </trkpt>
   <trkpt lat="46.0898900" lon="7.3905750">
    <ele>2293.0</ele>
   </trkpt>
   <trkpt lat="46.0898880" lon="7.3905950">
    <ele>2293.0</ele>
   </trkpt>
   <trkpt lat="46.0898870" lon="7.3906150">
    <ele>2293.0</ele>
   </trkpt>
   <trkpt lat="46.0898850" lon="7.3906350">
    <ele>2294.0</ele>
   </trkpt>
   <trkpt lat="46.0898720" lon="7.3906940">
    <ele>2294.0</ele>
   </trkpt>
   <trkpt lat="46.0898660" lon="7.3907070">
    <ele>2294.0</ele>
   </trkpt>
   <trkpt lat="46.0898610" lon="7.3907200">
    <ele>2294.0</ele>
   </trkpt>
   <trkpt lat="46.0898550" lon="7.3907330">
    <ele>2294.0</ele>
   </trkpt>
   <trkpt lat="46.0898370" lon="7.3907540">
    <ele>2294.0</ele>
   </trkpt>
   <trkpt lat="46.0898310" lon="7.3907580">
    <ele>2294.0</ele>
   </trkpt>
   <trkpt lat="46.0898250" lon="7.3907620">
    <ele>2294.0</ele>
   </trkpt>
   <trkpt lat="46.0898190" lon="7.3907660">
    <ele>2294.0</ele>
   </trkpt>
   <trkpt lat="46.0898040" lon="7.3907740">
    <ele>2294.0</ele>
   </trkpt>
   <trkpt lat="46.0897990" lon="7.3907770">
    <ele>2294.0</ele>
   </trkpt>
   <trkpt lat="46.0897950" lon="7.3907800">
    <ele>2294.0</ele>
   </trkpt>
   <trkpt lat="46.0897900" lon="7.3907830">
    <ele>2295.0</ele>
   </trkpt>
   <trkpt lat="46.0897770" lon="7.3907940">
    <ele>2295.0</ele>
   </trkpt>
   <trkpt lat="46.0897730" lon="7.3907980">
    <ele>2295.0</ele>
   </trkpt>
   <trkpt lat="46.0897690" lon="7.3908030">
    <ele>2295.0</ele>
   </trkpt>
   <trkpt lat="46.0897650" lon="7.3908070">
    <ele>2296.0</ele>
   </trkpt>
   <trkpt lat="46.0897550" lon="7.3908230">
    <ele>2296.0</ele>
   </trkpt>
   <trkpt lat="46.0897520" lon="7.3908280">
    <ele>2296.0</ele>
   </trkpt>
   <trkpt lat="46.0897480" lon="7.3908320">
    <ele>2296.0</ele>
   </trkpt>
   <trkpt lat="46.0897440" lon="7.3908370">
    <ele>2297.0</ele>
   </trkpt>
   <trkpt lat="46.0897320" lon="7.3908520">
    <ele>2297.0</ele>
   </trkpt>
   <trkpt lat="46.0897270" lon="7.3908560">
    <ele>2297.0</ele>
   </trkpt>
   <trkpt lat="46.0897230" lon="7.3908610">
    <ele>2297.0</ele>
   </trkpt>
   <trkpt lat="46.0897180" lon="7.3908650">
    <ele>2297.0</ele>
   </trkpt>
   <trkpt lat="46.0897030" lon="7.3908800">
    <ele>2297.0</ele>
   </trkpt>
   <trkpt lat="46.0896990" lon="7.3908860">
    <ele>2297.0</ele>
   </trkpt>
   <trkpt lat="46.0896940" lon="7.3908910">
    <ele>2297.0</ele>
   </trkpt>
   <trkpt lat="46.0896900" lon="7.3908970">
    <ele>2298.0</ele>
   </trkpt>
   <trkpt lat="46.0896750" lon="7.3909130">
    <ele>2298.0</ele>
   </trkpt>
   <trkpt lat="46.0896700" lon="7.3909160">
    <ele>2298.0</ele>
   </trkpt>
   <trkpt lat="46.0896650" lon="7.3909200">
    <ele>2298.0</ele>
   </trkpt>
   <trkpt lat="46.0896590" lon="7.3909240">
    <ele>2299.0</ele>
   </trkpt>
   <trkpt lat="46.0896430" lon="7.3909320">
    <ele>2299.0</ele>
   </trkpt>
   <trkpt lat="46.0896370" lon="7.3909320">
    <ele>2299.0</ele>
   </trkpt>
   <trkpt lat="46.0896320" lon="7.3909330">
    <ele>2299.0</ele>
   </trkpt>
   <trkpt lat="46.0896270" lon="7.3909330">
    <ele>2300.0</ele>
   </trkpt>
   <trkpt lat="46.0896130" lon="7.3909310">
    <ele>2300.0</ele>
   </trkpt>
   <trkpt lat="46.0896080" lon="7.3909310">
    <ele>2300.0</ele>
   </trkpt>
   <trkpt lat="46.0896040" lon="7.3909300">
    <ele>2300.0</ele>
   </trkpt>
   <trkpt lat="46.0896000" lon="7.3909300">
    <ele>2301.0</ele>
   </trkpt>
   <trkpt lat="46.0895860" lon="7.3909280">
    <ele>2301.0</ele>
   </trkpt>
   <trkpt lat="46.0895820" lon="7.3909270">
    <ele>2301.0</ele>
   </trkpt>
   <trkpt lat="46.0895770" lon="7.3909270">
    <ele>2301.0</ele>
   </trkpt>
   <trkpt lat="46.0895730" lon="7.3909270">
    <ele>2301.0</ele>
   </trkpt>
   <trkpt lat="46.0895590" lon="7.3909330">
    <ele>2301.0</ele>
   </trkpt>
   <trkpt lat="46.0895540" lon="7.3909350">
    <ele>2301.0</ele>
   </trkpt>
   <trkpt lat="46.0895500" lon="7.3909380">
    <ele>2301.0</ele>
   </trkpt>
   <trkpt lat="46.0895450" lon="7.3909410">
    <ele>2302.0</ele>
   </trkpt>
   <trkpt lat="46.0895290" lon="7.3909450">
    <ele>2302.0</ele>
   </trkpt>
   <trkpt lat="46.0895230" lon="7.3909470">
    <ele>2302.0</ele>
   </trkpt>
   <trkpt lat="46.0895170" lon="7.3909480">
    <ele>2302.0</ele>
   </trkpt>
   <trkpt lat="46.0895110" lon="7.3909490">
    <ele>2303.0</ele>
   </trkpt>
   <trkpt lat="46.0894950" lon="7.3909580">
    <ele>2303.0</ele>
   </trkpt>
   <trkpt lat="46.0894890" lon="7.3909640">
    <ele>2303.0</ele>
   </trkpt>
   <trkpt lat="46.0894840" lon="7.3909710">
    <ele>2303.0</ele>
   </trkpt>
   <trkpt lat="46.0894780" lon="7.3909780">
    <ele>2304.0</ele>
   </trkpt>
   <trkpt lat="46.0894620" lon="7.3910040">
    <ele>2304.0</ele>
   </trkpt>
   <trkpt lat="46.0894560" lon="7.3910140">
    <ele>2304.0</ele>
   </trkpt>
   <trkpt lat="46.0894500" lon="7.3910230">
    <ele>2304.0</ele>
   </trkpt>
   <trkpt lat="46.0894450" lon="7.3910330">
    <ele>2305.0</ele>
   </trkpt>
   <trkpt lat="46.0894280" lon="7.3910600">
    <ele>2305.0</ele>
   </trkpt>
   <trkpt lat="46.0894220" lon="7.3910650">
    <ele>2305.0</ele>
   </trkpt>
   <trkpt lat="46.0894160" lon="7.3910710">
    <ele>2305.0</ele>
   </trkpt>
   <trkpt lat="46.0894100" lon="7.3910760">
    <ele>2305.0</ele>
   </trkpt>
   <trkpt lat="46.0893940" lon="7.3910910">
    <ele>2305.0</ele>
   </trkpt>
   <trkpt lat="46.0893880" lon="7.3910970">
    <ele>2305.0</ele>
   </trkpt>
   <trkpt lat="46.0893820" lon="7.3911030">
    <ele>2305.0</ele>
   </trkpt>
   <trkpt lat="46.0893760" lon="7.3911090">
    <ele>2305.0</ele>
   </trkpt>
   <trkpt lat="46.0893540" lon="7.3911200">
    <ele>2305.0</ele>
   </trkpt>
   <trkpt lat="46.0893460" lon="7.3911210">
    <ele>2305.0</ele>
   </trkpt>
   <trkpt lat="46.0893380" lon="7.3911210">
    <ele>2305.0</ele>
   </trkpt>
   <trkpt lat="46.0893300" lon="7.3911220">
    <ele>2306.0</ele>
   </trkpt>
   <trkpt lat="46.0893080" lon="7.3911200">
    <ele>2306.0</ele>
   </trkpt>
   <trkpt lat="46.0893020" lon="7.3911210">
    <ele>2306.0</ele>
   </trkpt>
   <trkpt lat="46.0892960" lon="7.3911230">
    <ele>2306.0</ele>
   </trkpt>
   <trkpt lat="46.0892900" lon="7.3911240">
    <ele>2307.0</ele>
   </trkpt>
   <trkpt lat="46.0892730" lon="7.3911420">
    <ele>2307.0</ele>
   </trkpt>
   <trkpt lat="46.0892680" lon="7.3911520">
    <ele>2307.0</ele>
   </trkpt>
   <trkpt lat="46.0892630" lon="7.3911620">
    <ele>2307.0</ele>
   </trkpt>
   <trkpt lat="46.0892580" lon="7.3911720">
    <ele>2307.0</ele>
   </trkpt>
   <trkpt lat="46.0892450" lon="7.3912070">
    <ele>2307.0</ele>
   </trkpt>
   <trkpt lat="46.0892400" lon="7.3912160">
    <ele>2307.0</ele>
   </trkpt>
   <trkpt lat="46.0892350" lon="7.3912260">
    <ele>2307.0</ele>
   </trkpt>
   <trkpt lat="46.0892300" lon="7.3912360">
    <ele>2308.0</ele>
   </trkpt>
   <trkpt lat="46.0892170" lon="7.3912620">
    <ele>2308.0</ele>
   </trkpt>
   <trkpt lat="46.0892130" lon="7.3912700">
    <ele>2308.0</ele>
   </trkpt>
   <trkpt lat="46.0892090" lon="7.3912790">
    <ele>2308.0</ele>
   </trkpt>
   <trkpt lat="46.0892050" lon="7.3912870">
    <ele>2308.0</ele>
   </trkpt>
   <trkpt lat="46.0891890" lon="7.3913090">
    <ele>2308.0</ele>
   </trkpt>
   <trkpt lat="46.0891830" lon="7.3913150">
    <ele>2308.0</ele>
   </trkpt>
   <trkpt lat="46.0891760" lon="7.3913210">
    <ele>2308.0</ele>
   </trkpt>
   <trkpt lat="46.0891700" lon="7.3913260">
    <ele>2309.0</ele>
   </trkpt>
   <trkpt lat="46.0891490" lon="7.3913350">
    <ele>2309.0</ele>
   </trkpt>
   <trkpt lat="46.0891420" lon="7.3913360">
    <ele>2309.0</ele>
   </trkpt>
   <trkpt lat="46.0891350" lon="7.3913370">
    <ele>2309.0</ele>
   </trkpt>
   <trkpt lat="46.0891280" lon="7.3913390">
    <ele>2310.0</ele>
   </trkpt>
   <trkpt lat="46.0891070" lon="7.3913420">
    <ele>2310.0</ele>
   </trkpt>
   <trkpt lat="46.0891000" lon="7.3913420">
    <ele>2310.0</ele>
   </trkpt>
   <trkpt lat="46.0890940" lon="7.3913410">
    <ele>2310.0</ele>
   </trkpt>
   <trkpt lat="46.0890870" lon="7.3913400">
    <ele>2311.0</ele>
   </trkpt>
   <trkpt lat="46.0890700" lon="7.3913370">
    <ele>2311.0</ele>
   </trkpt>
   <trkpt lat="46.0890640" lon="7.3913370">
    <ele>2311.0</ele>
   </trkpt>
   <trkpt lat="46.0890590" lon="7.3913370">
    <ele>2311.0</ele>
   </trkpt>
   <trkpt lat="46.0890530" lon="7.3913360">
    <ele>2312.0</ele>
   </trkpt>
   <trkpt lat="46.0890370" lon="7.3913360">
    <ele>2312.0</ele>
   </trkpt>
   <trkpt lat="46.0890320" lon="7.3913370">
    <ele>2312.0</ele>
   </trkpt>
   <trkpt lat="46.0890260" lon="7.3913370">
    <ele>2312.0</ele>
   </trkpt>
   <trkpt lat="46.0890200" lon="7.3913380">
    <ele>2313.0</ele>
   </trkpt>
   <trkpt lat="46.0890010" lon="7.3913440">
    <ele>2313.0</ele>
   </trkpt>
   <trkpt lat="46.0889940" lon="7.3913460">
    <ele>2313.0</ele>
   </trkpt>
   <trkpt lat="46.0889870" lon="7.3913480">
    <ele>2313.0</ele>
   </trkpt>
   <trkpt lat="46.0889810" lon="7.3913500">
    <ele>2313.0</ele>
   </trkpt>
   <trkpt lat="46.0889550" lon="7.3913560">
    <ele>2313.0</ele>
   </trkpt>
   <trkpt lat="46.0889470" lon="7.3913580">
    <ele>2313.0</ele>
   </trkpt>
   <trkpt lat="46.0889380" lon="7.3913600">
    <ele>2313.0</ele>
   </trkpt>
   <trkpt lat="46.0889300" lon="7.3913620">
    <ele>2314.0</ele>
   </trkpt>
   <trkpt lat="46.0889060" lon="7.3913670">
    <ele>2314.0</ele>
   </trkpt>
   <trkpt lat="46.0888990" lon="7.3913670">
    <ele>2314.0</ele>
   </trkpt>
   <trkpt lat="46.0888910" lon="7.3913670">
    <ele>2314.0</ele>
   </trkpt>
   <trkpt lat="46.0888830" lon="7.3913670">
    <ele>2315.0</ele>
   </trkpt>
   <trkpt lat="46.0888630" lon="7.3913610">
    <ele>2315.0</ele>
   </trkpt>
   <trkpt lat="46.0888580" lon="7.3913590">
    <ele>2315.0</ele>
   </trkpt>
   <trkpt lat="46.0888530" lon="7.3913570">
    <ele>2315.0</ele>
   </trkpt>
   <trkpt lat="46.0888470" lon="7.3913560">
    <ele>2315.0</ele>
   </trkpt>
   <trkpt lat="46.0888320" lon="7.3913580">
    <ele>2315.0</ele>
   </trkpt>
   <trkpt lat="46.0888260" lon="7.3913600">
    <ele>2315.0</ele>
   </trkpt>
   <trkpt lat="46.0888210" lon="7.3913620">
    <ele>2315.0</ele>
   </trkpt>
   <trkpt lat="46.0888150" lon="7.3913650">
    <ele>2316.0</ele>
   </trkpt>
   <trkpt lat="46.0888000" lon="7.3913790">
    <ele>2316.0</ele>
   </trkpt>
   <trkpt lat="46.0887960" lon="7.3913850">
    <ele>2316.0</ele>
   </trkpt>
   <trkpt lat="46.0887920" lon="7.3913900">
    <ele>2316.0</ele>
   </trkpt>
   <trkpt lat="46.0887870" lon="7.3913960">
    <ele>2317.0</ele>
   </trkpt>
   <trkpt lat="46.0887830" lon="7.3914020">
    <ele>2317.0</ele>
   </trkpt>
   <trkpt lat="46.0887800" lon="7.3914090">
    <ele>2317.0</ele>
   </trkpt>
   <trkpt lat="46.0887760" lon="7.3914150">
    <ele>2317.0</ele>
   </trkpt>
   <trkpt lat="46.0887630" lon="7.3914370">
    <ele>2318.0</ele>
   </trkpt>
   <trkpt lat="46.0887590" lon="7.3914430">
    <ele>2318.0</ele>
   </trkpt>
   <trkpt lat="46.0887550" lon="7.3914500">
    <ele>2318.0</ele>
   </trkpt>
   <trkpt lat="46.0887510" lon="7.3914560">
    <ele>2318.0</ele>
   </trkpt>
   <trkpt lat="46.0887370" lon="7.3914760">
    <ele>2319.0</ele>
   </trkpt>
   <trkpt lat="46.0887320" lon="7.3914810">
    <ele>2319.0</ele>
   </trkpt>
   <trkpt lat="46.0887260" lon="7.3914860">
    <ele>2319.0</ele>
   </trkpt>
   <trkpt lat="46.0887210" lon="7.3914900">
    <ele>2319.0</ele>
   </trkpt>
   <trkpt lat="46.0887110" lon="7.3914930">
    <ele>2320.0</ele>
   </trkpt>
   <trkpt lat="46.0887060" lon="7.3914920">
    <ele>2320.0</ele>
   </trkpt>
   <trkpt lat="46.0887010" lon="7.3914920">
    <ele>2320.0</ele>
   </trkpt>
   <trkpt lat="46.0886960" lon="7.3914920">
    <ele>2320.0</ele>
   </trkpt>
   <trkpt lat="46.0886830" lon="7.3914910">
    <ele>2321.0</ele>
   </trkpt>
   <trkpt lat="46.0886790" lon="7.3914910">
    <ele>2321.0</ele>
   </trkpt>
   <trkpt lat="46.0886740" lon="7.3914920">
    <ele>2321.0</ele>
   </trkpt>
   <trkpt lat="46.0886700" lon="7.3914920">
    <ele>2321.0</ele>
   </trkpt>
   <trkpt lat="46.0886700" lon="7.3914920">
    <ele>2322.0</ele>
   </trkpt>
   <trkpt lat="46.0886700" lon="7.3914920">
    <ele>2322.0</ele>
   </trkpt>
   <trkpt lat="46.0886700" lon="7.3914920">
    <ele>2322.0</ele>
   </trkpt>
   <trkpt lat="46.0886700" lon="7.3914920">
    <ele>2322.0</ele>
   </trkpt>
   <trkpt lat="46.0886700" lon="7.3914920">
    <ele>2323.0</ele>
   </trkpt>
   <trkpt lat="46.0886700" lon="7.3914920">
    <ele>2323.0</ele>
   </trkpt>
   <trkpt lat="46.0886540" lon="7.3914990">
    <ele>2323.0</ele>
   </trkpt>
   <trkpt lat="46.0886420" lon="7.3915080">
    <ele>2323.0</ele>
   </trkpt>
   <trkpt lat="46.0886380" lon="7.3915110">
    <ele>2324.0</ele>
   </trkpt>
   <trkpt lat="46.0886340" lon="7.3915140">
    <ele>2324.0</ele>
   </trkpt>
   <trkpt lat="46.0886300" lon="7.3915170">
    <ele>2324.0</ele>
   </trkpt>
   <trkpt lat="46.0886180" lon="7.3915230">
    <ele>2324.0</ele>
   </trkpt>
   <trkpt lat="46.0886140" lon="7.3915240">
    <ele>2324.0</ele>
   </trkpt>
   <trkpt lat="46.0886090" lon="7.3915240">
    <ele>2324.0</ele>
   </trkpt>
   <trkpt lat="46.0886050" lon="7.3915250">
    <ele>2324.0</ele>
   </trkpt>
   <trkpt lat="46.0885920" lon="7.3915260">
    <ele>2324.0</ele>
   </trkpt>
   <trkpt lat="46.0885880" lon="7.3915280">
    <ele>2325.0</ele>
   </trkpt>
   <trkpt lat="46.0885830" lon="7.3915290">
    <ele>2325.0</ele>
   </trkpt>
   <trkpt lat="46.0885790" lon="7.3915300">
    <ele>2325.0</ele>
   </trkpt>
   <trkpt lat="46.0885680" lon="7.3915430">
    <ele>2325.0</ele>
   </trkpt>
   <trkpt lat="46.0885660" lon="7.3915520">
    <ele>2326.0</ele>
   </trkpt>
   <trkpt lat="46.0885630" lon="7.3915610">
    <ele>2326.0</ele>
   </trkpt>
   <trkpt lat="46.0885610" lon="7.3915700">
    <ele>2326.0</ele>
   </trkpt>
   <trkpt lat="46.0885530" lon="7.3916030">
    <ele>2326.0</ele>
   </trkpt>
   <trkpt lat="46.0885500" lon="7.3916140">
    <ele>2327.0</ele>
   </trkpt>
   <trkpt lat="46.0885470" lon="7.3916250">
    <ele>2327.0</ele>
   </trkpt>
   <trkpt lat="46.0885450" lon="7.3916360">
    <ele>2327.0</ele>
   </trkpt>
   <trkpt lat="46.0885370" lon="7.3916710">
    <ele>2327.0</ele>
   </trkpt>
   <trkpt lat="46.0885350" lon="7.3916820">
    <ele>2327.0</ele>
   </trkpt>
   <trkpt lat="46.0885320" lon="7.3916940">
    <ele>2327.0</ele>
   </trkpt>
   <trkpt lat="46.0885300" lon="7.3917050">
    <ele>2327.0</ele>
   </trkpt>
   <trkpt lat="46.0885230" lon="7.3917420">
    <ele>2327.0</ele>
   </trkpt>
   <trkpt lat="46.0885210" lon="7.3917550">
    <ele>2328.0</ele>
   </trkpt>
   <trkpt lat="46.0885200" lon="7.3917670">
    <ele>2328.0</ele>
   </trkpt>
   <trkpt lat="46.0885180" lon="7.3917800">
    <ele>2328.0</ele>
   </trkpt>
   <trkpt lat="46.0885160" lon="7.3918190">
    <ele>2328.0</ele>
   </trkpt>
   <trkpt lat="46.0885150" lon="7.3918320">
    <ele>2328.0</ele>
   </trkpt>
   <trkpt lat="46.0885150" lon="7.3918450">
    <ele>2328.0</ele>
   </trkpt>
   <trkpt lat="46.0885140" lon="7.3918570">
    <ele>2328.0</ele>
   </trkpt>
   <trkpt lat="46.0885120" lon="7.3918970">
    <ele>2328.0</ele>
   </trkpt>
   <trkpt lat="46.0885100" lon="7.3919100">
    <ele>2328.0</ele>
   </trkpt>
   <trkpt lat="46.0885090" lon="7.3919220">
    <ele>2328.0</ele>
   </trkpt>
   <trkpt lat="46.0885080" lon="7.3919350">
    <ele>2328.0</ele>
   </trkpt>
   <trkpt lat="46.0885000" lon="7.3919640">
    <ele>2328.0</ele>
   </trkpt>
   <trkpt lat="46.0884990" lon="7.3919670">
    <ele>2328.0</ele>
   </trkpt>
   <trkpt lat="46.0884970" lon="7.3919710">
    <ele>2328.0</ele>
   </trkpt>
   <trkpt lat="46.0884950" lon="7.3919740">
    <ele>2328.0</ele>
   </trkpt>
   <trkpt lat="46.0884860" lon="7.3919890">
    <ele>2328.0</ele>
   </trkpt>
   <trkpt lat="46.0884830" lon="7.3919930">
    <ele>2329.0</ele>
   </trkpt>
   <trkpt lat="46.0884800" lon="7.3919980">
    <ele>2329.0</ele>
   </trkpt>
   <trkpt lat="46.0884760" lon="7.3920030">
    <ele>2329.0</ele>
   </trkpt>
   <trkpt lat="46.0884700" lon="7.3920230">
    <ele>2329.0</ele>
   </trkpt>
   <trkpt lat="46.0884680" lon="7.3920300">
    <ele>2329.0</ele>
   </trkpt>
   <trkpt lat="46.0884670" lon="7.3920380">
    <ele>2329.0</ele>
   </trkpt>
   <trkpt lat="46.0884650" lon="7.3920450">
    <ele>2329.0</ele>
   </trkpt>
   <trkpt lat="46.0884600" lon="7.3920680">
    <ele>2329.0</ele>
   </trkpt>
   <trkpt lat="46.0884600" lon="7.3920770">
    <ele>2330.0</ele>
   </trkpt>
   <trkpt lat="46.0884590" lon="7.3920860">
    <ele>2330.0</ele>
   </trkpt>
   <trkpt lat="46.0884590" lon="7.3920950">
    <ele>2330.0</ele>
   </trkpt>
   <trkpt lat="46.0884600" lon="7.3921240">
    <ele>2330.0</ele>
   </trkpt>
   <trkpt lat="46.0884610" lon="7.3921340">
    <ele>2331.0</ele>
   </trkpt>
   <trkpt lat="46.0884610" lon="7.3921440">
    <ele>2331.0</ele>
   </trkpt>
   <trkpt lat="46.0884620" lon="7.3921540">
    <ele>2331.0</ele>
   </trkpt>
   <trkpt lat="46.0884570" lon="7.3921850">
    <ele>2331.0</ele>
   </trkpt>
   <trkpt lat="46.0884540" lon="7.3921950">
    <ele>2332.0</ele>
   </trkpt>
   <trkpt lat="46.0884510" lon="7.3922040">
    <ele>2332.0</ele>
   </trkpt>
   <trkpt lat="46.0884480" lon="7.3922140">
    <ele>2332.0</ele>
   </trkpt>
   <trkpt lat="46.0884360" lon="7.3922380">
    <ele>2332.0</ele>
   </trkpt>
   <trkpt lat="46.0884310" lon="7.3922440">
    <ele>2333.0</ele>
   </trkpt>
   <trkpt lat="46.0884260" lon="7.3922510">
    <ele>2333.0</ele>
   </trkpt>
   <trkpt lat="46.0884210" lon="7.3922570">
    <ele>2333.0</ele>
   </trkpt>
   <trkpt lat="46.0884050" lon="7.3922710">
    <ele>2333.0</ele>
   </trkpt>
   <trkpt lat="46.0884000" lon="7.3922740">
    <ele>2334.0</ele>
   </trkpt>
   <trkpt lat="46.0883950" lon="7.3922780">
    <ele>2334.0</ele>
   </trkpt>
   <trkpt lat="46.0883900" lon="7.3922810">
    <ele>2334.0</ele>
   </trkpt>
   <trkpt lat="46.0883750" lon="7.3922930">
    <ele>2334.0</ele>
   </trkpt>
   <trkpt lat="46.0883700" lon="7.3922960">
    <ele>2335.0</ele>
   </trkpt>
   <trkpt lat="46.0883640" lon="7.3922990">
    <ele>2335.0</ele>
   </trkpt>
   <trkpt lat="46.0883590" lon="7.3923030">
    <ele>2335.0</ele>
   </trkpt>
   <trkpt lat="46.0883420" lon="7.3923080">
    <ele>2335.0</ele>
   </trkpt>
   <trkpt lat="46.0883370" lon="7.3923090">
    <ele>2336.0</ele>
   </trkpt>
   <trkpt lat="46.0883310" lon="7.3923100">
    <ele>2336.0</ele>
   </trkpt>
   <trkpt lat="46.0883260" lon="7.3923100">
    <ele>2336.0</ele>
   </trkpt>
   <trkpt lat="46.0883100" lon="7.3923110">
    <ele>2336.0</ele>
   </trkpt>
   <trkpt lat="46.0883060" lon="7.3923110">
    <ele>2337.0</ele>
   </trkpt>
   <trkpt lat="46.0883010" lon="7.3923110">
    <ele>2337.0</ele>
   </trkpt>
   <trkpt lat="46.0882960" lon="7.3923110">
    <ele>2337.0</ele>
   </trkpt>
   <trkpt lat="46.0882840" lon="7.3923120">
    <ele>2337.0</ele>
   </trkpt>
   <trkpt lat="46.0882800" lon="7.3923110">
    <ele>2338.0</ele>
   </trkpt>
   <trkpt lat="46.0882760" lon="7.3923090">
    <ele>2338.0</ele>
   </trkpt>
   <trkpt lat="46.0882720" lon="7.3923080">
    <ele>2338.0</ele>
   </trkpt>
   <trkpt lat="46.0882590" lon="7.3923000">
    <ele>2338.0</ele>
   </trkpt>
   <trkpt lat="46.0882550" lon="7.3922970">
    <ele>2339.0</ele>
   </trkpt>
   <trkpt lat="46.0882500" lon="7.3922940">
    <ele>2339.0</ele>
   </trkpt>
   <trkpt lat="46.0882450" lon="7.3922920">
    <ele>2339.0</ele>
   </trkpt>
   <trkpt lat="46.0882320" lon="7.3922840">
    <ele>2339.0</ele>
   </trkpt>
   <trkpt lat="46.0882270" lon="7.3922810">
    <ele>2340.0</ele>
   </trkpt>
   <trkpt lat="46.0882230" lon="7.3922780">
    <ele>2340.0</ele>
   </trkpt>
   <trkpt lat="46.0882180" lon="7.3922750">
    <ele>2340.0</ele>
   </trkpt>
   <trkpt lat="46.0882050" lon="7.3922620">
    <ele>2340.0</ele>
   </trkpt>
   <trkpt lat="46.0882000" lon="7.3922570">
    <ele>2341.0</ele>
   </trkpt>
   <trkpt lat="46.0881950" lon="7.3922510">
    <ele>2341.0</ele>
   </trkpt>
   <trkpt lat="46.0881900" lon="7.3922460">
    <ele>2341.0</ele>
   </trkpt>
   <trkpt lat="46.0881740" lon="7.3922390">
    <ele>2341.0</ele>
   </trkpt>
   <trkpt lat="46.0881690" lon="7.3922400">
    <ele>2342.0</ele>
   </trkpt>
   <trkpt lat="46.0881650" lon="7.3922410">
    <ele>2342.0</ele>
   </trkpt>
   <trkpt lat="46.0881600" lon="7.3922410">
    <ele>2342.0</ele>
   </trkpt>
   <trkpt lat="46.0881480" lon="7.3922450">
    <ele>2342.0</ele>
   </trkpt>
   <trkpt lat="46.0881440" lon="7.3922460">
    <ele>2342.0</ele>
   </trkpt>
   <trkpt lat="46.0881400" lon="7.3922470">
    <ele>2342.0</ele>
   </trkpt>
   <trkpt lat="46.0881360" lon="7.3922490">
    <ele>2342.0</ele>
   </trkpt>
   <trkpt lat="46.0881230" lon="7.3922560">
    <ele>2342.0</ele>
   </trkpt>
   <trkpt lat="46.0881180" lon="7.3922590">
    <ele>2343.0</ele>
   </trkpt>
   <trkpt lat="46.0881140" lon="7.3922620">
    <ele>2343.0</ele>
   </trkpt>
   <trkpt lat="46.0881090" lon="7.3922660">
    <ele>2343.0</ele>
   </trkpt>
   <trkpt lat="46.0880970" lon="7.3922790">
    <ele>2343.0</ele>
   </trkpt>
   <trkpt lat="46.0880930" lon="7.3922850">
    <ele>2343.0</ele>
   </trkpt>
   <trkpt lat="46.0880890" lon="7.3922900">
    <ele>2343.0</ele>
   </trkpt>
   <trkpt lat="46.0880850" lon="7.3922950">
    <ele>2343.0</ele>
   </trkpt>
   <trkpt lat="46.0880740" lon="7.3923100">
    <ele>2343.0</ele>
   </trkpt>
   <trkpt lat="46.0880710" lon="7.3923160">
    <ele>2344.0</ele>
   </trkpt>
   <trkpt lat="46.0880670" lon="7.3923220">
    <ele>2344.0</ele>
   </trkpt>
   <trkpt lat="46.0880630" lon="7.3923280">
    <ele>2344.0</ele>
   </trkpt>
   <trkpt lat="46.0880520" lon="7.3923480">
    <ele>2344.0</ele>
   </trkpt>
   <trkpt lat="46.0880480" lon="7.3923550">
    <ele>2345.0</ele>
   </trkpt>
   <trkpt lat="46.0880430" lon="7.3923610">
    <ele>2345.0</ele>
   </trkpt>
   <trkpt lat="46.0880390" lon="7.3923670">
    <ele>2345.0</ele>
   </trkpt>
   <trkpt lat="46.0880230" lon="7.3923800">
    <ele>2345.0</ele>
   </trkpt>
   <trkpt lat="46.0880180" lon="7.3923830">
    <ele>2345.0</ele>
   </trkpt>
   <trkpt lat="46.0880130" lon="7.3923850">
    <ele>2345.0</ele>
   </trkpt>
   <trkpt lat="46.0880070" lon="7.3923880">
    <ele>2346.0</ele>
   </trkpt>
   <trkpt lat="46.0879910" lon="7.3923940">
    <ele>2346.0</ele>
   </trkpt>
   <trkpt lat="46.0879860" lon="7.3923960">
    <ele>2347.0</ele>
   </trkpt>
   <trkpt lat="46.0879800" lon="7.3923980">
    <ele>2347.0</ele>
   </trkpt>
   <trkpt lat="46.0879750" lon="7.3923990">
    <ele>2347.0</ele>
   </trkpt>
   <trkpt lat="46.0879560" lon="7.3923980">
    <ele>2347.0</ele>
   </trkpt>
   <trkpt lat="46.0879490" lon="7.3923960">
    <ele>2348.0</ele>
   </trkpt>
   <trkpt lat="46.0879420" lon="7.3923940">
    <ele>2348.0</ele>
   </trkpt>
   <trkpt lat="46.0879350" lon="7.3923920">
    <ele>2348.0</ele>
   </trkpt>
   <trkpt lat="46.0879120" lon="7.3923840">
    <ele>2348.0</ele>
   </trkpt>
   <trkpt lat="46.0879050" lon="7.3923810">
    <ele>2348.0</ele>
   </trkpt>
   <trkpt lat="46.0878970" lon="7.3923780">
    <ele>2348.0</ele>
   </trkpt>
   <trkpt lat="46.0878900" lon="7.3923750">
    <ele>2348.0</ele>
   </trkpt>
   <trkpt lat="46.0878680" lon="7.3923660">
    <ele>2348.0</ele>
   </trkpt>
   <trkpt lat="46.0878600" lon="7.3923650">
    <ele>2349.0</ele>
   </trkpt>
   <trkpt lat="46.0878530" lon="7.3923640">
    <ele>2349.0</ele>
   </trkpt>
   <trkpt lat="46.0878460" lon="7.3923630">
    <ele>2349.0</ele>
   </trkpt>
   <trkpt lat="46.0878220" lon="7.3923690">
    <ele>2349.0</ele>
   </trkpt>
   <trkpt lat="46.0878130" lon="7.3923720">
    <ele>2349.0</ele>
   </trkpt>
   <trkpt lat="46.0878050" lon="7.3923760">
    <ele>2349.0</ele>
   </trkpt>
   <trkpt lat="46.0877960" lon="7.3923790">
    <ele>2349.0</ele>
   </trkpt>
   <trkpt lat="46.0877700" lon="7.3923910">
    <ele>2349.0</ele>
   </trkpt>
   <trkpt lat="46.0877610" lon="7.3923970">
    <ele>2349.0</ele>
   </trkpt>
   <trkpt lat="46.0877530" lon="7.3924030">
    <ele>2349.0</ele>
   </trkpt>
   <trkpt lat="46.0877450" lon="7.3924090">
    <ele>2349.0</ele>
   </trkpt>
   <trkpt lat="46.0877270" lon="7.3924320">
    <ele>2349.0</ele>
   </trkpt>
   <trkpt lat="46.0877220" lon="7.3924410">
    <ele>2350.0</ele>
   </trkpt>
   <trkpt lat="46.0877160" lon="7.3924500">
    <ele>2350.0</ele>
   </trkpt>
   <trkpt lat="46.0877110" lon="7.3924590">
    <ele>2350.0</ele>
   </trkpt>
   <trkpt lat="46.0876920" lon="7.3924790">
    <ele>2350.0</ele>
   </trkpt>
   <trkpt lat="46.0876840" lon="7.3924820">
    <ele>2351.0</ele>
   </trkpt>
   <trkpt lat="46.0876760" lon="7.3924850">
    <ele>2351.0</ele>
   </trkpt>
   <trkpt lat="46.0876680" lon="7.3924870">
    <ele>2351.0</ele>
   </trkpt>
   <trkpt lat="46.0876390" lon="7.3924850">
    <ele>2351.0</ele>
   </trkpt>
   <trkpt lat="46.0876300" lon="7.3924830">
    <ele>2352.0</ele>
   </trkpt>
   <trkpt lat="46.0876200" lon="7.3924810">
    <ele>2352.0</ele>
   </trkpt>
   <trkpt lat="46.0876100" lon="7.3924780">
    <ele>2352.0</ele>
   </trkpt>
   <trkpt lat="46.0875820" lon="7.3924720">
    <ele>2352.0</ele>
   </trkpt>
   <trkpt lat="46.0875730" lon="7.3924710">
    <ele>2352.0</ele>
   </trkpt>
   <trkpt lat="46.0875650" lon="7.3924690">
    <ele>2352.0</ele>
   </trkpt>
   <trkpt lat="46.0875550" lon="7.3924680">
    <ele>2352.0</ele>
   </trkpt>
   <trkpt lat="46.0875260" lon="7.3924660">
    <ele>2352.0</ele>
   </trkpt>
   <trkpt lat="46.0875130" lon="7.3924670">
    <ele>2352.0</ele>
   </trkpt>
   <trkpt lat="46.0875010" lon="7.3924680">
    <ele>2352.0</ele>
   </trkpt>
   <trkpt lat="46.0874880" lon="7.3924690">
    <ele>2352.0</ele>
   </trkpt>
   <trkpt lat="46.0874410" lon="7.3924870">
    <ele>2352.0</ele>
   </trkpt>
   <trkpt lat="46.0874250" lon="7.3925000">
    <ele>2352.0</ele>
   </trkpt>
   <trkpt lat="46.0874080" lon="7.3925130">
    <ele>2352.0</ele>
   </trkpt>
   <trkpt lat="46.0873910" lon="7.3925270">
    <ele>2352.0</ele>
   </trkpt>
   <trkpt lat="46.0873400" lon="7.3925620">
    <ele>2352.0</ele>
   </trkpt>
   <trkpt lat="46.0873190" lon="7.3925680">
    <ele>2353.0</ele>
   </trkpt>
   <trkpt lat="46.0872990" lon="7.3925730">
    <ele>2352.0</ele>
   </trkpt>
   <trkpt lat="46.0872790" lon="7.3925780">
    <ele>2352.0</ele>
   </trkpt>
   <trkpt lat="46.0872180" lon="7.3925770">
    <ele>2352.0</ele>
   </trkpt>
   <trkpt lat="46.0871980" lon="7.3925730">
    <ele>2352.0</ele>
   </trkpt>
   <trkpt lat="46.0871780" lon="7.3925700">
    <ele>2351.0</ele>
   </trkpt>
   <trkpt lat="46.0871570" lon="7.3925670">
    <ele>2351.0</ele>
   </trkpt>
   <trkpt lat="46.0870960" lon="7.3925570">
    <ele>2351.0</ele>
   </trkpt>
   <trkpt lat="46.0870750" lon="7.3925540">
    <ele>2351.0</ele>
   </trkpt>
   <trkpt lat="46.0870550" lon="7.3925510">
    <ele>2350.0</ele>
   </trkpt>
   <trkpt lat="46.0870340" lon="7.3925480">
    <ele>2350.0</ele>
   </trkpt>
   <trkpt lat="46.0869760" lon="7.3925420">
    <ele>2349.0</ele>
   </trkpt>
   <trkpt lat="46.0869560" lon="7.3925430">
    <ele>2349.0</ele>
   </trkpt>
   <trkpt lat="46.0869360" lon="7.3925440">
    <ele>2349.0</ele>
   </trkpt>
   <trkpt lat="46.0869160" lon="7.3925460">
    <ele>2349.0</ele>
   </trkpt>
   <trkpt lat="46.0868640" lon="7.3925600">
    <ele>2349.0</ele>
   </trkpt>
   <trkpt lat="46.0868500" lon="7.3925660">
    <ele>2349.0</ele>
   </trkpt>
   <trkpt lat="46.0868360" lon="7.3925720">
    <ele>2349.0</ele>
   </trkpt>
   <trkpt lat="46.0868220" lon="7.3925780">
    <ele>2349.0</ele>
   </trkpt>
   <trkpt lat="46.0867840" lon="7.3925930">
    <ele>2349.0</ele>
   </trkpt>
   <trkpt lat="46.0867700" lon="7.3926000">
    <ele>2349.0</ele>
   </trkpt>
   <trkpt lat="46.0867570" lon="7.3926070">
    <ele>2349.0</ele>
   </trkpt>
   <trkpt lat="46.0867430" lon="7.3926130">
    <ele>2349.0</ele>
   </trkpt>
   <trkpt lat="46.0866990" lon="7.3926300">
    <ele>2349.0</ele>
   </trkpt>
   <trkpt lat="46.0866820" lon="7.3926330">
    <ele>2349.0</ele>
   </trkpt>
   <trkpt lat="46.0866660" lon="7.3926360">
    <ele>2349.0</ele>
   </trkpt>
   <trkpt lat="46.0866500" lon="7.3926400">
    <ele>2349.0</ele>
   </trkpt>
   <trkpt lat="46.0866020" lon="7.3926390">
    <ele>2349.0</ele>
   </trkpt>
   <trkpt lat="46.0865920" lon="7.3926360">
    <ele>2350.0</ele>
   </trkpt>
   <trkpt lat="46.0865810" lon="7.3926340">
    <ele>2350.0</ele>
   </trkpt>
   <trkpt lat="46.0865710" lon="7.3926320">
    <ele>2350.0</ele>
   </trkpt>
   <trkpt lat="46.0865480" lon="7.3926330">
    <ele>2350.0</ele>
   </trkpt>
   <trkpt lat="46.0865410" lon="7.3926340">
    <ele>2351.0</ele>
   </trkpt>
   <trkpt lat="46.0865330" lon="7.3926360">
    <ele>2351.0</ele>
   </trkpt>
   <trkpt lat="46.0865260" lon="7.3926370">
    <ele>2351.0</ele>
   </trkpt>
   <trkpt lat="46.0865010" lon="7.3926390">
    <ele>2351.0</ele>
   </trkpt>
   <trkpt lat="46.0864920" lon="7.3926400">
    <ele>2352.0</ele>
   </trkpt>
   <trkpt lat="46.0864830" lon="7.3926410">
    <ele>2352.0</ele>
   </trkpt>
   <trkpt lat="46.0864740" lon="7.3926430">
    <ele>2352.0</ele>
   </trkpt>
   <trkpt lat="46.0864460" lon="7.3926380">
    <ele>2352.0</ele>
   </trkpt>
   <trkpt lat="46.0864380" lon="7.3926360">
    <ele>2353.0</ele>
   </trkpt>
   <trkpt lat="46.0864290" lon="7.3926330">
    <ele>2353.0</ele>
   </trkpt>
   <trkpt lat="46.0864200" lon="7.3926300">
    <ele>2353.0</ele>
   </trkpt>
   <trkpt lat="46.0863950" lon="7.3926250">
    <ele>2353.0</ele>
   </trkpt>
   <trkpt lat="46.0863860" lon="7.3926240">
    <ele>2353.0</ele>
   </trkpt>
   <trkpt lat="46.0863780" lon="7.3926240">
    <ele>2353.0</ele>
   </trkpt>
   <trkpt lat="46.0863690" lon="7.3926230">
    <ele>2353.0</ele>
   </trkpt>
   <trkpt lat="46.0863460" lon="7.3926200">
    <ele>2353.0</ele>
   </trkpt>
   <trkpt lat="46.0863390" lon="7.3926180">
    <ele>2354.0</ele>
   </trkpt>
   <trkpt lat="46.0863320" lon="7.3926160">
    <ele>2354.0</ele>
   </trkpt>
   <trkpt lat="46.0863250" lon="7.3926130">
    <ele>2354.0</ele>
   </trkpt>
   <trkpt lat="46.0863010" lon="7.3926140">
    <ele>2354.0</ele>
   </trkpt>
   <trkpt lat="46.0862910" lon="7.3926130">
    <ele>2355.0</ele>
   </trkpt>
   <trkpt lat="46.0862810" lon="7.3926120">
    <ele>2355.0</ele>
   </trkpt>
   <trkpt lat="46.0862720" lon="7.3926110">
    <ele>2355.0</ele>
   </trkpt>
   <trkpt lat="46.0862410" lon="7.3926060">
    <ele>2355.0</ele>
   </trkpt>
   <trkpt lat="46.0862310" lon="7.3926030">
    <ele>2355.0</ele>
   </trkpt>
   <trkpt lat="46.0862210" lon="7.3926010">
    <ele>2355.0</ele>
   </trkpt>
   <trkpt lat="46.0862110" lon="7.3925980">
    <ele>2355.0</ele>
   </trkpt>
   <trkpt lat="46.0861760" lon="7.3925910">
    <ele>2355.0</ele>
   </trkpt>
   <trkpt lat="46.0861590" lon="7.3925970">
    <ele>2356.0</ele>
   </trkpt>
   <trkpt lat="46.0861340" lon="7.3926060">
    <ele>2356.0</ele>
   </trkpt>
   <trkpt lat="46.0861090" lon="7.3926150">
    <ele>2356.0</ele>
   </trkpt>
   <trkpt lat="46.0860790" lon="7.3926260">
    <ele>2356.0</ele>
   </trkpt>
   <trkpt lat="46.0860610" lon="7.3926370">
    <ele>2356.0</ele>
   </trkpt>
   <trkpt lat="46.0860430" lon="7.3926480">
    <ele>2356.0</ele>
   </trkpt>
   <trkpt lat="46.0860260" lon="7.3926600">
    <ele>2356.0</ele>
   </trkpt>
   <trkpt lat="46.0859730" lon="7.3926890">
    <ele>2356.0</ele>
   </trkpt>
   <trkpt lat="46.0859560" lon="7.3926890">
    <ele>2356.0</ele>
   </trkpt>
   <trkpt lat="46.0859390" lon="7.3926900">
    <ele>2356.0</ele>
   </trkpt>
   <trkpt lat="46.0859230" lon="7.3926910">
    <ele>2356.0</ele>
   </trkpt>
   <trkpt lat="46.0858810" lon="7.3926780">
    <ele>2356.0</ele>
   </trkpt>
   <trkpt lat="46.0858710" lon="7.3926730">
    <ele>2356.0</ele>
   </trkpt>
   <trkpt lat="46.0858610" lon="7.3926670">
    <ele>2356.0</ele>
   </trkpt>
   <trkpt lat="46.0858510" lon="7.3926620">
    <ele>2356.0</ele>
   </trkpt>
   <trkpt lat="46.0858290" lon="7.3926490">
    <ele>2356.0</ele>
   </trkpt>
   <trkpt lat="46.0858220" lon="7.3926450">
    <ele>2356.0</ele>
   </trkpt>
   <trkpt lat="46.0858160" lon="7.3926410">
    <ele>2356.0</ele>
   </trkpt>
   <trkpt lat="46.0858100" lon="7.3926370">
    <ele>2356.0</ele>
   </trkpt>
   <trkpt lat="46.0857880" lon="7.3926230">
    <ele>2356.0</ele>
   </trkpt>
   <trkpt lat="46.0857810" lon="7.3926190">
    <ele>2357.0</ele>
   </trkpt>
   <trkpt lat="46.0857730" lon="7.3926150">
    <ele>2357.0</ele>
   </trkpt>
   <trkpt lat="46.0857650" lon="7.3926110">
    <ele>2357.0</ele>
   </trkpt>
   <trkpt lat="46.0857440" lon="7.3926100">
    <ele>2357.0</ele>
   </trkpt>
   <trkpt lat="46.0857370" lon="7.3926110">
    <ele>2358.0</ele>
   </trkpt>
   <trkpt lat="46.0857300" lon="7.3926130">
    <ele>2358.0</ele>
   </trkpt>
   <trkpt lat="46.0857230" lon="7.3926150">
    <ele>2358.0</ele>
   </trkpt>
   <trkpt lat="46.0856990" lon="7.3926220">
    <ele>2358.0</ele>
   </trkpt>
   <trkpt lat="46.0856910" lon="7.3926230">
    <ele>2359.0</ele>
   </trkpt>
   <trkpt lat="46.0856820" lon="7.3926250">
    <ele>2359.0</ele>
   </trkpt>
   <trkpt lat="46.0856740" lon="7.3926270">
    <ele>2359.0</ele>
   </trkpt>
   <trkpt lat="46.0856430" lon="7.3926260">
    <ele>2359.0</ele>
   </trkpt>
   <trkpt lat="46.0856260" lon="7.3926220">
    <ele>2360.0</ele>
   </trkpt>
   <trkpt lat="46.0855970" lon="7.3926150">
    <ele>2360.0</ele>
   </trkpt>
   <trkpt lat="46.0855680" lon="7.3926080">
    <ele>2360.0</ele>
   </trkpt>
   <trkpt lat="46.0855430" lon="7.3926020">
    <ele>2360.0</ele>
   </trkpt>
   <trkpt lat="46.0855240" lon="7.3925960">
    <ele>2360.0</ele>
   </trkpt>
   <trkpt lat="46.0855050" lon="7.3925900">
    <ele>2360.0</ele>
   </trkpt>
   <trkpt lat="46.0854860" lon="7.3925830">
    <ele>2360.0</ele>
   </trkpt>
   <trkpt lat="46.0854390" lon="7.3925700">
    <ele>2360.0</ele>
   </trkpt>
   <trkpt lat="46.0854280" lon="7.3925620">
    <ele>2360.0</ele>
   </trkpt>
   <trkpt lat="46.0854180" lon="7.3925540">
    <ele>2360.0</ele>
   </trkpt>
   <trkpt lat="46.0854080" lon="7.3925460">
    <ele>2360.0</ele>
   </trkpt>
   <trkpt lat="46.0853870" lon="7.3924870">
    <ele>2360.0</ele>
   </trkpt>
   <trkpt lat="46.0853800" lon="7.3924620">
    <ele>2360.0</ele>
   </trkpt>
   <trkpt lat="46.0853730" lon="7.3924370">
    <ele>2359.0</ele>
   </trkpt>
   <trkpt lat="46.0853650" lon="7.3924130">
    <ele>2359.0</ele>
   </trkpt>
   <trkpt lat="46.0853350" lon="7.3923420">
    <ele>2358.0</ele>
   </trkpt>
   <trkpt lat="46.0853230" lon="7.3923210">
    <ele>2358.0</ele>
   </trkpt>
   <trkpt lat="46.0853110" lon="7.3923010">
    <ele>2357.0</ele>
   </trkpt>
   <trkpt lat="46.0852990" lon="7.3922800">
    <ele>2357.0</ele>
   </trkpt>
   <trkpt lat="46.0852620" lon="7.3922270">
    <ele>2357.0</ele>
   </trkpt>
   <trkpt lat="46.0852410" lon="7.3922030">
    <ele>2357.0</ele>
   </trkpt>
   <trkpt lat="46.0852200" lon="7.3921780">
    <ele>2356.0</ele>
   </trkpt>
   <trkpt lat="46.0851990" lon="7.3921540">
    <ele>2356.0</ele>
   </trkpt>
   <trkpt lat="46.0851780" lon="7.3921290">
    <ele>2355.0</ele>
   </trkpt>
   <trkpt lat="46.0851630" lon="7.3921090">
    <ele>2355.0</ele>
   </trkpt>
   <trkpt lat="46.0851480" lon="7.3920900">
    <ele>2354.0</ele>
   </trkpt>
   <trkpt lat="46.0851340" lon="7.3920700">
    <ele>2354.0</ele>
   </trkpt>
   <trkpt lat="46.0850930" lon="7.3920090">
    <ele>2354.0</ele>
   </trkpt>
   <trkpt lat="46.0850800" lon="7.3919900">
    <ele>2354.0</ele>
   </trkpt>
   <trkpt lat="46.0850660" lon="7.3919710">
    <ele>2353.0</ele>
   </trkpt>
   <trkpt lat="46.0850530" lon="7.3919520">
    <ele>2353.0</ele>
   </trkpt>
   <trkpt lat="46.0850150" lon="7.3918940">
    <ele>2352.0</ele>
   </trkpt>
   <trkpt lat="46.0850030" lon="7.3918730">
    <ele>2352.0</ele>
   </trkpt>
   <trkpt lat="46.0849910" lon="7.3918520">
    <ele>2351.0</ele>
   </trkpt>
   <trkpt lat="46.0849800" lon="7.3918310">
    <ele>2351.0</ele>
   </trkpt>
   <trkpt lat="46.0849400" lon="7.3917660">
    <ele>2350.0</ele>
   </trkpt>
   <trkpt lat="46.0849270" lon="7.3917450">
    <ele>2350.0</ele>
   </trkpt>
   <trkpt lat="46.0849140" lon="7.3917240">
    <ele>2349.0</ele>
   </trkpt>
   <trkpt lat="46.0849020" lon="7.3917030">
    <ele>2349.0</ele>
   </trkpt>
   <trkpt lat="46.0848730" lon="7.3916570">
    <ele>2348.0</ele>
   </trkpt>
   <trkpt lat="46.0848680" lon="7.3916560">
    <ele>2348.0</ele>
   </trkpt>
   <trkpt lat="46.0848640" lon="7.3916560">
    <ele>2347.0</ele>
   </trkpt>
   <trkpt lat="46.0848590" lon="7.3916560">
    <ele>2347.0</ele>
   </trkpt>
   <trkpt lat="46.0848640" lon="7.3916900">
    <ele>2347.0</ele>
   </trkpt>
   <trkpt lat="46.0848680" lon="7.3917050">
    <ele>2347.0</ele>
   </trkpt>
   <trkpt lat="46.0848720" lon="7.3917210">
    <ele>2346.0</ele>
   </trkpt>
   <trkpt lat="46.0848770" lon="7.3917360">
    <ele>2346.0</ele>
   </trkpt>
   <trkpt lat="46.0848800" lon="7.3917900">
    <ele>2345.0</ele>
   </trkpt>
   <trkpt lat="46.0848790" lon="7.3918070">
    <ele>2345.0</ele>
   </trkpt>
   <trkpt lat="46.0848770" lon="7.3918250">
    <ele>2344.0</ele>
   </trkpt>
   <trkpt lat="46.0848760" lon="7.3918420">
    <ele>2344.0</ele>
   </trkpt>
   <trkpt lat="46.0848570" lon="7.3918590">
    <ele>2343.0</ele>
   </trkpt>
   <trkpt lat="46.0848540" lon="7.3918560">
    <ele>2343.0</ele>
   </trkpt>
   <trkpt lat="46.0848250" lon="7.3918270">
    <ele>2342.0</ele>
   </trkpt>
   <trkpt lat="46.0847950" lon="7.3917990">
    <ele>2342.0</ele>
   </trkpt>
   <trkpt lat="46.0847790" lon="7.3917830">
    <ele>2341.0</ele>
   </trkpt>
   <trkpt lat="46.0847680" lon="7.3917760">
    <ele>2341.0</ele>
   </trkpt>
   <trkpt lat="46.0847580" lon="7.3917690">
    <ele>2340.0</ele>
   </trkpt>
   <trkpt lat="46.0847470" lon="7.3917620">
    <ele>2340.0</ele>
   </trkpt>
   <trkpt lat="46.0847460" lon="7.3917910">
    <ele>2339.0</ele>
   </trkpt>
   <trkpt lat="46.0847530" lon="7.3918130">
    <ele>2339.0</ele>
   </trkpt>
   <trkpt lat="46.0847590" lon="7.3918360">
    <ele>2338.0</ele>
   </trkpt>
   <trkpt lat="46.0847660" lon="7.3918580">
    <ele>2338.0</ele>
   </trkpt>
   <trkpt lat="46.0847830" lon="7.3919260">
    <ele>2337.0</ele>
   </trkpt>
   <trkpt lat="46.0847810" lon="7.3919350">
    <ele>2337.0</ele>
   </trkpt>
   <trkpt lat="46.0847790" lon="7.3919450">
    <ele>2336.0</ele>
   </trkpt>
   <trkpt lat="46.0847770" lon="7.3919540">
    <ele>2336.0</ele>
   </trkpt>
   <trkpt lat="46.0847660" lon="7.3919820">
    <ele>2335.0</ele>
   </trkpt>
   <trkpt lat="46.0847660" lon="7.3920000">
    <ele>2335.0</ele>
   </trkpt>
   <trkpt lat="46.0847660" lon="7.3920170">
    <ele>2334.0</ele>
   </trkpt>
   <trkpt lat="46.0847650" lon="7.3920340">
    <ele>2333.0</ele>
   </trkpt>
   <trkpt lat="46.0847760" lon="7.3920980">
    <ele>2332.0</ele>
   </trkpt>
   <trkpt lat="46.0847770" lon="7.3921160">
    <ele>2332.0</ele>
   </trkpt>
   <trkpt lat="46.0847790" lon="7.3921340">
    <ele>2331.0</ele>
   </trkpt>
   <trkpt lat="46.0847810" lon="7.3921520">
    <ele>2331.0</ele>
   </trkpt>
   <trkpt lat="46.0847670" lon="7.3921520">
    <ele>2330.0</ele>
   </trkpt>
   <trkpt lat="46.0847560" lon="7.3921380">
    <ele>2330.0</ele>
   </trkpt>
   <trkpt lat="46.0847460" lon="7.3921250">
    <ele>2329.0</ele>
   </trkpt>
   <trkpt lat="46.0847360" lon="7.3921110">
    <ele>2329.0</ele>
   </trkpt>
   <trkpt lat="46.0847020" lon="7.3920700">
    <ele>2328.0</ele>
   </trkpt>
   <trkpt lat="46.0846940" lon="7.3920700">
    <ele>2328.0</ele>
   </trkpt>
   <trkpt lat="46.0846850" lon="7.3920690">
    <ele>2327.0</ele>
   </trkpt>
   <trkpt lat="46.0846770" lon="7.3920690">
    <ele>2327.0</ele>
   </trkpt>
   <trkpt lat="46.0846570" lon="7.3920970">
    <ele>2326.0</ele>
   </trkpt>
   <trkpt lat="46.0846550" lon="7.3921140">
    <ele>2326.0</ele>
   </trkpt>
   <trkpt lat="46.0846530" lon="7.3921310">
    <ele>2325.0</ele>
   </trkpt>
   <trkpt lat="46.0846510" lon="7.3921480">
    <ele>2325.0</ele>
   </trkpt>
   <trkpt lat="46.0846490" lon="7.3922030">
    <ele>2324.0</ele>
   </trkpt>
   <trkpt lat="46.0846440" lon="7.3922150">
    <ele>2324.0</ele>
   </trkpt>
   <trkpt lat="46.0846380" lon="7.3922280">
    <ele>2323.0</ele>
   </trkpt>
   <trkpt lat="46.0846330" lon="7.3922400">
    <ele>2322.0</ele>
   </trkpt>
   <trkpt lat="46.0846060" lon="7.3922640">
    <ele>2321.0</ele>
   </trkpt>
   <trkpt lat="46.0845950" lon="7.3922700">
    <ele>2321.0</ele>
   </trkpt>
   <trkpt lat="46.0845850" lon="7.3922750">
    <ele>2320.0</ele>
   </trkpt>
   <trkpt lat="46.0845740" lon="7.3922810">
    <ele>2319.0</ele>
   </trkpt>
   <trkpt lat="46.0845380" lon="7.3923010">
    <ele>2318.0</ele>
   </trkpt>
   <trkpt lat="46.0845160" lon="7.3923080">
    <ele>2318.0</ele>
   </trkpt>
   <trkpt lat="46.0844940" lon="7.3923150">
    <ele>2317.0</ele>
   </trkpt>
   <trkpt lat="46.0844720" lon="7.3923210">
    <ele>2316.0</ele>
   </trkpt>
   <trkpt lat="46.0844410" lon="7.3923310">
    <ele>2315.0</ele>
   </trkpt>
   <trkpt lat="46.0844230" lon="7.3923420">
    <ele>2315.0</ele>
   </trkpt>
   <trkpt lat="46.0844060" lon="7.3923520">
    <ele>2314.0</ele>
   </trkpt>
   <trkpt lat="46.0843890" lon="7.3923630">
    <ele>2314.0</ele>
   </trkpt>
   <trkpt lat="46.0843380" lon="7.3924090">
    <ele>2314.0</ele>
   </trkpt>
   <trkpt lat="46.0843240" lon="7.3924300">
    <ele>2314.0</ele>
   </trkpt>
   <trkpt lat="46.0843100" lon="7.3924510">
    <ele>2313.0</ele>
   </trkpt>
   <trkpt lat="46.0842950" lon="7.3924730">
    <ele>2313.0</ele>
   </trkpt>
   <trkpt lat="46.0842670" lon="7.3925580">
    <ele>2313.0</ele>
   </trkpt>
   <trkpt lat="46.0842650" lon="7.3925880">
    <ele>2313.0</ele>
   </trkpt>
   <trkpt lat="46.0842620" lon="7.3926180">
    <ele>2312.0</ele>
   </trkpt>
   <trkpt lat="46.0842600" lon="7.3926490">
    <ele>2312.0</ele>
   </trkpt>
   <trkpt lat="46.0842650" lon="7.3927330">
    <ele>2312.0</ele>
   </trkpt>
   <trkpt lat="46.0842660" lon="7.3927600">
    <ele>2312.0</ele>
   </trkpt>
   <trkpt lat="46.0842660" lon="7.3927870">
    <ele>2312.0</ele>
   </trkpt>
   <trkpt lat="46.0842670" lon="7.3928150">
    <ele>2312.0</ele>
   </trkpt>
   <trkpt lat="46.0842670" lon="7.3928950">
    <ele>2312.0</ele>
   </trkpt>
   <trkpt lat="46.0842670" lon="7.3929200">
    <ele>2312.0</ele>
   </trkpt>
   <trkpt lat="46.0842680" lon="7.3929460">
    <ele>2312.0</ele>
   </trkpt>
   <trkpt lat="46.0842690" lon="7.3929710">
    <ele>2312.0</ele>
   </trkpt>
   <trkpt lat="46.0842700" lon="7.3930460">
    <ele>2312.0</ele>
   </trkpt>
   <trkpt lat="46.0842700" lon="7.3930700">
    <ele>2312.0</ele>
   </trkpt>
   <trkpt lat="46.0842690" lon="7.3930940">
    <ele>2312.0</ele>
   </trkpt>
   <trkpt lat="46.0842690" lon="7.3931180">
    <ele>2312.0</ele>
   </trkpt>
   <trkpt lat="46.0842790" lon="7.3931870">
    <ele>2312.0</ele>
   </trkpt>
   <trkpt lat="46.0842890" lon="7.3932140">
    <ele>2312.0</ele>
   </trkpt>
   <trkpt lat="46.0843020" lon="7.3932530">
    <ele>2312.0</ele>
   </trkpt>
   <trkpt lat="46.0843150" lon="7.3932910">
    <ele>2312.0</ele>
   </trkpt>
   <trkpt lat="46.0843270" lon="7.3933240">
    <ele>2312.0</ele>
   </trkpt>
   <trkpt lat="46.0843370" lon="7.3933460">
    <ele>2312.0</ele>
   </trkpt>
   <trkpt lat="46.0843480" lon="7.3933680">
    <ele>2312.0</ele>
   </trkpt>
   <trkpt lat="46.0843580" lon="7.3933900">
    <ele>2312.0</ele>
   </trkpt>
   <trkpt lat="46.0843910" lon="7.3934530">
    <ele>2312.0</ele>
   </trkpt>
   <trkpt lat="46.0843980" lon="7.3934720">
    <ele>2313.0</ele>
   </trkpt>
   <trkpt lat="46.0844060" lon="7.3934910">
    <ele>2313.0</ele>
   </trkpt>
   <trkpt lat="46.0844130" lon="7.3935110">
    <ele>2313.0</ele>
   </trkpt>
   <trkpt lat="46.0844310" lon="7.3935680">
    <ele>2313.0</ele>
   </trkpt>
   <trkpt lat="46.0844370" lon="7.3935870">
    <ele>2313.0</ele>
   </trkpt>
   <trkpt lat="46.0844440" lon="7.3936050">
    <ele>2313.0</ele>
   </trkpt>
   <trkpt lat="46.0844500" lon="7.3936230">
    <ele>2313.0</ele>
   </trkpt>
   <trkpt lat="46.0844770" lon="7.3936730">
    <ele>2313.0</ele>
   </trkpt>
   <trkpt lat="46.0844840" lon="7.3936890">
    <ele>2314.0</ele>
   </trkpt>
   <trkpt lat="46.0844910" lon="7.3937040">
    <ele>2314.0</ele>
   </trkpt>
   <trkpt lat="46.0844980" lon="7.3937190">
    <ele>2314.0</ele>
   </trkpt>
   <trkpt lat="46.0845120" lon="7.3937560">
    <ele>2314.0</ele>
   </trkpt>
   <trkpt lat="46.0845170" lon="7.3937660">
    <ele>2314.0</ele>
   </trkpt>
   <trkpt lat="46.0845210" lon="7.3937760">
    <ele>2314.0</ele>
   </trkpt>
   <trkpt lat="46.0845250" lon="7.3937860">
    <ele>2314.0</ele>
   </trkpt>
   <trkpt lat="46.0845400" lon="7.3938080">
    <ele>2314.0</ele>
   </trkpt>
   <trkpt lat="46.0845460" lon="7.3938150">
    <ele>2314.0</ele>
   </trkpt>
   <trkpt lat="46.0845510" lon="7.3938210">
    <ele>2314.0</ele>
   </trkpt>
   <trkpt lat="46.0845570" lon="7.3938280">
    <ele>2314.0</ele>
   </trkpt>
   <trkpt lat="46.0845710" lon="7.3938480">
    <ele>2314.0</ele>
   </trkpt>
   <trkpt lat="46.0845730" lon="7.3938570">
    <ele>2315.0</ele>
   </trkpt>
   <trkpt lat="46.0845750" lon="7.3938660">
    <ele>2315.0</ele>
   </trkpt>
   <trkpt lat="46.0845780" lon="7.3938750">
    <ele>2315.0</ele>
   </trkpt>
   <trkpt lat="46.0845810" lon="7.3939050">
    <ele>2315.0</ele>
   </trkpt>
   <trkpt lat="46.0845830" lon="7.3939160">
    <ele>2315.0</ele>
   </trkpt>
   <trkpt lat="46.0845840" lon="7.3939270">
    <ele>2315.0</ele>
   </trkpt>
   <trkpt lat="46.0845850" lon="7.3939370">
    <ele>2315.0</ele>
   </trkpt>
   <trkpt lat="46.0845880" lon="7.3939640">
    <ele>2315.0</ele>
   </trkpt>
   <trkpt lat="46.0845880" lon="7.3939710">
    <ele>2316.0</ele>
   </trkpt>
   <trkpt lat="46.0845870" lon="7.3939790">
    <ele>2316.0</ele>
   </trkpt>
   <trkpt lat="46.0845870" lon="7.3939860">
    <ele>2316.0</ele>
   </trkpt>
   <trkpt lat="46.0845830" lon="7.3940100">
    <ele>2316.0</ele>
   </trkpt>
   <trkpt lat="46.0845810" lon="7.3940180">
    <ele>2317.0</ele>
   </trkpt>
   <trkpt lat="46.0845800" lon="7.3940270">
    <ele>2317.0</ele>
   </trkpt>
   <trkpt lat="46.0845790" lon="7.3940360">
    <ele>2317.0</ele>
   </trkpt>
   <trkpt lat="46.0845760" lon="7.3940440">
    <ele>2317.0</ele>
   </trkpt>
   <trkpt lat="46.0845740" lon="7.3940520">
    <ele>2318.0</ele>
   </trkpt>
   <trkpt lat="46.0845710" lon="7.3940600">
    <ele>2318.0</ele>
   </trkpt>
   <trkpt lat="46.0845620" lon="7.3940750">
    <ele>2318.0</ele>
   </trkpt>
   <trkpt lat="46.0845580" lon="7.3940780">
    <ele>2318.0</ele>
   </trkpt>
   <trkpt lat="46.0845540" lon="7.3940800">
    <ele>2319.0</ele>
   </trkpt>
   <trkpt lat="46.0845510" lon="7.3940820">
    <ele>2319.0</ele>
   </trkpt>
   <trkpt lat="46.0845490" lon="7.3940850">
    <ele>2319.0</ele>
   </trkpt>
   <trkpt lat="46.0845480" lon="7.3940880">
    <ele>2319.0</ele>
   </trkpt>
   <trkpt lat="46.0845470" lon="7.3940910">
    <ele>2320.0</ele>
   </trkpt>
   <trkpt lat="46.0845460" lon="7.3940940">
    <ele>2320.0</ele>
   </trkpt>
   <trkpt lat="46.0845450" lon="7.3940970">
    <ele>2320.0</ele>
   </trkpt>
   <trkpt lat="46.0845430" lon="7.3941150">
    <ele>2320.0</ele>
   </trkpt>
   <trkpt lat="46.0845400" lon="7.3941190">
    <ele>2321.0</ele>
   </trkpt>
   <trkpt lat="46.0845380" lon="7.3941230">
    <ele>2321.0</ele>
   </trkpt>
   <trkpt lat="46.0845350" lon="7.3941270">
    <ele>2321.0</ele>
   </trkpt>
   <trkpt lat="46.0845230" lon="7.3941340">
    <ele>2321.0</ele>
   </trkpt>
   <trkpt lat="46.0845190" lon="7.3941370">
    <ele>2322.0</ele>
   </trkpt>
   <trkpt lat="46.0845150" lon="7.3941400">
    <ele>2322.0</ele>
   </trkpt>
   <trkpt lat="46.0845110" lon="7.3941440">
    <ele>2322.0</ele>
   </trkpt>
   <trkpt lat="46.0845070" lon="7.3941550">
    <ele>2322.0</ele>
   </trkpt>
   <trkpt lat="46.0845050" lon="7.3941610">
    <ele>2322.0</ele>
   </trkpt>
   <trkpt lat="46.0845040" lon="7.3941680">
    <ele>2322.0</ele>
   </trkpt>
   <trkpt lat="46.0845020" lon="7.3941750">
    <ele>2322.0</ele>
   </trkpt>
   <trkpt lat="46.0845070" lon="7.3941920">
    <ele>2322.0</ele>
   </trkpt>
   <trkpt lat="46.0845100" lon="7.3941960">
    <ele>2323.0</ele>
   </trkpt>
   <trkpt lat="46.0845130" lon="7.3942000">
    <ele>2323.0</ele>
   </trkpt>
   <trkpt lat="46.0845170" lon="7.3942040">
    <ele>2323.0</ele>
   </trkpt>
   <trkpt lat="46.0845260" lon="7.3942180">
    <ele>2323.0</ele>
   </trkpt>
   <trkpt lat="46.0845280" lon="7.3942220">
    <ele>2324.0</ele>
   </trkpt>
   <trkpt lat="46.0845310" lon="7.3942270">
    <ele>2324.0</ele>
   </trkpt>
   <trkpt lat="46.0845330" lon="7.3942320">
    <ele>2324.0</ele>
   </trkpt>
   <trkpt lat="46.0845410" lon="7.3942470">
    <ele>2324.0</ele>
   </trkpt>
   <trkpt lat="46.0845440" lon="7.3942520">
    <ele>2325.0</ele>
   </trkpt>
   <trkpt lat="46.0845470" lon="7.3942570">
    <ele>2325.0</ele>
   </trkpt>
   <trkpt lat="46.0845490" lon="7.3942620">
    <ele>2325.0</ele>
   </trkpt>
   <trkpt lat="46.0845510" lon="7.3942660">
    <ele>2325.0</ele>
   </trkpt>
   <trkpt lat="46.0845530" lon="7.3942700">
    <ele>2326.0</ele>
   </trkpt>
   <trkpt lat="46.0845550" lon="7.3942730">
    <ele>2326.0</ele>
   </trkpt>
   <trkpt lat="46.0845560" lon="7.3942770">
    <ele>2326.0</ele>
   </trkpt>
   <trkpt lat="46.0845580" lon="7.3942810">
    <ele>2326.0</ele>
   </trkpt>
   <trkpt lat="46.0845650" lon="7.3943000">
    <ele>2327.0</ele>
   </trkpt>
   <trkpt lat="46.0845680" lon="7.3943060">
    <ele>2327.0</ele>
   </trkpt>
   <trkpt lat="46.0845700" lon="7.3943120">
    <ele>2327.0</ele>
   </trkpt>
   <trkpt lat="46.0845730" lon="7.3943170">
    <ele>2327.0</ele>
   </trkpt>
   <trkpt lat="46.0845820" lon="7.3943350">
    <ele>2328.0</ele>
   </trkpt>
   <trkpt lat="46.0845840" lon="7.3943420">
    <ele>2328.0</ele>
   </trkpt>
   <trkpt lat="46.0845860" lon="7.3943490">
    <ele>2328.0</ele>
   </trkpt>
   <trkpt lat="46.0845880" lon="7.3943560">
    <ele>2328.0</ele>
   </trkpt>
   <trkpt lat="46.0845870" lon="7.3943750">
    <ele>2328.0</ele>
   </trkpt>
   <trkpt lat="46.0845830" lon="7.3943780">
    <ele>2328.0</ele>
   </trkpt>
   <trkpt lat="46.0845790" lon="7.3943800">
    <ele>2328.0</ele>
   </trkpt>
   <trkpt lat="46.0845760" lon="7.3943830">
    <ele>2328.0</ele>
   </trkpt>
   <trkpt lat="46.0845610" lon="7.3943810">
    <ele>2329.0</ele>
   </trkpt>
   <trkpt lat="46.0845550" lon="7.3943800">
    <ele>2329.0</ele>
   </trkpt>
   <trkpt lat="46.0845500" lon="7.3943790">
    <ele>2329.0</ele>
   </trkpt>
   <trkpt lat="46.0845440" lon="7.3943780">
    <ele>2329.0</ele>
   </trkpt>
   <trkpt lat="46.0845280" lon="7.3943790">
    <ele>2330.0</ele>
   </trkpt>
   <trkpt lat="46.0845230" lon="7.3943810">
    <ele>2330.0</ele>
   </trkpt>
   <trkpt lat="46.0845180" lon="7.3943840">
    <ele>2330.0</ele>
   </trkpt>
   <trkpt lat="46.0845140" lon="7.3943860">
    <ele>2330.0</ele>
   </trkpt>
   <trkpt lat="46.0845060" lon="7.3943990">
    <ele>2330.0</ele>
   </trkpt>
   <trkpt lat="46.0845060" lon="7.3944050">
    <ele>2330.0</ele>
   </trkpt>
   <trkpt lat="46.0845050" lon="7.3944110">
    <ele>2330.0</ele>
   </trkpt>
   <trkpt lat="46.0845050" lon="7.3944170">
    <ele>2330.0</ele>
   </trkpt>
   <trkpt lat="46.0845110" lon="7.3944370">
    <ele>2331.0</ele>
   </trkpt>
   <trkpt lat="46.0845140" lon="7.3944440">
    <ele>2331.0</ele>
   </trkpt>
   <trkpt lat="46.0845180" lon="7.3944510">
    <ele>2331.0</ele>
   </trkpt>
   <trkpt lat="46.0845210" lon="7.3944580">
    <ele>2331.0</ele>
   </trkpt>
   <trkpt lat="46.0845220" lon="7.3944650">
    <ele>2332.0</ele>
   </trkpt>
   <trkpt lat="46.0845240" lon="7.3944730">
    <ele>2332.0</ele>
   </trkpt>
   <trkpt lat="46.0845250" lon="7.3944800">
    <ele>2332.0</ele>
   </trkpt>
   <trkpt lat="46.0845250" lon="7.3945020">
    <ele>2332.0</ele>
   </trkpt>
   <trkpt lat="46.0845260" lon="7.3945100">
    <ele>2333.0</ele>
   </trkpt>
   <trkpt lat="46.0845270" lon="7.3945180">
    <ele>2333.0</ele>
   </trkpt>
   <trkpt lat="46.0845290" lon="7.3945260">
    <ele>2333.0</ele>
   </trkpt>
   <trkpt lat="46.0845340" lon="7.3945460">
    <ele>2333.0</ele>
   </trkpt>
   <trkpt lat="46.0845350" lon="7.3945530">
    <ele>2334.0</ele>
   </trkpt>
   <trkpt lat="46.0845360" lon="7.3945590">
    <ele>2334.0</ele>
   </trkpt>
   <trkpt lat="46.0845370" lon="7.3945650">
    <ele>2335.0</ele>
   </trkpt>
   <trkpt lat="46.0845400" lon="7.3945710">
    <ele>2335.0</ele>
   </trkpt>
   <trkpt lat="46.0845420" lon="7.3945770">
    <ele>2336.0</ele>
   </trkpt>
   <trkpt lat="46.0845440" lon="7.3945830">
    <ele>2336.0</ele>
   </trkpt>
   <trkpt lat="46.0845530" lon="7.3945980">
    <ele>2336.0</ele>
   </trkpt>
   <trkpt lat="46.0845560" lon="7.3946030">
    <ele>2336.0</ele>
   </trkpt>
   <trkpt lat="46.0845580" lon="7.3946080">
    <ele>2337.0</ele>
   </trkpt>
   <trkpt lat="46.0845610" lon="7.3946140">
    <ele>2337.0</ele>
   </trkpt>
   <trkpt lat="46.0845690" lon="7.3946340">
    <ele>2337.0</ele>
   </trkpt>
   <trkpt lat="46.0845710" lon="7.3946420">
    <ele>2337.0</ele>
   </trkpt>
   <trkpt lat="46.0845730" lon="7.3946500">
    <ele>2338.0</ele>
   </trkpt>
   <trkpt lat="46.0845750" lon="7.3946590">
    <ele>2338.0</ele>
   </trkpt>
   <trkpt lat="46.0845730" lon="7.3946830">
    <ele>2338.0</ele>
   </trkpt>
   <trkpt lat="46.0845710" lon="7.3946900">
    <ele>2338.0</ele>
   </trkpt>
   <trkpt lat="46.0845690" lon="7.3946970">
    <ele>2338.0</ele>
   </trkpt>
   <trkpt lat="46.0845670" lon="7.3947040">
    <ele>2338.0</ele>
   </trkpt>
   <trkpt lat="46.0845620" lon="7.3947240">
    <ele>2338.0</ele>
   </trkpt>
   <trkpt lat="46.0845620" lon="7.3947310">
    <ele>2338.0</ele>
   </trkpt>
   <trkpt lat="46.0845610" lon="7.3947370">
    <ele>2339.0</ele>
   </trkpt>
   <trkpt lat="46.0845600" lon="7.3947440">
    <ele>2339.0</ele>
   </trkpt>
   <trkpt lat="46.0845580" lon="7.3947670">
    <ele>2340.0</ele>
   </trkpt>
   <trkpt lat="46.0845570" lon="7.3947740">
    <ele>2340.0</ele>
   </trkpt>
   <trkpt lat="46.0845560" lon="7.3947810">
    <ele>2341.0</ele>
   </trkpt>
   <trkpt lat="46.0845550" lon="7.3947880">
    <ele>2341.0</ele>
   </trkpt>
   <trkpt lat="46.0845550" lon="7.3948080">
    <ele>2341.0</ele>
   </trkpt>
   <trkpt lat="46.0845550" lon="7.3948140">
    <ele>2341.0</ele>
   </trkpt>
   <trkpt lat="46.0845550" lon="7.3948210">
    <ele>2342.0</ele>
   </trkpt>
   <trkpt lat="46.0845540" lon="7.3948270">
    <ele>2342.0</ele>
   </trkpt>
   <trkpt lat="46.0845520" lon="7.3948470">
    <ele>2342.0</ele>
   </trkpt>
   <trkpt lat="46.0845510" lon="7.3948540">
    <ele>2342.0</ele>
   </trkpt>
   <trkpt lat="46.0845490" lon="7.3948610">
    <ele>2343.0</ele>
   </trkpt>
   <trkpt lat="46.0845480" lon="7.3948670">
    <ele>2343.0</ele>
   </trkpt>
   <trkpt lat="46.0845450" lon="7.3948880">
    <ele>2343.0</ele>
   </trkpt>
   <trkpt lat="46.0845450" lon="7.3948960">
    <ele>2343.0</ele>
   </trkpt>
   <trkpt lat="46.0845460" lon="7.3949040">
    <ele>2344.0</ele>
   </trkpt>
   <trkpt lat="46.0845460" lon="7.3949110">
    <ele>2344.0</ele>
   </trkpt>
   <trkpt lat="46.0845440" lon="7.3949340">
    <ele>2344.0</ele>
   </trkpt>
   <trkpt lat="46.0845420" lon="7.3949410">
    <ele>2344.0</ele>
   </trkpt>
   <trkpt lat="46.0845390" lon="7.3949480">
    <ele>2345.0</ele>
   </trkpt>
   <trkpt lat="46.0845370" lon="7.3949550">
    <ele>2345.0</ele>
   </trkpt>
   <trkpt lat="46.0845270" lon="7.3949750">
    <ele>2345.0</ele>
   </trkpt>
   <trkpt lat="46.0845230" lon="7.3949810">
    <ele>2345.0</ele>
   </trkpt>
   <trkpt lat="46.0845200" lon="7.3949860">
    <ele>2346.0</ele>
   </trkpt>
   <trkpt lat="46.0845160" lon="7.3949920">
    <ele>2346.0</ele>
   </trkpt>
   <trkpt lat="46.0845040" lon="7.3950090">
    <ele>2346.0</ele>
   </trkpt>
   <trkpt lat="46.0845000" lon="7.3950180">
    <ele>2346.0</ele>
   </trkpt>
   <trkpt lat="46.0844950" lon="7.3950260">
    <ele>2347.0</ele>
   </trkpt>
   <trkpt lat="46.0844910" lon="7.3950350">
    <ele>2347.0</ele>
   </trkpt>
   <trkpt lat="46.0844760" lon="7.3950610">
    <ele>2347.0</ele>
   </trkpt>
   <trkpt lat="46.0844720" lon="7.3950670">
    <ele>2347.0</ele>
   </trkpt>
   <trkpt lat="46.0844680" lon="7.3950720">
    <ele>2348.0</ele>
   </trkpt>
   <trkpt lat="46.0844640" lon="7.3950780">
    <ele>2348.0</ele>
   </trkpt>
   <trkpt lat="46.0844600" lon="7.3950830">
    <ele>2348.0</ele>
   </trkpt>
   <trkpt lat="46.0844460" lon="7.3950980">
    <ele>2348.0</ele>
   </trkpt>
   <trkpt lat="46.0844410" lon="7.3951010">
    <ele>2348.0</ele>
   </trkpt>
   <trkpt lat="46.0844370" lon="7.3951040">
    <ele>2348.0</ele>
   </trkpt>
   <trkpt lat="46.0844320" lon="7.3951080">
    <ele>2348.0</ele>
   </trkpt>
   <trkpt lat="46.0844170" lon="7.3951180">
    <ele>2348.0</ele>
   </trkpt>
   <trkpt lat="46.0844120" lon="7.3951240">
    <ele>2349.0</ele>
   </trkpt>
   <trkpt lat="46.0844070" lon="7.3951300">
    <ele>2349.0</ele>
   </trkpt>
   <trkpt lat="46.0844020" lon="7.3951350">
    <ele>2349.0</ele>
   </trkpt>
   <trkpt lat="46.0843870" lon="7.3951580">
    <ele>2349.0</ele>
   </trkpt>
   <trkpt lat="46.0843820" lon="7.3951660">
    <ele>2350.0</ele>
   </trkpt>
   <trkpt lat="46.0843770" lon="7.3951740">
    <ele>2350.0</ele>
   </trkpt>
   <trkpt lat="46.0843720" lon="7.3951810">
    <ele>2350.0</ele>
   </trkpt>
   <trkpt lat="46.0843550" lon="7.3952030">
    <ele>2350.0</ele>
   </trkpt>
   <trkpt lat="46.0843490" lon="7.3952100">
    <ele>2351.0</ele>
   </trkpt>
   <trkpt lat="46.0843430" lon="7.3952170">
    <ele>2351.0</ele>
   </trkpt>
   <trkpt lat="46.0843370" lon="7.3952240">
    <ele>2351.0</ele>
   </trkpt>
   <trkpt lat="46.0843170" lon="7.3952440">
    <ele>2351.0</ele>
   </trkpt>
   <trkpt lat="46.0843100" lon="7.3952500">
    <ele>2351.0</ele>
   </trkpt>
   <trkpt lat="46.0843030" lon="7.3952550">
    <ele>2351.0</ele>
   </trkpt>
   <trkpt lat="46.0842970" lon="7.3952610">
    <ele>2351.0</ele>
   </trkpt>
   <trkpt lat="46.0842790" lon="7.3952760">
    <ele>2351.0</ele>
   </trkpt>
   <trkpt lat="46.0842750" lon="7.3952830">
    <ele>2351.0</ele>
   </trkpt>
   <trkpt lat="46.0842710" lon="7.3952890">
    <ele>2351.0</ele>
   </trkpt>
   <trkpt lat="46.0842670" lon="7.3952950">
    <ele>2351.0</ele>
   </trkpt>
   <trkpt lat="46.0842630" lon="7.3953220">
    <ele>2351.0</ele>
   </trkpt>
   <trkpt lat="46.0842620" lon="7.3953320">
    <ele>2352.0</ele>
   </trkpt>
   <trkpt lat="46.0842610" lon="7.3953420">
    <ele>2352.0</ele>
   </trkpt>
   <trkpt lat="46.0842600" lon="7.3953510">
    <ele>2352.0</ele>
   </trkpt>
   <trkpt lat="46.0842570" lon="7.3953800">
    <ele>2352.0</ele>
   </trkpt>
   <trkpt lat="46.0842550" lon="7.3953880">
    <ele>2353.0</ele>
   </trkpt>
   <trkpt lat="46.0842530" lon="7.3953960">
    <ele>2353.0</ele>
   </trkpt>
   <trkpt lat="46.0842520" lon="7.3954050">
    <ele>2353.0</ele>
   </trkpt>
   <trkpt lat="46.0842440" lon="7.3954300">
    <ele>2353.0</ele>
   </trkpt>
   <trkpt lat="46.0842410" lon="7.3954380">
    <ele>2354.0</ele>
   </trkpt>
   <trkpt lat="46.0842380" lon="7.3954470">
    <ele>2354.0</ele>
   </trkpt>
   <trkpt lat="46.0842350" lon="7.3954560">
    <ele>2354.0</ele>
   </trkpt>
   <trkpt lat="46.0842280" lon="7.3954800">
    <ele>2354.0</ele>
   </trkpt>
   <trkpt lat="46.0842270" lon="7.3954880">
    <ele>2355.0</ele>
   </trkpt>
   <trkpt lat="46.0842250" lon="7.3954960">
    <ele>2355.0</ele>
   </trkpt>
   <trkpt lat="46.0842230" lon="7.3955040">
    <ele>2355.0</ele>
   </trkpt>
   <trkpt lat="46.0842200" lon="7.3955280">
    <ele>2355.0</ele>
   </trkpt>
   <trkpt lat="46.0842200" lon="7.3955360">
    <ele>2356.0</ele>
   </trkpt>
   <trkpt lat="46.0842200" lon="7.3955450">
    <ele>2356.0</ele>
   </trkpt>
   <trkpt lat="46.0842200" lon="7.3955530">
    <ele>2356.0</ele>
   </trkpt>
   <trkpt lat="46.0842180" lon="7.3955800">
    <ele>2356.0</ele>
   </trkpt>
   <trkpt lat="46.0842160" lon="7.3955900">
    <ele>2357.0</ele>
   </trkpt>
   <trkpt lat="46.0842140" lon="7.3956000">
    <ele>2357.0</ele>
   </trkpt>
   <trkpt lat="46.0842120" lon="7.3956100">
    <ele>2357.0</ele>
   </trkpt>
   <trkpt lat="46.0842050" lon="7.3956390">
    <ele>2357.0</ele>
   </trkpt>
   <trkpt lat="46.0842040" lon="7.3956490">
    <ele>2358.0</ele>
   </trkpt>
   <trkpt lat="46.0842020" lon="7.3956590">
    <ele>2358.0</ele>
   </trkpt>
   <trkpt lat="46.0842000" lon="7.3956700">
    <ele>2358.0</ele>
   </trkpt>
   <trkpt lat="46.0841970" lon="7.3956980">
    <ele>2358.0</ele>
   </trkpt>
   <trkpt lat="46.0841960" lon="7.3957070">
    <ele>2359.0</ele>
   </trkpt>
   <trkpt lat="46.0841960" lon="7.3957160">
    <ele>2359.0</ele>
   </trkpt>
   <trkpt lat="46.0841950" lon="7.3957250">
    <ele>2359.0</ele>
   </trkpt>
   <trkpt lat="46.0841940" lon="7.3957480">
    <ele>2359.0</ele>
   </trkpt>
   <trkpt lat="46.0841930" lon="7.3957550">
    <ele>2360.0</ele>
   </trkpt>
   <trkpt lat="46.0841920" lon="7.3957630">
    <ele>2360.0</ele>
   </trkpt>
   <trkpt lat="46.0841900" lon="7.3957700">
    <ele>2360.0</ele>
   </trkpt>
   <trkpt lat="46.0841870" lon="7.3957970">
    <ele>2360.0</ele>
   </trkpt>
   <trkpt lat="46.0841870" lon="7.3958060">
    <ele>2361.0</ele>
   </trkpt>
   <trkpt lat="46.0841870" lon="7.3958160">
    <ele>2361.0</ele>
   </trkpt>
   <trkpt lat="46.0841870" lon="7.3958250">
    <ele>2361.0</ele>
   </trkpt>
   <trkpt lat="46.0841860" lon="7.3958530">
    <ele>2361.0</ele>
   </trkpt>
   <trkpt lat="46.0841840" lon="7.3958620">
    <ele>2362.0</ele>
   </trkpt>
   <trkpt lat="46.0841820" lon="7.3958700">
    <ele>2362.0</ele>
   </trkpt>
   <trkpt lat="46.0841800" lon="7.3958790">
    <ele>2362.0</ele>
   </trkpt>
   <trkpt lat="46.0841680" lon="7.3959080">
    <ele>2362.0</ele>
   </trkpt>
   <trkpt lat="46.0841630" lon="7.3959200">
    <ele>2363.0</ele>
   </trkpt>
   <trkpt lat="46.0841580" lon="7.3959320">
    <ele>2363.0</ele>
   </trkpt>
   <trkpt lat="46.0841530" lon="7.3959430">
    <ele>2363.0</ele>
   </trkpt>
   <trkpt lat="46.0841370" lon="7.3959780">
    <ele>2363.0</ele>
   </trkpt>
   <trkpt lat="46.0841300" lon="7.3959860">
    <ele>2363.0</ele>
   </trkpt>
   <trkpt lat="46.0841240" lon="7.3959940">
    <ele>2363.0</ele>
   </trkpt>
   <trkpt lat="46.0841170" lon="7.3960020">
    <ele>2363.0</ele>
   </trkpt>
   <trkpt lat="46.0840960" lon="7.3960140">
    <ele>2363.0</ele>
   </trkpt>
   <trkpt lat="46.0840880" lon="7.3960140">
    <ele>2363.0</ele>
   </trkpt>
   <trkpt lat="46.0840810" lon="7.3960140">
    <ele>2363.0</ele>
   </trkpt>
   <trkpt lat="46.0840740" lon="7.3960150">
    <ele>2363.0</ele>
   </trkpt>
   <trkpt lat="46.0840520" lon="7.3960120">
    <ele>2363.0</ele>
   </trkpt>
   <trkpt lat="46.0840440" lon="7.3960150">
    <ele>2364.0</ele>
   </trkpt>
   <trkpt lat="46.0840370" lon="7.3960170">
    <ele>2364.0</ele>
   </trkpt>
   <trkpt lat="46.0840290" lon="7.3960200">
    <ele>2364.0</ele>
   </trkpt>
   <trkpt lat="46.0840100" lon="7.3960390">
    <ele>2364.0</ele>
   </trkpt>
   <trkpt lat="46.0840050" lon="7.3960470">
    <ele>2365.0</ele>
   </trkpt>
   <trkpt lat="46.0840000" lon="7.3960560">
    <ele>2365.0</ele>
   </trkpt>
   <trkpt lat="46.0839960" lon="7.3960640">
    <ele>2365.0</ele>
   </trkpt>
   <trkpt lat="46.0839820" lon="7.3960890">
    <ele>2365.0</ele>
   </trkpt>
   <trkpt lat="46.0839780" lon="7.3960960">
    <ele>2365.0</ele>
   </trkpt>
   <trkpt lat="46.0839730" lon="7.3961040">
    <ele>2365.0</ele>
   </trkpt>
   <trkpt lat="46.0839680" lon="7.3961110">
    <ele>2365.0</ele>
   </trkpt>
   <trkpt lat="46.0839550" lon="7.3961350">
    <ele>2365.0</ele>
   </trkpt>
   <trkpt lat="46.0839500" lon="7.3961430">
    <ele>2365.0</ele>
   </trkpt>
   <trkpt lat="46.0839450" lon="7.3961510">
    <ele>2365.0</ele>
   </trkpt>
   <trkpt lat="46.0839390" lon="7.3961580">
    <ele>2365.0</ele>
   </trkpt>
   <trkpt lat="46.0839190" lon="7.3961770">
    <ele>2365.0</ele>
   </trkpt>
   <trkpt lat="46.0839130" lon="7.3961800">
    <ele>2366.0</ele>
   </trkpt>
   <trkpt lat="46.0839080" lon="7.3961830">
    <ele>2366.0</ele>
   </trkpt>
   <trkpt lat="46.0839020" lon="7.3961870">
    <ele>2366.0</ele>
   </trkpt>
   <trkpt lat="46.0838970" lon="7.3961900">
    <ele>2366.0</ele>
   </trkpt>
   <trkpt lat="46.0838780" lon="7.3962010">
    <ele>2366.0</ele>
   </trkpt>
   <trkpt lat="46.0838730" lon="7.3962040">
    <ele>2366.0</ele>
   </trkpt>
   <trkpt lat="46.0838680" lon="7.3962070">
    <ele>2366.0</ele>
   </trkpt>
   <trkpt lat="46.0838630" lon="7.3962100">
    <ele>2366.0</ele>
   </trkpt>
   <trkpt lat="46.0838470" lon="7.3962150">
    <ele>2367.0</ele>
   </trkpt>
   <trkpt lat="46.0838420" lon="7.3962160">
    <ele>2367.0</ele>
   </trkpt>
   <trkpt lat="46.0838360" lon="7.3962170">
    <ele>2367.0</ele>
   </trkpt>
   <trkpt lat="46.0838300" lon="7.3962180">
    <ele>2367.0</ele>
   </trkpt>
   <trkpt lat="46.0838150" lon="7.3962210">
    <ele>2368.0</ele>
   </trkpt>
   <trkpt lat="46.0838110" lon="7.3962240">
    <ele>2368.0</ele>
   </trkpt>
   <trkpt lat="46.0838070" lon="7.3962260">
    <ele>2368.0</ele>
   </trkpt>
   <trkpt lat="46.0838030" lon="7.3962290">
    <ele>2368.0</ele>
   </trkpt>
   <trkpt lat="46.0837910" lon="7.3962350">
    <ele>2369.0</ele>
   </trkpt>
   <trkpt lat="46.0837860" lon="7.3962370">
    <ele>2369.0</ele>
   </trkpt>
   <trkpt lat="46.0837820" lon="7.3962380">
    <ele>2369.0</ele>
   </trkpt>
   <trkpt lat="46.0837770" lon="7.3962400">
    <ele>2369.0</ele>
   </trkpt>
   <trkpt lat="46.0837620" lon="7.3962430">
    <ele>2370.0</ele>
   </trkpt>
   <trkpt lat="46.0837580" lon="7.3962460">
    <ele>2370.0</ele>
   </trkpt>
   <trkpt lat="46.0837530" lon="7.3962490">
    <ele>2370.0</ele>
   </trkpt>
   <trkpt lat="46.0837490" lon="7.3962510">
    <ele>2370.0</ele>
   </trkpt>
   <trkpt lat="46.0837430" lon="7.3962540">
    <ele>2371.0</ele>
   </trkpt>
   <trkpt lat="46.0837380" lon="7.3962570">
    <ele>2371.0</ele>
   </trkpt>
   <trkpt lat="46.0837320" lon="7.3962600">
    <ele>2371.0</ele>
   </trkpt>
   <trkpt lat="46.0837150" lon="7.3962650">
    <ele>2371.0</ele>
   </trkpt>
   <trkpt lat="46.0837100" lon="7.3962660">
    <ele>2372.0</ele>
   </trkpt>
   <trkpt lat="46.0837050" lon="7.3962670">
    <ele>2372.0</ele>
   </trkpt>
   <trkpt lat="46.0836990" lon="7.3962680">
    <ele>2372.0</ele>
   </trkpt>
   <trkpt lat="46.0836840" lon="7.3962680">
    <ele>2372.0</ele>
   </trkpt>
   <trkpt lat="46.0836790" lon="7.3962690">
    <ele>2373.0</ele>
   </trkpt>
   <trkpt lat="46.0836740" lon="7.3962710">
    <ele>2373.0</ele>
   </trkpt>
   <trkpt lat="46.0836700" lon="7.3962720">
    <ele>2373.0</ele>
   </trkpt>
   <trkpt lat="46.0836550" lon="7.3962790">
    <ele>2373.0</ele>
   </trkpt>
   <trkpt lat="46.0836500" lon="7.3962800">
    <ele>2374.0</ele>
   </trkpt>
   <trkpt lat="46.0836450" lon="7.3962810">
    <ele>2374.0</ele>
   </trkpt>
   <trkpt lat="46.0836400" lon="7.3962820">
    <ele>2374.0</ele>
   </trkpt>
   <trkpt lat="46.0836400" lon="7.3962820">
    <ele>2374.0</ele>
   </trkpt>
   <trkpt lat="46.0836400" lon="7.3962820">
    <ele>2375.0</ele>
   </trkpt>
   <trkpt lat="46.0836400" lon="7.3962820">
    <ele>2375.0</ele>
   </trkpt>
   <trkpt lat="46.0836400" lon="7.3962820">
    <ele>2375.0</ele>
   </trkpt>
   <trkpt lat="46.0836400" lon="7.3962820">
    <ele>2375.0</ele>
   </trkpt>
   <trkpt lat="46.0836220" lon="7.3962780">
    <ele>2376.0</ele>
   </trkpt>
   <trkpt lat="46.0836080" lon="7.3962820">
    <ele>2376.0</ele>
   </trkpt>
   <trkpt lat="46.0836040" lon="7.3962840">
    <ele>2376.0</ele>
   </trkpt>
   <trkpt lat="46.0836000" lon="7.3962870">
    <ele>2376.0</ele>
   </trkpt>
   <trkpt lat="46.0835960" lon="7.3962890">
    <ele>2377.0</ele>
   </trkpt>
   <trkpt lat="46.0835850" lon="7.3962880">
    <ele>2377.0</ele>
   </trkpt>
   <trkpt lat="46.0835810" lon="7.3962850">
    <ele>2377.0</ele>
   </trkpt>
   <trkpt lat="46.0835780" lon="7.3962810">
    <ele>2377.0</ele>
   </trkpt>
   <trkpt lat="46.0835740" lon="7.3962770">
    <ele>2378.0</ele>
   </trkpt>
   <trkpt lat="46.0835730" lon="7.3962750">
    <ele>2378.0</ele>
   </trkpt>
   <trkpt lat="46.0835710" lon="7.3962720">
    <ele>2378.0</ele>
   </trkpt>
   <trkpt lat="46.0835690" lon="7.3962700">
    <ele>2378.0</ele>
   </trkpt>
   <trkpt lat="46.0835670" lon="7.3962680">
    <ele>2379.0</ele>
   </trkpt>
   <trkpt lat="46.0835660" lon="7.3962660">
    <ele>2379.0</ele>
   </trkpt>
   <trkpt lat="46.0835530" lon="7.3962500">
    <ele>2379.0</ele>
   </trkpt>
   <trkpt lat="46.0835490" lon="7.3962450">
    <ele>2379.0</ele>
   </trkpt>
   <trkpt lat="46.0835450" lon="7.3962400">
    <ele>2380.0</ele>
   </trkpt>
   <trkpt lat="46.0835410" lon="7.3962360">
    <ele>2380.0</ele>
   </trkpt>
   <trkpt lat="46.0835290" lon="7.3962250">
    <ele>2380.0</ele>
   </trkpt>
   <trkpt lat="46.0835260" lon="7.3962270">
    <ele>2380.0</ele>
   </trkpt>
   <trkpt lat="46.0835230" lon="7.3962290">
    <ele>2380.0</ele>
   </trkpt>
   <trkpt lat="46.0835200" lon="7.3962310">
    <ele>2380.0</ele>
   </trkpt>
   <trkpt lat="46.0835190" lon="7.3962570">
    <ele>2380.0</ele>
   </trkpt>
   <trkpt lat="46.0835200" lon="7.3962690">
    <ele>2380.0</ele>
   </trkpt>
   <trkpt lat="46.0835200" lon="7.3962810">
    <ele>2381.0</ele>
   </trkpt>
   <trkpt lat="46.0835200" lon="7.3962930">
    <ele>2381.0</ele>
   </trkpt>
   <trkpt lat="46.0835180" lon="7.3963270">
    <ele>2381.0</ele>
   </trkpt>
   <trkpt lat="46.0835160" lon="7.3963380">
    <ele>2381.0</ele>
   </trkpt>
   <trkpt lat="46.0835140" lon="7.3963480">
    <ele>2382.0</ele>
   </trkpt>
   <trkpt lat="46.0835130" lon="7.3963590">
    <ele>2382.0</ele>
   </trkpt>
   <trkpt lat="46.0835050" lon="7.3963860">
    <ele>2382.0</ele>
   </trkpt>
   <trkpt lat="46.0835010" lon="7.3963940">
    <ele>2382.0</ele>
   </trkpt>
   <trkpt lat="46.0834980" lon="7.3964020">
    <ele>2383.0</ele>
   </trkpt>
   <trkpt lat="46.0834950" lon="7.3964100">
    <ele>2383.0</ele>
   </trkpt>
   <trkpt lat="46.0834830" lon="7.3964310">
    <ele>2383.0</ele>
   </trkpt>
   <trkpt lat="46.0834790" lon="7.3964320">
    <ele>2383.0</ele>
   </trkpt>
   <trkpt lat="46.0834750" lon="7.3964340">
    <ele>2384.0</ele>
   </trkpt>
   <trkpt lat="46.0834710" lon="7.3964350">
    <ele>2384.0</ele>
   </trkpt>
   <trkpt lat="46.0834650" lon="7.3964200">
    <ele>2384.0</ele>
   </trkpt>
   <trkpt lat="46.0834630" lon="7.3964130">
    <ele>2384.0</ele>
   </trkpt>
   <trkpt lat="46.0834610" lon="7.3964050">
    <ele>2385.0</ele>
   </trkpt>
   <trkpt lat="46.0834600" lon="7.3963970">
    <ele>2385.0</ele>
   </trkpt>
   <trkpt lat="46.0834520" lon="7.3963730">
    <ele>2385.0</ele>
   </trkpt>
   <trkpt lat="46.0834490" lon="7.3963660">
    <ele>2385.0</ele>
   </trkpt>
   <trkpt lat="46.0834460" lon="7.3963580">
    <ele>2386.0</ele>
   </trkpt>
   <trkpt lat="46.0834420" lon="7.3963510">
    <ele>2386.0</ele>
   </trkpt>
   <trkpt lat="46.0834320" lon="7.3963300">
    <ele>2386.0</ele>
   </trkpt>
   <trkpt lat="46.0834280" lon="7.3963240">
    <ele>2386.0</ele>
   </trkpt>
   <trkpt lat="46.0834240" lon="7.3963170">
    <ele>2387.0</ele>
   </trkpt>
   <trkpt lat="46.0834200" lon="7.3963110">
    <ele>2387.0</ele>
   </trkpt>
   <trkpt lat="46.0834080" lon="7.3962910">
    <ele>2387.0</ele>
   </trkpt>
   <trkpt lat="46.0834050" lon="7.3962830">
    <ele>2387.0</ele>
   </trkpt>
   <trkpt lat="46.0834020" lon="7.3962760">
    <ele>2388.0</ele>
   </trkpt>
   <trkpt lat="46.0833980" lon="7.3962680">
    <ele>2388.0</ele>
   </trkpt>
   <trkpt lat="46.0833900" lon="7.3962450">
    <ele>2388.0</ele>
   </trkpt>
   <trkpt lat="46.0833870" lon="7.3962370">
    <ele>2388.0</ele>
   </trkpt>
   <trkpt lat="46.0833840" lon="7.3962290">
    <ele>2389.0</ele>
   </trkpt>
   <trkpt lat="46.0833820" lon="7.3962220">
    <ele>2389.0</ele>
   </trkpt>
   <trkpt lat="46.0833710" lon="7.3961970">
    <ele>2389.0</ele>
   </trkpt>
   <trkpt lat="46.0833670" lon="7.3961890">
    <ele>2389.0</ele>
   </trkpt>
   <trkpt lat="46.0833630" lon="7.3961820">
    <ele>2390.0</ele>
   </trkpt>
   <trkpt lat="46.0833590" lon="7.3961750">
    <ele>2390.0</ele>
   </trkpt>
   <trkpt lat="46.0833480" lon="7.3961520">
    <ele>2390.0</ele>
   </trkpt>
   <trkpt lat="46.0833440" lon="7.3961440">
    <ele>2390.0</ele>
   </trkpt>
   <trkpt lat="46.0833410" lon="7.3961360">
    <ele>2390.0</ele>
   </trkpt>
   <trkpt lat="46.0833370" lon="7.3961290">
    <ele>2390.0</ele>
   </trkpt>
   <trkpt lat="46.0833290" lon="7.3961020">
    <ele>2390.0</ele>
   </trkpt>
   <trkpt lat="46.0833280" lon="7.3960920">
    <ele>2390.0</ele>
   </trkpt>
   <trkpt lat="46.0833260" lon="7.3960820">
    <ele>2391.0</ele>
   </trkpt>
   <trkpt lat="46.0833240" lon="7.3960720">
    <ele>2391.0</ele>
   </trkpt>
   <trkpt lat="46.0833210" lon="7.3960420">
    <ele>2391.0</ele>
   </trkpt>
   <trkpt lat="46.0833190" lon="7.3960330">
    <ele>2391.0</ele>
   </trkpt>
   <trkpt lat="46.0833170" lon="7.3960240">
    <ele>2392.0</ele>
   </trkpt>
   <trkpt lat="46.0833160" lon="7.3960150">
    <ele>2392.0</ele>
   </trkpt>
   <trkpt lat="46.0833110" lon="7.3959840">
    <ele>2392.0</ele>
   </trkpt>
   <trkpt lat="46.0833100" lon="7.3959730">
    <ele>2392.0</ele>
   </trkpt>
   <trkpt lat="46.0833080" lon="7.3959630">
    <ele>2393.0</ele>
   </trkpt>
   <trkpt lat="46.0833070" lon="7.3959530">
    <ele>2393.0</ele>
   </trkpt>
   <trkpt lat="46.0833020" lon="7.3959210">
    <ele>2393.0</ele>
   </trkpt>
   <trkpt lat="46.0833010" lon="7.3959110">
    <ele>2393.0</ele>
   </trkpt>
   <trkpt lat="46.0833010" lon="7.3959010">
    <ele>2394.0</ele>
   </trkpt>
   <trkpt lat="46.0833000" lon="7.3958910">
    <ele>2394.0</ele>
   </trkpt>
   <trkpt lat="46.0832980" lon="7.3958610">
    <ele>2394.0</ele>
   </trkpt>
   <trkpt lat="46.0832960" lon="7.3958510">
    <ele>2394.0</ele>
   </trkpt>
   <trkpt lat="46.0832950" lon="7.3958420">
    <ele>2395.0</ele>
   </trkpt>
   <trkpt lat="46.0832940" lon="7.3958320">
    <ele>2395.0</ele>
   </trkpt>
   <trkpt lat="46.0832870" lon="7.3958060">
    <ele>2395.0</ele>
   </trkpt>
   <trkpt lat="46.0832850" lon="7.3957980">
    <ele>2395.0</ele>
   </trkpt>
   <trkpt lat="46.0832830" lon="7.3957910">
    <ele>2396.0</ele>
   </trkpt>
   <trkpt lat="46.0832810" lon="7.3957830">
    <ele>2396.0</ele>
   </trkpt>
   <trkpt lat="46.0832730" lon="7.3957590">
    <ele>2396.0</ele>
   </trkpt>
   <trkpt lat="46.0832700" lon="7.3957510">
    <ele>2396.0</ele>
   </trkpt>
   <trkpt lat="46.0832670" lon="7.3957430">
    <ele>2397.0</ele>
   </trkpt>
   <trkpt lat="46.0832650" lon="7.3957350">
    <ele>2397.0</ele>
   </trkpt>
   <trkpt lat="46.0832560" lon="7.3957080">
    <ele>2397.0</ele>
   </trkpt>
   <trkpt lat="46.0832530" lon="7.3956990">
    <ele>2397.0</ele>
   </trkpt>
   <trkpt lat="46.0832500" lon="7.3956890">
    <ele>2398.0</ele>
   </trkpt>
   <trkpt lat="46.0832460" lon="7.3956800">
    <ele>2398.0</ele>
   </trkpt>
   <trkpt lat="46.0832370" lon="7.3956510">
    <ele>2398.0</ele>
   </trkpt>
   <trkpt lat="46.0832350" lon="7.3956410">
    <ele>2398.0</ele>
   </trkpt>
   <trkpt lat="46.0832330" lon="7.3956320">
    <ele>2399.0</ele>
   </trkpt>
   <trkpt lat="46.0832310" lon="7.3956220">
    <ele>2399.0</ele>
   </trkpt>
   <trkpt lat="46.0832250" lon="7.3955940">
    <ele>2399.0</ele>
   </trkpt>
   <trkpt lat="46.0832220" lon="7.3955850">
    <ele>2399.0</ele>
   </trkpt>
   <trkpt lat="46.0832190" lon="7.3955760">
    <ele>2400.0</ele>
   </trkpt>
   <trkpt lat="46.0832170" lon="7.3955670">
    <ele>2400.0</ele>
   </trkpt>
   <trkpt lat="46.0832050" lon="7.3955430">
    <ele>2400.0</ele>
   </trkpt>
   <trkpt lat="46.0832000" lon="7.3955360">
    <ele>2400.0</ele>
   </trkpt>
   <trkpt lat="46.0831960" lon="7.3955280">
    <ele>2401.0</ele>
   </trkpt>
   <trkpt lat="46.0831910" lon="7.3955210">
    <ele>2401.0</ele>
   </trkpt>
   <trkpt lat="46.0831770" lon="7.3954960">
    <ele>2401.0</ele>
   </trkpt>
   <trkpt lat="46.0831730" lon="7.3954870">
    <ele>2401.0</ele>
   </trkpt>
   <trkpt lat="46.0831680" lon="7.3954790">
    <ele>2402.0</ele>
   </trkpt>
   <trkpt lat="46.0831640" lon="7.3954710">
    <ele>2402.0</ele>
   </trkpt>
   <trkpt lat="46.0831470" lon="7.3954510">
    <ele>2402.0</ele>
   </trkpt>
   <trkpt lat="46.0831420" lon="7.3954500">
    <ele>2402.0</ele>
   </trkpt>
   <trkpt lat="46.0831360" lon="7.3954480">
    <ele>2403.0</ele>
   </trkpt>
   <trkpt lat="46.0831310" lon="7.3954470">
    <ele>2403.0</ele>
   </trkpt>
   <trkpt lat="46.0831240" lon="7.3954670">
    <ele>2403.0</ele>
   </trkpt>
   <trkpt lat="46.0831250" lon="7.3954780">
    <ele>2403.0</ele>
   </trkpt>
   <trkpt lat="46.0831260" lon="7.3954890">
    <ele>2404.0</ele>
   </trkpt>
   <trkpt lat="46.0831270" lon="7.3955010">
    <ele>2404.0</ele>
   </trkpt>
   <trkpt lat="46.0831330" lon="7.3955370">
    <ele>2404.0</ele>
   </trkpt>
   <trkpt lat="46.0831340" lon="7.3955490">
    <ele>2404.0</ele>
   </trkpt>
   <trkpt lat="46.0831350" lon="7.3955620">
    <ele>2405.0</ele>
   </trkpt>
   <trkpt lat="46.0831360" lon="7.3955740">
    <ele>2405.0</ele>
   </trkpt>
   <trkpt lat="46.0831390" lon="7.3956100">
    <ele>2405.0</ele>
   </trkpt>
   <trkpt lat="46.0831400" lon="7.3956230">
    <ele>2405.0</ele>
   </trkpt>
   <trkpt lat="46.0831410" lon="7.3956360">
    <ele>2406.0</ele>
   </trkpt>
   <trkpt lat="46.0831420" lon="7.3956500">
    <ele>2406.0</ele>
   </trkpt>
   <trkpt lat="46.0831420" lon="7.3956940">
    <ele>2406.0</ele>
   </trkpt>
   <trkpt lat="46.0831400" lon="7.3957110">
    <ele>2406.0</ele>
   </trkpt>
   <trkpt lat="46.0831390" lon="7.3957270">
    <ele>2407.0</ele>
   </trkpt>
   <trkpt lat="46.0831380" lon="7.3957430">
    <ele>2407.0</ele>
   </trkpt>
   <trkpt lat="46.0831310" lon="7.3957920">
    <ele>2407.0</ele>
   </trkpt>
   <trkpt lat="46.0831280" lon="7.3958060">
    <ele>2407.0</ele>
   </trkpt>
   <trkpt lat="46.0831250" lon="7.3958210">
    <ele>2408.0</ele>
   </trkpt>
   <trkpt lat="46.0831220" lon="7.3958350">
    <ele>2408.0</ele>
   </trkpt>
   <trkpt lat="46.0831120" lon="7.3958730">
    <ele>2408.0</ele>
   </trkpt>
   <trkpt lat="46.0831090" lon="7.3958840">
    <ele>2408.0</ele>
   </trkpt>
   <trkpt lat="46.0831060" lon="7.3958950">
    <ele>2409.0</ele>
   </trkpt>
   <trkpt lat="46.0831030" lon="7.3959050">
    <ele>2409.0</ele>
   </trkpt>
   <trkpt lat="46.0830930" lon="7.3959340">
    <ele>2409.0</ele>
   </trkpt>
   <trkpt lat="46.0830900" lon="7.3959420">
    <ele>2409.0</ele>
   </trkpt>
   <trkpt lat="46.0830860" lon="7.3959500">
    <ele>2409.0</ele>
   </trkpt>
   <trkpt lat="46.0830830" lon="7.3959580">
    <ele>2409.0</ele>
   </trkpt>
   <trkpt lat="46.0830690" lon="7.3959800">
    <ele>2409.0</ele>
   </trkpt>
   <trkpt lat="46.0830630" lon="7.3959840">
    <ele>2409.0</ele>
   </trkpt>
   <trkpt lat="46.0830570" lon="7.3959880">
    <ele>2410.0</ele>
   </trkpt>
   <trkpt lat="46.0830510" lon="7.3959930">
    <ele>2410.0</ele>
   </trkpt>
   <trkpt lat="46.0830340" lon="7.3959890">
    <ele>2410.0</ele>
   </trkpt>
   <trkpt lat="46.0830280" lon="7.3959840">
    <ele>2410.0</ele>
   </trkpt>
   <trkpt lat="46.0830220" lon="7.3959800">
    <ele>2411.0</ele>
   </trkpt>
   <trkpt lat="46.0830160" lon="7.3959750">
    <ele>2411.0</ele>
   </trkpt>
   <trkpt lat="46.0829940" lon="7.3959620">
    <ele>2411.0</ele>
   </trkpt>
   <trkpt lat="46.0829860" lon="7.3959580">
    <ele>2411.0</ele>
   </trkpt>
   <trkpt lat="46.0829790" lon="7.3959540">
    <ele>2412.0</ele>
   </trkpt>
   <trkpt lat="46.0829710" lon="7.3959500">
    <ele>2412.0</ele>
   </trkpt>
   <trkpt lat="46.0829480" lon="7.3959380">
    <ele>2412.0</ele>
   </trkpt>
   <trkpt lat="46.0829400" lon="7.3959310">
    <ele>2412.0</ele>
   </trkpt>
   <trkpt lat="46.0829330" lon="7.3959250">
    <ele>2413.0</ele>
   </trkpt>
   <trkpt lat="46.0829250" lon="7.3959180">
    <ele>2413.0</ele>
   </trkpt>
   <trkpt lat="46.0829050" lon="7.3958980">
    <ele>2413.0</ele>
   </trkpt>
   <trkpt lat="46.0828970" lon="7.3958930">
    <ele>2413.0</ele>
   </trkpt>
   <trkpt lat="46.0828890" lon="7.3958880">
    <ele>2414.0</ele>
   </trkpt>
   <trkpt lat="46.0828810" lon="7.3958820">
    <ele>2414.0</ele>
   </trkpt>
   <trkpt lat="46.0828540" lon="7.3958720">
    <ele>2414.0</ele>
   </trkpt>
   <trkpt lat="46.0828450" lon="7.3958690">
    <ele>2414.0</ele>
   </trkpt>
   <trkpt lat="46.0828360" lon="7.3958670">
    <ele>2414.0</ele>
   </trkpt>
   <trkpt lat="46.0828260" lon="7.3958650">
    <ele>2414.0</ele>
   </trkpt>
   <trkpt lat="46.0828010" lon="7.3958580">
    <ele>2414.0</ele>
   </trkpt>
   <trkpt lat="46.0827930" lon="7.3958590">
    <ele>2414.0</ele>
   </trkpt>
   <trkpt lat="46.0827860" lon="7.3958590">
    <ele>2415.0</ele>
   </trkpt>
   <trkpt lat="46.0827790" lon="7.3958600">
    <ele>2415.0</ele>
   </trkpt>
   <trkpt lat="46.0827720" lon="7.3958600">
    <ele>2415.0</ele>
   </trkpt>
   <trkpt lat="46.0827490" lon="7.3958690">
    <ele>2415.0</ele>
   </trkpt>
   <trkpt lat="46.0827410" lon="7.3958730">
    <ele>2416.0</ele>
   </trkpt>
   <trkpt lat="46.0827330" lon="7.3958770">
    <ele>2416.0</ele>
   </trkpt>
   <trkpt lat="46.0827250" lon="7.3958810">
    <ele>2416.0</ele>
   </trkpt>
   <trkpt lat="46.0826970" lon="7.3958890">
    <ele>2416.0</ele>
   </trkpt>
   <trkpt lat="46.0826880" lon="7.3958890">
    <ele>2416.0</ele>
   </trkpt>
   <trkpt lat="46.0826790" lon="7.3958890">
    <ele>2416.0</ele>
   </trkpt>
   <trkpt lat="46.0826690" lon="7.3958900">
    <ele>2416.0</ele>
   </trkpt>
   <trkpt lat="46.0826420" lon="7.3958780">
    <ele>2416.0</ele>
   </trkpt>
   <trkpt lat="46.0826340" lon="7.3958710">
    <ele>2417.0</ele>
   </trkpt>
   <trkpt lat="46.0826250" lon="7.3958640">
    <ele>2417.0</ele>
   </trkpt>
   <trkpt lat="46.0826170" lon="7.3958570">
    <ele>2417.0</ele>
   </trkpt>
   <trkpt lat="46.0825940" lon="7.3958340">
    <ele>2417.0</ele>
   </trkpt>
   <trkpt lat="46.0825850" lon="7.3958290">
    <ele>2418.0</ele>
   </trkpt>
   <trkpt lat="46.0825770" lon="7.3958230">
    <ele>2418.0</ele>
   </trkpt>
   <trkpt lat="46.0825680" lon="7.3958170">
    <ele>2418.0</ele>
   </trkpt>
   <trkpt lat="46.0825380" lon="7.3958030">
    <ele>2418.0</ele>
   </trkpt>
   <trkpt lat="46.0825280" lon="7.3958010">
    <ele>2418.0</ele>
   </trkpt>
   <trkpt lat="46.0825170" lon="7.3957980">
    <ele>2418.0</ele>
   </trkpt>
   <trkpt lat="46.0825070" lon="7.3957960">
    <ele>2418.0</ele>
   </trkpt>
   <trkpt lat="46.0824770" lon="7.3957920">
    <ele>2418.0</ele>
   </trkpt>
   <trkpt lat="46.0824670" lon="7.3957910">
    <ele>2418.0</ele>
   </trkpt>
   <trkpt lat="46.0824570" lon="7.3957900">
    <ele>2418.0</ele>
   </trkpt>
   <trkpt lat="46.0824480" lon="7.3957890">
    <ele>2418.0</ele>
   </trkpt>
   <trkpt lat="46.0824170" lon="7.3957870">
    <ele>2418.0</ele>
   </trkpt>
   <trkpt lat="46.0824080" lon="7.3957880">
    <ele>2419.0</ele>
   </trkpt>
   <trkpt lat="46.0823980" lon="7.3957900">
    <ele>2419.0</ele>
   </trkpt>
   <trkpt lat="46.0823890" lon="7.3957910">
    <ele>2419.0</ele>
   </trkpt>
   <trkpt lat="46.0823640" lon="7.3957980">
    <ele>2419.0</ele>
   </trkpt>
   <trkpt lat="46.0823550" lon="7.3958010">
    <ele>2419.0</ele>
   </trkpt>
   <trkpt lat="46.0823470" lon="7.3958040">
    <ele>2419.0</ele>
   </trkpt>
   <trkpt lat="46.0823390" lon="7.3958070">
    <ele>2419.0</ele>
   </trkpt>
   <trkpt lat="46.0823090" lon="7.3958180">
    <ele>2419.0</ele>
   </trkpt>
   <trkpt lat="46.0823000" lon="7.3958230">
    <ele>2420.0</ele>
   </trkpt>
   <trkpt lat="46.0822900" lon="7.3958270">
    <ele>2420.0</ele>
   </trkpt>
   <trkpt lat="46.0822800" lon="7.3958310">
    <ele>2420.0</ele>
   </trkpt>
   <trkpt lat="46.0822520" lon="7.3958460">
    <ele>2420.0</ele>
   </trkpt>
   <trkpt lat="46.0822430" lon="7.3958520">
    <ele>2420.0</ele>
   </trkpt>
   <trkpt lat="46.0822340" lon="7.3958580">
    <ele>2420.0</ele>
   </trkpt>
   <trkpt lat="46.0822250" lon="7.3958640">
    <ele>2420.0</ele>
   </trkpt>
   <trkpt lat="46.0821970" lon="7.3958800">
    <ele>2420.0</ele>
   </trkpt>
   <trkpt lat="46.0821890" lon="7.3958860">
    <ele>2421.0</ele>
   </trkpt>
   <trkpt lat="46.0821800" lon="7.3958920">
    <ele>2421.0</ele>
   </trkpt>
   <trkpt lat="46.0821720" lon="7.3958980">
    <ele>2421.0</ele>
   </trkpt>
   <trkpt lat="46.0821440" lon="7.3959190">
    <ele>2421.0</ele>
   </trkpt>
   <trkpt lat="46.0821340" lon="7.3959270">
    <ele>2421.0</ele>
   </trkpt>
   <trkpt lat="46.0821240" lon="7.3959360">
    <ele>2421.0</ele>
   </trkpt>
   <trkpt lat="46.0821130" lon="7.3959440">
    <ele>2421.0</ele>
   </trkpt>
   <trkpt lat="46.0820780" lon="7.3959740">
    <ele>2421.0</ele>
   </trkpt>
   <trkpt lat="46.0820650" lon="7.3959830">
    <ele>2422.0</ele>
   </trkpt>
   <trkpt lat="46.0820520" lon="7.3959930">
    <ele>2422.0</ele>
   </trkpt>
   <trkpt lat="46.0820400" lon="7.3960020">
    <ele>2422.0</ele>
   </trkpt>
   <trkpt lat="46.0819980" lon="7.3960270">
    <ele>2422.0</ele>
   </trkpt>
   <trkpt lat="46.0819830" lon="7.3960340">
    <ele>2423.0</ele>
   </trkpt>
   <trkpt lat="46.0819690" lon="7.3960400">
    <ele>2423.0</ele>
   </trkpt>
   <trkpt lat="46.0819550" lon="7.3960460">
    <ele>2423.0</ele>
   </trkpt>
   <trkpt lat="46.0819120" lon="7.3960560">
    <ele>2423.0</ele>
   </trkpt>
   <trkpt lat="46.0818970" lon="7.3960570">
    <ele>2424.0</ele>
   </trkpt>
   <trkpt lat="46.0818830" lon="7.3960570">
    <ele>2424.0</ele>
   </trkpt>
   <trkpt lat="46.0818690" lon="7.3960570">
    <ele>2424.0</ele>
   </trkpt>
   <trkpt lat="46.0818280" lon="7.3960500">
    <ele>2424.0</ele>
   </trkpt>
   <trkpt lat="46.0818150" lon="7.3960450">
    <ele>2425.0</ele>
   </trkpt>
   <trkpt lat="46.0818020" lon="7.3960400">
    <ele>2425.0</ele>
   </trkpt>
   <trkpt lat="46.0817890" lon="7.3960350">
    <ele>2425.0</ele>
   </trkpt>
   <trkpt lat="46.0817510" lon="7.3960140">
    <ele>2425.0</ele>
   </trkpt>
   <trkpt lat="46.0817390" lon="7.3960070">
    <ele>2425.0</ele>
   </trkpt>
   <trkpt lat="46.0817270" lon="7.3959990">
    <ele>2425.0</ele>
   </trkpt>
   <trkpt lat="46.0817140" lon="7.3959920">
    <ele>2425.0</ele>
   </trkpt>
   <trkpt lat="46.0816770" lon="7.3959710">
    <ele>2425.0</ele>
   </trkpt>
   <trkpt lat="46.0816650" lon="7.3959650">
    <ele>2426.0</ele>
   </trkpt>
   <trkpt lat="46.0816530" lon="7.3959590">
    <ele>2426.0</ele>
   </trkpt>
   <trkpt lat="46.0816410" lon="7.3959530">
    <ele>2427.0</ele>
   </trkpt>
   <trkpt lat="46.0816060" lon="7.3959400">
    <ele>2427.0</ele>
   </trkpt>
   <trkpt lat="46.0815960" lon="7.3959370">
    <ele>2428.0</ele>
   </trkpt>
   <trkpt lat="46.0815850" lon="7.3959340">
    <ele>2428.0</ele>
   </trkpt>
   <trkpt lat="46.0815750" lon="7.3959310">
    <ele>2428.0</ele>
   </trkpt>
   <trkpt lat="46.0815510" lon="7.3959290">
    <ele>2428.0</ele>
   </trkpt>
   <trkpt lat="46.0815430" lon="7.3959300">
    <ele>2429.0</ele>
   </trkpt>
   <trkpt lat="46.0815360" lon="7.3959300">
    <ele>2429.0</ele>
   </trkpt>
   <trkpt lat="46.0815280" lon="7.3959310">
    <ele>2429.0</ele>
   </trkpt>
   <trkpt lat="46.0815030" lon="7.3959310">
    <ele>2429.0</ele>
   </trkpt>
   <trkpt lat="46.0814940" lon="7.3959310">
    <ele>2430.0</ele>
   </trkpt>
   <trkpt lat="46.0814840" lon="7.3959310">
    <ele>2430.0</ele>
   </trkpt>
   <trkpt lat="46.0814750" lon="7.3959300">
    <ele>2430.0</ele>
   </trkpt>
   <trkpt lat="46.0814430" lon="7.3959280">
    <ele>2430.0</ele>
   </trkpt>
   <trkpt lat="46.0814330" lon="7.3959270">
    <ele>2431.0</ele>
   </trkpt>
   <trkpt lat="46.0814230" lon="7.3959260">
    <ele>2431.0</ele>
   </trkpt>
   <trkpt lat="46.0814130" lon="7.3959250">
    <ele>2431.0</ele>
   </trkpt>
   <trkpt lat="46.0813860" lon="7.3959250">
    <ele>2431.0</ele>
   </trkpt>
   <trkpt lat="46.0813770" lon="7.3959260">
    <ele>2431.0</ele>
   </trkpt>
   <trkpt lat="46.0813690" lon="7.3959270">
    <ele>2431.0</ele>
   </trkpt>
   <trkpt lat="46.0813600" lon="7.3959290">
    <ele>2431.0</ele>
   </trkpt>
   <trkpt lat="46.0813340" lon="7.3959310">
    <ele>2431.0</ele>
   </trkpt>
   <trkpt lat="46.0813260" lon="7.3959300">
    <ele>2432.0</ele>
   </trkpt>
   <trkpt lat="46.0813180" lon="7.3959290">
    <ele>2432.0</ele>
   </trkpt>
   <trkpt lat="46.0813100" lon="7.3959290">
    <ele>2432.0</ele>
   </trkpt>
   <trkpt lat="46.0812860" lon="7.3959250">
    <ele>2432.0</ele>
   </trkpt>
   <trkpt lat="46.0812780" lon="7.3959240">
    <ele>2433.0</ele>
   </trkpt>
   <trkpt lat="46.0812690" lon="7.3959230">
    <ele>2433.0</ele>
   </trkpt>
   <trkpt lat="46.0812610" lon="7.3959230">
    <ele>2433.0</ele>
   </trkpt>
   <trkpt lat="46.0812340" lon="7.3959230">
    <ele>2433.0</ele>
   </trkpt>
   <trkpt lat="46.0812240" lon="7.3959240">
    <ele>2434.0</ele>
   </trkpt>
   <trkpt lat="46.0812150" lon="7.3959260">
    <ele>2434.0</ele>
   </trkpt>
   <trkpt lat="46.0812060" lon="7.3959270">
    <ele>2434.0</ele>
   </trkpt>
   <trkpt lat="46.0811780" lon="7.3959330">
    <ele>2434.0</ele>
   </trkpt>
   <trkpt lat="46.0811690" lon="7.3959360">
    <ele>2435.0</ele>
   </trkpt>
   <trkpt lat="46.0811600" lon="7.3959380">
    <ele>2435.0</ele>
   </trkpt>
   <trkpt lat="46.0811510" lon="7.3959400">
    <ele>2435.0</ele>
   </trkpt>
   <trkpt lat="46.0811230" lon="7.3959480">
    <ele>2435.0</ele>
   </trkpt>
   <trkpt lat="46.0811140" lon="7.3959500">
    <ele>2435.0</ele>
   </trkpt>
   <trkpt lat="46.0811060" lon="7.3959520">
    <ele>2435.0</ele>
   </trkpt>
   <trkpt lat="46.0810970" lon="7.3959540">
    <ele>2435.0</ele>
   </trkpt>
   <trkpt lat="46.0810710" lon="7.3959580">
    <ele>2435.0</ele>
   </trkpt>
   <trkpt lat="46.0810620" lon="7.3959570">
    <ele>2436.0</ele>
   </trkpt>
   <trkpt lat="46.0810530" lon="7.3959570">
    <ele>2436.0</ele>
   </trkpt>
   <trkpt lat="46.0810440" lon="7.3959560">
    <ele>2436.0</ele>
   </trkpt>
   <trkpt lat="46.0810170" lon="7.3959530">
    <ele>2436.0</ele>
   </trkpt>
   <trkpt lat="46.0810080" lon="7.3959530">
    <ele>2437.0</ele>
   </trkpt>
   <trkpt lat="46.0810000" lon="7.3959540">
    <ele>2437.0</ele>
   </trkpt>
   <trkpt lat="46.0809920" lon="7.3959540">
    <ele>2437.0</ele>
   </trkpt>
   <trkpt lat="46.0809670" lon="7.3959570">
    <ele>2437.0</ele>
   </trkpt>
   <trkpt lat="46.0809580" lon="7.3959580">
    <ele>2437.0</ele>
   </trkpt>
   <trkpt lat="46.0809490" lon="7.3959590">
    <ele>2437.0</ele>
   </trkpt>
   <trkpt lat="46.0809410" lon="7.3959590">
    <ele>2437.0</ele>
   </trkpt>
   <trkpt lat="46.0809110" lon="7.3959610">
    <ele>2437.0</ele>
   </trkpt>
   <trkpt lat="46.0809010" lon="7.3959640">
    <ele>2437.0</ele>
   </trkpt>
   <trkpt lat="46.0808910" lon="7.3959670">
    <ele>2437.0</ele>
   </trkpt>
   <trkpt lat="46.0808810" lon="7.3959700">
    <ele>2437.0</ele>
   </trkpt>
   <trkpt lat="46.0808510" lon="7.3959820">
    <ele>2437.0</ele>
   </trkpt>
   <trkpt lat="46.0808400" lon="7.3959870">
    <ele>2438.0</ele>
   </trkpt>
   <trkpt lat="46.0808290" lon="7.3959920">
    <ele>2438.0</ele>
   </trkpt>
   <trkpt lat="46.0808170" lon="7.3959970">
    <ele>2438.0</ele>
   </trkpt>
   <trkpt lat="46.0807750" lon="7.3960180">
    <ele>2438.0</ele>
   </trkpt>
   <trkpt lat="46.0807580" lon="7.3960270">
    <ele>2439.0</ele>
   </trkpt>
   <trkpt lat="46.0807410" lon="7.3960360">
    <ele>2439.0</ele>
   </trkpt>
   <trkpt lat="46.0807030" lon="7.3960590">
    <ele>2439.0</ele>
   </trkpt>
   <trkpt lat="46.0806710" lon="7.3960790">
    <ele>2439.0</ele>
   </trkpt>
   <trkpt lat="46.0806550" lon="7.3960930">
    <ele>2439.0</ele>
   </trkpt>
   <trkpt lat="46.0806390" lon="7.3961070">
    <ele>2439.0</ele>
   </trkpt>
   <trkpt lat="46.0806230" lon="7.3961210">
    <ele>2439.0</ele>
   </trkpt>
   <trkpt lat="46.0805830" lon="7.3961630">
    <ele>2439.0</ele>
   </trkpt>
   <trkpt lat="46.0805720" lon="7.3961790">
    <ele>2439.0</ele>
   </trkpt>
   <trkpt lat="46.0805610" lon="7.3961950">
    <ele>2439.0</ele>
   </trkpt>
   <trkpt lat="46.0805500" lon="7.3962110">
    <ele>2439.0</ele>
   </trkpt>
   <trkpt lat="46.0805230" lon="7.3962630">
    <ele>2439.0</ele>
   </trkpt>
   <trkpt lat="46.0805150" lon="7.3962810">
    <ele>2440.0</ele>
   </trkpt>
   <trkpt lat="46.0805070" lon="7.3962990">
    <ele>2440.0</ele>
   </trkpt>
   <trkpt lat="46.0804990" lon="7.3963180">
    <ele>2440.0</ele>
   </trkpt>
   <trkpt lat="46.0804730" lon="7.3963730">
    <ele>2440.0</ele>
   </trkpt>
   <trkpt lat="46.0804640" lon="7.3963920">
    <ele>2441.0</ele>
   </trkpt>
   <trkpt lat="46.0804560" lon="7.3964120">
    <ele>2441.0</ele>
   </trkpt>
   <trkpt lat="46.0804470" lon="7.3964310">
    <ele>2441.0</ele>
   </trkpt>
   <trkpt lat="46.0804210" lon="7.3964900">
    <ele>2441.0</ele>
   </trkpt>
   <trkpt lat="46.0804080" lon="7.3965160">
    <ele>2442.0</ele>
   </trkpt>
   <trkpt lat="46.0803920" lon="7.3965470">
    <ele>2442.0</ele>
   </trkpt>
   <trkpt lat="46.0803760" lon="7.3965780">
    <ele>2442.0</ele>
   </trkpt>
   <trkpt lat="46.0803600" lon="7.3966090">
    <ele>2442.0</ele>
   </trkpt>
   <trkpt lat="46.0803500" lon="7.3966280">
    <ele>2443.0</ele>
   </trkpt>
   <trkpt lat="46.0803390" lon="7.3966480">
    <ele>2443.0</ele>
   </trkpt>
   <trkpt lat="46.0803290" lon="7.3966670">
    <ele>2443.0</ele>
   </trkpt>
   <trkpt lat="46.0803000" lon="7.3967210">
    <ele>2443.0</ele>
   </trkpt>
   <trkpt lat="46.0802910" lon="7.3967370">
    <ele>2444.0</ele>
   </trkpt>
   <trkpt lat="46.0802830" lon="7.3967540">
    <ele>2444.0</ele>
   </trkpt>
   <trkpt lat="46.0802740" lon="7.3967710">
    <ele>2444.0</ele>
   </trkpt>
   <trkpt lat="46.0802510" lon="7.3968120">
    <ele>2444.0</ele>
   </trkpt>
   <trkpt lat="46.0802460" lon="7.3968230">
    <ele>2444.0</ele>
   </trkpt>
   <trkpt lat="46.0802400" lon="7.3968340">
    <ele>2444.0</ele>
   </trkpt>
   <trkpt lat="46.0802340" lon="7.3968450">
    <ele>2444.0</ele>
   </trkpt>
   <trkpt lat="46.0802200" lon="7.3968750">
    <ele>2444.0</ele>
   </trkpt>
   <trkpt lat="46.0802160" lon="7.3968840">
    <ele>2445.0</ele>
   </trkpt>
   <trkpt lat="46.0802110" lon="7.3968940">
    <ele>2445.0</ele>
   </trkpt>
   <trkpt lat="46.0802070" lon="7.3969030">
    <ele>2445.0</ele>
   </trkpt>
   <trkpt lat="46.0801920" lon="7.3969290">
    <ele>2445.0</ele>
   </trkpt>
   <trkpt lat="46.0801860" lon="7.3969380">
    <ele>2446.0</ele>
   </trkpt>
   <trkpt lat="46.0801810" lon="7.3969460">
    <ele>2446.0</ele>
   </trkpt>
   <trkpt lat="46.0801760" lon="7.3969550">
    <ele>2446.0</ele>
   </trkpt>
   <trkpt lat="46.0801610" lon="7.3969800">
    <ele>2446.0</ele>
   </trkpt>
   <trkpt lat="46.0801570" lon="7.3969890">
    <ele>2447.0</ele>
   </trkpt>
   <trkpt lat="46.0801530" lon="7.3969980">
    <ele>2447.0</ele>
   </trkpt>
   <trkpt lat="46.0801490" lon="7.3970070">
    <ele>2447.0</ele>
   </trkpt>
   <trkpt lat="46.0801370" lon="7.3970360">
    <ele>2447.0</ele>
   </trkpt>
   <trkpt lat="46.0801330" lon="7.3970450">
    <ele>2448.0</ele>
   </trkpt>
   <trkpt lat="46.0801280" lon="7.3970550">
    <ele>2448.0</ele>
   </trkpt>
   <trkpt lat="46.0801230" lon="7.3970640">
    <ele>2448.0</ele>
   </trkpt>
   <trkpt lat="46.0801070" lon="7.3970910">
    <ele>2448.0</ele>
   </trkpt>
   <trkpt lat="46.0801010" lon="7.3971000">
    <ele>2448.0</ele>
   </trkpt>
   <trkpt lat="46.0800950" lon="7.3971080">
    <ele>2448.0</ele>
   </trkpt>
   <trkpt lat="46.0800890" lon="7.3971170">
    <ele>2448.0</ele>
   </trkpt>
   <trkpt lat="46.0800680" lon="7.3971410">
    <ele>2448.0</ele>
   </trkpt>
   <trkpt lat="46.0800620" lon="7.3971480">
    <ele>2449.0</ele>
   </trkpt>
   <trkpt lat="46.0800550" lon="7.3971550">
    <ele>2449.0</ele>
   </trkpt>
   <trkpt lat="46.0800480" lon="7.3971620">
    <ele>2449.0</ele>
   </trkpt>
   <trkpt lat="46.0800290" lon="7.3971800">
    <ele>2449.0</ele>
   </trkpt>
   <trkpt lat="46.0800220" lon="7.3971850">
    <ele>2450.0</ele>
   </trkpt>
   <trkpt lat="46.0800150" lon="7.3971900">
    <ele>2450.0</ele>
   </trkpt>
   <trkpt lat="46.0800080" lon="7.3971940">
    <ele>2450.0</ele>
   </trkpt>
   <trkpt lat="46.0799850" lon="7.3972060">
    <ele>2450.0</ele>
   </trkpt>
   <trkpt lat="46.0799780" lon="7.3972090">
    <ele>2451.0</ele>
   </trkpt>
   <trkpt lat="46.0799710" lon="7.3972130">
    <ele>2451.0</ele>
   </trkpt>
   <trkpt lat="46.0799630" lon="7.3972160">
    <ele>2451.0</ele>
   </trkpt>
   <trkpt lat="46.0799410" lon="7.3972300">
    <ele>2451.0</ele>
   </trkpt>
   <trkpt lat="46.0799320" lon="7.3972350">
    <ele>2452.0</ele>
   </trkpt>
   <trkpt lat="46.0799230" lon="7.3972400">
    <ele>2452.0</ele>
   </trkpt>
   <trkpt lat="46.0799150" lon="7.3972450">
    <ele>2452.0</ele>
   </trkpt>
   <trkpt lat="46.0798890" lon="7.3972560">
    <ele>2452.0</ele>
   </trkpt>
   <trkpt lat="46.0798800" lon="7.3972600">
    <ele>2453.0</ele>
   </trkpt>
   <trkpt lat="46.0798710" lon="7.3972630">
    <ele>2453.0</ele>
   </trkpt>
   <trkpt lat="46.0798630" lon="7.3972670">
    <ele>2453.0</ele>
   </trkpt>
   <trkpt lat="46.0798360" lon="7.3972780">
    <ele>2453.0</ele>
   </trkpt>
   <trkpt lat="46.0798270" lon="7.3972830">
    <ele>2454.0</ele>
   </trkpt>
   <trkpt lat="46.0798180" lon="7.3972870">
    <ele>2454.0</ele>
   </trkpt>
   <trkpt lat="46.0798090" lon="7.3972920">
    <ele>2454.0</ele>
   </trkpt>
   <trkpt lat="46.0797820" lon="7.3973080">
    <ele>2454.0</ele>
   </trkpt>
   <trkpt lat="46.0797730" lon="7.3973120">
    <ele>2455.0</ele>
   </trkpt>
   <trkpt lat="46.0797640" lon="7.3973160">
    <ele>2455.0</ele>
   </trkpt>
   <trkpt lat="46.0797550" lon="7.3973210">
    <ele>2455.0</ele>
   </trkpt>
   <trkpt lat="46.0797280" lon="7.3973280">
    <ele>2455.0</ele>
   </trkpt>
   <trkpt lat="46.0797190" lon="7.3973300">
    <ele>2455.0</ele>
   </trkpt>
   <trkpt lat="46.0797100" lon="7.3973320">
    <ele>2455.0</ele>
   </trkpt>
   <trkpt lat="46.0797010" lon="7.3973340">
    <ele>2455.0</ele>
   </trkpt>
   <trkpt lat="46.0796740" lon="7.3973430">
    <ele>2455.0</ele>
   </trkpt>
   <trkpt lat="46.0796640" lon="7.3973450">
    <ele>2456.0</ele>
   </trkpt>
   <trkpt lat="46.0796540" lon="7.3973470">
    <ele>2456.0</ele>
   </trkpt>
   <trkpt lat="46.0796440" lon="7.3973500">
    <ele>2456.0</ele>
   </trkpt>
   <trkpt lat="46.0796060" lon="7.3973530">
    <ele>2456.0</ele>
   </trkpt>
   <trkpt lat="46.0795880" lon="7.3973540">
    <ele>2456.0</ele>
   </trkpt>
   <trkpt lat="46.0795600" lon="7.3973540">
    <ele>2456.0</ele>
   </trkpt>
   <trkpt lat="46.0795330" lon="7.3973550">
    <ele>2456.0</ele>
   </trkpt>
   <trkpt lat="46.0795010" lon="7.3973560">
    <ele>2456.0</ele>
   </trkpt>
   <trkpt lat="46.0794800" lon="7.3973540">
    <ele>2456.0</ele>
   </trkpt>
   <trkpt lat="46.0794590" lon="7.3973530">
    <ele>2456.0</ele>
   </trkpt>
   <trkpt lat="46.0794380" lon="7.3973520">
    <ele>2456.0</ele>
   </trkpt>
   <trkpt lat="46.0793720" lon="7.3973420">
    <ele>2456.0</ele>
   </trkpt>
   <trkpt lat="46.0793490" lon="7.3973370">
    <ele>2456.0</ele>
   </trkpt>
   <trkpt lat="46.0793270" lon="7.3973330">
    <ele>2455.0</ele>
   </trkpt>
   <trkpt lat="46.0793050" lon="7.3973290">
    <ele>2455.0</ele>
   </trkpt>
   <trkpt lat="46.0792380" lon="7.3973230">
    <ele>2455.0</ele>
   </trkpt>
   <trkpt lat="46.0792140" lon="7.3973220">
    <ele>2455.0</ele>
   </trkpt>
   <trkpt lat="46.0791910" lon="7.3973220">
    <ele>2454.0</ele>
   </trkpt>
   <trkpt lat="46.0791670" lon="7.3973210">
    <ele>2453.0</ele>
   </trkpt>
   <trkpt lat="46.0790930" lon="7.3973240">
    <ele>2452.0</ele>
   </trkpt>
   <trkpt lat="46.0790670" lon="7.3973260">
    <ele>2452.0</ele>
   </trkpt>
   <trkpt lat="46.0790410" lon="7.3973290">
    <ele>2451.0</ele>
   </trkpt>
   <trkpt lat="46.0790150" lon="7.3973320">
    <ele>2451.0</ele>
   </trkpt>
   <trkpt lat="46.0789410" lon="7.3973350">
    <ele>2450.0</ele>
   </trkpt>
   <trkpt lat="46.0789230" lon="7.3973460">
    <ele>2450.0</ele>
   </trkpt>
   <trkpt lat="46.0789050" lon="7.3973560">
    <ele>2449.0</ele>
   </trkpt>
   <trkpt lat="46.0788870" lon="7.3973660">
    <ele>2449.0</ele>
   </trkpt>
   <trkpt lat="46.0788780" lon="7.3974120">
    <ele>2448.0</ele>
   </trkpt>
   <trkpt lat="46.0788980" lon="7.3974220">
    <ele>2448.0</ele>
   </trkpt>
   <trkpt lat="46.0789190" lon="7.3974310">
    <ele>2447.0</ele>
   </trkpt>
   <trkpt lat="46.0789390" lon="7.3974410">
    <ele>2447.0</ele>
   </trkpt>
   <trkpt lat="46.0789760" lon="7.3974580">
    <ele>2447.0</ele>
   </trkpt>
   <trkpt lat="46.0790020" lon="7.3974640">
    <ele>2447.0</ele>
   </trkpt>
   <trkpt lat="46.0790280" lon="7.3974690">
    <ele>2446.0</ele>
   </trkpt>
   <trkpt lat="46.0790540" lon="7.3974740">
    <ele>2446.0</ele>
   </trkpt>
   <trkpt lat="46.0791300" lon="7.3975080">
    <ele>2446.0</ele>
   </trkpt>
   <trkpt lat="46.0791510" lon="7.3975280">
    <ele>2446.0</ele>
   </trkpt>
   <trkpt lat="46.0791730" lon="7.3975480">
    <ele>2445.0</ele>
   </trkpt>
   <trkpt lat="46.0791950" lon="7.3975680">
    <ele>2445.0</ele>
   </trkpt>
   <trkpt lat="46.0792460" lon="7.3976450">
    <ele>2445.0</ele>
   </trkpt>
   <trkpt lat="46.0792630" lon="7.3976690">
    <ele>2445.0</ele>
   </trkpt>
   <trkpt lat="46.0792800" lon="7.3976930">
    <ele>2444.0</ele>
   </trkpt>
   <trkpt lat="46.0792980" lon="7.3977170">
    <ele>2443.0</ele>
   </trkpt>
   <trkpt lat="46.0793580" lon="7.3977640">
    <ele>2442.0</ele>
   </trkpt>
   <trkpt lat="46.0793820" lon="7.3977740">
    <ele>2442.0</ele>
   </trkpt>
   <trkpt lat="46.0794050" lon="7.3977840">
    <ele>2441.0</ele>
   </trkpt>
   <trkpt lat="46.0794280" lon="7.3977940">
    <ele>2440.0</ele>
   </trkpt>
   <trkpt lat="46.0795090" lon="7.3978170">
    <ele>2439.0</ele>
   </trkpt>
   <trkpt lat="46.0795360" lon="7.3978210">
    <ele>2439.0</ele>
   </trkpt>
   <trkpt lat="46.0795640" lon="7.3978250">
    <ele>2438.0</ele>
   </trkpt>
   <trkpt lat="46.0795920" lon="7.3978290">
    <ele>2437.0</ele>
   </trkpt>
   <trkpt lat="46.0796730" lon="7.3978330">
    <ele>2436.0</ele>
   </trkpt>
   <trkpt lat="46.0796960" lon="7.3978390">
    <ele>2436.0</ele>
   </trkpt>
   <trkpt lat="46.0797190" lon="7.3978460">
    <ele>2435.0</ele>
   </trkpt>
   <trkpt lat="46.0797420" lon="7.3978520">
    <ele>2434.0</ele>
   </trkpt>
   <trkpt lat="46.0797520" lon="7.3978860">
    <ele>2433.0</ele>
   </trkpt>
   <trkpt lat="46.0797360" lon="7.3978950">
    <ele>2433.0</ele>
   </trkpt>
   <trkpt lat="46.0797190" lon="7.3979040">
    <ele>2432.0</ele>
   </trkpt>
   <trkpt lat="46.0797020" lon="7.3979130">
    <ele>2431.0</ele>
   </trkpt>
   <trkpt lat="46.0796230" lon="7.3979360">
    <ele>2430.0</ele>
   </trkpt>
   <trkpt lat="46.0795970" lon="7.3979410">
    <ele>2430.0</ele>
   </trkpt>
   <trkpt lat="46.0795710" lon="7.3979470">
    <ele>2429.0</ele>
   </trkpt>
   <trkpt lat="46.0795450" lon="7.3979520">
    <ele>2428.0</ele>
   </trkpt>
   <trkpt lat="46.0794730" lon="7.3979630">
    <ele>2427.0</ele>
   </trkpt>
   <trkpt lat="46.0794490" lon="7.3979660">
    <ele>2427.0</ele>
   </trkpt>
   <trkpt lat="46.0794260" lon="7.3979700">
    <ele>2426.0</ele>
   </trkpt>
   <trkpt lat="46.0794020" lon="7.3979740">
    <ele>2426.0</ele>
   </trkpt>
   <trkpt lat="46.0793310" lon="7.3979850">
    <ele>2425.0</ele>
   </trkpt>
   <trkpt lat="46.0793070" lon="7.3979910">
    <ele>2425.0</ele>
   </trkpt>
   <trkpt lat="46.0792830" lon="7.3979970">
    <ele>2424.0</ele>
   </trkpt>
   <trkpt lat="46.0792600" lon="7.3980030">
    <ele>2423.0</ele>
   </trkpt>
   <trkpt lat="46.0792130" lon="7.3980440">
    <ele>2422.0</ele>
   </trkpt>
   <trkpt lat="46.0792260" lon="7.3980610">
    <ele>2422.0</ele>
   </trkpt>
   <trkpt lat="46.0792410" lon="7.3980810">
    <ele>2421.0</ele>
   </trkpt>
   <trkpt lat="46.0792570" lon="7.3981000">
    <ele>2421.0</ele>
   </trkpt>
   <trkpt lat="46.0792770" lon="7.3981270">
    <ele>2420.0</ele>
   </trkpt>
   <trkpt lat="46.0793040" lon="7.3981300">
    <ele>2420.0</ele>
   </trkpt>
   <trkpt lat="46.0793310" lon="7.3981340">
    <ele>2419.0</ele>
   </trkpt>
   <trkpt lat="46.0793590" lon="7.3981380">
    <ele>2419.0</ele>
   </trkpt>
   <trkpt lat="46.0794440" lon="7.3981520">
    <ele>2419.0</ele>
   </trkpt>
   <trkpt lat="46.0794700" lon="7.3981590">
    <ele>2419.0</ele>
   </trkpt>
   <trkpt lat="46.0794960" lon="7.3981660">
    <ele>2418.0</ele>
   </trkpt>
   <trkpt lat="46.0795220" lon="7.3981740">
    <ele>2417.0</ele>
   </trkpt>
   <trkpt lat="46.0795950" lon="7.3982010">
    <ele>2416.0</ele>
   </trkpt>
   <trkpt lat="46.0796180" lon="7.3982080">
    <ele>2416.0</ele>
   </trkpt>
   <trkpt lat="46.0796410" lon="7.3982150">
    <ele>2415.0</ele>
   </trkpt>
   <trkpt lat="46.0796650" lon="7.3982220">
    <ele>2415.0</ele>
   </trkpt>
   <trkpt lat="46.0797310" lon="7.3982390">
    <ele>2414.0</ele>
   </trkpt>
   <trkpt lat="46.0797530" lon="7.3982430">
    <ele>2414.0</ele>
   </trkpt>
   <trkpt lat="46.0797750" lon="7.3982480">
    <ele>2413.0</ele>
   </trkpt>
   <trkpt lat="46.0797970" lon="7.3982520">
    <ele>2412.0</ele>
   </trkpt>
   <trkpt lat="46.0798620" lon="7.3982520">
    <ele>2411.0</ele>
   </trkpt>
   <trkpt lat="46.0798840" lon="7.3982510">
    <ele>2411.0</ele>
   </trkpt>
   <trkpt lat="46.0799060" lon="7.3982490">
    <ele>2410.0</ele>
   </trkpt>
   <trkpt lat="46.0799280" lon="7.3982480">
    <ele>2410.0</ele>
   </trkpt>
   <trkpt lat="46.0799840" lon="7.3982660">
    <ele>2409.0</ele>
   </trkpt>
   <trkpt lat="46.0799680" lon="7.3982910">
    <ele>2409.0</ele>
   </trkpt>
   <trkpt lat="46.0799570" lon="7.3983080">
    <ele>2408.0</ele>
   </trkpt>
   <trkpt lat="46.0799460" lon="7.3983250">
    <ele>2407.0</ele>
   </trkpt>
   <trkpt lat="46.0799350" lon="7.3983420">
    <ele>2406.0</ele>
   </trkpt>
   <trkpt lat="46.0799100" lon="7.3983520">
    <ele>2406.0</ele>
   </trkpt>
   <trkpt lat="46.0798850" lon="7.3983610">
    <ele>2405.0</ele>
   </trkpt>
   <trkpt lat="46.0798590" lon="7.3983710">
    <ele>2405.0</ele>
   </trkpt>
   <trkpt lat="46.0797810" lon="7.3984000">
    <ele>2404.0</ele>
   </trkpt>
   <trkpt lat="46.0797550" lon="7.3984110">
    <ele>2404.0</ele>
   </trkpt>
   <trkpt lat="46.0797300" lon="7.3984210">
    <ele>2403.0</ele>
   </trkpt>
   <trkpt lat="46.0797050" lon="7.3984320">
    <ele>2403.0</ele>
   </trkpt>
   <trkpt lat="46.0796310" lon="7.3984560">
    <ele>2403.0</ele>
   </trkpt>
   <trkpt lat="46.0796080" lon="7.3984560">
    <ele>2403.0</ele>
   </trkpt>
   <trkpt lat="46.0795840" lon="7.3984560">
    <ele>2402.0</ele>
   </trkpt>
   <trkpt lat="46.0795610" lon="7.3984560">
    <ele>2402.0</ele>
   </trkpt>
   <trkpt lat="46.0795150" lon="7.3984760">
    <ele>2401.0</ele>
   </trkpt>
   <trkpt lat="46.0795250" lon="7.3984890">
    <ele>2401.0</ele>
   </trkpt>
   <trkpt lat="46.0795410" lon="7.3985100">
    <ele>2400.0</ele>
   </trkpt>
   <trkpt lat="46.0795570" lon="7.3985300">
    <ele>2400.0</ele>
   </trkpt>
   <trkpt lat="46.0795800" lon="7.3985600">
    <ele>2399.0</ele>
   </trkpt>
   <trkpt lat="46.0796060" lon="7.3985680">
    <ele>2399.0</ele>
   </trkpt>
   <trkpt lat="46.0796320" lon="7.3985770">
    <ele>2398.0</ele>
   </trkpt>
   <trkpt lat="46.0796580" lon="7.3985850">
    <ele>2398.0</ele>
   </trkpt>
   <trkpt lat="46.0797390" lon="7.3985960">
    <ele>2397.0</ele>
   </trkpt>
   <trkpt lat="46.0797650" lon="7.3985970">
    <ele>2397.0</ele>
   </trkpt>
   <trkpt lat="46.0797910" lon="7.3985980">
    <ele>2396.0</ele>
   </trkpt>
   <trkpt lat="46.0798170" lon="7.3985990">
    <ele>2396.0</ele>
   </trkpt>
   <trkpt lat="46.0798930" lon="7.3986020">
    <ele>2395.0</ele>
   </trkpt>
   <trkpt lat="46.0799170" lon="7.3986020">
    <ele>2395.0</ele>
   </trkpt>
   <trkpt lat="46.0799420" lon="7.3986020">
    <ele>2394.0</ele>
   </trkpt>
   <trkpt lat="46.0799660" lon="7.3986020">
    <ele>2393.0</ele>
   </trkpt>
   <trkpt lat="46.0800050" lon="7.3986310">
    <ele>2392.0</ele>
   </trkpt>
   <trkpt lat="46.0799950" lon="7.3986390">
    <ele>2392.0</ele>
   </trkpt>
   <trkpt lat="46.0799680" lon="7.3986620">
    <ele>2391.0</ele>
   </trkpt>
   <trkpt lat="46.0799420" lon="7.3986840">
    <ele>2391.0</ele>
   </trkpt>
   <trkpt lat="46.0799150" lon="7.3987070">
    <ele>2390.0</ele>
   </trkpt>
   <trkpt lat="46.0798900" lon="7.3987210">
    <ele>2390.0</ele>
   </trkpt>
   <trkpt lat="46.0798640" lon="7.3987340">
    <ele>2389.0</ele>
   </trkpt>
   <trkpt lat="46.0798380" lon="7.3987480">
    <ele>2389.0</ele>
   </trkpt>
   <trkpt lat="46.0797590" lon="7.3987680">
    <ele>2388.0</ele>
   </trkpt>
   <trkpt lat="46.0797330" lon="7.3987640">
    <ele>2388.0</ele>
   </trkpt>
   <trkpt lat="46.0797080" lon="7.3987600">
    <ele>2387.0</ele>
   </trkpt>
   <trkpt lat="46.0796830" lon="7.3987570">
    <ele>2387.0</ele>
   </trkpt>
   <trkpt lat="46.0796110" lon="7.3987290">
    <ele>2386.0</ele>
   </trkpt>
   <trkpt lat="46.0795880" lon="7.3987180">
    <ele>2386.0</ele>
   </trkpt>
   <trkpt lat="46.0795650" lon="7.3987080">
    <ele>2385.0</ele>
   </trkpt>
   <trkpt lat="46.0795420" lon="7.3986980">
    <ele>2385.0</ele>
   </trkpt>
   <trkpt lat="46.0794780" lon="7.3986730">
    <ele>2385.0</ele>
   </trkpt>
   <trkpt lat="46.0794620" lon="7.3986720">
    <ele>2385.0</ele>
   </trkpt>
   <trkpt lat="46.0794470" lon="7.3986710">
    <ele>2384.0</ele>
   </trkpt>
   <trkpt lat="46.0794310" lon="7.3986700">
    <ele>2384.0</ele>
   </trkpt>
   <trkpt lat="46.0794300" lon="7.3987050">
    <ele>2384.0</ele>
   </trkpt>
   <trkpt lat="46.0794470" lon="7.3987190">
    <ele>2384.0</ele>
   </trkpt>
   <trkpt lat="46.0794640" lon="7.3987340">
    <ele>2383.0</ele>
   </trkpt>
   <trkpt lat="46.0794810" lon="7.3987480">
    <ele>2383.0</ele>
   </trkpt>
   <trkpt lat="46.0795610" lon="7.3987860">
    <ele>2382.0</ele>
   </trkpt>
   <trkpt lat="46.0795890" lon="7.3987960">
    <ele>2382.0</ele>
   </trkpt>
   <trkpt lat="46.0796180" lon="7.3988070">
    <ele>2381.0</ele>
   </trkpt>
   <trkpt lat="46.0796460" lon="7.3988180">
    <ele>2381.0</ele>
   </trkpt>
   <trkpt lat="46.0797250" lon="7.3988460">
    <ele>2381.0</ele>
   </trkpt>
   <trkpt lat="46.0797490" lon="7.3988540">
    <ele>2381.0</ele>
   </trkpt>
   <trkpt lat="46.0797740" lon="7.3988620">
    <ele>2380.0</ele>
   </trkpt>
   <trkpt lat="46.0797980" lon="7.3988700">
    <ele>2380.0</ele>
   </trkpt>
   <trkpt lat="46.0798710" lon="7.3988810">
    <ele>2380.0</ele>
   </trkpt>
   <trkpt lat="46.0798950" lon="7.3988810">
    <ele>2380.0</ele>
   </trkpt>
   <trkpt lat="46.0799200" lon="7.3988820">
    <ele>2379.0</ele>
   </trkpt>
   <trkpt lat="46.0799440" lon="7.3988820">
    <ele>2379.0</ele>
   </trkpt>
   <trkpt lat="46.0800170" lon="7.3988760">
    <ele>2379.0</ele>
   </trkpt>
   <trkpt lat="46.0800400" lon="7.3988700">
    <ele>2379.0</ele>
   </trkpt>
   <trkpt lat="46.0800640" lon="7.3988640">
    <ele>2378.0</ele>
   </trkpt>
   <trkpt lat="46.0800870" lon="7.3988580">
    <ele>2378.0</ele>
   </trkpt>
   <trkpt lat="46.0801530" lon="7.3988230">
    <ele>2377.0</ele>
   </trkpt>
   <trkpt lat="46.0801730" lon="7.3988030">
    <ele>2377.0</ele>
   </trkpt>
   <trkpt lat="46.0801930" lon="7.3987830">
    <ele>2376.0</ele>
   </trkpt>
   <trkpt lat="46.0802130" lon="7.3987630">
    <ele>2376.0</ele>
   </trkpt>
   <trkpt lat="46.0802610" lon="7.3986800">
    <ele>2375.0</ele>
   </trkpt>
   <trkpt lat="46.0802760" lon="7.3986580">
    <ele>2375.0</ele>
   </trkpt>
   <trkpt lat="46.0802910" lon="7.3986370">
    <ele>2374.0</ele>
   </trkpt>
   <trkpt lat="46.0803060" lon="7.3986150">
    <ele>2374.0</ele>
   </trkpt>
   <trkpt lat="46.0803590" lon="7.3986210">
    <ele>2374.0</ele>
   </trkpt>
   <trkpt lat="46.0803780" lon="7.3986410">
    <ele>2374.0</ele>
   </trkpt>
   <trkpt lat="46.0803970" lon="7.3986610">
    <ele>2373.0</ele>
   </trkpt>
   <trkpt lat="46.0804160" lon="7.3986810">
    <ele>2373.0</ele>
   </trkpt>
   <trkpt lat="46.0804690" lon="7.3987620">
    <ele>2373.0</ele>
   </trkpt>
   <trkpt lat="46.0804850" lon="7.3987900">
    <ele>2373.0</ele>
   </trkpt>
   <trkpt lat="46.0805010" lon="7.3988180">
    <ele>2373.0</ele>
   </trkpt>
   <trkpt lat="46.0805170" lon="7.3988470">
    <ele>2373.0</ele>
   </trkpt>
   <trkpt lat="46.0805620" lon="7.3989300">
    <ele>2373.0</ele>
   </trkpt>
   <trkpt lat="46.0805760" lon="7.3989560">
    <ele>2373.0</ele>
   </trkpt>
   <trkpt lat="46.0805910" lon="7.3989830">
    <ele>2373.0</ele>
   </trkpt>
   <trkpt lat="46.0806050" lon="7.3990090">
    <ele>2373.0</ele>
   </trkpt>
   <trkpt lat="46.0806480" lon="7.3990870">
    <ele>2373.0</ele>
   </trkpt>
   <trkpt lat="46.0806630" lon="7.3991130">
    <ele>2373.0</ele>
   </trkpt>
   <trkpt lat="46.0806780" lon="7.3991380">
    <ele>2373.0</ele>
   </trkpt>
   <trkpt lat="46.0806930" lon="7.3991640">
    <ele>2373.0</ele>
   </trkpt>
   <trkpt lat="46.0807390" lon="7.3992390">
    <ele>2373.0</ele>
   </trkpt>
   <trkpt lat="46.0807530" lon="7.3992640">
    <ele>2373.0</ele>
   </trkpt>
   <trkpt lat="46.0807680" lon="7.3992890">
    <ele>2373.0</ele>
   </trkpt>
   <trkpt lat="46.0807830" lon="7.3993140">
    <ele>2373.0</ele>
   </trkpt>
   <trkpt lat="46.0808210" lon="7.3993940">
    <ele>2373.0</ele>
   </trkpt>
   <trkpt lat="46.0808290" lon="7.3994240">
    <ele>2373.0</ele>
   </trkpt>
   <trkpt lat="46.0808360" lon="7.3994530">
    <ele>2373.0</ele>
   </trkpt>
   <trkpt lat="46.0808440" lon="7.3994830">
    <ele>2373.0</ele>
   </trkpt>
   <trkpt lat="46.0808500" lon="7.3995790">
    <ele>2373.0</ele>
   </trkpt>
   <trkpt lat="46.0808490" lon="7.3996120">
    <ele>2373.0</ele>
   </trkpt>
   <trkpt lat="46.0808490" lon="7.3996460">
    <ele>2373.0</ele>
   </trkpt>
   <trkpt lat="46.0808480" lon="7.3996790">
    <ele>2373.0</ele>
   </trkpt>
   <trkpt lat="46.0808440" lon="7.3997830">
    <ele>2373.0</ele>
   </trkpt>
   <trkpt lat="46.0808440" lon="7.3998170">
    <ele>2373.0</ele>
   </trkpt>
   <trkpt lat="46.0808440" lon="7.3998510">
    <ele>2373.0</ele>
   </trkpt>
   <trkpt lat="46.0808440" lon="7.3998850">
    <ele>2373.0</ele>
   </trkpt>
   <trkpt lat="46.0808470" lon="7.3999860">
    <ele>2373.0</ele>
   </trkpt>
   <trkpt lat="46.0808480" lon="7.4000190">
    <ele>2373.0</ele>
   </trkpt>
   <trkpt lat="46.0808490" lon="7.4000520">
    <ele>2373.0</ele>
   </trkpt>
   <trkpt lat="46.0808500" lon="7.4000850">
    <ele>2373.0</ele>
   </trkpt>
   <trkpt lat="46.0808500" lon="7.4001870">
    <ele>2373.0</ele>
   </trkpt>
   <trkpt lat="46.0808500" lon="7.4002210">
    <ele>2373.0</ele>
   </trkpt>
   <trkpt lat="46.0808500" lon="7.4002550">
    <ele>2373.0</ele>
   </trkpt>
   <trkpt lat="46.0808500" lon="7.4002890">
    <ele>2373.0</ele>
   </trkpt>
   <trkpt lat="46.0808510" lon="7.4003880">
    <ele>2373.0</ele>
   </trkpt>
   <trkpt lat="46.0808520" lon="7.4004210">
    <ele>2373.0</ele>
   </trkpt>
   <trkpt lat="46.0808530" lon="7.4004540">
    <ele>2373.0</ele>
   </trkpt>
   <trkpt lat="46.0808540" lon="7.4004860">
    <ele>2373.0</ele>
   </trkpt>
   <trkpt lat="46.0808570" lon="7.4005840">
    <ele>2373.0</ele>
   </trkpt>
   <trkpt lat="46.0808560" lon="7.4006170">
    <ele>2373.0</ele>
   </trkpt>
   <trkpt lat="46.0808550" lon="7.4006490">
    <ele>2373.0</ele>
   </trkpt>
   <trkpt lat="46.0808540" lon="7.4006820">
    <ele>2373.0</ele>
   </trkpt>
   <trkpt lat="46.0808470" lon="7.4007790">
    <ele>2373.0</ele>
   </trkpt>
   <trkpt lat="46.0808440" lon="7.4008120">
    <ele>2373.0</ele>
   </trkpt>
   <trkpt lat="46.0808410" lon="7.4008450">
    <ele>2373.0</ele>
   </trkpt>
   <trkpt lat="46.0808380" lon="7.4008780">
    <ele>2373.0</ele>
   </trkpt>
   <trkpt lat="46.0808270" lon="7.4009770">
    <ele>2373.0</ele>
   </trkpt>
   <trkpt lat="46.0808230" lon="7.4010100">
    <ele>2373.0</ele>
   </trkpt>
   <trkpt lat="46.0808190" lon="7.4010430">
    <ele>2373.0</ele>
   </trkpt>
   <trkpt lat="46.0808160" lon="7.4010760">
    <ele>2373.0</ele>
   </trkpt>
   <trkpt lat="46.0808040" lon="7.4011770">
    <ele>2373.0</ele>
   </trkpt>
   <trkpt lat="46.0808000" lon="7.4012100">
    <ele>2373.0</ele>
   </trkpt>
   <trkpt lat="46.0807960" lon="7.4012440">
    <ele>2372.0</ele>
   </trkpt>
   <trkpt lat="46.0807930" lon="7.4012770">
    <ele>2372.0</ele>
   </trkpt>
   <trkpt lat="46.0807830" lon="7.4013740">
    <ele>2372.0</ele>
   </trkpt>
   <trkpt lat="46.0807790" lon="7.4014070">
    <ele>2372.0</ele>
   </trkpt>
   <trkpt lat="46.0807750" lon="7.4014400">
    <ele>2372.0</ele>
   </trkpt>
   <trkpt lat="46.0807720" lon="7.4014730">
    <ele>2372.0</ele>
   </trkpt>
   <trkpt lat="46.0807610" lon="7.4015740">
    <ele>2372.0</ele>
   </trkpt>
   <trkpt lat="46.0807570" lon="7.4016080">
    <ele>2373.0</ele>
   </trkpt>
   <trkpt lat="46.0807540" lon="7.4016410">
    <ele>2373.0</ele>
   </trkpt>
   <trkpt lat="46.0807500" lon="7.4016750">
    <ele>2373.0</ele>
   </trkpt>
   <trkpt lat="46.0807400" lon="7.4017730">
    <ele>2373.0</ele>
   </trkpt>
   <trkpt lat="46.0807370" lon="7.4018050">
    <ele>2373.0</ele>
   </trkpt>
   <trkpt lat="46.0807340" lon="7.4018380">
    <ele>2373.0</ele>
   </trkpt>
   <trkpt lat="46.0807310" lon="7.4018700">
    <ele>2373.0</ele>
   </trkpt>
   <trkpt lat="46.0807220" lon="7.4019690">
    <ele>2373.0</ele>
   </trkpt>
   <trkpt lat="46.0807190" lon="7.4020030">
    <ele>2373.0</ele>
   </trkpt>
   <trkpt lat="46.0807150" lon="7.4020360">
    <ele>2373.0</ele>
   </trkpt>
   <trkpt lat="46.0807120" lon="7.4020700">
    <ele>2373.0</ele>
   </trkpt>
   <trkpt lat="46.0807010" lon="7.4021700">
    <ele>2373.0</ele>
   </trkpt>
   <trkpt lat="46.0806960" lon="7.4022040">
    <ele>2373.0</ele>
   </trkpt>
   <trkpt lat="46.0806920" lon="7.4022370">
    <ele>2373.0</ele>
   </trkpt>
   <trkpt lat="46.0806870" lon="7.4022700">
    <ele>2373.0</ele>
   </trkpt>
   <trkpt lat="46.0806750" lon="7.4023700">
    <ele>2373.0</ele>
   </trkpt>
   <trkpt lat="46.0806720" lon="7.4024020">
    <ele>2373.0</ele>
   </trkpt>
   <trkpt lat="46.0806690" lon="7.4024350">
    <ele>2372.0</ele>
   </trkpt>
   <trkpt lat="46.0806660" lon="7.4024670">
    <ele>2372.0</ele>
   </trkpt>
   <trkpt lat="46.0806590" lon="7.4025680">
    <ele>2372.0</ele>
   </trkpt>
   <trkpt lat="46.0806560" lon="7.4026010">
    <ele>2372.0</ele>
   </trkpt>
   <trkpt lat="46.0806540" lon="7.4026350">
    <ele>2372.0</ele>
   </trkpt>
   <trkpt lat="46.0806510" lon="7.4026680">
    <ele>2372.0</ele>
   </trkpt>
   <trkpt lat="46.0806420" lon="7.4027680">
    <ele>2372.0</ele>
   </trkpt>
   <trkpt lat="46.0806380" lon="7.4028000">
    <ele>2372.0</ele>
   </trkpt>
   <trkpt lat="46.0806350" lon="7.4028330">
    <ele>2372.0</ele>
   </trkpt>
   <trkpt lat="46.0806320" lon="7.4028660">
    <ele>2372.0</ele>
   </trkpt>
   <trkpt lat="46.0806240" lon="7.4029650">
    <ele>2372.0</ele>
   </trkpt>
   <trkpt lat="46.0806210" lon="7.4029990">
    <ele>2372.0</ele>
   </trkpt>
   <trkpt lat="46.0806180" lon="7.4030320">
    <ele>2372.0</ele>
   </trkpt>
   <trkpt lat="46.0806160" lon="7.4030660">
    <ele>2372.0</ele>
   </trkpt>
   <trkpt lat="46.0806010" lon="7.4032480">
    <ele>2372.0</ele>
   </trkpt>
   <trkpt lat="46.0806010" lon="7.4032480">
    <ele>2372.0</ele>
   </trkpt>
   <trkpt lat="46.0806010" lon="7.4032480">
    <ele>2372.0</ele>
   </trkpt>
  </trkseg>
 </trk>
</gpx>
